Date,Ticker,window_id,Actual_Return,Predicted_Return
2023-12-26 05:00:00,AAPL,AAPL_1002,-0.0455840606715685,-0.034945410504341363
2023-12-27 05:00:00,AAPL,AAPL_1002,-0.0581930654390752,-0.040432012312000644
2023-12-28 05:00:00,AAPL,AAPL_1002,-0.064056250841941,-0.04817733405928457
2023-12-29 05:00:00,AAPL,AAPL_1002,-0.0362021568840973,-0.04381911380367373
2024-01-02 05:00:00,AAPL,AAPL_1002,-0.0026933850551815,-0.03509828236605552
2024-01-03 05:00:00,AAPL,AAPL_1007,0.0105291855707259,-0.022088623744479185
2024-01-04 05:00:00,AAPL,AAPL_1007,0.020229743288977,-0.005039277772479134
2024-01-05 05:00:00,AAPL,AAPL_1007,0.0261618593927543,-0.00869918908517595
2024-01-08 05:00:00,AAPL,AAPL_1007,-0.0104009091462278,-0.01262027931440331
2024-01-09 05:00:00,AAPL,AAPL_1007,-0.0132872783946046,-0.009445397948788067
2024-01-10 05:00:00,AAPL,AAPL_1012,0.0131049057919965,-0.009315264576299564
2024-01-11 05:00:00,AAPL,AAPL_1012,0.0321676886605131,-0.005037879814958154
2024-01-12 05:00:00,AAPL,AAPL_1012,0.0428679071600506,-0.007817492511616569
2024-01-16 05:00:00,AAPL,AAPL_1012,0.0628981510964923,0.0030962049629296574
2024-01-17 05:00:00,AAPL,AAPL_1012,0.0647033490153285,0.001545821820119121
2024-01-18 05:00:00,AAPL,AAPL_1017,0.0293696291296527,0.007239658361742478
2024-01-19 05:00:00,AAPL,AAPL_1017,0.0044894582444781,-0.001991641816649527
2024-01-22 05:00:00,AAPL,AAPL_1017,-0.0111403562272883,-0.015254438821969848
2024-01-23 05:00:00,AAPL,AAPL_1017,-0.0365816152145721,-0.017536267408597008
2024-01-24 05:00:00,AAPL,AAPL_1017,-0.0519280519460956,-0.01849674688937468
2024-01-25 05:00:00,AAPL,AAPL_1022,-0.0376474101433186,-0.026001342492783935
2024-01-26 05:00:00,AAPL,AAPL_1022,-0.0341440189582646,-0.01845179985107947
2024-01-29 05:00:00,AAPL,AAPL_1022,-0.0211234712460595,-0.01018194951416494
2024-01-30 05:00:00,AAPL,AAPL_1022,0.0067007541513133,-0.010554158982995837
2024-01-31 05:00:00,AAPL,AAPL_1022,0.0271692512551673,0.0015639680547800791
2024-02-01 05:00:00,AAPL,AAPL_1027,0.0078133720919311,0.0023673850205658
2024-02-02 05:00:00,AAPL,AAPL_1027,0.0161420495102326,0.004771157570093263
2024-02-05 05:00:00,AAPL,AAPL_1027,-0.002823949275256,0.002868197186350648
2024-02-06 05:00:00,AAPL,AAPL_1027,-0.0225040131904289,-0.002757365990878185
2024-02-07 05:00:00,AAPL,AAPL_1027,-0.0277704960874627,-0.005620754581456658
2024-02-08 05:00:00,AAPL,AAPL_1032,-0.0236831273386085,-0.008011918900306893
2024-02-09 05:00:00,AAPL,AAPL_1032,-0.0346307033812701,-0.01854469805388443
2024-02-12 05:00:00,AAPL,AAPL_1032,-0.0298690703724127,-0.004355593680598419
2024-02-13 05:00:00,AAPL,AAPL_1032,-0.0146994490953534,0.005646743539236042
2024-02-14 05:00:00,AAPL,AAPL_1032,0.0011946849198745,0.00789574620137736
2024-02-15 05:00:00,AAPL,AAPL_1037,-0.0072881340881233,0.013685852394078877
2024-02-16 05:00:00,AAPL,AAPL_1037,-0.0063079036360295,0.02763125678961207
2024-02-20 05:00:00,AAPL,AAPL_1037,0.005893409003123,0.042586584967673605
2024-02-21 05:00:00,AAPL,AAPL_1037,-0.0049364256204365,0.04309160727796458
2024-02-22 05:00:00,AAPL,AAPL_1037,-0.019634404800448,0.03740595426827964
2024-02-23 05:00:00,AAPL,AAPL_1042,-0.0156695186467462,0.008867964726026061
2024-02-26 05:00:00,AAPL,AAPL_1042,-0.0334510788037767,0.014048121887573541
2024-02-27 05:00:00,AAPL,AAPL_1042,-0.0684992029302756,0.004019742008310606
2024-02-28 05:00:00,AAPL,AAPL_1042,-0.0677984961740743,0.01055615001594502
2024-02-29 05:00:00,AAPL,AAPL_1042,-0.0650069156293222,0.009708141715477929
2024-03-01 05:00:00,AAPL,AAPL_1047,-0.0497050414813815,-0.054248362522483315
2024-03-04 05:00:00,AAPL,AAPL_1047,-0.0134209367310149,-0.0005186387673754031
2024-03-05 05:00:00,AAPL,AAPL_1047,0.0182812173737085,0.01936203797510628
2024-03-06 05:00:00,AAPL,AAPL_1047,0.011885110120966,0.02124706548198293
2024-03-07 05:00:00,AAPL,AAPL_1047,0.0236686390532543,0.020293011181959333
2024-03-08 05:00:00,AAPL,AAPL_1052,0.0110701074031807,0.034956919724680756
2024-03-11 04:00:00,AAPL,AAPL_1052,0.0056150577175289,0.04029351876260596
2024-03-12 04:00:00,AAPL,AAPL_1052,0.016452151323713,0.036363956940681084
2024-03-13 04:00:00,AAPL,AAPL_1052,0.0440600308011216,0.034756028362162884
2024-03-14 04:00:00,AAPL,AAPL_1052,-0.0094219935422688,0.03538175942744375
2024-03-15 04:00:00,AAPL,AAPL_1057,-0.001969623146263,0.016983085171634403
2024-03-18 04:00:00,AAPL,AAPL_1057,-0.0165208099068644,0.028585110280030496
2024-03-19 04:00:00,AAPL,AAPL_1057,-0.036176709739584,0.024669153916013112
2024-03-20 04:00:00,AAPL,AAPL_1057,-0.0299994440324743,0.014239398051965882
2024-03-21 04:00:00,AAPL,AAPL_1057,0.0006418895575992,0.030366197964383456
2024-03-22 04:00:00,AAPL,AAPL_1062,-0.0130601347570382,0.015663856247208435
2024-03-25 04:00:00,AAPL,AAPL_1062,-0.0117647626211213,0.03291836274238086
2024-03-26 04:00:00,AAPL,AAPL_1062,-0.0003536197926383,0.03239305502385526
2024-03-27 04:00:00,AAPL,AAPL_1062,-0.0259072776967583,0.03071133372914224
2024-03-28 04:00:00,AAPL,AAPL_1062,-0.0110799740134308,0.03160722374682695
2024-04-01 04:00:00,AAPL,AAPL_1067,-0.009292488633759,-0.005070179907964364
2024-04-02 04:00:00,AAPL,AAPL_1067,0.004915907658477,0.008258560338110128
2024-04-03 04:00:00,AAPL,AAPL_1067,-0.0110226653961951,0.016110405697685112
2024-04-04 04:00:00,AAPL,AAPL_1067,0.0368438910796193,0.02096344081384494
2024-04-05 04:00:00,AAPL,AAPL_1067,0.0411015517481068,0.022665525932352784
2024-04-08 04:00:00,AAPL,AAPL_1072,0.0251707068565092,0.020318027348419306
2024-04-09 04:00:00,AAPL,AAPL_1072,-0.0017091606604725,0.025052053687023467
2024-04-10 04:00:00,AAPL,AAPL_1072,0.0013112481958741,0.028482096544334982
2024-04-11 04:00:00,AAPL,AAPL_1072,-0.0457038408755113,0.0016230973457392517
2024-04-12 04:00:00,AAPL,AAPL_1072,-0.0654205769023509,-0.0021590917616740295
2024-04-15 04:00:00,AAPL,AAPL_1077,-0.0396664891231316,-0.03326555217467136
2024-04-16 04:00:00,AAPL,AAPL_1077,-0.0146416986352311,-0.018460405294749575
2024-04-17 04:00:00,AAPL,AAPL_1077,0.0060714540027437,-0.019617949468339328
2024-04-18 04:00:00,AAPL,AAPL_1077,0.0170618188342097,-0.007878028341521794
2024-04-19 04:00:00,AAPL,AAPL_1077,0.0260606245561079,0.01723502207697272
2024-04-22 04:00:00,AAPL,AAPL_1082,0.046189121027852,0.03301868166472417
2024-04-23 04:00:00,AAPL,AAPL_1082,0.0205512765728301,0.027782260924391112
2024-04-24 04:00:00,AAPL,AAPL_1082,0.0016566014212466,0.011668342927175866
2024-04-25 04:00:00,AAPL,AAPL_1082,0.0184825440045282,0.005426039148697553
2024-04-26 04:00:00,AAPL,AAPL_1082,0.0831659868709524,0.009293934590117582
2024-04-29 04:00:00,AAPL,AAPL_1087,0.0473199234228656,-0.010359580591530937
2024-04-30 04:00:00,AAPL,AAPL_1087,0.0708623961467551,-0.0098602910159378
2024-05-01 04:00:00,AAPL,AAPL_1087,0.0793857188372137,0.00021458874455340026
2024-05-02 04:00:00,AAPL,AAPL_1087,0.066693686796134,-0.017748965588504816
2024-05-03 04:00:00,AAPL,AAPL_1087,-0.0017995518718934,-0.009975446989066052
2024-05-06 04:00:00,AAPL,AAPL_1092,0.0251499196333524,-0.002339093657820518
2024-05-07 04:00:00,AAPL,AAPL_1092,0.0275767486162936,-0.004296818969530465
2024-05-08 04:00:00,AAPL,AAPL_1092,0.0381963200050365,-0.002837787013793036
2024-05-09 04:00:00,AAPL,AAPL_1092,0.0285527919192989,-0.007379211637729043
2024-05-10 04:00:00,AAPL,AAPL_1092,0.0372575359285916,0.002675630551099307
2024-05-13 04:00:00,AAPL,AAPL_1097,0.0255529017502063,0.017327959387037822
2024-05-14 04:00:00,AAPL,AAPL_1097,0.0262498725924034,0.011545952795161797
2024-05-15 04:00:00,AAPL,AAPL_1097,0.0062196535325158,0.004760898896385973
2024-05-16 04:00:00,AAPL,AAPL_1097,-0.0155920328285813,0.004470758669565316
2024-05-17 04:00:00,AAPL,AAPL_1097,0.0005793469909958,0.0004017778075634276
2024-05-20 04:00:00,AAPL,AAPL_1102,-0.0054961674511582,-0.008300793721826715
2024-05-21 04:00:00,AAPL,AAPL_1102,-0.0107097101742443,-0.01153525777008096
2024-05-22 04:00:00,AAPL,AAPL_1102,0.002042951294487,-0.009626970648384484
2024-05-23 04:00:00,AAPL,AAPL_1102,0.0287349902444344,0.00028288281654954514
2024-05-24 04:00:00,AAPL,AAPL_1102,0.0213180500202041,-0.00371809258341254
2024-05-28 04:00:00,AAPL,AAPL_1107,0.0229485787898899,0.011468185035878183
2024-05-29 04:00:00,AAPL,AAPL_1107,0.0293236745384934,0.01137675154605704
2024-05-30 04:00:00,AAPL,AAPL_1107,0.0166762640669582,0.008630274223149537
2024-05-31 04:00:00,AAPL,AAPL_1107,0.024135237397391,0.006620462760615956
2024-06-03 04:00:00,AAPL,AAPL_1107,-0.0046900152957506,0.0033316100344211864
2024-06-04 04:00:00,AAPL,AAPL_1112,0.06586049596598,0.003027941021682566
2024-06-05 04:00:00,AAPL,AAPL_1112,0.0878134100975527,0.0008166002023848488
2024-06-06 04:00:00,AAPL,AAPL_1112,0.1016043305210077,0.011627202202550696
2024-06-07 04:00:00,AAPL,AAPL_1112,0.0792320897550666,-0.003106014374818391
2024-06-10 04:00:00,AAPL,AAPL_1112,0.1219449236080778,0.013922684122211386
2024-06-11 04:00:00,AAPL,AAPL_1117,0.0344677750423509,0.01229617097566356
2024-06-12 04:00:00,AAPL,AAPL_1117,-0.0159103324349122,0.012539838940193384
2024-06-13 04:00:00,AAPL,AAPL_1117,-0.0315067206260661,0.013062165250976355
2024-06-14 04:00:00,AAPL,AAPL_1117,-0.0204715797969876,0.018901878005551143
2024-06-17 04:00:00,AAPL,AAPL_1117,-0.035076341482223,0.012539838940193384
2024-06-18 04:00:00,AAPL,AAPL_1122,-0.0048532050899089,-0.021105956067006285
2024-06-20 04:00:00,AAPL,AAPL_1122,0.0210798053325422,-0.017189549477511598
2024-06-21 04:00:00,AAPL,AAPL_1122,0.0150850139339677,-0.014543800544175756
2024-06-24 04:00:00,AAPL,AAPL_1122,0.0413663910617834,-0.015430150745343256
2024-06-25 04:00:00,AAPL,AAPL_1122,0.0535705579752221,-0.01418099249167656
2024-06-26 04:00:00,AAPL,AAPL_1127,0.0389214680035536,0.03710047680128578
2024-06-27 04:00:00,AAPL,AAPL_1127,0.0571694996984593,0.040123699905446154
2024-06-28 04:00:00,AAPL,AAPL_1127,0.0816637195222669,0.03832808052078
2024-07-01 04:00:00,AAPL,AAPL_1127,0.055040335297722,0.03676205775283838
2024-07-02 04:00:00,AAPL,AAPL_1127,0.0577018713785315,0.03634829803301802
2024-07-03 04:00:00,AAPL,AAPL_1132,0.0271722148026987,0.039585993353641304
2024-07-05 04:00:00,AAPL,AAPL_1132,0.0185561412750585,0.030448208658131803
2024-07-08 04:00:00,AAPL,AAPL_1132,0.0288823911892051,0.012447137538677615
2024-07-09 04:00:00,AAPL,AAPL_1132,0.0268498112869135,0.010836968285922604
2024-07-10 04:00:00,AAPL,AAPL_1132,-0.0175980381144882,0.006325348344983363
2024-07-11 04:00:00,AAPL,AAPL_1137,-0.0148965792474038,0.027093644993717046
2024-07-12 04:00:00,AAPL,AAPL_1137,-0.0270234922745348,0.021034353390802448
2024-07-15 04:00:00,AAPL,AAPL_1137,-0.0445391956248416,0.006996092385674422
2024-07-16 04:00:00,AAPL,AAPL_1137,-0.0417767332910349,0.02010402200942972
2024-07-17 04:00:00,AAPL,AAPL_1137,-0.0451765614124912,0.0364549455286227
2024-07-18 04:00:00,AAPL,AAPL_1142,-0.0298420349771912,0.02020985554595817
2024-07-19 04:00:00,AAPL,AAPL_1142,-0.0283089960939783,0.02163351946364684
2024-07-22 04:00:00,AAPL,AAPL_1142,-0.0255402797340107,0.030427544587760872
2024-07-23 04:00:00,AAPL,AAPL_1142,-0.0275987360858742,0.03321166126029283
2024-07-24 04:00:00,AAPL,AAPL_1142,0.0161984472118426,0.03662097345109891
2024-07-25 04:00:00,AAPL,AAPL_1147,0.0040001613647246,-0.00730832861768259
2024-07-26 04:00:00,AAPL,AAPL_1147,0.0087171675443131,-0.007714514734803057
2024-07-29 04:00:00,AAPL,AAPL_1147,-0.041101544148303,-0.013617746302808533
2024-07-30 04:00:00,AAPL,AAPL_1147,-0.0528793746016623,-0.016400102482307423
2024-07-31 04:00:00,AAPL,AAPL_1147,-0.055205306221866,-0.029013350498675552
2024-08-01 04:00:00,AAPL,AAPL_1152,-0.0231269602383327,-0.030705529299589637
2024-08-02 04:00:00,AAPL,AAPL_1152,-0.0164650009421362,-0.042242036909935214
2024-08-05 04:00:00,AAPL,AAPL_1152,0.0394705133951343,-0.011910614389752945
2024-08-06 04:00:00,AAPL,AAPL_1152,0.0677508509114739,-0.0095036031037253
2024-08-07 04:00:00,AAPL,AAPL_1152,0.0567152486945452,-0.011885559342220456
2024-08-08 04:00:00,AAPL,AAPL_1157,0.0534902432736432,0.015197233734680491
2024-08-09 04:00:00,AAPL,AAPL_1157,0.0453662472687268,0.00416324543730792
2024-08-12 04:00:00,AAPL,AAPL_1157,0.0384314837367949,-0.014151921217828314
2024-08-13 04:00:00,AAPL,AAPL_1157,0.0236814305292045,0.00047593149080047634
2024-08-14 04:00:00,AAPL,AAPL_1157,0.0211076702598551,-0.021834285559005615
2024-08-15 04:00:00,AAPL,AAPL_1162,-0.000845507477635,-0.0034974332685775928
2024-08-16 04:00:00,AAPL,AAPL_1162,0.0034947722869613,-0.014983496689614326
2024-08-19 04:00:00,AAPL,AAPL_1162,0.0057107144611021,-0.030557500974138542
2024-08-20 04:00:00,AAPL,AAPL_1162,0.0067105395316895,-0.03385071755636233
2024-08-21 04:00:00,AAPL,AAPL_1162,0.0003975777345686,-0.03508870306116002
2024-08-22 04:00:00,AAPL,AAPL_1167,0.0234266892416736,-0.012828736777781463
2024-08-23 04:00:00,AAPL,AAPL_1167,0.0095221464335235,-0.007380580222764503
2024-08-26 04:00:00,AAPL,AAPL_1167,-0.0194118696430016,-0.006672113634572242
2024-08-27 04:00:00,AAPL,AAPL_1167,-0.0314870530816893,-0.008045737196208684
2024-08-28 04:00:00,AAPL,AAPL_1167,-0.018146498788776,-0.012367896349814137
2024-08-29 04:00:00,AAPL,AAPL_1172,-0.0390355812872351,-0.017326252296169645
2024-08-30 04:00:00,AAPL,AAPL_1172,-0.0353274949252868,-0.020049698274630986
2024-09-03 04:00:00,AAPL,AAPL_1172,-0.0119405827135326,-0.019691240327551512
2024-09-04 04:00:00,AAPL,AAPL_1172,0.0081955965975628,-0.01693100466624053
2024-09-05 04:00:00,AAPL,AAPL_1172,0.0017537520509269,-0.01888210401085817
2024-09-06 04:00:00,AAPL,AAPL_1177,0.0076079731005289,0.004285759288470139
2024-09-09 04:00:00,AAPL,AAPL_1177,-0.02077767535105,0.00041891746974002177
2024-09-10 04:00:00,AAPL,AAPL_1177,-0.015083400640646,0.006503489978134691
2024-09-11 04:00:00,AAPL,AAPL_1177,-0.0088475756233822,-0.01660076666360105
2024-09-12 04:00:00,AAPL,AAPL_1177,0.0273824605096562,-0.01672208095623779
2024-09-13 04:00:00,AAPL,AAPL_1182,0.0256179638123243,-0.008296146202249065
2024-09-16 04:00:00,AAPL,AAPL_1182,0.0469211980067643,0.011422333972191107
2024-09-17 04:00:00,AAPL,AAPL_1182,0.0488029990253773,0.010227378439293998
2024-09-18 04:00:00,AAPL,AAPL_1182,0.0257374263126817,0.009151171447128261
2024-09-19 04:00:00,AAPL,AAPL_1182,-0.0058985051493332,0.001977334827742636
2024-09-20 04:00:00,AAPL,AAPL_1187,-0.0017966856599141,-0.009935702249614247
2024-09-23 04:00:00,AAPL,AAPL_1187,0.0288338355813102,-0.009613683398913789
2024-09-24 04:00:00,AAPL,AAPL_1187,-0.0051017655285714,-0.011877064368587742
2024-09-25 04:00:00,AAPL,AAPL_1187,0.0018112102794238,-0.010041320945771728
2024-09-26 04:00:00,AAPL,AAPL_1187,-0.008131179978795,-0.011310935300522497
2024-09-27 04:00:00,AAPL,AAPL_1192,-0.004346065514526,-0.0030378431925621747
2024-09-30 04:00:00,AAPL,AAPL_1192,-0.0485407620540504,-0.004796678822708401
2024-10-01 04:00:00,AAPL,AAPL_1192,-0.0019451060003849,0.0022622478479212634
2024-10-02 04:00:00,AAPL,AAPL_1192,0.0121703612386114,-0.0018849236112127203
2024-10-03 04:00:00,AAPL,AAPL_1192,0.0149332881842121,-0.002786512388216844
2024-10-04 04:00:00,AAPL,AAPL_1197,0.0033068782623819,0.007314778140210388
2024-10-07 04:00:00,AAPL,AAPL_1197,0.0433488227007057,0.0033026862732826266
2024-10-08 04:00:00,AAPL,AAPL_1197,0.035788641883993,0.00047340782054965927
2024-10-09 04:00:00,AAPL,AAPL_1197,0.0097586719468609,0.00488543940412578
2024-10-10 04:00:00,AAPL,AAPL_1197,0.0135784173136364,0.009577695283904748
2024-10-11 04:00:00,AAPL,AAPL_1202,0.0327400432798397,0.013511171771433706
2024-10-14 04:00:00,AAPL,AAPL_1202,0.0223951258427874,0.0009176264782411378
2024-10-15 04:00:00,AAPL,AAPL_1202,0.0085952296530891,-0.00712597322947076
2024-10-16 04:00:00,AAPL,AAPL_1202,-0.0044007432817019,-0.0005561618085333401
2024-10-17 04:00:00,AAPL,AAPL_1202,-0.006805886770646,-0.008902643933064924
2024-10-18 04:00:00,AAPL,AAPL_1207,-0.0152765801612368,-0.01970180674111118
2024-10-21 04:00:00,AAPL,AAPL_1207,-0.0130243652177804,-0.021177707455756183
2024-10-22 04:00:00,AAPL,AAPL_1207,-0.009285179495205,-0.02204229042540331
2024-10-23 04:00:00,AAPL,AAPL_1207,-0.0028600642183705,-0.0056156165357502084
2024-10-24 04:00:00,AAPL,AAPL_1207,-0.0202107972159479,-0.004975504405159434
2024-10-25 04:00:00,AAPL,AAPL_1212,-0.0367313420573259,-0.008413019745717848
2024-10-28 04:00:00,AAPL,AAPL_1212,-0.0488003414203173,-0.00918476637463197
2024-10-29 04:00:00,AAPL,AAPL_1212,-0.043736899476988,-0.005724898100132111
2024-10-30 04:00:00,AAPL,AAPL_1212,-0.0320730321036689,0.00042190614021929765
2024-10-31 04:00:00,AAPL,AAPL_1212,0.006949634987293,0.008747749547063165
2024-11-01 04:00:00,AAPL,AAPL_1217,0.0181687810561295,0.009758266268169254
2024-11-04 05:00:00,AAPL,AAPL_1217,0.0099995553156715,0.02287196839898451
2024-11-05 05:00:00,AAPL,AAPL_1217,0.0034907083909136,0.018393035780924282
2024-11-06 05:00:00,AAPL,AAPL_1217,0.01077583460547,0.02054700147168547
2024-11-07 05:00:00,AAPL,AAPL_1217,0.0032530574426878,0.01798903393096371
2024-11-08 05:00:00,AAPL,AAPL_1222,-0.0086359123012285,0.007229536669614265
2024-11-11 05:00:00,AAPL,AAPL_1222,0.0169023262593603,0.02076645290527095
2024-11-12 05:00:00,AAPL,AAPL_1222,0.0180618254868942,0.013106671265723912
2024-11-13 05:00:00,AAPL,AAPL_1222,0.0172352743735302,0.0004007386822710102
2024-11-14 05:00:00,AAPL,AAPL_1222,0.0013145344411231,-0.0034910756201429484
2024-11-15 05:00:00,AAPL,AAPL_1227,0.0216444227430554,0.007997430512638676
2024-11-18 05:00:00,AAPL,AAPL_1227,0.021270023479744,-0.0048887457814967795
2024-11-19 05:00:00,AAPL,AAPL_1227,0.0297003627805858,-0.00530581261956135
2024-11-20 05:00:00,AAPL,AAPL_1227,0.0258951645230622,-0.0010607958475300219
2024-11-21 05:00:00,AAPL,AAPL_1227,0.0385524128911258,-0.0017348427802395597
2024-11-22 05:00:00,AAPL,AAPL_1232,0.042284775861016,0.015015702090654575
2024-11-25 05:00:00,AAPL,AAPL_1232,0.0419976767482443,-0.014618860656190103
2024-11-26 05:00:00,AAPL,AAPL_1232,0.0338211394146747,-0.015579117594662422
2024-11-27 05:00:00,AAPL,AAPL_1232,0.0345209247996864,-0.007525441640488858
2024-11-29 05:00:00,AAPL,AAPL_1232,0.0232165948861295,-0.011424660128261668
2024-12-02 05:00:00,AAPL,AAPL_1237,0.0298844015674664,0.0036387503984248244
2024-12-03 05:00:00,AAPL,AAPL_1237,0.0211003935906164,-0.0016095910913796157
2024-12-04 05:00:00,AAPL,AAPL_1237,0.0143204438705923,-0.002254540974637508
2024-12-05 05:00:00,AAPL,AAPL_1237,0.0202436371117817,-0.0053726184250502814
2024-12-06 05:00:00,AAPL,AAPL_1237,0.0217839261435388,0.00030553292921142033
2024-12-09 05:00:00,AAPL,AAPL_1242,0.0173859910278939,0.02200970859226371
2024-12-10 05:00:00,AAPL,AAPL_1242,0.0230455315680551,0.01246520833379948
2024-12-11 05:00:00,AAPL,AAPL_1242,0.0063288471087197,0.011823069064591513
2024-12-12 05:00:00,AAPL,AAPL_1242,0.007380168263898,0.009792659379739917
2024-12-13 05:00:00,AAPL,AAPL_1242,0.0256317272606967,0.018137656718017512
2024-12-16 05:00:00,AAPL,AAPL_1247,0.0168499486116013,0.041510947661087455
2024-12-17 05:00:00,AAPL,AAPL_1247,0.0186208638119342,0.0358124891762597
2024-12-18 05:00:00,AAPL,AAPL_1247,0.0442248975083667,0.04074094762461995
2024-12-19 05:00:00,AAPL,AAPL_1247,0.0232195172250715,0.04062575531711985
2024-12-20 05:00:00,AAPL,AAPL_1247,-0.0089984223171523,0.03764959381254024
2020-12-31 05:00:00,AAPL,AAPL_252,-0.0048232676002176,-0.004786137294906895
2021-01-04 05:00:00,AAPL,AAPL_252,-0.0033228338026561,-0.021517504544375985
2021-01-05 05:00:00,AAPL,AAPL_252,-0.0168688767860593,-0.01704027369635418
2021-01-06 05:00:00,AAPL,AAPL_252,0.0338862635642471,0.0104834779660656
2021-01-07 05:00:00,AAPL,AAPL_252,-0.0153528455159474,0.016310977764690808
2021-01-08 05:00:00,AAPL,AAPL_257,-0.0371829121441584,0.007929476796001585
2021-01-11 05:00:00,AAPL,AAPL_257,-0.0089160639988984,0.02985870851258467
2021-01-12 05:00:00,AAPL,AAPL_257,0.0250776059860891,0.02813772328936658
2021-01-13 05:00:00,AAPL,AAPL_257,0.0456871858463161,0.03689001438067578
2021-01-14 05:00:00,AAPL,AAPL_257,0.0788147030756443,0.05166352126169126
2021-01-15 05:00:00,AAPL,AAPL_262,0.1241151396496047,0.05567435719595098
2021-01-19 05:00:00,AAPL,AAPL_262,0.1199249128644732,0.05055729332098365
2021-01-20 05:00:00,AAPL,AAPL_262,0.0759675745817671,0.01802450178713536
2021-01-21 05:00:00,AAPL,AAPL_262,0.0016073736286374,0.01617284109133651
2021-01-22 05:00:00,AAPL,AAPL_262,-0.0511253342625902,0.01941657353034654
2021-01-25 05:00:00,AAPL,AAPL_267,-0.0614329617393225,-0.03029874289439655
2021-01-26 05:00:00,AAPL,AAPL_267,-0.0570689994408522,-0.032598668332860015
2021-01-27 05:00:00,AAPL,AAPL_267,-0.0571589135346728,-0.033817357733307005
2021-01-28 05:00:00,AAPL,AAPL_267,0.0021883657434667,-0.012373217523045295
2021-01-29 05:00:00,AAPL,AAPL_267,0.0363745646313637,0.005269265772185465
2021-02-01 05:00:00,AAPL,AAPL_272,0.0206500990388009,-0.006878393975487567
2021-02-02 05:00:00,AAPL,AAPL_272,0.007556033574082,-0.010380381968790106
2021-02-03 05:00:00,AAPL,AAPL_272,0.0108257198881007,-0.009636966576656287
2021-02-04 05:00:00,AAPL,AAPL_272,-0.0164494833457741,-0.013407593213322952
2021-02-05 05:00:00,AAPL,AAPL_272,-0.0101637865273456,-0.009047055547643507
2021-02-08 05:00:00,AAPL,AAPL_277,-0.0271711425111345,-0.013996000001251199
2021-02-09 05:00:00,AAPL,AAPL_277,-0.0380118989614801,-0.0039753925789584674
2021-02-10 05:00:00,AAPL,AAPL_277,-0.0419528229661513,-0.00031349986446903495
2021-02-11 05:00:00,AAPL,AAPL_277,-0.0389255500300365,0.03180337243139057
2021-02-12 05:00:00,AAPL,AAPL_277,-0.0692176660645962,0.03164625555665809
2021-02-16 05:00:00,AAPL,AAPL_282,-0.0550341744627518,0.04890748862704684
2021-02-17 05:00:00,AAPL,AAPL_282,-0.0419596302157618,0.05184860363915133
2021-02-18 05:00:00,AAPL,AAPL_282,-0.0672269555064746,0.08834709588620548
2021-02-19 05:00:00,AAPL,AAPL_282,-0.0662970147429961,0.09572028965507291
2021-02-22 05:00:00,AAPL,AAPL_282,0.0142063564724392,0.09766790643599162
2021-02-23 05:00:00,AAPL,AAPL_287,-0.0058795317033285,-0.007978715969035587
2021-02-24 05:00:00,AAPL,AAPL_287,-0.0262465173959021,-0.008794281821532756
2021-02-25 05:00:00,AAPL,AAPL_287,-0.0071080306267952,0.018860559328147963
2021-02-26 05:00:00,AAPL,AAPL_287,0.0013194460654477,0.01118257230410019
2021-03-01 05:00:00,AAPL,AAPL_287,-0.0894436201837992,-0.030201209559233187
2021-03-02 05:00:00,AAPL,AAPL_292,-0.0322091297972059,-0.003157987893834099
2021-03-03 05:00:00,AAPL,AAPL_292,-0.0170407524435816,0.012403886112146491
2021-03-04 05:00:00,AAPL,AAPL_292,0.0152335126354348,0.02598262920920026
2021-03-05 05:00:00,AAPL,AAPL_292,-0.003211986456348,-0.003856526440155485
2021-03-08 05:00:00,AAPL,AAPL_292,0.0655723376881727,0.01530146237083255
2021-03-09 05:00:00,AAPL,AAPL_297,0.0369973035958524,0.009049002927215307
2021-03-10 05:00:00,AAPL,AAPL_297,0.0398399620399798,0.010075498965119938
2021-03-11 05:00:00,AAPL,AAPL_297,-0.0117251583790626,0.01590898440179706
2021-03-12 05:00:00,AAPL,AAPL_297,-0.008592918499684,0.021607651280709815
2021-03-15 04:00:00,AAPL,AAPL_297,-0.0048390877043187,0.017353784334286443
2021-03-16 04:00:00,AAPL,AAPL_302,-0.0241299576862368,-0.0007369919969510294
2021-03-17 04:00:00,AAPL,AAPL_302,-0.0374319150238591,-0.0053322220375984905
2021-03-18 04:00:00,AAPL,AAPL_302,0.0004977811267019,0.021412343090826336
2021-03-19 04:00:00,AAPL,AAPL_302,0.010167524313887,0.007922218772077575
2021-03-22 04:00:00,AAPL,AAPL_302,-0.0162087690241757,0.0003067198280675662
2021-03-23 04:00:00,AAPL,AAPL_307,-0.021543980495547,-0.007960170712488553
2021-03-24 04:00:00,AAPL,AAPL_307,0.0171538450396164,0.00502268945052168
2021-03-25 04:00:00,AAPL,AAPL_307,0.0199851043643504,0.002301053425810334
2021-03-26 04:00:00,AAPL,AAPL_307,0.0386931975648126,-0.005863326051160135
2021-03-29 04:00:00,AAPL,AAPL_307,0.0397067280588128,0.013932537110872946
2021-03-30 04:00:00,AAPL,AAPL_312,0.0667222677080059,0.031803475896006066
2021-03-31 04:00:00,AAPL,AAPL_312,0.0672124353820271,0.02855430789236665
2021-04-01 04:00:00,AAPL,AAPL_312,0.08130081300813,0.016930252407573707
2021-04-05 04:00:00,AAPL,AAPL_312,0.0424146457709733,-0.007227601049186727
2021-04-06 04:00:00,AAPL,AAPL_312,0.0651294956892198,-0.00765927944507026
2021-04-07 04:00:00,AAPL,AAPL_317,0.0322908303686166,0.017093947878292423
2021-04-08 04:00:00,AAPL,AAPL_317,0.0317582032085361,-0.006180914828756659
2021-04-09 04:00:00,AAPL,AAPL_317,0.0087218320459352,-0.022691879980102136
2021-04-12 04:00:00,AAPL,AAPL_317,0.027430590475814,-0.011642734040712305
2021-04-13 04:00:00,AAPL,AAPL_317,-0.0098191782886818,-0.024019896879472827
2021-04-14 04:00:00,AAPL,AAPL_322,0.011133842568312,0.002700075779439709
2021-04-15 04:00:00,AAPL,AAPL_322,-0.0190334390973513,0.0007690451438156651
2021-04-16 04:00:00,AAPL,AAPL_322,0.0011926331077953,0.006670285628110392
2021-04-19 04:00:00,AAPL,AAPL_322,-0.0008899074491726,0.0143053555161703
2021-04-20 04:00:00,AAPL,AAPL_322,0.009616097764463,0.019060799862550895
2021-04-21 04:00:00,AAPL,AAPL_327,0.0005992646520951,-0.023523279334666393
2021-04-22 04:00:00,AAPL,AAPL_327,0.0116719210067979,-0.017384780404729433
2021-04-23 04:00:00,AAPL,AAPL_327,-0.021292439356768,-0.029839527742735465
2021-04-26 04:00:00,AAPL,AAPL_327,-0.0161817689639042,-0.03217117533594415
2021-04-27 04:00:00,AAPL,AAPL_327,-0.0486643421774662,-0.026594269344106327
2021-04-28 04:00:00,AAPL,AAPL_332,-0.041024072858375,-0.02572083771059211
2021-04-29 04:00:00,AAPL,AAPL_332,-0.0280191066383393,-0.03027056623976885
2021-04-30 04:00:00,AAPL,AAPL_332,-0.0095085952849578,-0.013912293197325953
2021-05-03 04:00:00,AAPL,AAPL_332,-0.0429303991266086,-0.019666364729531913
2021-05-04 04:00:00,AAPL,AAPL_332,-0.0151739916712193,-0.0027004303231830595
2021-05-05 04:00:00,AAPL,AAPL_337,-0.0416081905268772,-0.02547300248186514
2021-05-06 04:00:00,AAPL,AAPL_337,-0.0367658707453366,-0.02297905649108713
2021-05-07 04:00:00,AAPL,AAPL_337,-0.0211966025905369,-0.021080430681224116
2021-05-10 04:00:00,AAPL,AAPL_337,-0.0045723440128618,-0.015625979984888884
2021-05-11 04:00:00,AAPL,AAPL_337,-0.0084187527373352,-0.005494126394987042
2021-05-12 04:00:00,AAPL,AAPL_342,0.0156390474125525,0.015430839036639436
2021-05-13 04:00:00,AAPL,AAPL_342,0.018724464391723,0.016171353468223855
2021-05-14 04:00:00,AAPL,AAPL_342,-0.0158493267276165,0.023696672468787008
2021-05-17 04:00:00,AAPL,AAPL_342,0.0065732308000363,0.02558385723135278
2021-05-18 04:00:00,AAPL,AAPL_342,0.0164197282884448,0.023494327268483394
2021-05-19 04:00:00,AAPL,AAPL_347,0.0173229287867715,0.010905477124082397
2021-05-20 04:00:00,AAPL,AAPL_347,-0.0159453210134781,-0.0019268051398756575
2021-05-21 04:00:00,AAPL,AAPL_347,-0.0065375085133471,0.006878522987657143
2021-05-24 04:00:00,AAPL,AAPL_347,-0.0221872519959031,0.004760273182595822
2021-05-25 04:00:00,AAPL,AAPL_347,-0.0144996370777025,0.006159961365199874
2021-05-26 04:00:00,AAPL,AAPL_352,-0.0260937926559694,-0.0115365160416969
2021-05-27 04:00:00,AAPL,AAPL_352,0.004869098150505,-0.0037062660546717725
2021-05-28 04:00:00,AAPL,AAPL_352,0.0103523064698562,-0.005409599932541868
2021-06-01 04:00:00,AAPL,AAPL_352,0.0197940063456327,-0.003362809128282129
2021-06-02 04:00:00,AAPL,AAPL_352,0.0165520528964855,0.0004156300119697537
2021-06-03 04:00:00,AAPL,AAPL_357,0.0208029761678689,0.01666416899440469
2021-06-04 04:00:00,AAPL,AAPL_357,0.0115974191083578,0.0045776487706870785
2021-06-07 04:00:00,AAPL,AAPL_357,0.03637803134354,0.005252657525545774
2021-06-08 04:00:00,AAPL,AAPL_357,0.0228815020889938,0.004959034797588067
2021-06-09 04:00:00,AAPL,AAPL_357,0.0237551853088333,0.0020033718203842036
2021-06-10 04:00:00,AAPL,AAPL_362,0.0450399861096741,0.020675194091605186
2021-06-11 04:00:00,AAPL,AAPL_362,0.0244209523125991,0.012944124312409879
2021-06-14 04:00:00,AAPL,AAPL_362,0.0139485544436956,0.009046384083454265
2021-06-15 04:00:00,AAPL,AAPL_362,0.0334772937235694,0.009653149296287706
2021-06-16 04:00:00,AAPL,AAPL_362,0.0272762444735981,0.005132705099864831
2021-06-17 04:00:00,AAPL,AAPL_367,0.0122923625351381,0.010918969006079516
2021-06-18 04:00:00,AAPL,AAPL_367,0.0203126917070952,0.014627116781761847
2021-06-21 04:00:00,AAPL,AAPL_367,0.0187452431620038,0.008941241863970434
2021-06-22 04:00:00,AAPL,AAPL_367,0.0175399774477869,0.010436602081148985
2021-06-23 04:00:00,AAPL,AAPL_367,0.0243830204939123,0.007463349459362561
2021-06-24 04:00:00,AAPL,AAPL_372,0.0289333670968774,-0.003378841270647653
2021-06-25 04:00:00,AAPL,AAPL_372,0.0514612431230274,-0.011882624275234663
2021-06-28 04:00:00,AAPL,AAPL_372,0.0537172099624339,-0.02134272066964753
2021-06-29 04:00:00,AAPL,AAPL_372,0.0604416150699931,-0.03644098675947736
2021-06-30 04:00:00,AAPL,AAPL_372,0.0458527925777403,-0.039210921288552546
2021-07-01 04:00:00,AAPL,AAPL_377,0.0571136890352925,0.02730588169883463
2021-07-02 04:00:00,AAPL,AAPL_377,0.0324377898567433,0.021581415949197505
2021-07-06 04:00:00,AAPL,AAPL_377,0.0254893325467211,0.014552197132780524
2021-07-07 04:00:00,AAPL,AAPL_377,0.0316800604567608,0.006445178476077142
2021-07-08 04:00:00,AAPL,AAPL_377,0.0365818907667179,-0.001179496377354729
2021-07-09 04:00:00,AAPL,AAPL_382,0.0088208860444698,0.007316065237080383
2021-07-12 04:00:00,AAPL,AAPL_382,-0.0141868723305038,0.008240915980852418
2021-07-13 04:00:00,AAPL,AAPL_382,0.0035017475211016,0.006706057490729481
2021-07-14 04:00:00,AAPL,AAPL_382,-0.0251424750483237,0.0042782119665433875
2021-07-15 04:00:00,AAPL,AAPL_382,-0.0113146061700057,0.004995035171434133
2021-07-16 04:00:00,AAPL,AAPL_387,0.0148234044538069,0.0004339390234892406
2021-07-19 04:00:00,AAPL,AAPL_387,0.0459109068798233,-0.007882187356634906
2021-07-20 04:00:00,AAPL,AAPL_387,0.0042422880730033,-0.02131217809959014
2021-07-21 04:00:00,AAPL,AAPL_387,-0.0028885707467383,-0.026086736084421497
2021-07-22 04:00:00,AAPL,AAPL_387,-0.0079019321389277,-0.022689674186128994
2021-07-23 04:00:00,AAPL,AAPL_392,-0.0181744547160299,-0.006852528653804062
2021-07-26 04:00:00,AAPL,AAPL_392,-0.0232901610360859,-0.003884971765231704
2021-07-27 04:00:00,AAPL,AAPL_392,0.0040198700055589,-0.0020229359165808143
2021-07-28 04:00:00,AAPL,AAPL_392,0.0135880899348717,-0.004291030776336446
2021-07-29 04:00:00,AAPL,AAPL_392,0.009750056130845,-0.00826745678072833
2021-07-30 04:00:00,AAPL,AAPL_397,0.0019196406014343,0.00257050074685264
2021-08-02 04:00:00,AAPL,AAPL_397,0.0039169327150545,-6.985062776771638e-05
2021-08-03 04:00:00,AAPL,AAPL_397,-0.0119435023041951,-0.0005995216242486734
2021-08-04 04:00:00,AAPL,AAPL_397,-0.0074174641750727,-0.007212217059475084
2021-08-05 04:00:00,AAPL,AAPL_397,0.0124439131064553,-0.0024889231920425057
2021-08-06 04:00:00,AAPL,AAPL_402,0.0202545964570248,0.015347682802162796
2021-08-09 04:00:00,AAPL,AAPL_402,0.0344308228173475,0.01249705531657703
2021-08-10 04:00:00,AAPL,AAPL_402,0.0315246988013677,0.009883186132619107
2021-08-11 04:00:00,AAPL,AAPL_402,0.0034279445900708,0.007246548565766766
2021-08-12 04:00:00,AAPL,AAPL_402,-0.0147088619140561,0.001165506345824272
2021-08-13 04:00:00,AAPL,AAPL_407,-0.0061033106965642,0.0064713986956545155
2021-08-16 04:00:00,AAPL,AAPL_407,-0.0093302570730426,0.016585476773785097
2021-08-17 04:00:00,AAPL,AAPL_407,-0.0037952414605034,0.022437548290362416
2021-08-18 04:00:00,AAPL,AAPL_407,0.0136649357178162,0.016951204514529625
2021-08-19 04:00:00,AAPL,AAPL_407,0.0057259465260042,0.010335376427868024
2021-08-20 04:00:00,AAPL,AAPL_412,0.0027667430687268,0.002270433191545962
2021-08-23 04:00:00,AAPL,AAPL_412,0.0227772910987682,-0.0011556913767346326
2021-08-24 04:00:00,AAPL,AAPL_412,0.0147707979280191,0.003258258052758898
2021-08-25 04:00:00,AAPL,AAPL_412,0.027972458070985,0.005693998741169925
2021-08-26 04:00:00,AAPL,AAPL_412,0.0414125043268918,0.007002641053402973
2021-08-27 04:00:00,AAPL,AAPL_417,0.0383579859631468,0.026391889644534983
2021-08-30 04:00:00,AAPL,AAPL_417,0.0233150955986285,0.011579512931954859
2021-08-31 04:00:00,AAPL,AAPL_417,0.0216031004395733,0.02658687847358736
2021-09-01 04:00:00,AAPL,AAPL_417,0.0102289218646118,0.01903104740464748
2021-09-02 04:00:00,AAPL,AAPL_417,-0.0304587885563745,0.017739914333772436
2021-09-03 04:00:00,AAPL,AAPL_422,-0.0307841860405322,0.000123735477202123
2021-09-07 04:00:00,AAPL,AAPL_422,-0.0546940276385755,-0.007077768626222876
2021-09-08 04:00:00,AAPL,AAPL_422,-0.0391980001749089,-0.0015135002769219436
2021-09-09 04:00:00,AAPL,AAPL_422,-0.0342702264365762,0.00019898566922412584
2021-09-10 04:00:00,AAPL,AAPL_422,-0.0195341588122707,-0.011872907838465174
2021-09-13 04:00:00,AAPL,AAPL_427,-0.0441992676393587,-0.0252545208148881
2021-09-14 04:00:00,AAPL,AAPL_427,-0.031663533594473,-0.02274178092352973
2021-09-15 04:00:00,AAPL,AAPL_427,-0.0213379366693184,-0.019477249522160872
2021-09-16 04:00:00,AAPL,AAPL_427,-0.0131728714531825,-0.019907086226329904
2021-09-17 04:00:00,AAPL,AAPL_427,0.0058879955136694,-0.023172786054552006
2021-09-20 04:00:00,AAPL,AAPL_432,0.0170000883886745,-0.009340526690362429
2021-09-21 04:00:00,AAPL,AAPL_432,-0.010597427952937,-0.012860734517649287
2021-09-22 04:00:00,AAPL,AAPL_432,-0.0207062334321571,-0.020761098865808014
2021-09-23 04:00:00,AAPL,AAPL_432,-0.0363004955702955,-0.021724807038655175
2021-09-24 04:00:00,AAPL,AAPL_432,-0.0290634653258762,-0.021341887269854514
2021-09-27 04:00:00,AAPL,AAPL_437,-0.0428561321923197,-0.023540275115257248
2021-09-28 04:00:00,AAPL,AAPL_437,-0.0056373971609685,-0.0018848824439129102
2021-09-29 04:00:00,AAPL,AAPL_437,-0.0058111168551019,-0.014691104767309983
2021-09-30 04:00:00,AAPL,AAPL_437,0.0126501292306204,-0.012636815454156547
2021-10-01 04:00:00,AAPL,AAPL_437,0.0017525412597032,-0.014999273144320851
2021-10-04 04:00:00,AAPL,AAPL_442,0.0263762985844768,0.0010601706149413817
2021-10-05 04:00:00,AAPL,AAPL_442,0.0028346247236501,-0.0025880289564834754
2021-10-06 04:00:00,AAPL,AAPL_442,-0.0076760305485255,-0.0223297614109371
2021-10-07 04:00:00,AAPL,AAPL_442,0.0032800700867128,-0.028609475874800415
2021-10-08 04:00:00,AAPL,AAPL_442,0.0135759448864047,-0.004791438634176362
2021-10-11 04:00:00,AAPL,AAPL_447,0.0261886811644931,0.012172428429746114
2021-10-12 04:00:00,AAPL,AAPL_447,0.0512331303895978,0.013205412943002053
2021-10-13 04:00:00,AAPL,AAPL_447,0.0592576156959667,0.013749024263107434
2021-10-14 04:00:00,AAPL,AAPL_447,0.0397885464612419,-0.001962196488179998
2021-10-15 04:00:00,AAPL,AAPL_447,0.0265810977689762,0.005245373997005453
2021-10-18 04:00:00,AAPL,AAPL_452,0.014261318965326,0.027684546098716827
2021-10-19 04:00:00,AAPL,AAPL_452,0.0037645391103928,0.019458284704379634
2021-10-20 04:00:00,AAPL,AAPL_452,-0.0027468070374445,0.019258311088808856
2021-10-21 04:00:00,AAPL,AAPL_452,0.0206717399317559,0.01453519744166937
2021-10-22 04:00:00,AAPL,AAPL_452,0.0074652000277488,0.015445138117088466
2021-10-25 04:00:00,AAPL,AAPL_457,0.0021529018133259,0.012406860780103637
2021-10-26 04:00:00,AAPL,AAPL_457,0.0046878978965108,0.01353287028776033
2021-10-27 04:00:00,AAPL,AAPL_457,0.0177359709868771,0.0161000747618439
2021-10-28 04:00:00,AAPL,AAPL_457,-0.0105525367573079,0.008329198508880553
2021-10-29 04:00:00,AAPL,AAPL_457,0.0098798110640072,0.015547355465661328
2021-11-01 04:00:00,AAPL,AAPL_462,0.0099355240388914,0.02059526148737201
2021-11-02 04:00:00,AAPL,AAPL_462,0.0052659196349444,0.017129499811346906
2021-11-03 04:00:00,AAPL,AAPL_462,-0.0235659594347288,0.017232722311426696
2021-11-04 04:00:00,AAPL,AAPL_462,-0.0204690743193762,0.01721129071491254
2021-11-05 04:00:00,AAPL,AAPL_462,-0.0085271899559887,0.014130344393566472
2021-11-08 05:00:00,AAPL,AAPL_467,-0.0029247702357464,-0.000345641962123217
2021-11-09 05:00:00,AAPL,AAPL_467,0.0012598796133023,0.005938149542222401
2021-11-10 05:00:00,AAPL,AAPL_467,0.037655539434614,0.006162056161368631
2021-11-11 05:00:00,AAPL,AAPL_467,0.0676269718685995,0.004988723611912927
2021-11-12 05:00:00,AAPL,AAPL_467,0.0704046747906481,0.0003318248844260116
2021-11-15 05:00:00,AAPL,AAPL_472,0.0734666951497395,0.022069077702452436
2021-11-16 05:00:00,AAPL,AAPL_472,0.0689404216033733,-0.0023321796045627074
2021-11-17 05:00:00,AAPL,AAPL_472,0.0550524245607544,-0.019984765657419034
2021-11-18 05:00:00,AAPL,AAPL_472,-0.0067143699966982,-0.0350506427174105
2021-11-19 05:00:00,AAPL,AAPL_472,-0.0019308474163891,-0.036161547869810906
2021-11-22 05:00:00,AAPL,AAPL_477,0.026580540713778,-0.03445486368343889
2021-11-23 05:00:00,AAPL,AAPL_477,0.020816557425928,-0.03650797093947598
2021-11-24 05:00:00,AAPL,AAPL_477,0.0112386812275626,-0.035317366474752934
2021-11-26 05:00:00,AAPL,AAPL_477,0.0320770286181362,-0.016866228211041005
2021-11-29 05:00:00,AAPL,AAPL_477,0.0317024566706682,-0.023976208967024255
2021-11-30 05:00:00,AAPL,AAPL_482,0.0355716244129913,-0.008216208843403605
2021-12-01 05:00:00,AAPL,AAPL_482,0.0625720537188632,-0.005651869112232243
2021-12-02 05:00:00,AAPL,AAPL_482,0.0659501918297083,-0.0033021087033207252
2021-12-03 05:00:00,AAPL,AAPL_482,0.1088111777609366,-0.002202831838999265
2021-12-06 05:00:00,AAPL,AAPL_482,0.0630292626863369,-0.009974622283125272
2021-12-07 05:00:00,AAPL,AAPL_487,0.0184017367101985,0.0652261917254315
2021-12-08 05:00:00,AAPL,AAPL_487,0.0241032737980848,0.06526920873672058
2021-12-09 05:00:00,AAPL,AAPL_487,-0.013176003001408,0.06713626146440232
2021-12-10 05:00:00,AAPL,AAPL_487,-0.0463081510165227,0.04460282108733178
2021-12-13 05:00:00,AAPL,AAPL_487,-0.0340844731189965,0.0658024568593976
2021-12-14 05:00:00,AAPL,AAPL_492,-0.0076865503574606,0.00943730598610159
2021-12-15 05:00:00,AAPL,AAPL_492,-0.0204127361952852,-0.000635152752299326
2021-12-16 05:00:00,AAPL,AAPL_492,0.0233368419868456,0.01835401071350896
2021-12-17 05:00:00,AAPL,AAPL_492,0.0536987406461455,0.017916171886023048
2021-12-20 05:00:00,AAPL,AAPL_492,0.0562002549993096,0.03051460943690471
2021-12-21 05:00:00,AAPL,AAPL_497,0.0369385466601477,0.058226678678905096
2021-12-22 05:00:00,AAPL,AAPL_497,0.0145752537433943,0.05898052303849105
2021-12-23 05:00:00,AAPL,AAPL_497,0.0073179518598531,0.060031405327684
2021-12-27 05:00:00,AAPL,AAPL_497,0.0093162128249477,0.05887439819035567
2021-12-28 05:00:00,AAPL,AAPL_497,0.0022868184364033,0.06345215798608789
2021-12-29 05:00:00,AAPL,AAPL_502,-0.0248634551926836,0.01634473475098452
2021-12-30 05:00:00,AAPL,AAPL_502,-0.0347923515960719,0.03027812568905498
2021-12-31 05:00:00,AAPL,AAPL_502,-0.0304105926256664,0.023983015148741703
2022-01-03 05:00:00,AAPL,AAPL_502,-0.0539530375353146,0.0168422432373084
2022-01-04 05:00:00,AAPL,AAPL_502,-0.0257094891243552,0.032867137065832434
2022-01-05 05:00:00,AAPL,AAPL_507,0.0034873120097016,-0.011618907844359316
2022-01-06 05:00:00,AAPL,AAPL_507,0.001104665357013,-0.012596557446494749
2022-01-07 05:00:00,AAPL,AAPL_507,0.0052274447629969,-0.021105524643375874
2022-01-10 05:00:00,AAPL,AAPL_507,-0.0138800125196683,-0.01078766046413923
2022-01-11 05:00:00,AAPL,AAPL_507,-0.0505483551002903,-0.010847047861925063
2022-01-12 05:00:00,AAPL,AAPL_512,-0.0627813157243678,-0.01808176543498412
2022-01-13 05:00:00,AAPL,AAPL_512,-0.0567977155504417,-0.004949416025854074
2022-01-14 05:00:00,AAPL,AAPL_512,-0.0661582696161877,-0.00856779199971943
2022-01-18 05:00:00,AAPL,AAPL_512,-0.059010624807861,-0.005554168459534699
2022-01-19 05:00:00,AAPL,AAPL_512,-0.0393430394888071,-0.0023157131129228985
2022-01-20 05:00:00,AAPL,AAPL_517,-0.0321560601955585,-0.01951047523949019
2022-01-21 05:00:00,AAPL,AAPL_517,0.0487654577326572,-0.00047608684372845724
2022-01-24 05:00:00,AAPL,AAPL_517,0.081425591261572,-0.0029323125370265767
2022-01-25 05:00:00,AAPL,AAPL_517,0.092815132960035,0.002672401181093097
2022-01-26 05:00:00,AAPL,AAPL_517,0.1011334062845303,0.0027342305074782923
2022-01-27 05:00:00,AAPL,AAPL_522,0.0859188077559345,0.06807474010635638
2022-01-28 05:00:00,AAPL,AAPL_522,0.0120941556769136,-0.0193501392652099
2022-01-31 05:00:00,AAPL,AAPL_522,-0.017850984889451,0.017884537139942935
2022-02-01 05:00:00,AAPL,AAPL_522,0.001259957734002,0.019479138224361918
2022-02-02 05:00:00,AAPL,AAPL_522,0.0025022887316303,0.01588576704837786
2022-02-03 05:00:00,AAPL,AAPL_527,-0.0045112712945719,0.006330938582227638
2022-02-04 05:00:00,AAPL,AAPL_527,-0.0217530019912812,0.003856770601890016
2022-02-07 05:00:00,AAPL,AAPL_527,-0.0161947962250365,0.007720662703115687
2022-02-08 05:00:00,AAPL,AAPL_527,-0.0116685267034042,0.0026767381398249295
2022-02-09 05:00:00,AAPL,AAPL_527,-0.021159494856867,-0.005163882113562774
2022-02-10 05:00:00,AAPL,AAPL_532,-0.0188240200225956,-0.011029373330147963
2022-02-11 05:00:00,AAPL,AAPL_532,-0.0079458986168193,-0.009064102122823901
2022-02-14 05:00:00,AAPL,AAPL_532,-0.0270014058902827,-0.012052491530916367
2022-02-15 05:00:00,AAPL,AAPL_532,-0.0736152928766558,-0.011203837732776096
2022-02-16 05:00:00,AAPL,AAPL_532,-0.0568530709075163,-0.0134427462307068
2022-02-17 05:00:00,AAPL,AAPL_537,-0.0238630901396131,-0.015189257643196554
2022-02-18 05:00:00,AAPL,AAPL_537,-0.0130305313496968,-0.013226907205728422
2022-02-22 05:00:00,AAPL,AAPL_537,-0.0068160316824151,0.003845496172896398
2022-02-23 05:00:00,AAPL,AAPL_537,0.0405446988031283,0.009655115491325061
2022-02-24 05:00:00,AAPL,AAPL_537,0.0214451893607783,-0.005907137459072539
2022-02-25 05:00:00,AAPL,AAPL_542,-0.0101911305572859,-0.002151032790490639
2022-02-28 05:00:00,AAPL,AAPL_542,-0.0352470460121996,0.0023499174234860153
2022-03-01 05:00:00,AAPL,AAPL_542,-0.0352940846479469,0.013539054159603513
2022-03-02 05:00:00,AAPL,AAPL_542,-0.021673875259764,-0.001046520619141206
2022-03-03 05:00:00,AAPL,AAPL_542,-0.0463814693691941,0.0068026423381569515
2022-03-04 05:00:00,AAPL,AAPL_547,-0.0517252101251328,-0.01982818284338544
2022-03-07 05:00:00,AAPL,AAPL_547,-0.0544884354569039,-0.004573144246267399
2022-03-08 05:00:00,AAPL,AAPL_547,-0.0149263596739984,0.0008953551398080844
2022-03-09 05:00:00,AAPL,AAPL_547,-0.0206198261631069,-0.01226640814551916
2022-03-10 05:00:00,AAPL,AAPL_547,0.0132474816308807,-0.005100035821764345
2022-03-11 05:00:00,AAPL,AAPL_552,0.0597815566174262,-0.0006464401160706294
2022-03-14 04:00:00,AAPL,AAPL_552,0.0979950222023391,0.03151456628770512
2022-03-15 04:00:00,AAPL,AAPL_552,0.0885293140146505,0.006216378948042061
2022-03-16 04:00:00,AAPL,AAPL_552,0.0665455894459163,-0.0018603853512528337
2022-03-17 04:00:00,AAPL,AAPL_552,0.0837380937362013,-8.812093214802502e-05
2022-03-18 04:00:00,AAPL,AAPL_557,0.0654958273752435,0.022673990959357536
2022-03-21 04:00:00,AAPL,AAPL_557,0.0617970789633546,0.012437737082567044
2022-03-22 04:00:00,AAPL,AAPL_557,0.0600639672415994,0.010152989810628638
2022-03-23 04:00:00,AAPL,AAPL_557,0.0444157056600234,0.006840420231607119
2022-03-24 04:00:00,AAPL,AAPL_557,0.0031021615638071,-0.007497511811096291
2022-03-25 04:00:00,AAPL,AAPL_562,-0.0023466326650917,-0.004110723057198641
2022-03-28 04:00:00,AAPL,AAPL_562,0.0161730993119468,-0.005430169248171833
2022-03-29 04:00:00,AAPL,AAPL_562,-0.0217926296879784,-0.005653636515529149
2022-03-30 04:00:00,AAPL,AAPL_562,-0.0334139747912828,0.008828074466518954
2022-03-31 04:00:00,AAPL,AAPL_562,-0.0141458176053445,0.01132206661588695
2022-04-01 04:00:00,AAPL,AAPL_567,-0.0242097486077044,-0.011660278720010315
2022-04-04 04:00:00,AAPL,AAPL_567,-0.0711163543363726,-0.021620106826752833
2022-04-05 04:00:00,AAPL,AAPL_567,-0.0422711870197961,-0.00800711572219475
2022-04-06 04:00:00,AAPL,AAPL_567,-0.0083222249859271,-0.006417724032812478
2022-04-07 04:00:00,AAPL,AAPL_567,-0.0397932271860316,-0.02600067946782738
2022-04-08 04:00:00,AAPL,AAPL_572,-0.0295137228629217,-0.03668644408987981
2022-04-11 04:00:00,AAPL,AAPL_572,0.0099547143075979,-0.036335945989976706
2022-04-12 04:00:00,AAPL,AAPL_572,-0.0025647615720975,-0.03517931815036337
2022-04-13 04:00:00,AAPL,AAPL_572,-0.0233567832752203,-0.037460304881764946
2022-04-14 04:00:00,AAPL,AAPL_572,-0.0211749055730262,-0.02248320405265258
2022-04-18 04:00:00,AAPL,AAPL_577,-0.0132671130080269,-0.01982256645931703
2022-04-19 04:00:00,AAPL,AAPL_577,-0.0633213335197688,-0.013570737924067369
2022-04-20 04:00:00,AAPL,AAPL_577,-0.0637444757260425,-0.022173451755458692
2022-04-21 04:00:00,AAPL,AAPL_577,-0.0167047158387461,-0.027065058163357622
2022-04-22 04:00:00,AAPL,AAPL_577,-0.0255887234158336,-0.01005217321647114
2022-04-25 04:00:00,AAPL,AAPL_582,-0.0302062746896717,-0.0261027866689946
2022-04-26 04:00:00,AAPL,AAPL_582,0.0170917896914619,0.0160347893594713
2022-04-27 04:00:00,AAPL,AAPL_582,0.0603563677982943,0.04014341981439998
2022-04-28 04:00:00,AAPL,AAPL_582,-0.0419823707089433,0.001988318825933658
2022-04-29 04:00:00,AAPL,AAPL_582,-0.0023469402569749,0.028651948602447325
2022-05-02 04:00:00,AAPL,AAPL_587,-0.0373512845309057,0.0287725489004553
2022-05-03 04:00:00,AAPL,AAPL_587,-0.0311637907815977,0.03639791880366179
2022-05-04 04:00:00,AAPL,AAPL_587,-0.1175762183479167,0.01924483368214084
2022-05-05 04:00:00,AAPL,AAPL_587,-0.0906423826408187,0.032694291835191035
2022-05-06 04:00:00,AAPL,AAPL_587,-0.0646617386055321,0.04917238316672188
2022-05-09 04:00:00,AAPL,AAPL_592,-0.0428778401758724,0.04767539267661286
2022-05-10 04:00:00,AAPL,AAPL_592,-0.0341077548445496,0.03964020340370494
2022-05-11 04:00:00,AAPL,AAPL_592,-0.0387712810633532,0.05379709627378617
2022-05-12 04:00:00,AAPL,AAPL_592,-0.0365459563994223,0.06372498773386595
2022-05-13 04:00:00,AAPL,AAPL_592,-0.0647135084831959,0.048140344214084536
2022-05-16 04:00:00,AAPL,AAPL_597,-0.0166963912867844,-0.03458006715099732
2022-05-17 04:00:00,AAPL,AAPL_597,-0.0595015046633675,-0.0332331855082958
2022-05-18 04:00:00,AAPL,AAPL_597,-0.0021304007680321,-0.03141069149814785
2022-05-19 04:00:00,AAPL,AAPL_597,0.0468146515474867,-0.01716948923981295
2022-05-20 04:00:00,AAPL,AAPL_597,0.0875790636854563,-0.01951145547138006
2022-05-23 04:00:00,AAPL,AAPL_602,0.040039100713445,0.0027145160043644512
2022-05-24 04:00:00,AAPL,AAPL_602,0.0594899263836268,0.013309011056053753
2022-05-25 04:00:00,AAPL,AAPL_602,0.0760745951920047,0.010000712689309625
2022-05-26 04:00:00,AAPL,AAPL_602,0.011128154938794,-0.001775313967809823
2022-05-27 04:00:00,AAPL,AAPL_602,-0.0233894681520703,-0.005301398917272316
2022-05-31 04:00:00,AAPL,AAPL_607,-0.0008733514325567,0.009012386628799707
2022-06-01 04:00:00,AAPL,AAPL_607,-0.0050433727801726,0.013922800422381325
2022-06-02 04:00:00,AAPL,AAPL_607,-0.0566761916784758,0.005932462903530255
2022-06-03 04:00:00,AAPL,AAPL_607,-0.0567478313585843,0.0025020536958355226
2022-06-06 04:00:00,AAPL,AAPL_607,-0.0975776280716613,0.0035812290464070653
2022-06-07 04:00:00,AAPL,AAPL_612,-0.1072558098778158,-0.05734498144298698
2022-06-08 04:00:00,AAPL,AAPL_612,-0.0846851410483991,-0.05557575732880658
2022-06-09 04:00:00,AAPL,AAPL_612,-0.0881940681778188,-0.04256379642953391
2022-06-10 04:00:00,AAPL,AAPL_612,-0.0406184432719791,-0.02515729219161593
2022-06-13 04:00:00,AAPL,AAPL_612,0.0302547019005683,-0.005813313326916025
2022-06-14 04:00:00,AAPL,AAPL_617,0.0195089763772648,0.02524363185178986
2022-06-15 04:00:00,AAPL,AAPL_617,0.0209703296926158,-0.021757548259057197
2022-06-16 04:00:00,AAPL,AAPL_617,0.0891896534004597,0.008928955356029061
2022-06-17 04:00:00,AAPL,AAPL_617,0.0767711028499928,-0.006963321996596287
2022-06-21 04:00:00,AAPL,AAPL_617,0.0115552173448201,-0.02977986684628886
2022-06-22 04:00:00,AAPL,AAPL_622,0.0286663424385515,0.02743128170857232
2022-06-23 04:00:00,AAPL,AAPL_622,-0.0112099732687035,0.007784147644677625
2022-06-24 04:00:00,AAPL,AAPL_622,-0.0192715721851864,0.001266442051153873
2022-06-27 04:00:00,AAPL,AAPL_622,-0.0007059586399147,-0.014782538755927641
2022-06-28 04:00:00,AAPL,AAPL_622,0.0398719123268009,-0.020356234862717638
2022-06-29 04:00:00,AAPL,AAPL_627,0.0511384801728342,-0.000948820152772035
2022-06-30 04:00:00,AAPL,AAPL_627,0.0754826797344041,0.009834866457715636
2022-07-01 04:00:00,AAPL,AAPL_627,0.0427553642449858,-0.0009296519214834075
2022-07-05 04:00:00,AAPL,AAPL_627,0.0303758344583042,0.003675304377863477
2022-07-06 04:00:00,AAPL,AAPL_627,0.0179821393586974,0.008375476651193035
2022-07-07 04:00:00,AAPL,AAPL_632,0.0144857876923352,-0.008055633963035286
2022-07-08 04:00:00,AAPL,AAPL_632,0.0212867588800935,-0.015147162907220853
2022-07-11 04:00:00,AAPL,AAPL_632,0.015186113627267,-0.015640924646688013
2022-07-12 04:00:00,AAPL,AAPL_632,0.0352392662014267,-0.015013155631155217
2022-07-13 04:00:00,AAPL,AAPL_632,0.0518935150725765,-0.016557518179324226
2022-07-14 04:00:00,AAPL,AAPL_637,0.0463393603168713,0.025144900966929944
2022-07-15 04:00:00,AAPL,AAPL_637,0.0261037372094472,0.01963674416599991
2022-07-18 04:00:00,AAPL,AAPL_637,0.0399808889045669,0.029439050517096922
2022-07-19 04:00:00,AAPL,AAPL_637,0.003973550354408,0.01472769739815183
2022-07-20 04:00:00,AAPL,AAPL_637,0.02450339887946,0.01889815879732299
2022-07-21 04:00:00,AAPL,AAPL_642,0.0128741546277593,0.013705210499415635
2022-07-22 04:00:00,AAPL,AAPL_642,0.054643379642127,0.021116005514839466
2022-07-25 04:00:00,AAPL,AAPL_642,0.055965987115975,0.022723588268544502
2022-07-26 04:00:00,AAPL,AAPL_642,0.0554748553082364,0.022274474994043558
2022-07-27 04:00:00,AAPL,AAPL_642,0.059570202159743,0.01628011201457553
2022-07-28 04:00:00,AAPL,AAPL_647,0.0537654345530342,0.04736351803317319
2022-07-29 04:00:00,AAPL,AAPL_647,0.0174759195906577,0.03582990416662858
2022-08-01 04:00:00,AAPL,AAPL_647,0.020803669894307,0.0431261592007858
2022-08-02 04:00:00,AAPL,AAPL_647,0.0306856060913096,0.051209608713960166
2022-08-03 04:00:00,AAPL,AAPL_647,0.0187202824230658,0.024385317528241583
2022-08-04 04:00:00,AAPL,AAPL_652,0.0161631263134374,0.02207755600115947
2022-08-05 04:00:00,AAPL,AAPL_652,0.0408224962252148,0.025133371168507956
2022-08-08 04:00:00,AAPL,AAPL_652,0.0504640478596787,0.039224927324931914
2022-08-09 04:00:00,AAPL,AAPL_652,0.049175361996085,0.04906865757431564
2022-08-10 04:00:00,AAPL,AAPL_652,0.0313755458889313,0.038117688665914334
2022-08-11 04:00:00,AAPL,AAPL_657,0.0335924281488015,0.036744244007015175
2022-08-12 04:00:00,AAPL,AAPL_657,-0.0033701441631898,0.037467480768206364
2022-08-15 04:00:00,AAPL,AAPL_657,-0.0324498818520939,0.03315170873770004
2022-08-16 04:00:00,AAPL,AAPL_657,-0.0335202166830956,0.013536051831565109
2022-08-17 04:00:00,AAPL,AAPL_657,-0.0402177264378469,-0.0027041611446362236
2022-08-18 04:00:00,AAPL,AAPL_662,-0.0236577390845987,-0.022348790501426245
2022-08-19 04:00:00,AAPL,AAPL_662,-0.0460588208867124,-0.01680930394317494
2022-08-22 04:00:00,AAPL,AAPL_662,-0.0369397993128309,5.690988437727272e-05
2022-08-23 04:00:00,AAPL,AAPL_662,-0.0497517926089354,-0.0010575099966420348
2022-08-24 04:00:00,AAPL,AAPL_662,-0.0615412023740064,-0.018154681121623783
2022-08-25 04:00:00,AAPL,AAPL_667,-0.0709874266428528,-0.04370373438827522
2022-08-26 04:00:00,AAPL,AAPL_667,-0.0477325375361372,-0.03428699484757508
2022-08-29 04:00:00,AAPL,AAPL_667,-0.0424464363381933,-0.02687465792737709
2022-08-30 04:00:00,AAPL,AAPL_667,-0.018563947393235,-0.008852349691318139
2022-08-31 04:00:00,AAPL,AAPL_667,-0.0175549833698417,-0.019309392553724734
2022-09-01 04:00:00,AAPL,AAPL_672,-0.0037351960724365,-0.024209632756292825
2022-09-02 04:00:00,AAPL,AAPL_672,0.048905687931366,0.001896942982976276
2022-09-06 04:00:00,AAPL,AAPL_672,-0.0044651682317795,0.05044947148128342
2022-09-07 04:00:00,AAPL,AAPL_672,-0.0041677938400321,0.06339201547261983
2022-09-08 04:00:00,AAPL,AAPL_672,-0.0135310857557541,0.016751241058521077
2022-09-09 04:00:00,AAPL,AAPL_677,-0.042384179804914,0.013139370841948628
2022-09-12 04:00:00,AAPL,AAPL_677,-0.0547634910930794,0.034611039894006435
2022-09-13 04:00:00,AAPL,AAPL_677,0.0198907802355432,0.03653500971631452
2022-09-14 04:00:00,AAPL,AAPL_677,-0.0102375659190309,0.03154052867904884
2022-09-15 04:00:00,AAPL,AAPL_677,0.0024283677090886,0.04452060123045178
2022-09-16 04:00:00,AAPL,AAPL_682,-0.0017916674049679,0.014257179651579655
2022-09-19 04:00:00,AAPL,AAPL_682,-0.0240159992082181,-0.013501363748249428
2022-09-20 04:00:00,AAPL,AAPL_682,-0.0327597169509106,0.006940706894960883
2022-09-21 04:00:00,AAPL,AAPL_682,-0.0252407289357342,0.02582654715201917
2022-09-22 04:00:00,AAPL,AAPL_682,-0.0671730352012078,0.022895003862263497
2022-09-23 04:00:00,AAPL,AAPL_687,-0.081300248108754,0.005160529778044995
2022-09-26 04:00:00,AAPL,AAPL_687,-0.0551834389364572,0.015848533941729148
2022-09-27 04:00:00,AAPL,AAPL_687,-0.0372956550355262,0.0069424002004271354
2022-09-28 04:00:00,AAPL,AAPL_687,-0.0229578385309687,0.03061458973702766
2022-09-29 04:00:00,AAPL,AAPL_687,0.0207046395052075,0.0438445637146168
2022-09-30 04:00:00,AAPL,AAPL_692,0.013675828012907,0.045330353053232825
2022-10-03 04:00:00,AAPL,AAPL_692,-0.0142506059865655,0.032860938259526726
2022-10-04 04:00:00,AAPL,AAPL_692,-0.0487338129947225,0.006400407590772996
2022-10-05 04:00:00,AAPL,AAPL_692,-0.0550546304277359,0.007102998084071177
2022-10-06 04:00:00,AAPL,AAPL_692,-0.0167777439696146,0.005655503350487646
2022-10-07 04:00:00,AAPL,AAPL_697,-0.0122063780411108,-0.013486526413214859
2022-10-10 04:00:00,AAPL,AAPL_697,0.0141718097074021,-0.0025458963054802598
2022-10-11 04:00:00,AAPL,AAPL_697,0.0343215169024195,0.0375597726894708
2022-10-12 04:00:00,AAPL,AAPL_697,0.0399017234247898,0.03856097738945773
2022-10-13 04:00:00,AAPL,AAPL_697,0.002797355627093,0.01207135419585306
2022-10-14 04:00:00,AAPL,AAPL_702,0.0642433810952454,0.022681187853089844
2022-10-17 04:00:00,AAPL,AAPL_702,0.0494346822912548,0.005201604219245692
2022-10-18 04:00:00,AAPL,AAPL_702,0.059756496263587,0.019446952899594444
2022-10-19 04:00:00,AAPL,AAPL_702,0.03816214006584,0.021629660228611933
2022-10-20 04:00:00,AAPL,AAPL_702,0.0098333472913814,0.020783405397235614
2022-10-21 04:00:00,AAPL,AAPL_707,0.0575134173625266,0.031500203427247395
2022-10-24 04:00:00,AAPL,AAPL_707,0.0260287686121241,0.03160199108636854
2022-10-25 04:00:00,AAPL,AAPL_707,-0.0110936226994374,0.015568681156672527
2022-10-26 04:00:00,AAPL,AAPL_707,-0.0289253910122007,0.017881549978580706
2022-10-27 04:00:00,AAPL,AAPL_707,-0.04088396439349,0.025719869544820896
2022-10-28 04:00:00,AAPL,AAPL_712,-0.1114678309878032,-0.0651633992394547
2022-10-31 04:00:00,AAPL,AAPL_712,-0.0940393798964902,-0.058807251819421265
2022-11-01 04:00:00,AAPL,AAPL_712,-0.0740125744986477,-0.060480654511515436
2022-11-02 04:00:00,AAPL,AAPL_712,-0.0700544973290017,-0.0688403893979858
2022-11-03 04:00:00,AAPL,AAPL_712,0.0575316096879243,-0.06747307310487258
2022-11-04 04:00:00,AAPL,AAPL_717,0.0818036686370697,-0.023694330971509022
2022-11-07 05:00:00,AAPL,AAPL_717,0.0673769128543217,-0.017575665163003136
2022-11-08 05:00:00,AAPL,AAPL_717,0.0755555074274754,-0.017430702083329964
2022-11-09 05:00:00,AAPL,AAPL_717,0.1032104891592109,0.005463048382188018
2022-11-10 05:00:00,AAPL,AAPL_717,0.0262137007660667,-0.03320670817124467
2022-11-11 05:00:00,AAPL,AAPL_722,0.0106212182385037,0.023601566865934363
2022-11-14 05:00:00,AAPL,AAPL_722,-0.0018209082457764,0.03331937427975576
2022-11-15 05:00:00,AAPL,AAPL_722,0.0009330804846241,0.030409053310870418
2022-11-16 05:00:00,AAPL,AAPL_722,0.0153237054974613,0.023064199857790783
2022-11-17 05:00:00,AAPL,AAPL_722,-0.0173168828902122,-0.010000530702896996
2022-11-18 05:00:00,AAPL,AAPL_727,-0.0467313925519072,-0.010525224824619714
2022-11-21 05:00:00,AAPL,AAPL_727,-0.0462130706827011,-0.009613015219535073
2022-11-22 05:00:00,AAPL,AAPL_727,-0.0143161140054516,-0.02270673768144083
2022-11-23 05:00:00,AAPL,AAPL_727,-0.0182697400662833,-0.026845647131300675
2022-11-25 05:00:00,AAPL,AAPL_727,-0.0020255421681285,-0.018430229671594155
2022-11-28 05:00:00,AAPL,AAPL_732,0.0167106063077984,-0.047944437070634505
2022-11-29 05:00:00,AAPL,AAPL_732,0.0123256039932913,-0.03347514475142542
2022-11-30 05:00:00,AAPL,AAPL_732,-0.0478956724742081,-0.030489521272268613
2022-12-01 05:00:00,AAPL,AAPL_732,-0.0381633319080411,-0.03736710751551541
2022-12-02 05:00:00,AAPL,AAPL_732,-0.038224707325664,-0.04423961806603766
2022-12-05 05:00:00,AAPL,AAPL_737,-0.0145945530818111,-0.031077987686174917
2022-12-06 05:00:00,AAPL,AAPL_737,0.0179133545097829,-0.00875167428942776
2022-12-07 05:00:00,AAPL,AAPL_737,0.0161061744936796,0.019398334204317243
2022-12-08 05:00:00,AAPL,AAPL_737,-0.0431124722020471,0.009565000423739988
2022-12-09 05:00:00,AAPL,AAPL_737,-0.0538126685298646,0.04846012177363268
2022-12-12 05:00:00,AAPL,AAPL_742,-0.0838813060779485,0.03056318611634051
2022-12-13 05:00:00,AAPL,AAPL_742,-0.0905341174017325,0.032304176730264596
2022-12-14 05:00:00,AAPL,AAPL_742,-0.0541862258349687,0.027057381591929063
2022-12-15 05:00:00,AAPL,AAPL_742,-0.0312820825821313,0.049319538821562044
2022-12-16 05:00:00,AAPL,AAPL_742,-0.0197010928905339,0.06613371564172789
2022-12-19 05:00:00,AAPL,AAPL_747,-0.0176776945244956,0.05528020435836849
2022-12-20 05:00:00,AAPL,AAPL_747,-0.0473167195149758,0.047257115090587797
2022-12-21 05:00:00,AAPL,AAPL_747,-0.0431155147247599,0.026754032471876143
2022-12-22 05:00:00,AAPL,AAPL_747,-0.0173939584517343,0.024384606422383714
2022-12-23 05:00:00,AAPL,AAPL_747,-0.0514940155020315,0.03275837699003564
2022-12-27 05:00:00,AAPL,AAPL_752,-0.0282242421241154,0.017208321899215593
2022-12-28 05:00:00,AAPL,AAPL_752,-0.0080927028328454,0.014321577218432944
2022-12-29 05:00:00,AAPL,AAPL_752,7.711215792660653e-05,0.027774950429985536
2022-12-30 05:00:00,AAPL,AAPL_752,0.0016932289163757,-0.00014785928259013778
2023-01-03 05:00:00,AAPL,AAPL_752,0.0452546257817658,0.015068873762321829
2023-01-04 05:00:00,AAPL,AAPL_757,0.0564261225733833,0.02093800724420345
2023-01-05 05:00:00,AAPL,AAPL_757,0.0671093204633219,0.030590687454925162
2023-01-06 05:00:00,AAPL,AAPL_757,0.0396543711099621,0.020962795489206813
2023-01-09 05:00:00,AAPL,AAPL_757,0.0444871979750303,0.024813038759095084
2023-01-10 05:00:00,AAPL,AAPL_757,0.0342691894189697,0.03042259577216858
2023-01-11 05:00:00,AAPL,AAPL_762,0.0133343224664712,0.029526463992505293
2023-01-12 05:00:00,AAPL,AAPL_762,0.0334307123352912,0.03235694423846682
2023-01-13 05:00:00,AAPL,AAPL_762,0.0471208545737473,0.03096260330806484
2023-01-17 05:00:00,AAPL,AAPL_762,0.0484772415737677,0.02866425128034457
2023-01-18 05:00:00,AAPL,AAPL_762,0.0491827051717936,0.021252201563142562
2023-01-19 05:00:00,AAPL,AAPL_767,0.0642419026165095,0.03444883373388135
2023-01-20 05:00:00,AAPL,AAPL_767,0.0584608532969255,0.027390669600667432
2023-01-23 05:00:00,AAPL,AAPL_767,0.0133938018671497,0.02487901149457242
2023-01-24 05:00:00,AAPL,AAPL_767,0.0123482391209532,0.02410826549605428
2023-01-25 05:00:00,AAPL,AAPL_767,0.0251656002401652,0.02828428353828713
2023-01-26 05:00:00,AAPL,AAPL_772,0.0476521276078181,0.01953323754394412
2023-01-27 05:00:00,AAPL,AAPL_772,0.0587268399530389,0.022167085934934213
2023-01-30 05:00:00,AAPL,AAPL_772,0.0610489211716018,0.02933208122165633
2023-01-31 05:00:00,AAPL,AAPL_772,0.0717998551001888,0.02823743075465576
2023-02-01 05:00:00,AAPL,AAPL_772,0.0446263207042356,0.0298615354536688
2023-02-02 05:00:00,AAPL,AAPL_777,0.0003314400645884,0.03425002448377902
2023-02-03 05:00:00,AAPL,AAPL_777,-0.0225890323182139,0.02540744969722283
2023-02-06 05:00:00,AAPL,AAPL_777,0.0139722562161239,0.040968044589812395
2023-02-07 05:00:00,AAPL,AAPL_777,-0.009375990982662,0.03761845185438529
2023-02-08 05:00:00,AAPL,AAPL_777,0.022446048599324,0.03787656507486039
2023-02-09 05:00:00,AAPL,AAPL_782,0.0188242307191282,0.0297101498301098
2023-02-10 05:00:00,AAPL,AAPL_782,0.0101980570885469,0.029697032092384626
2023-02-13 05:00:00,AAPL,AAPL_782,-0.0349041934542624,0.037358120203768864
2023-02-14 05:00:00,AAPL,AAPL_782,-0.0280025676996727,0.04061713694555302
2023-02-15 05:00:00,AAPL,AAPL_782,-0.0381768355415337,0.03500565720982389
2023-02-16 05:00:00,AAPL,AAPL_787,-0.0455403011791586,-0.0019193605079208915
2023-02-17 05:00:00,AAPL,AAPL_787,-0.0303507360877706,-0.005902062981822023
2023-02-21 05:00:00,AAPL,AAPL_787,-0.0072063045273326,-0.019867509681096518
2023-02-22 05:00:00,AAPL,AAPL_787,-0.0241757169765731,-0.02584531302954291
2023-02-23 05:00:00,AAPL,AAPL_787,-0.0233600426837575,-0.021960681455433527
2023-02-24 05:00:00,AAPL,AAPL_792,0.0294457901147471,-0.02463146331465687
2023-02-27 05:00:00,AAPL,AAPL_792,0.0399540544569188,-0.028742280457816016
2023-02-28 05:00:00,AAPL,AAPL_792,0.0284241390496842,-0.0322158790862155
2023-03-01 05:00:00,AAPL,AAPL_792,0.0520266856074049,-0.019722070141198728
2023-03-02 05:00:00,AAPL,AAPL_792,0.0320745155117596,-0.025678652116063003
2023-03-03 05:00:00,AAPL,AAPL_797,-0.0167516308001433,-0.006327650910276281
2023-03-06 05:00:00,AAPL,AAPL_797,-0.0218422971485219,-0.017363780651571858
2023-03-07 05:00:00,AAPL,AAPL_797,0.0065302783279508,-0.015844327302737788
2023-03-08 05:00:00,AAPL,AAPL_797,0.0007850486021443,-0.016189222442594076
2023-03-09 05:00:00,AAPL,AAPL_797,0.0349293438710411,-0.011917292071212312
2023-03-10 05:00:00,AAPL,AAPL_802,0.0437710437710436,0.011622740110564108
2023-03-13 04:00:00,AAPL,AAPL_802,0.0460556431153118,-0.011324867214703476
2023-03-14 04:00:00,AAPL,AAPL_802,0.0438429949666694,-0.0037417318050236236
2023-03-15 04:00:00,AAPL,AAPL_802,0.0316360295712707,0.0002971815279802228
2023-03-16 04:00:00,AAPL,AAPL_802,0.0197625053041057,-0.005971499007184262
2023-03-17 04:00:00,AAPL,AAPL_807,0.0338709677419355,0.02362555054558552
2023-03-20 04:00:00,AAPL,AAPL_807,0.0055908825726591,0.015131203042675337
2023-03-21 04:00:00,AAPL,AAPL_807,-0.0102335817133643,0.023794030468355053
2023-03-22 04:00:00,AAPL,AAPL_807,0.01862765258378,0.022327579788273644
2023-03-23 04:00:00,AAPL,AAPL_807,0.0215818793974751,0.025440758815183075
2023-03-24 04:00:00,AAPL,AAPL_812,0.0290171225989663,0.012345601072054884
2023-03-27 04:00:00,AAPL,AAPL_812,0.0498483665055502,0.014791141497588124
2023-03-28 04:00:00,AAPL,AAPL_812,0.0506185302586685,0.010538525640187448
2023-03-29 04:00:00,AAPL,AAPL_812,0.0185979359016983,-0.0001684421350564502
2023-03-30 04:00:00,AAPL,AAPL_812,0.0141660694944045,0.002809156071771199
2023-03-31 04:00:00,AAPL,AAPL_817,-0.017404458601673,0.01735361830466359
2023-04-03 04:00:00,AAPL,AAPL_817,-0.0323162735533512,0.019902567308393584
2023-04-04 04:00:00,AAPL,AAPL_817,-0.033387662961246,0.022532139138436012
2023-04-05 04:00:00,AAPL,AAPL_817,0.010991714167911,0.01629849222769715
2023-04-06 04:00:00,AAPL,AAPL_817,0.0033402346624893,0.008504924982888299
2023-04-10 04:00:00,AAPL,AAPL_822,0.0197494104323294,-0.004710132504363848
2023-04-11 04:00:00,AAPL,AAPL_822,0.0352611819734871,-0.0023449307243357765
2023-04-12 04:00:00,AAPL,AAPL_822,0.0470330948921278,-0.0018876948133679807
2023-04-13 04:00:00,AAPL,AAPL_822,0.0065836938509549,-0.012840028104411738
2023-04-14 04:00:00,AAPL,AAPL_822,-0.0011500661805269,-0.01342219238645
2023-04-17 04:00:00,AAPL,AAPL_827,0.0006052539254466,-0.002490283267228028
2023-04-18 04:00:00,AAPL,AAPL_827,-0.0162191201324169,-0.01189617296001845
2023-04-19 04:00:00,AAPL,AAPL_827,-0.02308662091063,-0.016486223945200506
2023-04-20 04:00:00,AAPL,AAPL_827,0.0105611150920188,-0.007725996520219564
2023-04-21 04:00:00,AAPL,AAPL_827,0.0282389303276608,-0.0020076269648658567
2023-04-24 04:00:00,AAPL,AAPL_832,0.0257666150103179,-0.0012351617040495591
2023-04-25 04:00:00,AAPL,AAPL_832,0.0291261457484981,0.008600847779019552
2023-04-26 04:00:00,AAPL,AAPL_832,0.0225329907497782,0.0019164692999514255
2023-04-27 04:00:00,AAPL,AAPL_832,-0.0155573322190125,-0.013225805791093195
2023-04-28 04:00:00,AAPL,AAPL_832,0.0229255941557613,-0.018431751699936355
2023-05-01 04:00:00,AAPL,AAPL_837,0.0230556267854331,0.004841800590313687
2023-05-02 04:00:00,AAPL,AAPL_837,0.0191646559570255,-0.0015429124274393047
2023-05-03 04:00:00,AAPL,AAPL_837,0.0364885083410311,-0.004065882578986147
2023-05-04 04:00:00,AAPL,AAPL_837,0.0480125884324587,-0.009143980529639417
2023-05-05 04:00:00,AAPL,AAPL_837,-0.005761364047949,-0.020322387976556944
2023-05-08 04:00:00,AAPL,AAPL_842,-0.0082420327134365,0.006941175968415858
2023-05-09 04:00:00,AAPL,AAPL_842,0.0017465392344169,0.013163261792430834
2023-05-10 04:00:00,AAPL,AAPL_842,-0.0050126476689641,0.00016892721704652206
2023-05-11 04:00:00,AAPL,AAPL_842,0.007482031952563,0.002082438910046331
2023-05-12 04:00:00,AAPL,AAPL_842,0.0150083805294429,0.003980290854624647
2023-05-15 04:00:00,AAPL,AAPL_847,0.0123786222662851,0.009829036184015094
2023-05-16 04:00:00,AAPL,AAPL_847,-0.0029639666642428,0.013565712042776734
2023-05-17 04:00:00,AAPL,AAPL_847,-0.004922150046318,0.009460342711497477
2023-05-18 04:00:00,AAPL,AAPL_847,-0.0117680521147129,-0.0012294388421194922
2023-05-19 04:00:00,AAPL,AAPL_847,0.0015413850652383,-0.0026105892007393773
2023-05-22 04:00:00,AAPL,AAPL_852,0.0177956725477825,0.00660877240357969
2023-05-23 04:00:00,AAPL,AAPL_852,0.0331662539192034,0.023903866449454313
2023-05-24 04:00:00,AAPL,AAPL_852,0.0480097775594567,0.014311540112292274
2023-05-25 04:00:00,AAPL,AAPL_852,0.0460141696185603,0.011887415065189373
2023-05-26 04:00:00,AAPL,AAPL_852,0.0236562123270633,0.006692372233995655
2023-05-30 04:00:00,AAPL,AAPL_857,0.0107727221050966,0.011496459477515916
2023-05-31 04:00:00,AAPL,AAPL_857,0.0032158382184415,0.014462946546468762
2023-06-01 04:00:00,AAPL,AAPL_857,0.0026653950585211,0.0038490112043444652
2023-06-02 04:00:00,AAPL,AAPL_857,5.531785462187244e-05,0.0033302291171820814
2023-06-05 04:00:00,AAPL,AAPL_857,0.0234435427784369,0.005735619996719455
2023-06-06 04:00:00,AAPL,AAPL_862,0.0228781356571941,0.007107048957553554
2023-06-07 04:00:00,AAPL,AAPL_862,0.0344730028767046,0.013013253795032365
2023-06-08 04:00:00,AAPL,AAPL_862,0.0301267484186871,-0.008473242209391397
2023-06-09 04:00:00,AAPL,AAPL_862,0.0218832410928213,-0.0024076922048748423
2023-06-12 04:00:00,AAPL,AAPL_862,0.0066380176574891,-0.011365361599314425
2023-06-13 04:00:00,AAPL,AAPL_867,0.0035459558340003,-0.0013000231791932616
2023-06-14 04:00:00,AAPL,AAPL_867,0.0165806094175473,-0.004442109277125385
2023-06-15 04:00:00,AAPL,AAPL_867,0.0036019471465584,-0.004285848932788695
2023-06-16 04:00:00,AAPL,AAPL_867,0.0018927433862281,-0.0007141681427205865
2023-06-20 04:00:00,AAPL,AAPL_867,0.0164856123577961,-0.0031833078270166555
2023-06-21 04:00:00,AAPL,AAPL_872,0.0287562138131518,0.015050942697516851
2023-06-22 04:00:00,AAPL,AAPL_872,0.0138502477962068,0.011964364892043526
2023-06-23 04:00:00,AAPL,AAPL_872,0.0390508293922149,0.0172523411658692
2023-06-26 04:00:00,AAPL,AAPL_872,0.038808238115181,0.014505819737753214
2023-06-27 04:00:00,AAPL,AAPL_872,0.0173880905823269,0.005113929958724317
2023-06-28 04:00:00,AAPL,AAPL_877,0.0135270676808121,0.020742577517526072
2023-06-29 04:00:00,AAPL,AAPL_877,0.005749229173189,0.017702393267995716
2023-06-30 04:00:00,AAPL,AAPL_877,-0.0276331421179546,-0.00010015960067584637
2023-07-03 04:00:00,AAPL,AAPL_877,-0.0227580002598893,-0.006569046601308384
2023-07-05 04:00:00,AAPL,AAPL_877,-0.0081534393125196,-0.011055423753062376
2023-07-06 04:00:00,AAPL,AAPL_882,-0.0066211578573891,-0.017475210684046533
2023-07-07 04:00:00,AAPL,AAPL_882,5.249510179083927e-05,-0.012541773653457855
2023-07-10 04:00:00,AAPL,AAPL_882,0.0285244942760327,-0.006980296055632923
2023-07-11 04:00:00,AAPL,AAPL_882,0.0300403755927198,-0.0036979321723659376
2023-07-12 04:00:00,AAPL,AAPL_882,0.0280866402015893,0.010463081783507295
2023-07-13 04:00:00,AAPL,AAPL_887,0.013593007704111,0.007980253875993971
2023-07-14 04:00:00,AAPL,AAPL_887,0.0065551417693441,0.011024069659438019
2023-07-17 04:00:00,AAPL,AAPL_887,-0.0063921102018206,0.0018084891024482924
2023-07-18 04:00:00,AAPL,AAPL_887,-0.0005678037102021,0.00653044543954582
2023-07-19 04:00:00,AAPL,AAPL_887,-0.0030753771642489,0.004816243021231244
2023-07-20 04:00:00,AAPL,AAPL_892,0.0004659883788913,0.010403275822391738
2023-07-21 04:00:00,AAPL,AAPL_892,0.0202667465883561,0.02758935255316962
2023-07-24 04:00:00,AAPL,AAPL_892,0.0191958337133186,0.010970281338975606
2023-07-25 04:00:00,AAPL,AAPL_892,0.0102778924870834,0.011103030268202052
2023-07-26 04:00:00,AAPL,AAPL_892,-0.0098714558814668,0.023711852017607095
2023-07-27 04:00:00,AAPL,AAPL_897,-0.0106096834634433,0.026042299245979183
2023-07-28 04:00:00,AAPL,AAPL_897,-0.0706735240181969,0.006264655551599057
2023-07-31 04:00:00,AAPL,AAPL_897,-0.0895901813089035,0.01604967190352373
2023-08-01 04:00:00,AAPL,AAPL_897,-0.0808240760148391,0.018406438588560548
2023-08-02 04:00:00,AAPL,AAPL_897,-0.0747221894943817,0.0352271793860151
2023-08-03 04:00:00,AAPL,AAPL_902,-0.0690484755697741,-0.052731751632397315
2023-08-04 04:00:00,AAPL,AAPL_902,-0.0230782574880962,0.01194171953280925
2023-08-07 04:00:00,AAPL,AAPL_902,0.0034106826364797,0.016975212108065588
2023-08-08 04:00:00,AAPL,AAPL_902,-0.0130701115885918,-0.0040664927428964515
2023-08-09 04:00:00,AAPL,AAPL_902,-0.0090913917447204,-0.007990871115504884
2023-08-10 04:00:00,AAPL,AAPL_907,-0.0223071371212717,-0.010330698244993724
2023-08-11 04:00:00,AAPL,AAPL_907,-0.0185611559569485,-0.009923630799261385
2023-08-14 04:00:00,AAPL,AAPL_907,-0.020171683052193,-0.013749308056069345
2023-08-15 04:00:00,AAPL,AAPL_907,-0.0012397927556306,-0.011745635432714696
2023-08-16 04:00:00,AAPL,AAPL_907,0.02576874669668,-0.013801232554385777
2023-08-17 04:00:00,AAPL,AAPL_912,0.013678188981681,0.005874657660719007
2023-08-18 04:00:00,AAPL,AAPL_912,0.0236116395637853,-0.004491741495660687
2023-08-21 04:00:00,AAPL,AAPL_912,0.024738433769964,-0.005588895377251981
2023-08-22 04:00:00,AAPL,AAPL_912,0.0388760342816947,-0.009692194297441068
2023-08-23 04:00:00,AAPL,AAPL_912,0.0360534394618987,-0.009792147235215942
2023-08-24 04:00:00,AAPL,AAPL_917,0.0651433831289947,-0.0058220803096063
2023-08-25 04:00:00,AAPL,AAPL_917,0.0607469126389264,0.008877731659366289
2023-08-28 04:00:00,AAPL,AAPL_917,0.0527775924190265,-0.011253327176431136
2023-08-29 04:00:00,AAPL,AAPL_917,-0.0065717547641039,-0.014476019292071207
2023-08-30 04:00:00,AAPL,AAPL_917,-0.0537702993129683,-0.027947901301936192
2023-08-31 04:00:00,AAPL,AAPL_922,-0.0515782333169377,-0.03170782127766629
2023-09-01 04:00:00,AAPL,AAPL_922,-0.0533094360055059,-0.0003470256237998029
2023-09-05 04:00:00,AAPL,AAPL_922,-0.0706378181974374,-0.0009687377456297349
2023-09-06 04:00:00,AAPL,AAPL_922,-0.0475643582858031,0.015781202184962925
2023-09-07 04:00:00,AAPL,AAPL_922,-0.0102500117732267,0.00808659067996059
2023-09-08 04:00:00,AAPL,AAPL_927,-0.0177909883222044,-0.009756232706433278
2023-09-11 04:00:00,AAPL,AAPL_927,-0.0077497735555215,-0.014804516596602806
2023-09-12 04:00:00,AAPL,AAPL_927,0.0157118787550316,-0.009758194984801268
2023-09-13 04:00:00,AAPL,AAPL_927,0.0073474469316749,-0.010152352096276985
2023-09-14 04:00:00,AAPL,AAPL_927,-0.0102993784044989,-0.015776828084156373
2023-09-15 04:00:00,AAPL,AAPL_932,-0.0012570780390175,0.0020088120146049752
2023-09-18 04:00:00,AAPL,AAPL_932,-0.0106197638741634,-0.013966626216408849
2023-09-19 04:00:00,AAPL,AAPL_932,-0.0397051450245289,-0.0054740213623877656
2023-09-20 04:00:00,AAPL,AAPL_932,-0.0288336239044674,-0.011045217496747499
2023-09-21 04:00:00,AAPL,AAPL_932,-0.0186281283896481,-0.00047776584467238667
2023-09-22 04:00:00,AAPL,AAPL_937,-0.0204816448868737,-0.015542621702417934
2023-09-25 04:00:00,AAPL,AAPL_937,-0.0132326317970525,0.001637735481111455
2023-09-26 04:00:00,AAPL,AAPL_937,0.0025586599525393,-0.007525747947425241
2023-09-27 04:00:00,AAPL,AAPL_937,0.0189521277071973,0.015209621828453755
2023-09-28 04:00:00,AAPL,AAPL_937,0.0247231891753691,0.01381115827598631
2023-09-29 04:00:00,AAPL,AAPL_942,0.0366800918931815,0.017641319302034556
2023-10-02 04:00:00,AAPL,AAPL_942,0.0301583049966276,0.014453825711909394
2023-10-03 04:00:00,AAPL,AAPL_942,0.0347448126753455,0.015998949526947973
2023-10-04 04:00:00,AAPL,AAPL_942,0.0353564393652499,0.02250722467528887
2023-10-05 04:00:00,AAPL,AAPL_942,0.0331599275645906,0.01943154348961768
2023-10-06 04:00:00,AAPL,AAPL_947,0.00766240671734,0.027821578709928175
2023-10-09 04:00:00,AAPL,AAPL_947,-0.0015084879835441,0.013546530599662914
2023-10-10 04:00:00,AAPL,AAPL_947,-0.006951093096063,0.0018790117024789933
2023-10-11 04:00:00,AAPL,AAPL_947,-0.0220245086020784,-0.0014664338346044381
2023-10-12 04:00:00,AAPL,AAPL_947,-0.0290520713017998,-0.008570043892892319
2023-10-13 04:00:00,AAPL,AAPL_952,-0.0333799329995425,-0.023644122512242894
2023-10-16 04:00:00,AAPL,AAPL_952,-0.0320053781425361,-0.02468559881727848
2023-10-17 04:00:00,AAPL,AAPL_952,-0.0209426564092687,-0.017558406534185774
2023-10-18 04:00:00,AAPL,AAPL_952,-0.0269562689552537,-0.007023236823244559
2023-10-19 04:00:00,AAPL,AAPL_952,-0.048843081022984,0.0010852768822267038
2023-10-20 04:00:00,AAPL,AAPL_957,-0.0269551337950746,-0.0016046470699236756
2023-10-23 04:00:00,AAPL,AAPL_957,-0.0156647786928739,-0.005170800807601833
2023-10-24 04:00:00,AAPL,AAPL_957,-0.0153943619197498,-0.007440262416478026
2023-10-25 04:00:00,AAPL,AAPL_957,0.0167737873454612,0.0026170580695585605
2023-10-26 04:00:00,AAPL,AAPL_957,0.063994295485825,0.0034858972162514603
2023-10-27 04:00:00,AAPL,AAPL_962,0.0501129034277034,0.015795690462233523
2023-10-30 04:00:00,AAPL,AAPL_962,0.0524986951311028,0.01274995152172462
2023-10-31 04:00:00,AAPL,AAPL_962,0.0647069319862971,0.012621082439223375
2023-11-01 04:00:00,AAPL,AAPL_962,0.0512731971394835,0.011689451834526722
2023-11-02 04:00:00,AAPL,AAPL_962,0.0272568347032469,0.012825227219905023
2023-11-03 04:00:00,AAPL,AAPL_967,0.0551938881227103,0.016034295061959195
2023-11-06 05:00:00,AAPL,AAPL_967,0.0310774282039605,-0.004415600136019242
2023-11-07 05:00:00,AAPL,AAPL_967,0.0309096628027629,-0.017245370342638754
2023-11-08 05:00:00,AAPL,AAPL_967,0.0279949430492334,-0.031695722952362386
2023-11-09 05:00:00,AAPL,AAPL_967,0.0400197516868656,-0.018720836814744866
2023-11-10 05:00:00,AAPL,AAPL_972,0.0176502610120734,-0.007723703489784034
2023-11-13 05:00:00,AAPL,AAPL_972,0.0359848148629189,0.00267010295476624
2023-11-14 05:00:00,AAPL,AAPL_972,0.0170721132445701,-0.007372453321309068
2023-11-15 05:00:00,AAPL,AAPL_972,0.0175522746033467,-0.009703339973410082
2023-11-16 05:00:00,AAPL,AAPL_972,0.0013704838840056,-0.01353060023979249
2023-11-17 05:00:00,AAPL,AAPL_977,0.0005271276474227,0.00554327144231359
2023-11-20 05:00:00,AAPL,AAPL_977,-0.005484476722356,-0.013391674827583551
2023-11-21 05:00:00,AAPL,AAPL_977,-0.0066617933095204,-0.016406918971423615
2023-11-22 05:00:00,AAPL,AAPL_977,-0.0071088841550738,-0.018879862996556123
2023-11-24 05:00:00,AAPL,AAPL_977,0.0066852885418762,-0.0028675598611402524
2023-11-27 05:00:00,AAPL,AAPL_982,-0.0018968366251471,-0.0032226061190128445
2023-11-28 05:00:00,AAPL,AAPL_982,0.0158613674856671,0.0011285165931940238
2023-11-29 05:00:00,AAPL,AAPL_982,0.0155780339182334,0.010321626663161507
2023-11-30 05:00:00,AAPL,AAPL_982,0.0227428659838084,0.012494185358184766
2023-12-01 05:00:00,AAPL,AAPL_982,0.0233737768892863,0.011159234827455384
2023-12-04 05:00:00,AAPL,AAPL_987,0.0197962315630677,0.023809782238723664
2023-12-05 05:00:00,AAPL,AAPL_987,0.0066694682924932,0.011804855557077262
2023-12-06 05:00:00,AAPL,AAPL_987,0.0293261188376534,0.013124827210108133
2023-12-07 05:00:00,AAPL,AAPL_987,0.0197662853422555,0.009869560312067717
2023-12-08 05:00:00,AAPL,AAPL_987,0.0095038605413311,0.011047363713400024
2023-12-11 05:00:00,AAPL,AAPL_992,0.0140284026121455,0.02081503267111731
2023-12-12 05:00:00,AAPL,AAPL_992,0.0114529076608584,0.018690338945702233
2023-12-13 05:00:00,AAPL,AAPL_992,-0.0158112991344592,0.009882465367060006
2023-12-14 05:00:00,AAPL,AAPL_992,-0.0173136536469785,-0.04215688882520615
2023-12-15 05:00:00,AAPL,AAPL_992,-0.0200941492814152,-0.06664114840913055
2023-12-18 05:00:00,AAPL,AAPL_997,-0.0144979138635941,-0.05045868450606433
2023-12-19 05:00:00,AAPL,AAPL_997,-0.0192444830808279,-0.05646176099482693
2023-12-20 05:00:00,AAPL,AAPL_997,-0.0064158496548387,-0.05348622822986332
2023-12-21 05:00:00,AAPL,AAPL_997,-0.0110437331897015,-0.056969243424580075
2023-12-22 05:00:00,AAPL,AAPL_997,-0.0411157358621726,-0.059067541442904395
2023-12-26 05:00:00,AMZN,AMZN_1002,-0.032201305804586,-0.009957435752139325
2023-12-27 05:00:00,AMZN,AMZN_1002,-0.0571930952335936,-0.007348468222676026
2023-12-28 05:00:00,AMZN,AMZN_1002,-0.0530707988689117,-0.008442011872881709
2023-12-29 05:00:00,AMZN,AMZN_1002,-0.0186915643823675,0.008450392290792525
2024-01-02 05:00:00,AMZN,AMZN_1002,0.0096044988444721,0.03129875256296062
2024-01-03 05:00:00,AMZN,AMZN_1007,0.0354279953094152,0.019769841479265426
2024-01-04 05:00:00,AMZN,AMZN_1007,0.073389948219122,-0.013232561625545005
2024-01-05 05:00:00,AMZN,AMZN_1007,0.0645826856875526,-0.0055767766778331805
2024-01-08 05:00:00,AMZN,AMZN_1007,0.0272300294593885,0.0007674224110823556
2024-01-09 05:00:00,AMZN,AMZN_1007,0.0022462284973745,0.013740122758109463
2024-01-10 05:00:00,AMZN,AMZN_1012,-0.0014961018274318,0.019263363732850675
2024-01-11 05:00:00,AMZN,AMZN_1012,0.0010310843514709,0.014843902685165628
2024-01-12 05:00:00,AMZN,AMZN_1012,0.0010348186985007,-8.085542539781053e-06
2024-01-16 05:00:00,AMZN,AMZN_1012,0.0186732863800467,0.0021741002635373586
2024-01-17 05:00:00,AMZN,AMZN_1012,0.0340121822883596,0.015985509959054484
2024-01-18 05:00:00,AMZN,AMZN_1017,0.0276872964169381,0.011843929297163332
2024-01-19 05:00:00,AMZN,AMZN_1017,0.0243337122982463,-0.0017093793311183476
2024-01-22 05:00:00,AMZN,AMZN_1017,0.0418658468706862,-0.0029709572125572047
2024-01-23 05:00:00,AMZN,AMZN_1017,0.0191000874627271,-0.005561803580893254
2024-01-24 05:00:00,AMZN,AMZN_1017,-0.0106457462926403,-0.010560920182582359
2024-01-25 05:00:00,AMZN,AMZN_1022,0.0096988829115491,-0.02602291493160007
2024-01-26 05:00:00,AMZN,AMZN_1022,0.0797511490121678,-0.019676808892682612
2024-01-29 05:00:00,AMZN,AMZN_1022,0.0561205714996733,-0.020948434036550348
2024-01-30 05:00:00,AMZN,AMZN_1022,0.0638364396005306,-0.016988862361152334
2024-01-31 05:00:00,AMZN,AMZN_1022,0.0987757869361756,-0.0077374120997281024
2024-02-01 05:00:00,AMZN,AMZN_1027,0.066298327721775,0.040353074781975626
2024-02-02 05:00:00,AMZN,AMZN_1027,0.0153658077362355,0.03283049016628157
2024-02-05 05:00:00,AMZN,AMZN_1027,0.0119194340226471,0.044644208617017546
2024-02-06 05:00:00,AMZN,AMZN_1027,-0.0030150430105723,0.04508547429869738
2024-02-07 05:00:00,AMZN,AMZN_1027,0.0026388140002544,0.043524254345005675
2024-02-08 05:00:00,AMZN,AMZN_1032,-0.000235476254093,0.00329924917709059
2024-02-09 05:00:00,AMZN,AMZN_1032,-0.028317583994409,0.006369472710523639
2024-02-12 05:00:00,AMZN,AMZN_1032,-0.0305210317895282,0.008478379406169755
2024-02-13 05:00:00,AMZN,AMZN_1032,-0.0002965076609273,0.01769549260296261
2024-02-14 05:00:00,AMZN,AMZN_1032,0.0210551303864361,0.020628358633109068
2024-02-15 05:00:00,AMZN,AMZN_1037,0.0305653848535223,0.01939139773266005
2024-02-16 05:00:00,AMZN,AMZN_1037,0.0307946515831702,0.026855909475982768
2024-02-20 05:00:00,AMZN,AMZN_1037,0.038664061433338,0.032289677662480414
2024-02-21 05:00:00,AMZN,AMZN_1037,0.0271072271397376,0.030013470972995303
2024-02-22 05:00:00,AMZN,AMZN_1037,0.0124870698414294,0.01665601462136805
2024-02-23 05:00:00,AMZN,AMZN_1042,0.0184581726164083,0.0013083471339205039
2024-02-26 05:00:00,AMZN,AMZN_1042,0.0163109149728344,0.01029648085274971
2024-02-27 05:00:00,AMZN,AMZN_1042,0.0033421796329009,0.01646938795929396
2024-02-28 05:00:00,AMZN,AMZN_1042,0.0020211991067493,0.015518051942834227
2024-02-29 05:00:00,AMZN,AMZN_1042,0.0003395158364325,0.008787746731198708
2024-03-01 05:00:00,AMZN,AMZN_1047,-0.0161036645580164,0.004810382274663317
2024-03-04 05:00:00,AMZN,AMZN_1047,-0.0316476802524995,0.007039451828169381
2024-03-05 05:00:00,AMZN,AMZN_1047,0.0072938450957695,0.01841804966244736
2024-03-06 05:00:00,AMZN,AMZN_1047,0.0175782557104378,0.01876468627738291
2024-03-07 05:00:00,AMZN,AMZN_1047,0.0109150129840362,0.010009774430861113
2024-03-08 05:00:00,AMZN,AMZN_1052,-0.0053037234228625,0.009164301321074694
2024-03-11 04:00:00,AMZN,AMZN_1052,0.0146545063694083,0.015449967691527827
2024-03-12 04:00:00,AMZN,AMZN_1052,0.0029077741525211,0.010985435930135132
2024-03-13 04:00:00,AMZN,AMZN_1052,0.0090054166282085,0.01617212965463671
2024-03-14 04:00:00,AMZN,AMZN_1052,-0.0033566775021852,0.012814499852782182
2024-03-15 04:00:00,AMZN,AMZN_1057,0.0255131119995304,0.014237948333991996
2024-03-18 04:00:00,AMZN,AMZN_1057,0.0299748459101012,0.01069590420078419
2024-03-19 04:00:00,AMZN,AMZN_1057,0.0136441684965937,0.01480519323606628
2024-03-20 04:00:00,AMZN,AMZN_1057,0.0094303002645428,0.01761236392781812
2024-03-21 04:00:00,AMZN,AMZN_1057,0.0125176034955347,0.029891747718779737
2024-03-22 04:00:00,AMZN,AMZN_1062,0.0117404045443161,0.018821528483280284
2024-03-25 04:00:00,AMZN,AMZN_1062,0.0054532062262921,0.017959945413247455
2024-03-26 04:00:00,AMZN,AMZN_1062,0.0230510406057504,0.024484267657510665
2024-03-27 04:00:00,AMZN,AMZN_1062,0.0009453270712025,0.021219876097614963
2024-03-28 04:00:00,AMZN,AMZN_1062,0.0260006780931911,0.020313107245991308
2024-04-01 04:00:00,AMZN,AMZN_1067,0.0233187887066244,0.012189334761015165
2024-04-02 04:00:00,AMZN,AMZN_1067,0.0275609920872847,0.01278999887510009
2024-04-03 04:00:00,AMZN,AMZN_1067,0.0194067935697772,-0.01890993513093983
2024-04-04 04:00:00,AMZN,AMZN_1067,0.0502777947319879,0.022001058785072403
2024-04-05 04:00:00,AMZN,AMZN_1067,0.0057275491254331,-0.0045650164112165355
2024-04-08 04:00:00,AMZN,AMZN_1072,-0.0084778190157187,0.004709450265469619
2024-04-09 04:00:00,AMZN,AMZN_1072,-0.0126568151446215,-0.005630860037583393
2024-04-10 04:00:00,AMZN,AMZN_1072,-0.02511426859687,-0.007584350445540783
2024-04-11 04:00:00,AMZN,AMZN_1072,-0.0519968350826391,-0.0028421016492684143
2024-04-12 04:00:00,AMZN,AMZN_1072,-0.0617847724618091,-0.001368305997577972
2024-04-15 04:00:00,AMZN,AMZN_1077,-0.0348001283061264,-0.001736500283602696
2024-04-16 04:00:00,AMZN,AMZN_1077,-0.0206197571844988,-0.00502742708811331
2024-04-17 04:00:00,AMZN,AMZN_1077,-0.0258715935182468,0.033039406880292235
2024-04-18 04:00:00,AMZN,AMZN_1077,-0.0309675427628369,0.034338859285105126
2024-04-19 04:00:00,AMZN,AMZN_1077,0.0285746440751897,0.046055974976779296
2024-04-22 04:00:00,AMZN,AMZN_1082,0.0210461607868139,0.022869678297480833
2024-04-23 04:00:00,AMZN,AMZN_1082,-0.0252868077080599,0.0247051786035226
2024-04-24 04:00:00,AMZN,AMZN_1082,0.0136474529253516,0.025147887988509213
2024-04-25 04:00:00,AMZN,AMZN_1082,0.0636264361620388,0.016388552452590213
2024-04-26 04:00:00,AMZN,AMZN_1082,0.0366886303074456,0.016956592546046874
2024-04-29 04:00:00,AMZN,AMZN_1087,0.0427718277365751,0.01610577379290061
2024-04-30 04:00:00,AMZN,AMZN_1087,0.0786285400390627,0.019571262301265917
2024-05-01 04:00:00,AMZN,AMZN_1087,0.0502793296089385,0.011767915691275967
2024-05-02 04:00:00,AMZN,AMZN_1087,0.0258769962522127,0.008728197514700591
2024-05-03 04:00:00,AMZN,AMZN_1087,0.0068201974538528,-0.005003618567707706
2024-05-06 04:00:00,AMZN,AMZN_1092,-0.0112877035425054,0.007613864219422736
2024-05-07 04:00:00,AMZN,AMZN_1092,-0.008953100401558,0.002541908147212325
2024-05-08 04:00:00,AMZN,AMZN_1092,-0.0106914601427442,-0.0005913172798437736
2024-05-09 04:00:00,AMZN,AMZN_1092,-0.0309762275313324,0.0028385330439552243
2024-05-10 04:00:00,AMZN,AMZN_1092,-0.0148282421732981,0.0010667558248907566
2024-05-13 04:00:00,AMZN,AMZN_1097,-0.0162406277490273,-0.018323746926800544
2024-05-14 04:00:00,AMZN,AMZN_1097,-0.0209547937897944,-0.0152563820373195
2024-05-15 04:00:00,AMZN,AMZN_1097,-0.0153771736431111,-0.021070637283443053
2024-05-16 04:00:00,AMZN,AMZN_1097,-0.014050001429239,-0.00194537234281818
2024-05-17 04:00:00,AMZN,AMZN_1097,-0.0213860152328485,0.0074403023963500615
2024-05-20 04:00:00,AMZN,AMZN_1102,-0.0075732779802462,-0.006849467164910725
2024-05-21 04:00:00,AMZN,AMZN_1102,-0.0061697497225261,-0.0026332306166056123
2024-05-22 04:00:00,AMZN,AMZN_1102,-0.0208048788129057,-0.0019625630894685507
2024-05-23 04:00:00,AMZN,AMZN_1102,-0.0254625823399388,0.0038072006679840753
2024-05-24 04:00:00,AMZN,AMZN_1102,-0.0133333535939661,0.003686566982135699
2024-05-28 04:00:00,AMZN,AMZN_1107,-0.0154268331196908,-0.012726486157145276
2024-05-29 04:00:00,AMZN,AMZN_1107,-0.0040655173925627,-0.006049846594808177
2024-05-30 04:00:00,AMZN,AMZN_1107,0.03167517535013,-0.0019446019128091946
2024-05-31 04:00:00,AMZN,AMZN_1107,0.0445477244479282,-0.0018662576748173273
2024-06-03 04:00:00,AMZN,AMZN_1107,0.0488953762462895,-0.0011365841938207504
2024-06-04 04:00:00,AMZN,AMZN_1112,0.0439946445341898,0.02037321916212099
2024-06-05 04:00:00,AMZN,AMZN_1112,0.0309466055170353,0.01769420524134207
2024-06-06 04:00:00,AMZN,AMZN_1112,-0.0063243144267314,0.011676725987959926
2024-06-07 04:00:00,AMZN,AMZN_1112,-0.0034725956541018,-0.007511529857583181
2024-06-10 04:00:00,AMZN,AMZN_1112,-0.0160376351927423,-0.005229658395755727
2024-06-11 04:00:00,AMZN,AMZN_1117,-0.0236073186444837,-0.009623649299941677
2024-06-12 04:00:00,AMZN,AMZN_1117,-0.004227049540975,-0.007935543393267134
2024-06-13 04:00:00,AMZN,AMZN_1117,0.0285589944389212,-0.0064096963143224495
2024-06-14 04:00:00,AMZN,AMZN_1117,0.0103996712622491,-0.012133733421777293
2024-06-17 04:00:00,AMZN,AMZN_1117,0.0123872585544893,-0.0087224111140925
2024-06-18 04:00:00,AMZN,AMZN_1122,0.0590777484600988,-0.0038409018570403864
2024-06-20 04:00:00,AMZN,AMZN_1122,0.0631380957261453,0.0010956862947576144
2024-06-21 04:00:00,AMZN,AMZN_1122,0.0220541470730006,-0.006253965542253454
2024-06-24 04:00:00,AMZN,AMZN_1122,0.0626717096783,-0.0004419209314109292
2024-06-25 04:00:00,AMZN,AMZN_1122,0.0733068795243487,-0.007650972808904675
2024-06-26 04:00:00,AMZN,AMZN_1127,0.0205567672898725,-0.0054965715811258675
2024-06-27 04:00:00,AMZN,AMZN_1127,0.0108667871122507,-0.020824960577960447
2024-06-28 04:00:00,AMZN,AMZN_1127,0.0312548164871038,-0.007781452296703575
2024-07-01 04:00:00,AMZN,AMZN_1127,0.0108519240505371,-0.019188369515604875
2024-07-02 04:00:00,AMZN,AMZN_1127,-0.0010500335693359,-0.023181634247790735
2024-07-03 04:00:00,AMZN,AMZN_1132,-0.0128548678233147,0.0014987614585292275
2024-07-05 04:00:00,AMZN,AMZN_1132,-0.0275499725341795,-0.009108810085427665
2024-07-08 04:00:00,AMZN,AMZN_1132,-0.0329669942634638,-0.012392685847283185
2024-07-09 04:00:00,AMZN,AMZN_1132,-0.0317045860416143,-0.015408875229417317
2024-07-10 04:00:00,AMZN,AMZN_1132,-0.0593623354967836,-0.016465612168029543
2024-07-11 04:00:00,AMZN,AMZN_1137,-0.0579338778516157,-0.010135202055261394
2024-07-12 04:00:00,AMZN,AMZN_1137,-0.0584091741966189,-0.0016887294454583132
2024-07-15 04:00:00,AMZN,AMZN_1137,-0.05277084944234,-0.008129176766937122
2024-07-16 04:00:00,AMZN,AMZN_1137,-0.0342451583464951,-2.1181192475989637e-05
2024-07-17 04:00:00,AMZN,AMZN_1137,-0.0377799772332005,0.003343056432100958
2024-07-18 04:00:00,AMZN,AMZN_1142,-0.0212244565795067,-0.017093973036733587
2024-07-19 04:00:00,AMZN,AMZN_1142,-0.0034402056791056,-0.012872029122261975
2024-07-22 04:00:00,AMZN,AMZN_1142,0.0035606348157666,-0.009575064357847803
2024-07-23 04:00:00,AMZN,AMZN_1142,-0.0252132227665283,-0.004143294831752015
2024-07-24 04:00:00,AMZN,AMZN_1142,0.0340098094022591,0.007845044317065836
2024-07-25 04:00:00,AMZN,AMZN_1147,0.0234640037669735,0.012675979567283245
2024-07-26 04:00:00,AMZN,AMZN_1147,-0.0800000334439212,0.005993942979358896
2024-07-29 04:00:00,AMZN,AMZN_1147,-0.1210698310330625,0.008467674576443415
2024-07-30 04:00:00,AMZN,AMZN_1147,-0.1088548418207527,0.018150828908364128
2024-07-31 04:00:00,AMZN,AMZN_1147,-0.1294790459315021,0.010291965983503331
2024-08-01 04:00:00,AMZN,AMZN_1152,-0.0992557371950356,-0.028497466320679753
2024-08-02 04:00:00,AMZN,AMZN_1152,-0.0057176384155795,0.0014024264434192224
2024-08-05 04:00:00,AMZN,AMZN_1152,0.0358961534339334,0.008353293434778164
2024-08-06 04:00:00,AMZN,AMZN_1152,0.0512567370294161,0.018155419288509646
2024-08-07 04:00:00,AMZN,AMZN_1152,0.0450328785319988,0.019834383772280365
2024-08-08 04:00:00,AMZN,AMZN_1157,0.0711097290055677,0.03698041205257816
2024-08-09 04:00:00,AMZN,AMZN_1157,0.0606205521096687,0.04087511792632967
2024-08-12 04:00:00,AMZN,AMZN_1157,0.0684652155875662,0.03803652913908651
2024-08-13 04:00:00,AMZN,AMZN_1157,0.0508136601795972,0.03733067676461662
2024-08-14 04:00:00,AMZN,AMZN_1157,0.058847702220212,0.03769804851820647
2024-08-15 04:00:00,AMZN,AMZN_1162,-0.0082211356787252,0.03086131479796422
2024-08-16 04:00:00,AMZN,AMZN_1162,-0.0001129801916681,0.016149235914649444
2024-08-19 04:00:00,AMZN,AMZN_1162,-0.0152620424311115,0.018814861356864995
2024-08-20 04:00:00,AMZN,AMZN_1162,-0.0322004114959549,0.01635647019389762
2024-08-21 04:00:00,AMZN,AMZN_1162,-0.0516906197714969,0.014171834026378585
2024-08-22 04:00:00,AMZN,AMZN_1167,-0.0227673289868642,-0.019580281571844268
2024-08-23 04:00:00,AMZN,AMZN_1167,0.0082467621398263,-0.024322157595423062
2024-08-26 04:00:00,AMZN,AMZN_1167,0.0042735042735042,-0.017217452177338336
2024-08-27 04:00:00,AMZN,AMZN_1167,0.0012130702390849,-0.0021759529456974297
2024-08-28 04:00:00,AMZN,AMZN_1167,0.0415105164590783,0.0038055020843282173
2024-08-29 04:00:00,AMZN,AMZN_1172,-0.0042412023486407,0.020843253560271995
2024-08-30 04:00:00,AMZN,AMZN_1172,-0.0173669809720763,-0.009670213564361358
2024-09-03 04:00:00,AMZN,AMZN_1172,0.0187234215702571,0.0028518954590984165
2024-09-04 04:00:00,AMZN,AMZN_1172,0.0645589472289578,0.0006132916434024365
2024-09-05 04:00:00,AMZN,AMZN_1172,0.0512114263961354,0.004242193362578628
2024-09-06 04:00:00,AMZN,AMZN_1177,0.0881031924691613,0.023196452819095083
2024-09-09 04:00:00,AMZN,AMZN_1177,0.0541049362793295,0.015295182500132724
2024-09-10 04:00:00,AMZN,AMZN_1177,0.0408242924336887,0.003123065168942123
2024-09-11 04:00:00,AMZN,AMZN_1177,0.0103511183562519,0.006898274079011339
2024-09-12 04:00:00,AMZN,AMZN_1177,0.0153475674715908,-0.0018959715941139362
2024-09-13 04:00:00,AMZN,AMZN_1182,0.0274009354916278,0.002135557074688254
2024-09-16 04:00:00,AMZN,AMZN_1182,0.0486235357393125,0.007453791983492984
2024-09-17 04:00:00,AMZN,AMZN_1182,0.0378852827807574,0.004293088858000792
2024-09-18 04:00:00,AMZN,AMZN_1182,0.0327200898093906,-0.0007206886612453483
2024-09-19 04:00:00,AMZN,AMZN_1182,0.0067941674729892,-0.00640161236943275
2024-09-20 04:00:00,AMZN,AMZN_1187,-0.018945745131403,-0.01114123441326145
2024-09-23 04:00:00,AMZN,AMZN_1187,-0.0389416281288071,-0.011769541612479171
2024-09-24 04:00:00,AMZN,AMZN_1187,-0.0455248583491794,-0.011071025039261393
2024-09-25 04:00:00,AMZN,AMZN_1187,-0.040357369353998,-0.007178009206927247
2024-09-26 04:00:00,AMZN,AMZN_1187,-0.0481272063820623,-0.00956418635218975
2024-09-27 04:00:00,AMZN,AMZN_1192,-0.0077672325604386,-0.040195982436548976
2024-09-30 04:00:00,AMZN,AMZN_1192,-0.0296785205010137,-0.037551554693016354
2024-10-01 04:00:00,AMZN,AMZN_1192,-0.0130178987659774,-0.03334914014515915
2024-10-02 04:00:00,AMZN,AMZN_1192,0.0022191149290933,-0.029107623413389065
2024-10-03 04:00:00,AMZN,AMZN_1192,0.0257748241897586,-0.02249974933444782
2024-10-04 04:00:00,AMZN,AMZN_1197,0.0123854639720022,-0.004028451825472168
2024-10-07 04:00:00,AMZN,AMZN_1197,0.0372787064192998,0.010396822823551873
2024-10-08 04:00:00,AMZN,AMZN_1197,0.0272000940646885,-0.00410891839420184
2024-10-09 04:00:00,AMZN,AMZN_1197,0.009288768362647,-0.003408196018132057
2024-10-10 04:00:00,AMZN,AMZN_1197,0.0047147329846715,-0.003591737075955037
2024-10-11 04:00:00,AMZN,AMZN_1202,0.0009003186227687,0.009848024830220738
2024-10-14 04:00:00,AMZN,AMZN_1202,0.0081583347171798,0.016744901160295516
2024-10-15 04:00:00,AMZN,AMZN_1202,0.0107091186567778,0.013518950315477252
2024-10-16 04:00:00,AMZN,AMZN_1202,-0.0116645763973499,0.014173743392057543
2024-10-17 04:00:00,AMZN,AMZN_1202,-0.0061323196500299,0.01407896342703708
2024-10-18 04:00:00,AMZN,AMZN_1207,-0.0061379100925597,0.0005564898327569574
2024-10-21 04:00:00,AMZN,AMZN_1207,-0.0035965933687421,0.0007592141712974461
2024-10-22 04:00:00,AMZN,AMZN_1207,0.0059567996889362,0.001518804326945397
2024-10-23 04:00:00,AMZN,AMZN_1207,0.0434193531598725,0.01606813668106666
2024-10-24 04:00:00,AMZN,AMZN_1207,0.0001072487023727,-0.00023763649006865422
2024-10-25 04:00:00,AMZN,AMZN_1212,0.053771978631034,-0.006744188606723784
2024-10-28 04:00:00,AMZN,AMZN_1212,0.0392271320855182,-0.007735778386182203
2024-10-29 04:00:00,AMZN,AMZN_1212,0.0454330979707322,-0.006421552195696426
2024-10-30 04:00:00,AMZN,AMZN_1212,0.0745083844169862,-0.003716049328488535
2024-10-31 04:00:00,AMZN,AMZN_1212,0.1268777356742148,0.021828332944888233
2024-11-01 04:00:00,AMZN,AMZN_1217,0.0517859868604653,-0.0010217996380378499
2024-11-04 05:00:00,AMZN,AMZN_1217,0.0564919686768501,-0.006991887193866987
2024-11-05 05:00:00,AMZN,AMZN_1217,0.0471679381559364,-0.0055605342647953825
2024-11-06 05:00:00,AMZN,AMZN_1217,0.0338500646558868,-0.015397342169078492
2024-11-07 05:00:00,AMZN,AMZN_1217,0.0068078679124268,-0.032522981513074575
2024-11-08 05:00:00,AMZN,AMZN_1222,-0.0267556550167832,-0.02157088833770314
2024-11-11 05:00:00,AMZN,AMZN_1222,-0.0248501231901582,-0.03469408193283148
2024-11-12 05:00:00,AMZN,AMZN_1222,-0.0205830404307135,-0.03328685229485223
2024-11-13 05:00:00,AMZN,AMZN_1222,-0.0524054222365519,-0.024963612877257152
2024-11-14 05:00:00,AMZN,AMZN_1222,-0.0619443498646744,-0.03146258980720408
2024-11-15 05:00:00,AMZN,AMZN_1227,-0.0270964191136949,-0.026033711224159383
2024-11-18 05:00:00,AMZN,AMZN_1227,-0.0012394645700671,-0.04261903769544789
2024-11-19 05:00:00,AMZN,AMZN_1227,0.0158838765959887,-0.03886805628424595
2024-11-20 05:00:00,AMZN,AMZN_1227,0.014097005823731,-0.041038512527403544
2024-11-21 05:00:00,AMZN,AMZN_1227,0.0479382713618425,-0.03738585870320503
2024-11-22 05:00:00,AMZN,AMZN_1232,0.068942836512351,0.009885480112741258
2024-11-25 05:00:00,AMZN,AMZN_1232,0.0595185191104501,0.010581964669170838
2024-11-26 05:00:00,AMZN,AMZN_1232,0.049552598005933,0.009815971598089376
2024-11-27 05:00:00,AMZN,AMZN_1232,0.071984043759957,0.011443207613065574
2024-11-29 05:00:00,AMZN,AMZN_1232,0.0920679178692684,0.0032548049358554526
2024-12-02 05:00:00,AMZN,AMZN_1237,0.0729912635089451,-0.0007597537177547051
2024-12-03 05:00:00,AMZN,AMZN_1237,0.0543477825714091,-0.01290090233782107
2024-12-04 05:00:00,AMZN,AMZN_1237,0.0554638368244042,-0.01969475245257228
2024-12-05 05:00:00,AMZN,AMZN_1237,0.0381772752320903,-0.026411670771284007
2024-12-06 05:00:00,AMZN,AMZN_1237,0.0018940577759873,-0.030558183676253146
2024-12-09 05:00:00,AMZN,AMZN_1242,0.0302534231884734,0.004958786647933603
2024-12-10 05:00:00,AMZN,AMZN_1242,0.0271507322815409,0.0052717418493723
2024-12-11 05:00:00,AMZN,AMZN_1242,-0.0422999672836608,0.00799711526493469
2024-12-12 05:00:00,AMZN,AMZN_1242,-0.0248067777625392,0.005322522769150878
2024-12-13 05:00:00,AMZN,AMZN_1242,-0.0111668357950814,0.010648462059358252
2024-12-16 05:00:00,AMZN,AMZN_1247,-0.0337869547273884,-0.011219840572760908
2024-12-17 05:00:00,AMZN,AMZN_1247,-0.0090849703663286,-0.008828338253915687
2024-12-18 05:00:00,AMZN,AMZN_1247,0.0296118204824122,0.011446313945923043
2024-12-19 05:00:00,AMZN,AMZN_1247,0.0020601313435382,0.017482080822606706
2024-12-20 05:00:00,AMZN,AMZN_1247,-0.0160945898393098,0.010690256350728781
2020-12-31 05:00:00,AMZN,AMZN_252,-0.0227914149404233,-0.030770648646889106
2021-01-04 05:00:00,AMZN,AMZN_252,-0.0227262171075534,0.001958482191169508
2021-01-05 05:00:00,AMZN,AMZN_252,-0.0303494628600773,-0.018191968539823664
2021-01-06 05:00:00,AMZN,AMZN_252,0.0087655938771533,0.012066313369931952
2021-01-07 05:00:00,AMZN,AMZN_252,-0.0109703307331974,0.008963422537528245
2021-01-08 05:00:00,AMZN,AMZN_257,-0.0246488877101325,-0.006316606509013831
2021-01-11 05:00:00,AMZN,AMZN_257,0.0021032582913482,0.012185699516684656
2021-01-12 05:00:00,AMZN,AMZN_257,0.0456769658262743,0.023259463272751867
2021-01-13 05:00:00,AMZN,AMZN_257,0.0445688774654453,0.011066733021060291
2021-01-14 05:00:00,AMZN,AMZN_257,0.0526815035068959,0.024510895738776406
2021-01-15 05:00:00,AMZN,AMZN_262,0.0611258978809097,0.036831121104713
2021-01-19 05:00:00,AMZN,AMZN_262,0.0658077473478173,0.02377819089812951
2021-01-20 05:00:00,AMZN,AMZN_262,-0.0094381192813092,0.0018535744795107761
2021-01-21 05:00:00,AMZN,AMZN_262,-0.0209768145993874,-0.011586605206107959
2021-01-22 05:00:00,AMZN,AMZN_262,-0.0261312151237965,-0.020272395855418127
2021-01-25 05:00:00,AMZN,AMZN_267,0.0148391031537702,-0.03312426350305712
2021-01-26 05:00:00,AMZN,AMZN_267,0.0161959794158452,-0.03604833306870461
2021-01-27 05:00:00,AMZN,AMZN_267,0.0247325517879695,-0.01497768567089982
2021-01-28 05:00:00,AMZN,AMZN_267,0.0288422139887774,-0.02045169124121232
2021-01-29 05:00:00,AMZN,AMZN_267,0.0455211822187464,-0.010930733845861199
2021-02-01 05:00:00,AMZN,AMZN_272,-0.0059648807932189,-0.0415665954025278
2021-02-02 05:00:00,AMZN,AMZN_272,-0.0221893491124259,-0.035926615134115124
2021-02-03 05:00:00,AMZN,AMZN_272,-0.0078338952202119,-0.039825111401441404
2021-02-04 05:00:00,AMZN,AMZN_272,-0.0206754526628946,-0.03716017593371697
2021-02-05 05:00:00,AMZN,AMZN_272,-0.0222066444683673,-0.038996803916466434
2021-02-08 05:00:00,AMZN,AMZN_277,-0.0162477120587476,-0.03178224433895252
2021-02-09 05:00:00,AMZN,AMZN_277,0.0011014029406202,-0.03281426890870203
2021-02-10 05:00:00,AMZN,AMZN_277,0.0126727743671575,-0.03163719529344929
2021-02-11 05:00:00,AMZN,AMZN_277,-0.0037491528950128,-0.031819875901754745
2021-02-12 05:00:00,AMZN,AMZN_277,-0.0295846523406949,-0.02849295228007049
2021-02-16 05:00:00,AMZN,AMZN_282,-0.0227748269531572,-0.015520141685132782
2021-02-17 05:00:00,AMZN,AMZN_282,-0.0450668858686308,-0.023560317617281404
2021-02-18 05:00:00,AMZN,AMZN_282,-0.0814456776964928,-0.02200952722675402
2021-02-19 05:00:00,AMZN,AMZN_282,-0.0482999213467362,-0.019462286125533544
2021-02-22 05:00:00,AMZN,AMZN_282,-0.0108779447528166,-0.03189241974358049
2021-02-23 05:00:00,AMZN,AMZN_287,-0.0312944401168618,-0.02227526048182565
2021-02-24 05:00:00,AMZN,AMZN_287,-0.0489091820188409,-0.007995140667392082
2021-02-25 05:00:00,AMZN,AMZN_287,-0.0260340145873774,0.0014471206391796273
2021-02-26 05:00:00,AMZN,AMZN_287,-0.029897247267934,0.024329784888493414
2021-03-01 05:00:00,AMZN,AMZN_287,-0.0617232720215356,0.011354988576566655
2021-03-02 05:00:00,AMZN,AMZN_292,-0.0102374164657821,-0.017653525034862606
2021-03-03 05:00:00,AMZN,AMZN_292,0.0175174960677517,0.03238627523152869
2021-03-04 05:00:00,AMZN,AMZN_292,0.0456816155047592,0.04123122929612747
2021-03-05 05:00:00,AMZN,AMZN_292,0.029672168379949,0.05042702027683862
2021-03-08 05:00:00,AMZN,AMZN_292,0.0439471929452752,0.05161902564271777
2021-03-09 05:00:00,AMZN,AMZN_297,0.0094715736711774,0.02223704228752482
2021-03-10 05:00:00,AMZN,AMZN_297,0.0255392730511938,0.04240748522952677
2021-03-11 05:00:00,AMZN,AMZN_297,-0.0274923715613217,0.014466360505368902
2021-03-12 05:00:00,AMZN,AMZN_297,-0.0047030510070438,0.028920759538213714
2021-03-15 04:00:00,AMZN,AMZN_297,0.009472126744483,0.03300673712491191
2021-03-16 04:00:00,AMZN,AMZN_302,0.0147613258454626,0.008909836671407404
2021-03-17 04:00:00,AMZN,AMZN_302,-0.0155179092101729,0.005070175068817633
2021-03-18 04:00:00,AMZN,AMZN_302,0.006033691596895,0.048750064087352586
2021-03-19 04:00:00,AMZN,AMZN_302,-0.0074570051356541,0.003427231426297274
2021-03-22 04:00:00,AMZN,AMZN_302,-0.0112958995552056,0.012161828095592006
2021-03-23 04:00:00,AMZN,AMZN_307,-0.0262024168949203,0.00012997670318611894
2021-03-24 04:00:00,AMZN,AMZN_307,0.002270725211505,0.008302591312090624
2021-03-25 04:00:00,AMZN,AMZN_307,0.0376658550378505,0.026361717230122914
2021-03-26 04:00:00,AMZN,AMZN_307,0.0572405941390028,0.026825382064847688
2021-03-29 04:00:00,AMZN,AMZN_307,0.0481478887046471,0.010708998708399824
2021-03-30 04:00:00,AMZN,AMZN_312,0.0733482067854665,0.0412913845459118
2021-03-31 04:00:00,AMZN,AMZN_312,0.0663266750379067,0.024197559530055403
2021-04-01 04:00:00,AMZN,AMZN_312,0.0668142825352278,0.011144201130703078
2021-04-05 04:00:00,AMZN,AMZN_312,0.0473110269981629,0.00416937967098239
2021-04-06 04:00:00,AMZN,AMZN_312,0.0546494906715975,0.01495713110101976
2021-04-07 04:00:00,AMZN,AMZN_317,0.0163475295938313,0.03863187540821042
2021-04-08 04:00:00,AMZN,AMZN_317,0.0241839301772448,0.03623186679154913
2021-04-09 04:00:00,AMZN,AMZN_317,0.0080778097787108,0.02324467674706603
2021-04-12 04:00:00,AMZN,AMZN_317,-0.0021838456109741,-0.015677424168468082
2021-04-13 04:00:00,AMZN,AMZN_317,-0.0192088407628676,-0.02541407540395806
2021-04-14 04:00:00,AMZN,AMZN_322,0.0087068951782958,-0.006682877818881769
2021-04-15 04:00:00,AMZN,AMZN_322,-0.0207304480012918,-0.019142255611739947
2021-04-16 04:00:00,AMZN,AMZN_322,-0.017226330056193,-0.030556943852119503
2021-04-19 04:00:00,AMZN,AMZN_322,0.0109697339276821,-0.029373537785089852
2021-04-20 04:00:00,AMZN,AMZN_322,0.0248119539728337,-0.029976820593986417
2021-04-21 04:00:00,AMZN,AMZN_327,0.0286970641846575,-0.03614104649258442
2021-04-22 04:00:00,AMZN,AMZN_327,0.0490384542668851,-0.02792405295358524
2021-04-23 04:00:00,AMZN,AMZN_327,0.0378762218887487,-0.042263674786538516
2021-04-26 04:00:00,AMZN,AMZN_327,-0.0066031303032573,-0.046215351052971414
2021-04-27 04:00:00,AMZN,AMZN_327,-0.0308887070149894,-0.043648925973356026
2021-04-28 04:00:00,AMZN,AMZN_332,-0.0543473187107208,-0.009075662105723959
2021-04-29 04:00:00,AMZN,AMZN_332,-0.0475152550082467,-0.014067907005087643
2021-04-30 04:00:00,AMZN,AMZN_332,-0.0507033858878536,-0.01177684803830473
2021-05-03 04:00:00,AMZN,AMZN_332,-0.0578769650846862,0.005787709097629466
2021-05-04 04:00:00,AMZN,AMZN_332,-0.0265590744702338,-0.029721153261685864
2021-05-05 04:00:00,AMZN,AMZN_337,-0.0362630815519965,-0.023385006080201092
2021-05-06 04:00:00,AMZN,AMZN_337,-0.0438244676889065,-0.03152200903075493
2021-05-07 04:00:00,AMZN,AMZN_337,-0.0208742893995038,-0.036011307549094575
2021-05-10 04:00:00,AMZN,AMZN_337,0.0250431436961995,-0.02873494172726281
2021-05-11 04:00:00,AMZN,AMZN_337,0.0025962438096998,-0.03392248716032187
2021-05-12 04:00:00,AMZN,AMZN_342,0.0253367526839181,-0.028678626243796038
2021-05-13 04:00:00,AMZN,AMZN_342,0.0272689670018018,-0.031009774382995105
2021-05-14 04:00:00,AMZN,AMZN_342,-0.006149724088111,-0.03737784489740706
2021-05-17 04:00:00,AMZN,AMZN_342,-0.0077666838925782,-0.03263027994381555
2021-05-18 04:00:00,AMZN,AMZN_342,0.008282085646698,-0.030815951529843368
2021-05-19 04:00:00,AMZN,AMZN_347,0.0103224166432325,-0.014513985845566268
2021-05-20 04:00:00,AMZN,AMZN_347,-0.0054100743112336,-0.023363359658363638
2021-05-21 04:00:00,AMZN,AMZN_347,0.0062408457892846,-0.015520014811245
2021-05-24 04:00:00,AMZN,AMZN_347,-0.0081171367030925,-0.02264451962304827
2021-05-25 04:00:00,AMZN,AMZN_347,-0.0076893940635371,-0.022140986111244564
2021-05-26 04:00:00,AMZN,AMZN_352,-0.023934516690662,0.0018035292419749836
2021-05-27 04:00:00,AMZN,AMZN_352,-0.0073959622176889,0.001084329908872202
2021-05-28 04:00:00,AMZN,AMZN_352,-0.0077752326500498,-0.0065701742085257815
2021-06-01 04:00:00,AMZN,AMZN_352,0.0141239980915668,-0.006532407359892359
2021-06-02 04:00:00,AMZN,AMZN_352,0.0145826165517519,-0.012765454532161742
2021-06-03 04:00:00,AMZN,AMZN_357,0.0510321842149059,0.003873301659879268
2021-06-04 04:00:00,AMZN,AMZN_357,0.0438553943017332,7.687658385666714e-05
2021-06-07 04:00:00,AMZN,AMZN_357,0.0581173881042316,0.004536932062834532
2021-06-08 04:00:00,AMZN,AMZN_357,0.0364631619258186,-0.00239640883468268
2021-06-09 04:00:00,AMZN,AMZN_357,0.0408698293623541,-0.003697350632172045
2021-06-10 04:00:00,AMZN,AMZN_362,0.041673055528755,-0.00562873161447951
2021-06-11 04:00:00,AMZN,AMZN_362,0.0418515070767993,-0.004780134116424271
2021-06-14 04:00:00,AMZN,AMZN_362,0.0207129789917539,-0.013090111295375685
2021-06-15 04:00:00,AMZN,AMZN_362,0.0361529663065676,-0.014760880942344796
2021-06-16 04:00:00,AMZN,AMZN_362,0.0259336645551357,-0.01296263177782092
2021-06-17 04:00:00,AMZN,AMZN_367,-0.0115097316299708,-0.0017452656657880041
2021-06-18 04:00:00,AMZN,AMZN_367,-0.0245031583579514,-0.012131485373297519
2021-06-21 04:00:00,AMZN,AMZN_367,-0.002915460910894,-0.009936546807151465
2021-06-22 04:00:00,AMZN,AMZN_367,-0.0163460532274664,-0.011257294624193536
2021-06-23 04:00:00,AMZN,AMZN_367,-0.0181687344753219,-0.011803350045287845
2021-06-24 04:00:00,AMZN,AMZN_372,-0.00467078896597,-0.0073472946022062405
2021-06-25 04:00:00,AMZN,AMZN_372,0.0321979267002479,-0.009035410326830114
2021-06-28 04:00:00,AMZN,AMZN_372,0.0673221184447696,-0.015873068760618246
2021-06-29 04:00:00,AMZN,AMZN_372,0.0720504227637024,-0.014290488797281748
2021-06-30 04:00:00,AMZN,AMZN_372,0.0846617620811169,-0.016087883605149265
2021-07-01 04:00:00,AMZN,AMZN_377,0.0834175470586415,0.06798883302623601
2021-07-02 04:00:00,AMZN,AMZN_377,0.059120301224387,0.04129519635107874
2021-07-06 04:00:00,AMZN,AMZN_377,0.0004406930371247,0.004039613335440252
2021-07-07 04:00:00,AMZN,AMZN_377,-0.0040307264463093,-0.00029632502300751484
2021-07-08 04:00:00,AMZN,AMZN_377,-0.0268557899823052,-0.007222207879539195
2021-07-09 04:00:00,AMZN,AMZN_382,-0.0391762631535028,-0.02460609973221326
2021-07-12 04:00:00,AMZN,AMZN_382,-0.0454370536756629,-0.03883850777930264
2021-07-13 04:00:00,AMZN,AMZN_382,-0.0283273663766715,-0.031853307406124805
2021-07-14 04:00:00,AMZN,AMZN_382,-0.0262054558600954,-0.02092127938302824
2021-07-15 04:00:00,AMZN,AMZN_382,0.0018809592564446,-0.014767827465667955
2021-07-16 04:00:00,AMZN,AMZN_387,0.0232284671886275,-0.018626617482777042
2021-07-19 04:00:00,AMZN,AMZN_387,0.0423231390274017,-0.02075897123909972
2021-07-20 04:00:00,AMZN,AMZN_387,0.0148886774019401,-0.02350898127712077
2021-07-21 04:00:00,AMZN,AMZN_387,0.0125851390830238,-0.02887442645530696
2021-07-22 04:00:00,AMZN,AMZN_387,-0.0104754621156091,-0.024815944444590576
2021-07-23 04:00:00,AMZN,AMZN_392,-0.0899869788863,-0.008692884048409089
2021-07-26 04:00:00,AMZN,AMZN_392,-0.0995561538391744,-0.014724284261080063
2021-07-27 04:00:00,AMZN,AMZN_392,-0.0717380483221555,-0.0025860324142997974
2021-07-28 04:00:00,AMZN,AMZN_392,-0.0759162473111383,-0.0015511419536211911
2021-07-29 04:00:00,AMZN,AMZN_392,-0.0622041742531377,0.004292631468370482
2021-07-30 04:00:00,AMZN,AMZN_397,0.0052139396306642,0.02189903248949422
2021-08-02 04:00:00,AMZN,AMZN_397,0.0031187383170978,-0.004722655654144732
2021-08-03 04:00:00,AMZN,AMZN_397,-0.0135343880759657,-0.0027186419160450635
2021-08-04 04:00:00,AMZN,AMZN_397,-0.0186632166339512,-0.003467147816653586
2021-08-05 04:00:00,AMZN,AMZN_397,-0.0214721990909061,-0.010126078731790637
2021-08-06 04:00:00,AMZN,AMZN_402,-0.0152378967801232,-0.011039670441761693
2021-08-09 04:00:00,AMZN,AMZN_402,-0.012831213518114,-0.007930544098751996
2021-08-10 04:00:00,AMZN,AMZN_402,-0.0237059244546835,0.010368115382972738
2021-08-11 04:00:00,AMZN,AMZN_402,-0.0276084009898044,0.010850036596061423
2021-08-12 04:00:00,AMZN,AMZN_402,-0.0350386317335323,0.00896616983301176
2021-08-13 04:00:00,AMZN,AMZN_407,-0.0285430892389723,-0.019911670530119288
2021-08-16 04:00:00,AMZN,AMZN_407,-0.0100393797299385,-0.020758720085065022
2021-08-17 04:00:00,AMZN,AMZN_407,0.0196855860091844,-0.018055721568092868
2021-08-18 04:00:00,AMZN,AMZN_407,0.0306008012768264,-0.021164393754981768
2021-08-19 04:00:00,AMZN,AMZN_407,0.0402321777196736,-0.023021640013658678
2021-08-20 04:00:00,AMZN,AMZN_412,0.0467757865170468,0.013025224585054417
2021-08-23 04:00:00,AMZN,AMZN_412,0.0476749137489027,-0.003378635274868301
2021-08-24 04:00:00,AMZN,AMZN_412,0.0499156233440849,-0.0048604487113423685
2021-08-25 04:00:00,AMZN,AMZN_412,0.054504436462474,-0.0009970863967684726
2021-08-26 04:00:00,AMZN,AMZN_412,0.0443667229928872,-0.006301661410886342
2021-08-27 04:00:00,AMZN,AMZN_417,0.0383385015471842,0.028080539199684708
2021-08-30 04:00:00,AMZN,AMZN_417,0.0256372727271916,0.026374939305573483
2021-08-31 04:00:00,AMZN,AMZN_417,0.0157629174493991,0.018500561752974713
2021-09-01 04:00:00,AMZN,AMZN_417,0.0014831595860591,0.020984069337797628
2021-09-02 04:00:00,AMZN,AMZN_417,0.0017411952394581,0.027204413630432467
2021-09-03 04:00:00,AMZN,AMZN_422,-0.0060033128382396,0.017791343498406456
2021-09-07 04:00:00,AMZN,AMZN_422,-0.0168951150775951,0.02266099354202034
2021-09-08 04:00:00,AMZN,AMZN_422,-0.014100065112248,0.029086439531499985
2021-09-09 04:00:00,AMZN,AMZN_422,0.0011710714690815,0.03045325825327548
2021-09-10 04:00:00,AMZN,AMZN_422,-0.0019111147354115,0.030761247025262606
2021-09-13 04:00:00,AMZN,AMZN_427,-0.0293419535144024,0.01776748211041239
2021-09-14 04:00:00,AMZN,AMZN_427,-0.0308318649513134,0.02937050455130638
2021-09-15 04:00:00,AMZN,AMZN_427,-0.0275448311067003,0.029644401249935105
2021-09-16 04:00:00,AMZN,AMZN_427,-0.0207095810989509,0.03128196709850399
2021-09-17 04:00:00,AMZN,AMZN_427,-0.0106858936719999,0.03253731112598832
2021-09-20 04:00:00,AMZN,AMZN_432,0.0149207133903284,0.0137335267426979
2021-09-21 04:00:00,AMZN,AMZN_432,-0.008275431900257,0.009270426658493402
2021-09-22 04:00:00,AMZN,AMZN_432,-0.0233517411194259,0.0076516889213552606
2021-09-23 04:00:00,AMZN,AMZN_432,-0.0383372601486803,0.00957512073040102
2021-09-24 04:00:00,AMZN,AMZN_432,-0.0415294994700993,0.014132096877014211
2021-09-27 04:00:00,AMZN,AMZN_437,-0.063427067349156,-0.011730763126415222
2021-09-28 04:00:00,AMZN,AMZN_437,-0.0286372632949551,0.006528852080602842
2021-09-29 04:00:00,AMZN,AMZN_437,-0.0118475267423554,0.010664900393383652
2021-09-30 04:00:00,AMZN,AMZN_437,0.0052937367079448,0.013186298452314917
2021-10-01 04:00:00,AMZN,AMZN_437,0.0016325565459995,0.005989425602327142
2021-10-04 04:00:00,AMZN,AMZN_442,0.0177191157787623,0.011106563662461749
2021-10-05 04:00:00,AMZN,AMZN_442,0.0081744661768885,0.024283154228469273
2021-10-06 04:00:00,AMZN,AMZN_442,0.0068271413648146,0.02552344391797582
2021-10-07 04:00:00,AMZN,AMZN_442,-0.0007782724661488,0.02418107740531483
2021-10-08 04:00:00,AMZN,AMZN_442,0.0366111273506772,0.028105156241059918
2021-10-11 04:00:00,AMZN,AMZN_447,0.0617441581066786,0.03026417800497918
2021-10-12 04:00:00,AMZN,AMZN_447,0.0606098140082969,0.031106320104901494
2021-10-13 04:00:00,AMZN,AMZN_447,0.0398199988124805,0.029789608019326383
2021-10-14 04:00:00,AMZN,AMZN_447,0.0409563283242613,0.021538825162950376
2021-10-15 04:00:00,AMZN,AMZN_447,-0.0215516928830723,0.005783806793577289
2021-10-18 04:00:00,AMZN,AMZN_452,-0.0366636982018682,0.011207127908260369
2021-10-19 04:00:00,AMZN,AMZN_452,-0.0197668909516399,0.005848435203113237
2021-10-20 04:00:00,AMZN,AMZN_452,-0.0066090170126024,0.004509951252589454
2021-10-21 04:00:00,AMZN,AMZN_452,0.0033653638142188,-0.004937439323811417
2021-10-22 04:00:00,AMZN,AMZN_452,0.0110567039313151,-0.004563043624585129
2021-10-25 04:00:00,AMZN,AMZN_457,-0.0006805948573682,-0.00013308740997446559
2021-10-26 04:00:00,AMZN,AMZN_457,-0.0187555377499862,-0.01210105178866281
2021-10-27 04:00:00,AMZN,AMZN_457,-0.002502583769314,-0.0046157475935896366
2021-10-28 04:00:00,AMZN,AMZN_457,0.0088290652832667,-0.003726478167840791
2021-10-29 04:00:00,AMZN,AMZN_457,0.0434582032633175,-0.004101508231242751
2021-11-01 04:00:00,AMZN,AMZN_462,0.0514961992711524,0.0052097647744609905
2021-11-02 04:00:00,AMZN,AMZN_462,0.079535106569476,0.00403882334991328
2021-11-03 04:00:00,AMZN,AMZN_462,0.0289745651673403,-0.002193082494750796
2021-11-04 04:00:00,AMZN,AMZN_462,-0.0012942542169464,-0.0017847666581477873
2021-11-05 04:00:00,AMZN,AMZN_462,0.0017505814313487,-0.007350085927157103
2021-11-08 05:00:00,AMZN,AMZN_467,0.0162511185031695,-0.005295449081504619
2021-11-09 05:00:00,AMZN,AMZN_467,-0.0099349836456433,-0.0033290018669317207
2021-11-10 05:00:00,AMZN,AMZN_467,0.0192272011671184,-0.003070343625498728
2021-11-11 05:00:00,AMZN,AMZN_467,0.0643800937331264,-0.015090360195614274
2021-11-12 05:00:00,AMZN,AMZN_467,0.0429541938975754,-0.011192498240266665
2021-11-15 05:00:00,AMZN,AMZN_472,0.0075838637811955,0.015071728399336404
2021-11-16 05:00:00,AMZN,AMZN_472,0.0111107701786028,0.02129805000800895
2021-11-17 05:00:00,AMZN,AMZN_472,0.0088503557761503,0.018812393101475065
2021-11-18 05:00:00,AMZN,AMZN_472,-0.0518119146918705,0.001169240075541441
2021-11-19 05:00:00,AMZN,AMZN_472,-0.0312791531108203,0.0003927503443179958
2021-11-22 05:00:00,AMZN,AMZN_477,-0.0183341068288248,0.007202333414453913
2021-11-23 05:00:00,AMZN,AMZN_477,-0.038077755022451,0.014472575294818508
2021-11-24 05:00:00,AMZN,AMZN_477,-0.0399535060811246,0.015779301513380542
2021-11-26 05:00:00,AMZN,AMZN_477,-0.0327487329478491,0.011087865239807836
2021-11-29 05:00:00,AMZN,AMZN_477,-0.0376800482376455,0.0142801559335425
2021-11-30 05:00:00,AMZN,AMZN_482,0.0046249697723637,-0.018011498684077684
2021-12-01 05:00:00,AMZN,AMZN_482,0.0230680776315441,-0.01242199888876487
2021-12-02 05:00:00,AMZN,AMZN_482,0.0133998713193301,-0.014256045013132537
2021-12-03 05:00:00,AMZN,AMZN_482,0.016062963373757,0.00015869956067865625
2021-12-06 05:00:00,AMZN,AMZN_482,-0.0105094861401755,-0.011498442062750622
2021-12-07 05:00:00,AMZN,AMZN_487,-0.0401499612346933,-0.0174321772024955
2021-12-08 05:00:00,AMZN,AMZN_487,-0.016138933471671,-0.013331755146893094
2021-12-09 05:00:00,AMZN,AMZN_487,-0.0304298815074303,-0.007354943137899484
2021-12-10 05:00:00,AMZN,AMZN_487,-0.0127430359825363,-0.00781741664648937
2021-12-13 05:00:00,AMZN,AMZN_487,-0.0146756310034504,-0.00703562302277766
2021-12-14 05:00:00,AMZN,AMZN_492,0.0078389536655465,-0.018636122871333028
2021-12-15 05:00:00,AMZN,AMZN_492,-0.0131436970016477,-0.016063066426772566
2021-12-16 05:00:00,AMZN,AMZN_492,0.0130128587989839,-0.008552018697659309
2021-12-17 05:00:00,AMZN,AMZN_492,-0.0020468904577497,-0.007343151952987914
2021-12-20 05:00:00,AMZN,AMZN_492,0.0214389650701494,-0.009307042407590956
2021-12-21 05:00:00,AMZN,AMZN_497,-0.0071354581106114,-0.0012565375911327877
2021-12-22 05:00:00,AMZN,AMZN_497,-0.0139882118792789,-0.0023659131917618394
2021-12-23 05:00:00,AMZN,AMZN_497,-0.025437187727034,-0.0039934482727599675
2021-12-27 05:00:00,AMZN,AMZN_497,0.0043319549690361,0.0013761261572657329
2021-12-28 05:00:00,AMZN,AMZN_497,-0.0183931442605213,-0.001265354307682803
2021-12-29 05:00:00,AMZN,AMZN_502,-0.0286287272775478,-0.0021200208204447514
2021-12-30 05:00:00,AMZN,AMZN_502,-0.0319637041603881,-0.0013578014394018915
2021-12-31 05:00:00,AMZN,AMZN_502,-0.0249704259532224,0.0029372621486208677
2022-01-03 05:00:00,AMZN,AMZN_502,-0.0523372508166236,-0.004573653780759441
2022-01-04 05:00:00,AMZN,AMZN_502,-0.0128938504864227,0.012401861905289309
2022-01-05 05:00:00,AMZN,AMZN_507,0.0051717062935765,0.009209443127118147
2022-01-06 05:00:00,AMZN,AMZN_507,-0.0124958243815738,0.023058261036612744
2022-01-07 05:00:00,AMZN,AMZN_507,-0.0025591518143149,0.017782541867072746
2022-01-10 05:00:00,AMZN,AMZN_507,-0.0159053839000237,0.01902923150682485
2022-01-11 05:00:00,AMZN,AMZN_507,-0.0548070509959985,0.02087886638333345
2022-01-12 05:00:00,AMZN,AMZN_512,-0.0819547897174898,0.012405208467159819
2022-01-13 05:00:00,AMZN,AMZN_512,-0.1151947016091607,0.014584554127413673
2022-01-14 05:00:00,AMZN,AMZN_512,-0.1085124652311019,0.040959206306872734
2022-01-18 05:00:00,AMZN,AMZN_512,-0.1191278732982058,0.019005783828612777
2022-01-19 05:00:00,AMZN,AMZN_512,-0.1114946280028791,0.02344407030961788
2022-01-20 05:00:00,AMZN,AMZN_517,-0.079318239689986,0.010713250920996025
2022-01-21 05:00:00,AMZN,AMZN_517,0.0093589689280948,0.023791221291579446
2022-01-24 05:00:00,AMZN,AMZN_517,0.0347955986992702,0.032999887202068964
2022-01-25 05:00:00,AMZN,AMZN_517,0.0800616124355007,0.025368004955462178
2022-01-26 05:00:00,AMZN,AMZN_517,0.0845380165227507,0.034148727487996605
2022-01-27 05:00:00,AMZN,AMZN_522,-0.0056717730180565,0.0684957561780277
2022-01-28 05:00:00,AMZN,AMZN_522,0.0948860195626375,0.06105444530584506
2022-01-31 05:00:00,AMZN,AMZN_522,0.0559056211361059,0.057475661458987214
2022-02-01 05:00:00,AMZN,AMZN_522,0.0675955080310399,0.06167438793246767
2022-02-02 05:00:00,AMZN,AMZN_522,0.0702265458397872,0.059966240774363105
2022-02-03 05:00:00,AMZN,AMZN_527,0.145182874567594,0.06500785810379096
2022-02-04 05:00:00,AMZN,AMZN_527,-0.0275691889178479,0.056628402407232326
2022-02-07 05:00:00,AMZN,AMZN_527,-0.0175292675369724,0.053215014781223494
2022-02-08 05:00:00,AMZN,AMZN_527,-0.0303754019395191,0.05527324991068141
2022-02-09 05:00:00,AMZN,AMZN_527,-0.0191638074294885,0.050885922301808995
2022-02-10 05:00:00,AMZN,AMZN_532,-0.0273641654542273,-0.008339507906476029
2022-02-11 05:00:00,AMZN,AMZN_532,-0.0045142248699339,0.001636044353318132
2022-02-14 05:00:00,AMZN,AMZN_532,-0.0320268658991398,0.004949482153466837
2022-02-15 05:00:00,AMZN,AMZN_532,-0.0746499585846721,0.0025538130777380303
2022-02-16 05:00:00,AMZN,AMZN_532,-0.0426468791386078,-0.0013621344400083434
2022-02-17 05:00:00,AMZN,AMZN_537,-0.0055867084822106,-0.008279174952144048
2022-02-18 05:00:00,AMZN,AMZN_537,0.0063007379741726,0.018222595917380898
2022-02-22 05:00:00,AMZN,AMZN_537,0.0062884123818502,0.03139303103283082
2022-02-23 05:00:00,AMZN,AMZN_537,0.0498906270972974,0.0006669376579937769
2022-02-24 05:00:00,AMZN,AMZN_537,-0.0228564273759355,0.014554074682686451
2022-02-25 05:00:00,AMZN,AMZN_542,-0.0529785488838174,0.011243129773817933
2022-02-28 05:00:00,AMZN,AMZN_542,-0.1049080848835516,0.0191551596947811
2022-03-01 05:00:00,AMZN,AMZN_542,-0.1000880140030905,0.026491231972916574
2022-03-02 05:00:00,AMZN,AMZN_542,-0.0840071559079341,0.02561348142139168
2022-03-03 05:00:00,AMZN,AMZN_542,-0.0073090238443954,0.029790797865860818
2022-03-04 05:00:00,AMZN,AMZN_547,-0.0007999179442391,0.005456981294110388
2022-03-07 05:00:00,AMZN,AMZN_547,0.0320108968352996,0.0027659846437020847
2022-03-08 05:00:00,AMZN,AMZN_547,0.0834617290897778,0.017859104502843625
2022-03-09 05:00:00,AMZN,AMZN_547,0.0992611682851125,0.028595311727182028
2022-03-10 05:00:00,AMZN,AMZN_547,0.0709826361549443,0.020644690935880516
2022-03-11 05:00:00,AMZN,AMZN_552,0.1080642594064817,0.02862495580584415
2022-03-14 04:00:00,AMZN,AMZN_552,0.1384426446230497,0.014883480914012879
2022-03-15 04:00:00,AMZN,AMZN_552,0.1189042734425016,0.03690103084270979
2022-03-16 04:00:00,AMZN,AMZN_552,0.0673006622400393,0.01779458391188926
2022-03-17 04:00:00,AMZN,AMZN_552,0.0407691938186178,0.01362638845124769
2022-03-18 04:00:00,AMZN,AMZN_557,0.0218479627522056,0.03373983927926133
2022-03-21 04:00:00,AMZN,AMZN_557,0.0464358364387154,0.02805405606773968
2022-03-22 04:00:00,AMZN,AMZN_557,0.0268422676460828,0.001037384896225179
2022-03-23 04:00:00,AMZN,AMZN_557,0.0177040905464853,0.0038889758174722204
2022-03-24 04:00:00,AMZN,AMZN_557,-0.0039841737021412,0.007001706760658321
2022-03-25 04:00:00,AMZN,AMZN_562,-0.0073646611096479,0.008550195194803909
2022-03-28 04:00:00,AMZN,AMZN_562,-0.0038108486341396,0.0019366341590473554
2022-03-29 04:00:00,AMZN,AMZN_562,-0.0310664128386691,0.0014938788275396582
2022-03-30 04:00:00,AMZN,AMZN_562,-0.0453695311606832,0.00871945085108868
2022-03-31 04:00:00,AMZN,AMZN_562,-0.031982070366752,0.003400011717300745
2022-04-01 04:00:00,AMZN,AMZN_567,-0.0556340346007694,-0.022804799321416377
2022-04-04 04:00:00,AMZN,AMZN_567,-0.1023157767651165,-0.024727803722760774
2022-04-05 04:00:00,AMZN,AMZN_567,-0.0808721902081084,-0.017564107363562172
2022-04-06 04:00:00,AMZN,AMZN_567,-0.0202511804570313,-0.01530005355839225
2022-04-07 04:00:00,AMZN,AMZN_567,-0.0385209125420129,-0.016260478313734145
2022-04-08 04:00:00,AMZN,AMZN_572,-0.0108473777263291,-0.021706916320033944
2022-04-11 04:00:00,AMZN,AMZN_572,0.0462771802428751,-0.007243600004373595
2022-04-12 04:00:00,AMZN,AMZN_572,0.0212915186282951,0.010847286313282752
2022-04-13 04:00:00,AMZN,AMZN_572,-0.0465793269950022,-0.004798401347847807
2022-04-14 04:00:00,AMZN,AMZN_572,-0.0484916020408686,0.014608264551093453
2022-04-18 04:00:00,AMZN,AMZN_577,-0.0439244583846587,-0.006157668877812047
2022-04-19 04:00:00,AMZN,AMZN_577,-0.1184228493850326,-0.024255975274991716
2022-04-20 04:00:00,AMZN,AMZN_577,-0.1027999944116436,-0.007128937047360729
2022-04-21 04:00:00,AMZN,AMZN_577,-0.0249467857261552,0.0003838092874604181
2022-04-22 04:00:00,AMZN,AMZN_577,-0.1390266954273952,0.001020311530043403
2022-04-25 04:00:00,AMZN,AMZN_582,-0.1476922954786043,-0.045894210616812287
2022-04-26 04:00:00,AMZN,AMZN_582,-0.1085974264840704,-0.03777582457437412
2022-04-27 04:00:00,AMZN,AMZN_582,-0.0885776594430006,0.06246229154835273
2022-04-28 04:00:00,AMZN,AMZN_582,-0.1949528485662511,0.05986286058439795
2022-04-29 04:00:00,AMZN,AMZN_582,-0.0765118102864824,0.11069085816617238
2022-05-02 04:00:00,AMZN,AMZN_587,-0.126192759318524,0.05221912272007075
2022-05-03 04:00:00,AMZN,AMZN_587,-0.1238959103606714,0.05019328031355509
2022-05-04 04:00:00,AMZN,AMZN_587,-0.1632394263799778,0.050714353601749224
2022-05-05 04:00:00,AMZN,AMZN_587,-0.0814083487561491,0.054741569761645036
2022-05-06 04:00:00,AMZN,AMZN_587,-0.0149643755516101,0.05215194208026522
2022-05-09 04:00:00,AMZN,AMZN_592,0.0185818382977096,-0.04524472581884624
2022-05-10 04:00:00,AMZN,AMZN_592,0.0597975227298261,-0.05256759175869651
2022-05-11 04:00:00,AMZN,AMZN_592,0.0165176837925471,-0.04450012474137227
2022-05-12 04:00:00,AMZN,AMZN_592,0.0036332388052906,-0.05611439683880943
2022-05-13 04:00:00,AMZN,AMZN_592,-0.0483304309624319,0.004931660420682784
2022-05-16 04:00:00,AMZN,AMZN_597,-0.0293609527962868,0.024612736576081606
2022-05-17 04:00:00,AMZN,AMZN_597,-0.097673986448506,0.0226756220990245
2022-05-18 04:00:00,AMZN,AMZN_597,-0.0031509069087463,0.03527499100199597
2022-05-19 04:00:00,AMZN,AMZN_597,0.0350217495220563,0.03460127456830785
2022-05-20 04:00:00,AMZN,AMZN_597,0.0702242378618662,0.033896192395457624
2022-05-23 04:00:00,AMZN,AMZN_602,0.1176353381055976,0.02908241874471794
2022-05-24 04:00:00,AMZN,AMZN_602,0.168914504241423,0.02752778502146559
2022-05-25 04:00:00,AMZN,AMZN_602,0.1754717845308964,0.01596361523970666
2022-05-26 04:00:00,AMZN,AMZN_602,0.10148319098299,-9.956171441043174e-05
2022-05-27 04:00:00,AMZN,AMZN_602,0.0837498431338199,-0.0053244098018836025
2022-05-31 04:00:00,AMZN,AMZN_607,0.0232136125056328,0.09963521651687973
2022-06-01 04:00:00,AMZN,AMZN_607,-0.0041418576852432,0.10299520321038066
2022-06-02 04:00:00,AMZN,AMZN_607,-0.0745831038130377,0.10286077411454927
2022-06-03 04:00:00,AMZN,AMZN_607,-0.1038005484808275,0.11913580672536578
2022-06-06 04:00:00,AMZN,AMZN_607,-0.1692443512431619,0.08636950730544692
2022-06-07 04:00:00,AMZN,AMZN_612,-0.1682114019626522,-0.06942944152488698
2022-06-08 04:00:00,AMZN,AMZN_612,-0.111487061414485,-0.015776121235792216
2022-06-09 04:00:00,AMZN,AMZN_612,-0.1075333422271775,0.0013183827344835938
2022-06-10 04:00:00,AMZN,AMZN_612,-0.0312813520970746,0.02101816434572835
2022-06-13 04:00:00,AMZN,AMZN_612,0.0483264418319553,0.047575849467025956
2022-06-14 04:00:00,AMZN,AMZN_617,0.0649007872944738,0.042910186431898076
2022-06-15 04:00:00,AMZN,AMZN_617,0.0443020744272353,0.014521897098697745
2022-06-16 04:00:00,AMZN,AMZN_617,0.1234805611630711,0.02291747317616672
2022-06-17 04:00:00,AMZN,AMZN_617,0.0659009595137873,0.025626982951111637
2022-06-21 04:00:00,AMZN,AMZN_617,-0.0117776847230641,0.026153972301651982
2022-06-22 04:00:00,AMZN,AMZN_622,-0.0002753444711992,0.02935123649177898
2022-06-23 04:00:00,AMZN,AMZN_622,-0.0554073570051735,0.04513867243375267
2022-06-24 04:00:00,AMZN,AMZN_622,-0.0592478239749433,0.01661465135019371
2022-06-27 04:00:00,AMZN,AMZN_622,0.0024730504882353,0.01552476368364119
2022-06-28 04:00:00,AMZN,AMZN_622,0.0645251415895551,0.023208617652345147
2022-06-29 04:00:00,AMZN,AMZN_627,0.0680316175787638,0.017005093849559328
2022-06-30 04:00:00,AMZN,AMZN_627,0.0878448537000193,0.029411055796731835
2022-07-01 04:00:00,AMZN,AMZN_627,0.0199890698266491,0.011063285376754465
2022-07-05 04:00:00,AMZN,AMZN_627,-0.037709240346228,-0.0022592304299362555
2022-07-06 04:00:00,AMZN,AMZN_627,-0.0343741821239811,-0.0059219298296183595
2022-07-07 04:00:00,AMZN,AMZN_632,-0.0489985772192697,-0.015344109383346015
2022-07-08 04:00:00,AMZN,AMZN_632,-0.0172234537649386,-0.016489462842663977
2022-07-11 04:00:00,AMZN,AMZN_632,0.0179865962973644,-0.012730326592571624
2022-07-12 04:00:00,AMZN,AMZN_632,0.0823109115848044,0.01225255252241478
2022-07-13 04:00:00,AMZN,AMZN_632,0.1120470556722577,-0.0035390741365249876
2022-07-14 04:00:00,AMZN,AMZN_637,0.1265479557766822,0.06040207063190852
2022-07-15 04:00:00,AMZN,AMZN_637,0.0781153225785864,0.035665513221319375
2022-07-18 04:00:00,AMZN,AMZN_637,0.0648733923596469,0.022314791434584827
2022-07-19 04:00:00,AMZN,AMZN_637,-0.0287623851807092,0.00621897946898402
2022-07-20 04:00:00,AMZN,AMZN_637,-0.0146615253855261,0.008879186362411463
2022-07-21 04:00:00,AMZN,AMZN_642,-0.0188558013793636,-0.0002883185009564927
2022-07-22 04:00:00,AMZN,AMZN_642,0.1023525483312364,0.0048645063947126005
2022-07-25 04:00:00,AMZN,AMZN_642,0.117632491925022,0.004835275288368292
2022-07-26 04:00:00,AMZN,AMZN_642,0.1685393825885264,0.010437482044220504
2022-07-27 04:00:00,AMZN,AMZN_642,0.1533438279289949,-0.009721267272644276
2022-07-28 04:00:00,AMZN,AMZN_647,0.1659307225014232,0.09857183110890651
2022-07-29 04:00:00,AMZN,AMZN_647,0.0433494348707492,-0.053331265901276056
2022-08-01 04:00:00,AMZN,AMZN_647,0.0296920325768781,-0.02485934264037327
2022-08-02 04:00:00,AMZN,AMZN_647,0.0273553821464438,-0.037095138483364744
2022-08-03 04:00:00,AMZN,AMZN_647,0.0227207430610079,-0.04969379335822248
2022-08-04 04:00:00,AMZN,AMZN_652,-0.0135372647500906,-0.005168415605685556
2022-08-05 04:00:00,AMZN,AMZN_652,0.0195312495766715,-0.007297884695582737
2022-08-08 04:00:00,AMZN,AMZN_652,0.0270424568871632,0.004627901699186279
2022-08-09 04:00:00,AMZN,AMZN_652,0.0504244130879512,0.005559885882881801
2022-08-10 04:00:00,AMZN,AMZN_652,-0.0041348120246399,-0.001825051621148483
2022-08-11 04:00:00,AMZN,AMZN_657,0.0118032115281105,0.02376909059473894
2022-08-12 04:00:00,AMZN,AMZN_657,-0.0370603079841147,0.010087531429964271
2022-08-15 04:00:00,AMZN,AMZN_657,-0.0695627319777258,0.02270638869934844
2022-08-16 04:00:00,AMZN,AMZN_657,-0.0770824958986339,0.018101714334573
2022-08-17 04:00:00,AMZN,AMZN_657,-0.0584095896921461,0.016499494155539772
2022-08-18 04:00:00,AMZN,AMZN_662,-0.0352776118397906,-0.049688200420949756
2022-08-19 04:00:00,AMZN,AMZN_662,-0.0541126814637443,-0.043650437796800536
2022-08-22 04:00:00,AMZN,AMZN_662,-0.0257469441761066,-0.04186293110716224
2022-08-23 04:00:00,AMZN,AMZN_662,-0.0365963146859854,-0.03990435250982513
2022-08-24 04:00:00,AMZN,AMZN_662,-0.0525411528277169,-0.061445283470801165
2022-08-25 04:00:00,AMZN,AMZN_667,-0.0689102503539599,-0.053883163429154425
2022-08-26 04:00:00,AMZN,AMZN_667,-0.0247800983844704,-0.04326322817921291
2022-08-29 04:00:00,AMZN,AMZN_667,-0.0283534391412472,-0.023299356802177113
2022-08-30 04:00:00,AMZN,AMZN_667,0.0058261479444727,-0.020432690523523832
2022-08-31 04:00:00,AMZN,AMZN_667,0.0240594049216547,-0.00836063548182505
2022-09-01 04:00:00,AMZN,AMZN_672,0.042638120721709,0.00475548477256183
2022-09-02 04:00:00,AMZN,AMZN_672,0.0701121062052865,-0.027064054213032686
2022-09-06 04:00:00,AMZN,AMZN_672,0.0056299982637093,-0.018203944581188014
2022-09-07 04:00:00,AMZN,AMZN_672,-0.0071825201302772,-0.03158258176706877
2022-09-08 04:00:00,AMZN,AMZN_672,-0.0272685899337602,-0.007853431275848873
2022-09-09 04:00:00,AMZN,AMZN_677,-0.0730847541150468,-0.013738481889624756
2022-09-12 04:00:00,AMZN,AMZN_677,-0.0864052293867397,-0.0027509193174672987
2022-09-13 04:00:00,AMZN,AMZN_677,-0.0365084155855501,0.002686997380379159
2022-09-14 04:00:00,AMZN,AMZN_677,-0.077868548413804,-0.004452976030334059
2022-09-15 04:00:00,AMZN,AMZN_677,-0.07103263626396,0.0040541996599421275
2022-09-16 04:00:00,AMZN,AMZN_682,-0.0789281963599765,-0.03225851625828747
2022-09-19 04:00:00,AMZN,AMZN_682,-0.0762875169008281,-0.044407834931980715
2022-09-20 04:00:00,AMZN,AMZN_682,-0.0636713202704747,-0.03190333244857706
2022-09-21 04:00:00,AMZN,AMZN_682,-0.0044710542871898,-0.04218889895071364
2022-09-22 04:00:00,AMZN,AMZN_682,-0.0213962540198867,0.0037550819773029976
2022-09-23 04:00:00,AMZN,AMZN_687,-0.0068553242016627,0.005233997145715628
2022-09-26 04:00:00,AMZN,AMZN_687,0.0063395199119904,0.013700856070966298
2022-09-27 04:00:00,AMZN,AMZN_687,0.0583864387899983,0.04951080458197733
2022-09-28 04:00:00,AMZN,AMZN_687,0.0249130985407304,0.042135995697444015
2022-09-29 04:00:00,AMZN,AMZN_687,0.0479094063919172,0.0488181332332758
2022-09-30 04:00:00,AMZN,AMZN_692,0.0138052881291483,0.028892036543823007
2022-10-03 04:00:00,AMZN,AMZN_692,-0.0190714457788567,0.026215567789585476
2022-10-04 04:00:00,AMZN,AMZN_692,-0.0733338634236897,0.04654909898376019
2022-10-05 04:00:00,AMZN,AMZN_692,-0.0665563921081213,0.05916478428395673
2022-10-06 04:00:00,AMZN,AMZN_692,-0.0645885625548817,0.04461700666000378
2022-10-07 04:00:00,AMZN,AMZN_697,-0.066864491933993,-0.03456389984849697
2022-10-10 04:00:00,AMZN,AMZN_697,0.0010557116962706,-0.021998425507721277
2022-10-11 04:00:00,AMZN,AMZN_697,0.0369842399049904,-0.009455704527282739
2022-10-12 04:00:00,AMZN,AMZN_697,0.0192205326803995,0.015977302114587016
2022-10-13 04:00:00,AMZN,AMZN_697,0.0241713431992283,0.011213791255441141
2022-10-14 04:00:00,AMZN,AMZN_702,0.1161833301371713,0.09138968664053383
2022-10-17 04:00:00,AMZN,AMZN_702,0.0529923431828889,0.07405943445577513
2022-10-18 04:00:00,AMZN,AMZN_702,0.036438620157521,0.08146451198640346
2022-10-19 04:00:00,AMZN,AMZN_702,0.0051273482997298,0.09900229724343916
2022-10-20 04:00:00,AMZN,AMZN_702,-0.0372234352757253,0.10207741430169957
2022-10-21 04:00:00,AMZN,AMZN_707,-0.1333388876416916,0.007116340719131455
2022-10-24 04:00:00,AMZN,AMZN_707,-0.1450508871447504,0.011929696942896759
2022-10-25 04:00:00,AMZN,AMZN_707,-0.1974295013254333,-0.012884678133644965
2022-10-26 04:00:00,AMZN,AMZN_707,-0.2035275823118369,0.046149768612763375
2022-10-27 04:00:00,AMZN,AMZN_707,-0.1952054453084964,0.07155980920877074
2022-10-28 04:00:00,AMZN,AMZN_712,-0.1202011397832517,0.06579326986370869
2022-10-31 04:00:00,AMZN,AMZN_712,-0.1162632114238932,0.07125792107460616
2022-11-01 04:00:00,AMZN,AMZN_712,-0.0703584822210831,0.08380432049684593
2022-11-02 04:00:00,AMZN,AMZN_712,-0.0649153623386695,0.08176880651439065
2022-11-03 04:00:00,AMZN,AMZN_712,0.0820827990051884,0.07791104433095974
2022-11-04 04:00:00,AMZN,AMZN_717,0.1078258649882335,0.015109533132318307
2022-11-07 05:00:00,AMZN,AMZN_717,0.0879266452204239,0.01722356613815161
2022-11-08 05:00:00,AMZN,AMZN_717,0.0995776700399757,0.015487366164083987
2022-11-09 05:00:00,AMZN,AMZN_717,0.1274669541993645,0.023936710985437114
2022-11-10 05:00:00,AMZN,AMZN_717,-0.0184207681868054,0.05285177682968325
2022-11-11 05:00:00,AMZN,AMZN_722,-0.0659787822747646,0.02305345953332641
2022-11-14 05:00:00,AMZN,AMZN_722,-0.0612244787296828,0.04998354260936182
2022-11-15 05:00:00,AMZN,AMZN_722,-0.0580150126493411,0.0315483980521332
2022-11-16 05:00:00,AMZN,AMZN_722,-0.0307867113736188,0.03523281204734686
2022-11-17 05:00:00,AMZN,AMZN_722,-0.0151818116518431,0.045142249552683686
2022-11-18 05:00:00,AMZN,AMZN_727,-0.0020182966075855,-0.02306236805677464
2022-11-21 05:00:00,AMZN,AMZN_727,-0.0004326294172984,-0.02141596500073725
2022-11-22 05:00:00,AMZN,AMZN_727,0.0358369536121334,-0.022781040772299872
2022-11-23 05:00:00,AMZN,AMZN_727,0.0145543693461893,-0.025421716878999964
2022-11-25 05:00:00,AMZN,AMZN_727,0.0077078852701151,-0.026730895906888378
2022-11-28 05:00:00,AMZN,AMZN_732,-0.0312931868814363,0.002455203064735993
2022-11-29 05:00:00,AMZN,AMZN_732,-0.0451200849552333,0.013171908126328529
2022-11-30 05:00:00,AMZN,AMZN_732,-0.0836958955296126,-0.02519269232141773
2022-12-01 05:00:00,AMZN,AMZN_732,-0.0539267175484702,-0.009686825566986104
2022-12-02 05:00:00,AMZN,AMZN_732,-0.0535429837733721,0.0003346845681027456
2022-12-05 05:00:00,AMZN,AMZN_737,-0.0050543794492403,-0.017560722993077968
2022-12-06 05:00:00,AMZN,AMZN_737,0.0480453015724591,-0.003241680659148283
2022-12-07 05:00:00,AMZN,AMZN_737,0.0352702100256936,-0.011042632734130801
2022-12-08 05:00:00,AMZN,AMZN_737,-0.0210293476255356,0.003320756024558905
2022-12-09 05:00:00,AMZN,AMZN_737,-0.0138062159400487,0.04032632796612812
2022-12-12 05:00:00,AMZN,AMZN_742,-0.0621756454231636,0.011728206899841638
2022-12-13 05:00:00,AMZN,AMZN_742,-0.0789274039460524,0.00790615866561887
2022-12-14 05:00:00,AMZN,AMZN_742,-0.0525224403998341,0.005568705457766315
2022-12-15 05:00:00,AMZN,AMZN_742,-0.0526850898077668,0.014064829801963344
2022-12-16 05:00:00,AMZN,AMZN_742,-0.0297063577534741,0.009875612308135932
2022-12-19 05:00:00,AMZN,AMZN_747,-0.0221384514125611,-0.021036848026753267
2022-12-20 05:00:00,AMZN,AMZN_747,-0.039558664749422,-0.011517634181924152
2022-12-21 05:00:00,AMZN,AMZN_747,-0.0298489851111177,-0.0224902345434373
2022-12-22 05:00:00,AMZN,AMZN_747,0.0025062547103247,0.00025091059339073766
2022-12-23 05:00:00,AMZN,AMZN_747,0.006686213429023,-0.0034793209379024065
2022-12-27 05:00:00,AMZN,AMZN_752,0.0252889986869981,0.013209211228063488
2022-12-28 05:00:00,AMZN,AMZN_752,0.0158885731680105,0.014831603086581853
2022-12-29 05:00:00,AMZN,AMZN_752,0.0225706999167365,-0.00020962025953277647
2022-12-30 05:00:00,AMZN,AMZN_752,0.0400000072660899,-0.005850330453433286
2023-01-03 05:00:00,AMZN,AMZN_752,0.0471918325117644,-0.04599096847291956
2023-01-04 05:00:00,AMZN,AMZN_757,0.1168663027903655,-0.011141051214128363
2023-01-05 05:00:00,AMZN,AMZN_757,0.1461741277069916,-0.018480362774964447
2023-01-06 05:00:00,AMZN,AMZN_757,0.1398698961363607,0.008369062076052421
2023-01-09 05:00:00,AMZN,AMZN_757,0.0994734704749593,-0.012275828064741914
2023-01-10 05:00:00,AMZN,AMZN_757,0.0622009142878681,-0.054941526826147585
2023-01-11 05:00:00,AMZN,AMZN_762,-0.0148280164793002,0.0039985328274250095
2023-01-12 05:00:00,AMZN,AMZN_762,0.0207830736506875,0.01252927272900494
2023-01-13 05:00:00,AMZN,AMZN_762,-0.0061150233053427,0.010794265538102721
2023-01-17 05:00:00,AMZN,AMZN_762,0.0028110008796244,0.03530295821895238
2023-01-18 05:00:00,AMZN,AMZN_762,0.018018030978411,0.03447343370689341
2023-01-19 05:00:00,AMZN,AMZN_767,0.0591374989056363,0.029023355225296227
2023-01-20 05:00:00,AMZN,AMZN_767,0.0513110320181955,0.02175132598518728
2023-01-23 05:00:00,AMZN,AMZN_767,0.0310706164170773,0.04888252826513529
2023-01-24 05:00:00,AMZN,AMZN_767,0.0707018021197074,0.07406052033746123
2023-01-25 05:00:00,AMZN,AMZN_767,0.0820127721308376,0.05385885718275573
2023-01-26 05:00:00,AMZN,AMZN_772,0.1379762373813569,0.05140618990785989
2023-01-27 05:00:00,AMZN,AMZN_772,0.0112480589779671,0.049216939120299695
2023-01-30 05:00:00,AMZN,AMZN_772,0.0162108125703281,0.053184501222118784
2023-01-31 05:00:00,AMZN,AMZN_772,-0.0098903972678288,0.04923918028490326
2023-02-01 05:00:00,AMZN,AMZN_772,-0.0485021245849999,0.05532989128821584
2023-02-02 05:00:00,AMZN,AMZN_777,-0.1299265372644997,0.0019477251353002517
2023-02-03 05:00:00,AMZN,AMZN_777,-0.055904814908777,0.02501614278759298
2023-02-06 05:00:00,AMZN,AMZN_777,-0.025836752610723,0.06075645479753078
2023-02-07 05:00:00,AMZN,AMZN_777,-0.0236020335687379,0.06778070326197995
2023-02-08 05:00:00,AMZN,AMZN_777,0.011094458535672,0.06838729206212064
2023-02-09 05:00:00,AMZN,AMZN_782,-0.0009160865212498,0.025069160916743577
2023-02-10 05:00:00,AMZN,AMZN_782,-0.0042004267958777,0.028608034120527762
2023-02-13 05:00:00,AMZN,AMZN_782,-0.049829204730286,0.030936939896377184
2023-02-14 05:00:00,AMZN,AMZN_782,-0.0392176143670763,0.031853018543713384
2023-02-15 05:00:00,AMZN,AMZN_782,-0.0527877004148954,0.031165859157872865
2023-02-16 05:00:00,AMZN,AMZN_787,-0.0473764794048714,-0.0003152036750478152
2023-02-17 05:00:00,AMZN,AMZN_787,-0.0353908942388493,-0.007699563384502691
2023-02-21 05:00:00,AMZN,AMZN_787,-0.0037005547403802,0.019805709319266115
2023-02-22 05:00:00,AMZN,AMZN_787,-0.0377910294601032,0.007146598781885712
2023-02-23 05:00:00,AMZN,AMZN_787,-0.0385097312999217,0.018332008733112817
2023-02-24 05:00:00,AMZN,AMZN_792,0.014973278351646,-0.008966318236397713
2023-02-27 05:00:00,AMZN,AMZN_792,-0.0001066780717,-0.017967401296657606
2023-02-28 05:00:00,AMZN,AMZN_792,-0.0072163884214248,-0.028085034119507527
2023-03-01 05:00:00,AMZN,AMZN_792,0.0189866554710382,-0.005211699752457482
2023-03-02 05:00:00,AMZN,AMZN_792,0.0013025371774619,-0.013898002658771424
2023-03-03 05:00:00,AMZN,AMZN_797,-0.0439409705152445,-0.015192945784563785
2023-03-06 05:00:00,AMZN,AMZN_797,-0.0140799967447916,-0.03134545610773406
2023-03-07 05:00:00,AMZN,AMZN_797,0.0142169338137201,-0.025295297536805653
2023-03-08 05:00:00,AMZN,AMZN_797,0.0242759670330865,-0.032844168748335616
2023-03-09 05:00:00,AMZN,AMZN_797,0.08444445436886,-0.03542103419300882
2023-03-10 05:00:00,AMZN,AMZN_802,0.0905984050168167,0.031089897162739293
2023-03-13 04:00:00,AMZN,AMZN_802,0.0571242968934753,0.011960935180012114
2023-03-14 04:00:00,AMZN,AMZN_802,0.0603921113280512,0.003223012891994787
2023-03-15 04:00:00,AMZN,AMZN_802,0.0259875268119296,0.038051377513706686
2023-03-16 04:00:00,AMZN,AMZN_802,-0.0132947003087068,0.022228539033730562
2023-03-17 04:00:00,AMZN,AMZN_807,-0.0082870108146962,0.023387563380086348
2023-03-20 04:00:00,AMZN,AMZN_807,0.0033773598827833,0.016658890387899902
2023-03-21 04:00:00,AMZN,AMZN_807,-0.0334957034702105,0.0011129372018129128
2023-03-22 04:00:00,AMZN,AMZN_807,0.0157041854071242,0.020774188060008653
2023-03-23 04:00:00,AMZN,AMZN_807,0.0333299660221035,0.013169975497939284
2023-03-24 04:00:00,AMZN,AMZN_812,0.0525833466476497,0.011975690451411898
2023-03-27 04:00:00,AMZN,AMZN_812,0.0445736710095228,0.017593394532940607
2023-03-28 04:00:00,AMZN,AMZN_812,0.0690045169876825,0.011540562441107747
2023-03-29 04:00:00,AMZN,AMZN_812,0.0084787877717815,-0.005451370037517305
2023-03-30 04:00:00,AMZN,AMZN_812,0.0005882113587623,0.004025995174821653
2023-03-31 04:00:00,AMZN,AMZN_817,-0.0108432833445124,0.0349465133011955
2023-04-03 04:00:00,AMZN,AMZN_817,-0.0243140846023163,0.03918822904933177
2023-04-04 04:00:00,AMZN,AMZN_817,-0.0588744136301874,0.04576014940086909
2023-04-05 04:00:00,AMZN,AMZN_817,0.0128585862648709,0.04325644381956156
2023-04-06 04:00:00,AMZN,AMZN_817,0.0044092160337194,0.03807140302950096
2023-04-10 04:00:00,AMZN,AMZN_822,0.0055789341787171,-0.0026371364608173673
2023-04-11 04:00:00,AMZN,AMZN_822,0.0238191045479039,0.012206747216910556
2023-04-12 04:00:00,AMZN,AMZN_822,0.0661351436124508,0.0072454950154880425
2023-04-13 04:00:00,AMZN,AMZN_822,0.0137694923017996,-0.016661050255994264
2023-04-14 04:00:00,AMZN,AMZN_822,0.0434103683104831,-0.005105549881460858
2023-04-17 04:00:00,AMZN,AMZN_827,0.033774589184869,0.02198589510573379
2023-04-18 04:00:00,AMZN,AMZN_827,0.0026392632943501,0.027530946085770714
2023-04-19 04:00:00,AMZN,AMZN_827,0.0065196575769834,0.004802477282891334
2023-04-20 04:00:00,AMZN,AMZN_827,0.0578942517828131,0.013308653151856763
2023-04-21 04:00:00,AMZN,AMZN_827,-0.0141174471686178,0.0042094421646675165
2023-04-24 04:00:00,AMZN,AMZN_832,-0.0391676496429141,0.020048820454345025
2023-04-25 04:00:00,AMZN,AMZN_832,0.0103343820000734,0.02202666653314222
2023-04-26 04:00:00,AMZN,AMZN_832,-0.0126690968615486,0.013777265604871261
2023-04-27 04:00:00,AMZN,AMZN_832,-0.052995808696023,0.00041785934623656375
2023-04-28 04:00:00,AMZN,AMZN_832,0.0019915288757215,0.014688945761585876
2023-05-01 04:00:00,AMZN,AMZN_837,0.0370406532705318,0.006745518557414767
2023-05-02 04:00:00,AMZN,AMZN_837,0.028852702619033,0.004737193566804294
2023-05-03 04:00:00,AMZN,AMZN_837,0.0630969688301881,0.007216455539166337
2023-05-04 04:00:00,AMZN,AMZN_837,0.0786538490882287,0.004867277110334215
2023-05-05 04:00:00,AMZN,AMZN_837,0.0435358538206327,0.0009075822668014624
2023-05-08 04:00:00,AMZN,AMZN_842,0.0507417086296577,0.04901532757292987
2023-05-09 04:00:00,AMZN,AMZN_842,0.0635903076781172,0.041609726310804146
2023-05-10 04:00:00,AMZN,AMZN_842,0.0481894676553562,0.0040906138166084465
2023-05-11 04:00:00,AMZN,AMZN_842,0.0532180531686776,-0.0003869544898323754
2023-05-12 04:00:00,AMZN,AMZN_842,0.0543261177917322,0.025355035723899147
2023-05-15 04:00:00,AMZN,AMZN_847,0.0342626375229275,0.03129547178711712
2023-05-16 04:00:00,AMZN,AMZN_847,0.0140211315387659,0.02150168273131199
2023-05-17 04:00:00,AMZN,AMZN_847,0.0108225108225108,0.01786609818529026
2023-05-18 04:00:00,AMZN,AMZN_847,-0.0266610366923182,0.008788133189751083
2023-05-19 04:00:00,AMZN,AMZN_847,0.0332043063256048,0.022668020403332597
2023-05-22 04:00:00,AMZN,AMZN_852,0.0578210712317168,0.021945868552654305
2023-05-23 04:00:00,AMZN,AMZN_852,0.0486129582670984,0.015356642000442898
2023-05-24 04:00:00,AMZN,AMZN_852,0.0515631404117036,0.005259963577386715
2023-05-25 04:00:00,AMZN,AMZN_852,0.0804347826086957,0.022675838110982633
2023-05-26 04:00:00,AMZN,AMZN_852,0.0432104105822386,-0.010809122112888436
2023-05-30 04:00:00,AMZN,AMZN_857,0.0406871346312793,0.025548799840955306
2023-05-31 04:00:00,AMZN,AMZN_857,0.0053906246144335,0.04604150982106502
2023-06-01 04:00:00,AMZN,AMZN_857,0.0120550899845379,0.023642999052994832
2023-06-02 04:00:00,AMZN,AMZN_857,-0.0065995951293699,0.05802388558003507
2023-06-05 04:00:00,AMZN,AMZN_857,0.0101356473434548,0.04431882815884425
2023-06-06 04:00:00,AMZN,AMZN_862,0.0003949376156446,0.010527501755032729
2023-06-07 04:00:00,AMZN,AMZN_862,0.0428111413701028,0.0007698881847934646
2023-06-08 04:00:00,AMZN,AMZN_862,0.0230181135641975,0.0027630579820552103
2023-06-09 04:00:00,AMZN,AMZN_862,0.0166896018269502,0.011176606305904896
2023-06-12 04:00:00,AMZN,AMZN_862,-0.0062416126841442,0.0036615797053966294
2023-06-13 04:00:00,AMZN,AMZN_867,-0.0144481428876047,0.011361012882172535
2023-06-14 04:00:00,AMZN,AMZN_867,0.0295047918174651,0.011781137785235783
2023-06-15 04:00:00,AMZN,AMZN_867,0.0174651971524129,0.010635758812000492
2023-06-16 04:00:00,AMZN,AMZN_867,0.0146625547741474,0.012695335634757261
2023-06-20 04:00:00,AMZN,AMZN_867,0.0270312762719155,0.01426828469782106
2023-06-21 04:00:00,AMZN,AMZN_872,0.0337257982321905,0.026072421105156448
2023-06-22 04:00:00,AMZN,AMZN_872,-0.0172876871004313,0.008593341582488511
2023-06-23 04:00:00,AMZN,AMZN_872,0.0079641132352443,0.016880773198829607
2023-06-26 04:00:00,AMZN,AMZN_872,0.0226969241191326,0.023787648315808325
2023-06-27 04:00:00,AMZN,AMZN_872,0.0092894587015734,0.022342434908476906
2023-06-28 04:00:00,AMZN,AMZN_877,-0.0052696273338563,0.012707335705507002
2023-06-29 04:00:00,AMZN,AMZN_877,0.0146989619311113,0.011472289775888043
2023-06-30 04:00:00,AMZN,AMZN_877,-0.0247775647576755,-0.0031227608400015605
2023-07-03 04:00:00,AMZN,AMZN_877,-0.0110582278291155,-0.0019321989840597664
2023-07-05 04:00:00,AMZN,AMZN_877,0.003221338803621,-0.0031323115768786343
2023-07-06 04:00:00,AMZN,AMZN_882,0.0462761172729944,0.006777146744346432
2023-07-07 04:00:00,AMZN,AMZN_882,0.0377561561301698,0.009376334759738435
2023-07-10 04:00:00,AMZN,AMZN_882,0.0505781518452987,0.003470669429378429
2023-07-11 04:00:00,AMZN,AMZN_882,0.0314490067568544,-0.0032145089837213505
2023-07-12 04:00:00,AMZN,AMZN_882,0.0348623658425248,0.001601961851941808
2023-07-13 04:00:00,AMZN,AMZN_887,-0.0323156830921145,-0.0012933554041555807
2023-07-14 04:00:00,AMZN,AMZN_887,-0.0347489822563884,-0.007479609661600737
2023-07-17 04:00:00,AMZN,AMZN_887,-0.0356393725205609,-0.004458504800869045
2023-07-18 04:00:00,AMZN,AMZN_887,-0.0278551298444471,-0.004659358068569894
2023-07-19 04:00:00,AMZN,AMZN_887,-0.0532654157901637,-0.023638326970643497
2023-07-20 04:00:00,AMZN,AMZN_892,-0.013157945718117,-0.02171091249702154
2023-07-21 04:00:00,AMZN,AMZN_892,0.0170000516451322,-0.01954562530582018
2023-07-24 04:00:00,AMZN,AMZN_892,0.0378881173012273,-0.016991647430785503
2023-07-25 04:00:00,AMZN,AMZN_892,0.0198249629194777,-0.01866320443556473
2023-07-26 04:00:00,AMZN,AMZN_892,0.0004683013674686,-0.012347301525809696
2023-07-27 04:00:00,AMZN,AMZN_897,0.0051462273848683,0.016280221875816795
2023-07-28 04:00:00,AMZN,AMZN_897,0.0556690132107797,-0.005665396738348269
2023-07-31 04:00:00,AMZN,AMZN_897,0.0638839692760475,0.009204804976801977
2023-08-01 04:00:00,AMZN,AMZN_897,0.0626471246643853,0.011709430320835108
2023-08-02 04:00:00,AMZN,AMZN_897,0.0751891341146444,0.012455834103781836
2023-08-03 04:00:00,AMZN,AMZN_902,0.0748583788871677,0.04033992146756067
2023-08-04 04:00:00,AMZN,AMZN_902,-0.0083112674732094,-0.019641977847999828
2023-08-07 04:00:00,AMZN,AMZN_902,-0.011601700761652,-0.013829152129192548
2023-08-08 04:00:00,AMZN,AMZN_902,-0.0162212679209534,-0.0039498944857760876
2023-08-09 04:00:00,AMZN,AMZN_902,-0.0201668382749964,-0.031291028916150807
2023-08-10 04:00:00,AMZN,AMZN_907,-0.0330542863146191,0.008616395566422646
2023-08-11 04:00:00,AMZN,AMZN_907,-0.0374973073050141,0.006723825414474072
2023-08-14 04:00:00,AMZN,AMZN_907,-0.0419009343497609,-0.0006411471324681986
2023-08-15 04:00:00,AMZN,AMZN_907,-0.0248420005406578,-0.03009738031409835
2023-08-16 04:00:00,AMZN,AMZN_907,0.0033315830594575,-0.04509502737850103
2023-08-17 04:00:00,AMZN,AMZN_912,-0.0159725291677149,-0.002284076542433513
2023-08-18 04:00:00,AMZN,AMZN_912,0.0003002048173423,-0.0034103912941746196
2023-08-21 04:00:00,AMZN,AMZN_912,-0.0114344622058309,-0.0017340691604759368
2023-08-22 04:00:00,AMZN,AMZN_912,0.0049162283956005,-0.0009182439167876255
2023-08-23 04:00:00,AMZN,AMZN_912,-0.0033205204697122,0.011928245818904767
2023-08-24 04:00:00,AMZN,AMZN_917,0.0467991378969119,-0.008562330173909345
2023-08-25 04:00:00,AMZN,AMZN_917,0.0364700646156956,0.004289367658570103
2023-08-28 04:00:00,AMZN,AMZN_917,0.0310200157859816,0.006279675836966076
2023-08-29 04:00:00,AMZN,AMZN_917,0.0033355343267889,0.003284772726066993
2023-08-30 04:00:00,AMZN,AMZN_917,0.0205819103320534,0.00048454974778079315
2023-08-31 04:00:00,AMZN,AMZN_922,0.0015940962934553,-0.01767883235698026
2023-09-01 04:00:00,AMZN,AMZN_922,0.0360556846393083,0.0060819206742561025
2023-09-05 04:00:00,AMZN,AMZN_922,0.0288481921164518,0.006056474077206502
2023-09-06 04:00:00,AMZN,AMZN_922,0.0701093783272215,0.01788587619745545
2023-09-07 04:00:00,AMZN,AMZN_922,0.0498367414799287,-0.003939285684274036
2023-09-08 04:00:00,AMZN,AMZN_927,0.0156261573382878,0.029683679473334133
2023-09-11 04:00:00,AMZN,AMZN_927,-0.0218030065891094,-0.016710620276855367
2023-09-12 04:00:00,AMZN,AMZN_927,-0.0254902708605306,0.024681553491249522
2023-09-13 04:00:00,AMZN,AMZN_927,-0.0659993953369311,-0.019193331704632555
2023-09-14 04:00:00,AMZN,AMZN_927,-0.1063432784676262,-0.012595005098896132
2023-09-15 04:00:00,AMZN,AMZN_932,-0.0802764037428432,-0.016426380204495446
2023-09-18 04:00:00,AMZN,AMZN_932,-0.0622231155945417,-0.020204347015065034
2023-09-19 04:00:00,AMZN,AMZN_932,-0.0846472506907087,-0.0014729540006289154
2023-09-20 04:00:00,AMZN,AMZN_932,-0.0688150668284014,0.016625801199790395
2023-09-21 04:00:00,AMZN,AMZN_932,-0.0259027172867223,-0.001083014978639379
2023-09-22 04:00:00,AMZN,AMZN_937,-0.0154894086604502,-0.010109804754878571
2023-09-25 04:00:00,AMZN,AMZN_937,-0.0137883560576181,0.002388766984075767
2023-09-26 04:00:00,AMZN,AMZN_937,-0.0100016042439732,-0.0021415863013474383
2023-09-27 04:00:00,AMZN,AMZN_937,0.0080964963953564,0.008012781464715252
2023-09-28 04:00:00,AMZN,AMZN_937,-0.0001587892675654,-0.000609849799244206
2023-09-29 04:00:00,AMZN,AMZN_942,0.0066079005643602,-0.0013487468581421412
2023-10-02 04:00:00,AMZN,AMZN_942,-0.0092693661733196,0.0003582864648538623
2023-10-03 04:00:00,AMZN,AMZN_942,0.0381654462816489,0.010122002206280109
2023-10-04 04:00:00,AMZN,AMZN_942,0.0380315104807456,0.007521970764415702
2023-10-05 04:00:00,AMZN,AMZN_942,0.0505716322076987,0.0130408901582407
2023-10-06 04:00:00,AMZN,AMZN_947,0.0143012989586854,0.03765682385533295
2023-10-09 04:00:00,AMZN,AMZN_947,0.033447752445469,0.0267385364150743
2023-10-10 04:00:00,AMZN,AMZN_947,0.0153692119155732,0.024012017424762586
2023-10-11 04:00:00,AMZN,AMZN_947,-0.0280664256758782,0.012383225169145695
2023-10-12 04:00:00,AMZN,AMZN_947,-0.0296985406195924,0.014079485511790795
2023-10-13 04:00:00,AMZN,AMZN_952,-0.0355959269294537,0.007061820910256157
2023-10-16 04:00:00,AMZN,AMZN_952,-0.0451905345549111,-0.007359439602602007
2023-10-17 04:00:00,AMZN,AMZN_952,-0.0221343548725176,-0.0023578507360164066
2023-10-18 04:00:00,AMZN,AMZN_952,-0.0526028661227981,0.007937127416358207
2023-10-19 04:00:00,AMZN,AMZN_952,-0.0687694285155408,0.011388204000881448
2023-10-20 04:00:00,AMZN,AMZN_957,0.020532074238392,0.0008059940070643429
2023-10-23 04:00:00,AMZN,AMZN_957,0.0485936257420211,0.006135520131343611
2023-10-24 04:00:00,AMZN,AMZN_957,0.0352364566375495,0.008230124628278735
2023-10-25 04:00:00,AMZN,AMZN_957,0.1285937942898014,-0.020681111199707312
2023-10-26 04:00:00,AMZN,AMZN_957,0.1547211480857377,0.010687525948643877
2023-10-27 04:00:00,AMZN,AMZN_962,0.0850165055688192,-0.04362751427432508
2023-10-30 04:00:00,AMZN,AMZN_962,0.0529726352471224,-0.08970375637640932
2023-10-31 04:00:00,AMZN,AMZN_962,0.0722819944449706,-0.04833727621255195
2023-11-01 04:00:00,AMZN,AMZN_962,0.0370803053361656,-0.06990893289695328
2023-11-02 04:00:00,AMZN,AMZN_962,0.0183240287179522,-0.06912096136671146
2023-11-03 04:00:00,AMZN,AMZN_967,0.0357863725588416,-0.004409586297597827
2023-11-06 05:00:00,AMZN,AMZN_967,0.0203949530033902,-0.0050621672311931785
2023-11-07 05:00:00,AMZN,AMZN_967,0.0216522751910877,-0.009516434048524057
2023-11-08 05:00:00,AMZN,AMZN_967,0.0078828484146507,-0.014031525981791084
2023-11-09 05:00:00,AMZN,AMZN_967,0.015860566363683,-0.01539287372589212
2023-11-10 05:00:00,AMZN,AMZN_972,0.0112844465362038,-0.003039686747852439
2023-11-13 05:00:00,AMZN,AMZN_972,0.0248264859796563,-0.011368931141113474
2023-11-14 05:00:00,AMZN,AMZN_972,-0.0130316125891913,-0.013259052238382448
2023-11-15 05:00:00,AMZN,AMZN_972,0.0245112419024258,-0.03895215953960303
2023-11-16 05:00:00,AMZN,AMZN_972,0.0273752265769364,-0.07590104766582345
2023-11-17 05:00:00,AMZN,AMZN_977,0.0175644247169273,-0.07001623929104218
2023-11-20 05:00:00,AMZN,AMZN_977,0.0061588576364322,-0.06949661186282931
2023-11-21 05:00:00,AMZN,AMZN_977,0.0168173282166725,-0.06649617734929317
2023-11-22 05:00:00,AMZN,AMZN_977,-0.0042260946602352,-0.06529643027628158
2023-11-24 05:00:00,AMZN,AMZN_977,0.0019762387575099,-0.06856156533677946
2023-11-27 05:00:00,AMZN,AMZN_982,-0.0195627121994812,-0.0417452299625893
2023-11-28 05:00:00,AMZN,AMZN_982,-0.0010201584556192,-0.03715543624838831
2023-11-29 05:00:00,AMZN,AMZN_982,-0.0123018245055805,-0.034346227464035414
2023-11-30 05:00:00,AMZN,AMZN_982,0.0054076840627381,-0.034878564442493466
2023-12-01 05:00:00,AMZN,AMZN_982,0.0026525157647172,-0.032540111865308544
2023-12-04 05:00:00,AMZN,AMZN_987,0.0072493998778369,-0.007886966804397282
2023-12-05 05:00:00,AMZN,AMZN_987,0.0040849048528099,-0.007507616813938144
2023-12-06 05:00:00,AMZN,AMZN_987,0.0298920006761505,-0.02595837857169615
2023-12-07 05:00:00,AMZN,AMZN_987,0.0036764247561378,-0.019049069076745615
2023-12-08 05:00:00,AMZN,AMZN_987,0.0172975382134754,-0.019260144393882392
2023-12-11 05:00:00,AMZN,AMZN_992,0.0560696961326516,-0.004009157594222107
2023-12-12 05:00:00,AMZN,AMZN_992,0.0427854471209174,-0.007376274040675809
2023-12-13 05:00:00,AMZN,AMZN_992,0.0220370791453847,-0.012151795075701603
2023-12-14 05:00:00,AMZN,AMZN_992,0.0435490316692848,-0.007634377230412845
2023-12-15 05:00:00,AMZN,AMZN_992,0.023004580383813,-0.014585128050507741
2023-12-18 05:00:00,AMZN,AMZN_997,-0.004283790684325,-0.016216641086077326
2023-12-19 05:00:00,AMZN,AMZN_997,-0.0029260482988964,-0.024776038899761623
2023-12-20 05:00:00,AMZN,AMZN_997,0.008282998988097,-0.00036561508130228333
2023-12-21 05:00:00,AMZN,AMZN_997,-0.0123504546393206,-0.01682144911452276
2023-12-22 05:00:00,AMZN,AMZN_997,-0.0227480480694628,-0.012713690590806744
2023-12-26 05:00:00,GOOGL,GOOGL_1002,-0.0183720041338465,-0.014338425937530666
2023-12-27 05:00:00,GOOGL,GOOGL_1002,-0.0283536073661353,-0.06372670390276268
2023-12-28 05:00:00,GOOGL,GOOGL_1002,-0.0320901386087417,-0.08312157787593788
2023-12-29 05:00:00,GOOGL,GOOGL_1002,-0.006084945870569,-0.08734754189410596
2024-01-02 05:00:00,GOOGL,GOOGL_1002,0.0201201332860818,-0.0898038718755752
2024-01-03 05:00:00,GOOGL,GOOGL_1007,0.0241865869179278,-0.041587825871616024
2024-01-04 05:00:00,GOOGL,GOOGL_1007,0.0417186191573375,-0.030899507481672864
2024-01-05 05:00:00,GOOGL,GOOGL_1007,0.0509835584378588,-0.03843181698006102
2024-01-08 05:00:00,GOOGL,GOOGL_1007,0.0262893204519432,-0.09279907170321038
2024-01-09 05:00:00,GOOGL,GOOGL_1007,0.0036892818993949,-0.09364548254659667
2024-01-10 05:00:00,GOOGL,GOOGL_1012,0.0084340522809787,-0.03512682064137198
2024-01-11 05:00:00,GOOGL,GOOGL_1012,0.0302646607287553,-0.03218628850750807
2024-01-12 05:00:00,GOOGL,GOOGL_1012,0.0234140325242733,-0.03423578169156234
2024-01-16 05:00:00,GOOGL,GOOGL_1012,0.0319319785076928,-0.033906190064590544
2024-01-17 05:00:00,GOOGL,GOOGL_1012,0.0511062109645406,-0.029092251475099355
2024-01-18 05:00:00,GOOGL,GOOGL_1017,0.0584750462746082,0.021977058180032757
2024-01-19 05:00:00,GOOGL,GOOGL_1017,0.0396911966442756,0.02086938820052367
2024-01-22 05:00:00,GOOGL,GOOGL_1017,0.0515103002309564,0.017770958378584643
2024-01-23 05:00:00,GOOGL,GOOGL_1017,0.0300599403533243,0.019895479725487473
2024-01-24 05:00:00,GOOGL,GOOGL_1017,-0.0578345058589339,0.005508783612625542
2024-01-25 05:00:00,GOOGL,GOOGL_1022,-0.0705207861948896,-0.032879242325355426
2024-01-26 05:00:00,GOOGL,GOOGL_1022,-0.0644588829832671,-0.03290892425782307
2024-01-29 05:00:00,GOOGL,GOOGL_1022,-0.0640349305114263,-0.031046040690461657
2024-01-30 05:00:00,GOOGL,GOOGL_1022,-0.0485936899782118,-0.02846683895032993
2024-01-31 05:00:00,GOOGL,GOOGL_1022,0.0388293143870226,0.004181409987293957
2024-02-01 05:00:00,GOOGL,GOOGL_1027,0.0336497582655914,0.00864386027976615
2024-02-02 05:00:00,GOOGL,GOOGL_1027,0.0464952583941555,0.005163233689219737
2024-02-05 05:00:00,GOOGL,GOOGL_1027,0.0267957008614503,0.0007236818289474796
2024-02-06 05:00:00,GOOGL,GOOGL_1027,0.007217163373232,0.0010331745311519458
2024-02-07 05:00:00,GOOGL,GOOGL_1027,0.0027484483559581,0.019167860376518582
2024-02-08 05:00:00,GOOGL,GOOGL_1032,-0.0215201104162802,0.014831755298727198
2024-02-09 05:00:00,GOOGL,GOOGL_1032,-0.0569127230036178,0.005245104793387692
2024-02-12 05:00:00,GOOGL,GOOGL_1032,-0.0434488152589133,0.014138317464625289
2024-02-13 05:00:00,GOOGL,GOOGL_1032,-0.0178448143088206,0.023920163416394503
2024-02-14 05:00:00,GOOGL,GOOGL_1032,-0.0126764839836041,0.02830665224684768
2024-02-15 05:00:00,GOOGL,GOOGL_1037,0.0083351012523278,0.038360045731607714
2024-02-16 05:00:00,GOOGL,GOOGL_1037,-0.0209934305333658,0.02228761408942545
2024-02-20 05:00:00,GOOGL,GOOGL_1037,-0.0158729472213692,0.023989323498346614
2024-02-21 05:00:00,GOOGL,GOOGL_1037,-0.0432830448043208,0.025178886303760292
2024-02-22 05:00:00,GOOGL,GOOGL_1037,-0.0390727307038104,0.02176572000996806
2024-02-23 05:00:00,GOOGL,GOOGL_1042,-0.0473743192980957,-0.010355942480169949
2024-02-26 05:00:00,GOOGL,GOOGL_1042,-0.0306752998184961,0.01592180112695747
2024-02-27 05:00:00,GOOGL,GOOGL_1042,-0.0447149085219806,0.004521317357451592
2024-02-28 05:00:00,GOOGL,GOOGL_1042,-0.036515697375193,0.016437147114080602
2024-02-29 05:00:00,GOOGL,GOOGL_1042,-0.0294670058733,0.010551852658453492
2024-03-01 05:00:00,GOOGL,GOOGL_1047,-0.012614815044761,-0.020370087025276876
2024-03-04 05:00:00,GOOGL,GOOGL_1047,0.0323958895215663,-0.01639566865153186
2024-03-05 05:00:00,GOOGL,GOOGL_1047,0.0439436339151118,-0.015773483887059153
2024-03-06 05:00:00,GOOGL,GOOGL_1047,0.0638508354593836,-0.006991603853182401
2024-03-07 05:00:00,GOOGL,GOOGL_1047,0.064890615447644,-0.009749358207487464
2024-03-08 05:00:00,GOOGL,GOOGL_1052,0.0426112462715075,0.04069378894762866
2024-03-11 04:00:00,GOOGL,GOOGL_1052,0.0727100649376919,0.0330882223070991
2024-03-12 04:00:00,GOOGL,GOOGL_1052,0.0615884388396885,0.03271824456183727
2024-03-13 04:00:00,GOOGL,GOOGL_1052,0.0640246987401429,0.025585261166954726
2024-03-14 04:00:00,GOOGL,GOOGL_1052,0.0314465395392422,0.00484352865762756
2024-03-15 04:00:00,GOOGL,GOOGL_1057,0.0679275541450343,0.034890021657017566
2024-03-18 04:00:00,GOOGL,GOOGL_1057,0.0161837402963891,0.0181346426981311
2024-03-19 04:00:00,GOOGL,GOOGL_1057,0.0247568483973965,0.015799528042024873
2024-03-20 04:00:00,GOOGL,GOOGL_1057,0.0143202201516747,-0.005796496940376208
2024-03-21 04:00:00,GOOGL,GOOGL_1057,0.0225608837030144,-0.021442631774617027
2024-03-22 04:00:00,GOOGL,GOOGL_1062,0.0313059699340028,-0.029002495783380856
2024-03-25 04:00:00,GOOGL,GOOGL_1062,0.0299193044261976,-0.027233909633708583
2024-03-26 04:00:00,GOOGL,GOOGL_1062,0.0282073408883598,-0.030240430826902965
2024-03-27 04:00:00,GOOGL,GOOGL_1062,-0.002253571610621,-0.031104321084013172
2024-03-28 04:00:00,GOOGL,GOOGL_1062,0.0104022222249182,-0.032969026515549144
2024-04-01 04:00:00,GOOGL,GOOGL_1067,-0.0041160162520964,-0.004904980966115365
2024-04-02 04:00:00,GOOGL,GOOGL_1067,0.0131988132579292,-0.009944620771886672
2024-04-03 04:00:00,GOOGL,GOOGL_1067,0.0078750402473712,-0.011880582274446588
2024-04-04 04:00:00,GOOGL,GOOGL_1067,0.0589915960594149,-0.005605852641169311
2024-04-05 04:00:00,GOOGL,GOOGL_1067,0.0342950539510757,-0.014110028987781752
2024-04-08 04:00:00,GOOGL,GOOGL_1072,6.454314783344017e-05,0.025403863207124414
2024-04-09 04:00:00,GOOGL,GOOGL_1072,-0.0140486086927544,0.021519710439853516
2024-04-10 04:00:00,GOOGL,GOOGL_1072,-0.0042910091684663,0.026837632427043404
2024-04-11 04:00:00,GOOGL,GOOGL_1072,-0.0213287063369009,0.019581534043309683
2024-04-12 04:00:00,GOOGL,GOOGL_1072,-0.0230774075207363,0.027640354074901004
2024-04-15 04:00:00,GOOGL,GOOGL_1077,0.0091695606570363,0.0067759168838187655
2024-04-16 04:00:00,GOOGL,GOOGL_1077,0.0250000049413179,-0.007554724800506136
2024-04-17 04:00:00,GOOGL,GOOGL_1077,0.0235415426344127,-0.01890508288458307
2024-04-18 04:00:00,GOOGL,GOOGL_1077,-6.406324714980371e-05,-0.023854917501986823
2024-04-19 04:00:00,GOOGL,GOOGL_1077,0.1159062952483165,-0.005060097762356726
2024-04-22 04:00:00,GOOGL,GOOGL_1082,0.0631558433214873,0.03099221929532879
2024-04-23 04:00:00,GOOGL,GOOGL_1082,0.0285606244745932,0.02762130178145834
2024-04-24 04:00:00,GOOGL,GOOGL_1082,0.0297240971683647,0.029288450249136132
2024-04-25 04:00:00,GOOGL,GOOGL_1082,0.0680768917768428,0.03658263282109237
2024-04-26 04:00:00,GOOGL,GOOGL_1082,-0.0273916344208825,0.019082541968232957
2024-04-29 04:00:00,GOOGL,GOOGL_1087,0.0117364566877213,0.018180343935683595
2024-04-30 04:00:00,GOOGL,GOOGL_1087,0.0520334272282865,0.025173540255324096
2024-05-01 04:00:00,GOOGL,GOOGL_1087,0.0336873199798597,0.013409541551341527
2024-05-02 04:00:00,GOOGL,GOOGL_1087,0.0200456829585824,0.011765145295066526
2024-05-03 04:00:00,GOOGL,GOOGL_1087,0.0084309277505849,0.011632954655589323
2024-05-06 04:00:00,GOOGL,GOOGL_1092,0.0061867534108974,0.009101897101290028
2024-05-07 04:00:00,GOOGL,GOOGL_1092,-0.0053138899977189,0.005527995618452005
2024-05-08 04:00:00,GOOGL,GOOGL_1092,0.0184790974955335,0.011753268484744823
2024-05-09 04:00:00,GOOGL,GOOGL_1092,0.0248292880396183,0.0072304056526712535
2024-05-10 04:00:00,GOOGL,GOOGL_1092,0.0439371712438814,0.012181089412794834
2024-05-13 04:00:00,GOOGL,GOOGL_1097,0.0459973915535736,0.026972777445331886
2024-05-14 04:00:00,GOOGL,GOOGL_1097,0.0440883522782751,0.020177286661953557
2024-05-15 04:00:00,GOOGL,GOOGL_1097,0.0224335429784225,0.00954074021511759
2024-05-16 04:00:00,GOOGL,GOOGL_1097,-0.0036168885665077,0.008545604160427623
2024-05-17 04:00:00,GOOGL,GOOGL_1097,-0.0060774286054025,0.004469808667913137
2024-05-20 04:00:00,GOOGL,GOOGL_1102,-0.0029392057305154,-0.002357419295251788
2024-05-21 04:00:00,GOOGL,GOOGL_1102,-0.010964364015238,-0.009794831567883551
2024-05-22 04:00:00,GOOGL,GOOGL_1102,-0.0242091175544413,0.001653039025836567
2024-05-23 04:00:00,GOOGL,GOOGL_1102,-0.0060501471235622,0.03521483071796292
2024-05-24 04:00:00,GOOGL,GOOGL_1102,-0.0104006358482562,0.026023569156462492
2024-05-28 04:00:00,GOOGL,GOOGL_1107,-0.014795922339335,0.0021055313254357204
2024-05-29 04:00:00,GOOGL,GOOGL_1107,-0.0027856182568337,0.01131386164822651
2024-05-30 04:00:00,GOOGL,GOOGL_1107,0.0268432694253888,0.04228328464550116
2024-05-31 04:00:00,GOOGL,GOOGL_1107,0.0113623577615489,0.03368623725744115
2024-06-03 04:00:00,GOOGL,GOOGL_1107,0.0106253759735881,0.03259591011720039
2024-06-04 04:00:00,GOOGL,GOOGL_1112,0.0162840321099229,0.009122204938616365
2024-06-05 04:00:00,GOOGL,GOOGL_1112,0.0135681521825175,0.010530371270977824
2024-06-06 04:00:00,GOOGL,GOOGL_1112,-0.0088835630814483,0.011270873629898792
2024-06-07 04:00:00,GOOGL,GOOGL_1112,0.0133554194806781,0.03267105851328482
2024-06-10 04:00:00,GOOGL,GOOGL_1112,0.0127421921965777,0.031264451570659026
2024-06-11 04:00:00,GOOGL,GOOGL_1117,-0.0086626589378043,0.017546698979868013
2024-06-12 04:00:00,GOOGL,GOOGL_1117,-0.0083806192172865,0.01983836406429589
2024-06-13 04:00:00,GOOGL,GOOGL_1117,0.0255195314412413,0.0373929017097851
2024-06-14 04:00:00,GOOGL,GOOGL_1117,0.0137451667337153,0.026170966509262202
2024-06-17 04:00:00,GOOGL,GOOGL_1117,0.0383095975834568,0.023565462796375333
2024-06-18 04:00:00,GOOGL,GOOGL_1122,0.0502028027229997,0.03666009559322369
2024-06-20 04:00:00,GOOGL,GOOGL_1122,0.0516732867422413,0.01806109523452021
2024-06-21 04:00:00,GOOGL,GOOGL_1122,0.0140287755117298,0.005876330595203835
2024-06-24 04:00:00,GOOGL,GOOGL_1122,0.0210356224014212,0.01758061790256766
2024-06-25 04:00:00,GOOGL,GOOGL_1122,0.0065750514692897,0.00039348552503116005
2024-06-26 04:00:00,GOOGL,GOOGL_1127,0.0105503719267499,0.0010660639048378725
2024-06-27 04:00:00,GOOGL,GOOGL_1127,0.0279920303052501,-0.013712882761387768
2024-06-28 04:00:00,GOOGL,GOOGL_1127,0.03777109587345,0.02012638555510641
2024-07-01 04:00:00,GOOGL,GOOGL_1127,0.0327339748322961,0.012217656564064205
2024-07-02 04:00:00,GOOGL,GOOGL_1127,0.032066438169245,0.0021602137522549964
2024-07-03 04:00:00,GOOGL,GOOGL_1132,-0.0013453879568726,0.016868951773992533
2024-07-05 04:00:00,GOOGL,GOOGL_1132,-0.0290136337996415,-0.026099603573651375
2024-07-08 04:00:00,GOOGL,GOOGL_1132,-0.0132254140408628,0.002815361522674293
2024-07-09 04:00:00,GOOGL,GOOGL_1132,-0.0267753078261729,0.007638122198754296
2024-07-10 04:00:00,GOOGL,GOOGL_1132,-0.0531435756488938,-0.00322459269238603
2024-07-11 04:00:00,GOOGL,GOOGL_1137,-0.0424637849426009,0.03505899738934873
2024-07-12 04:00:00,GOOGL,GOOGL_1137,-0.0400389224015537,0.03268837059503532
2024-07-15 04:00:00,GOOGL,GOOGL_1137,-0.0260547935568365,0.022662472714439136
2024-07-16 04:00:00,GOOGL,GOOGL_1137,-0.0115811488909211,0.04592001451141707
2024-07-17 04:00:00,GOOGL,GOOGL_1137,-0.0463484653166854,0.03663202597741678
2024-07-18 04:00:00,GOOGL,GOOGL_1142,-0.0585851962354612,-0.012673190078784959
2024-07-19 04:00:00,GOOGL,GOOGL_1142,-0.0600022708678065,-0.013644443805508402
2024-07-22 04:00:00,GOOGL,GOOGL_1142,-0.0668244592503312,-0.018270148049115566
2024-07-23 04:00:00,GOOGL,GOOGL_1142,-0.0632598076061277,-0.018917689201037046
2024-07-24 04:00:00,GOOGL,GOOGL_1142,-0.0063141491389033,-0.019454685920244533
2024-07-25 04:00:00,GOOGL,GOOGL_1147,0.0208034179395855,-0.014574043094545125
2024-07-26 04:00:00,GOOGL,GOOGL_1147,-0.0020359062149138,-0.013099090981665888
2024-07-29 04:00:00,GOOGL,GOOGL_1147,-0.0606382283567401,-0.013406965416974432
2024-07-30 04:00:00,GOOGL,GOOGL_1147,-0.0704680279118737,-0.005977477976607764
2024-07-31 04:00:00,GOOGL,GOOGL_1147,-0.0734522055373377,0.0009230803612118757
2024-08-01 04:00:00,GOOGL,GOOGL_1152,-0.0511243617262447,0.0019753918143207544
2024-08-02 04:00:00,GOOGL,GOOGL_1152,-0.0179407501947862,0.014223559613453564
2024-08-05 04:00:00,GOOGL,GOOGL_1152,0.0190894397873331,0.015551894145353675
2024-08-06 04:00:00,GOOGL,GOOGL_1152,0.0370839005935494,0.01454258072740986
2024-08-07 04:00:00,GOOGL,GOOGL_1152,0.0089970596062398,0.008809005646880004
2024-08-08 04:00:00,GOOGL,GOOGL_1157,-0.0045053121831679,0.0009507039240541414
2024-08-09 04:00:00,GOOGL,GOOGL_1157,-0.0043379450297619,-0.004519699048657256
2024-08-12 04:00:00,GOOGL,GOOGL_1157,0.0269887550928056,-0.0007296849649488566
2024-08-13 04:00:00,GOOGL,GOOGL_1157,0.0183966188249355,-0.00349807378427962
2024-08-14 04:00:00,GOOGL,GOOGL_1157,0.0341710491561948,-0.002174792447366803
2024-08-15 04:00:00,GOOGL,GOOGL_1162,0.0154990697625578,0.014485962703484134
2024-08-16 04:00:00,GOOGL,GOOGL_1162,0.0163229522197483,0.007280994094308095
2024-08-19 04:00:00,GOOGL,GOOGL_1162,-0.0030599058765152,0.011030654526719476
2024-08-20 04:00:00,GOOGL,GOOGL_1162,-0.0149539425142118,0.0068684663931600585
2024-08-21 04:00:00,GOOGL,GOOGL_1162,-0.0180886336424223,0.021112034618515397
2024-08-22 04:00:00,GOOGL,GOOGL_1167,-0.0123321381857524,0.0022310993028424953
2024-08-23 04:00:00,GOOGL,GOOGL_1167,-0.0135248780365562,-0.0032672083258367536
2024-08-26 04:00:00,GOOGL,GOOGL_1167,-0.0529610186435289,0.0010739058696126208
2024-08-27 04:00:00,GOOGL,GOOGL_1167,-0.0499756867474613,0.001774545160297587
2024-08-28 04:00:00,GOOGL,GOOGL_1167,-0.0344488817936277,0.0024390986554322057
2024-08-29 04:00:00,GOOGL,GOOGL_1172,-0.0671282030677165,-0.021117119691929847
2024-08-30 04:00:00,GOOGL,GOOGL_1172,-0.0897906581620416,-0.027252455002796317
2024-09-03 04:00:00,GOOGL,GOOGL_1172,-0.0552872198430195,-0.008566894329623924
2024-09-04 04:00:00,GOOGL,GOOGL_1172,-0.0338126774644993,-0.0041238260036612325
2024-09-05 04:00:00,GOOGL,GOOGL_1172,-0.0162172663614456,-0.010508853694157787
2024-09-06 04:00:00,GOOGL,GOOGL_1177,0.043334273948246,-0.0010595853227011898
2024-09-09 04:00:00,GOOGL,GOOGL_1177,0.0628739857615423,0.008815920056414767
2024-09-10 04:00:00,GOOGL,GOOGL_1177,0.0717072743139344,0.007243811053692332
2024-09-11 04:00:00,GOOGL,GOOGL_1177,0.0572240916044157,0.01082248315156158
2024-09-12 04:00:00,GOOGL,GOOGL_1177,0.0481608173163234,0.00691716348870726
2024-09-13 04:00:00,GOOGL,GOOGL_1182,0.0389304544814526,0.020733737402131244
2024-09-16 04:00:00,GOOGL,GOOGL_1182,0.0239782905444934,0.00911861050235293
2024-09-17 04:00:00,GOOGL,GOOGL_1182,0.018641638371696,-0.00344078811000176
2024-09-18 04:00:00,GOOGL,GOOGL_1182,0.0105125333848674,-0.010073764286532734
2024-09-19 04:00:00,GOOGL,GOOGL_1182,0.0036388080677907,-0.009816358620387072
2024-09-20 04:00:00,GOOGL,GOOGL_1187,0.0022006272902408,0.004757226048500327
2024-09-23 04:00:00,GOOGL,GOOGL_1187,0.0247142406497142,0.005483405082824666
2024-09-24 04:00:00,GOOGL,GOOGL_1187,0.0289605792191061,0.0053995627147157286
2024-09-25 04:00:00,GOOGL,GOOGL_1187,0.0270604679456307,0.004073772791487333
2024-09-26 04:00:00,GOOGL,GOOGL_1187,0.0192343450192986,0.0033788157256027735
2024-09-27 04:00:00,GOOGL,GOOGL_1192,0.0189692020020797,0.014555808258768944
2024-09-30 04:00:00,GOOGL,GOOGL_1192,-0.0173048554136635,0.01109725565270411
2024-10-01 04:00:00,GOOGL,GOOGL_1192,-0.0156296815647353,-0.0033883977557858254
2024-10-02 04:00:00,GOOGL,GOOGL_1192,-0.0241167248600043,-0.005538846013175771
2024-10-03 04:00:00,GOOGL,GOOGL_1192,-0.0227902976328637,-0.01357456581076242
2024-10-04 04:00:00,GOOGL,GOOGL_1197,-0.0228659889935044,-0.02367923777753398
2024-10-07 04:00:00,GOOGL,GOOGL_1197,0.0121487976330432,-0.026640649499718186
2024-10-08 04:00:00,GOOGL,GOOGL_1197,0.0065701532970789,-0.035420691855588785
2024-10-09 04:00:00,GOOGL,GOOGL_1197,0.0203880083980845,-0.01342308867827613
2024-10-10 04:00:00,GOOGL,GOOGL_1197,0.0052442672453356,-0.01749635929839518
2024-10-11 04:00:00,GOOGL,GOOGL_1202,0.0011026260090929,0.0004587196889046154
2024-10-14 04:00:00,GOOGL,GOOGL_1202,-0.0053952434131031,-0.0007440331349319862
2024-10-15 04:00:00,GOOGL,GOOGL_1202,-0.0019340463630715,-0.0022031337372416114
2024-10-16 04:00:00,GOOGL,GOOGL_1202,-0.014410298074839,-0.002114155273073866
2024-10-17 04:00:00,GOOGL,GOOGL_1202,-0.0012888446849438,0.0012437088782824481
2024-10-18 04:00:00,GOOGL,GOOGL_1207,0.0113205612791835,-0.003612870306038094
2024-10-21 04:00:00,GOOGL,GOOGL_1207,0.0161516046698755,-0.006245002222302476
2024-10-22 04:00:00,GOOGL,GOOGL_1207,0.0274917845640818,-0.007918342233447681
2024-10-23 04:00:00,GOOGL,GOOGL_1207,0.0717533359267712,-0.0010554401598311645
2024-10-24 04:00:00,GOOGL,GOOGL_1207,0.0515609594807511,-0.0021356214772478926
2024-10-25 04:00:00,GOOGL,GOOGL_1212,0.0364251761242011,0.02325705114433017
2024-10-28 04:00:00,GOOGL,GOOGL_1212,0.0151151886636862,0.011377487941296872
2024-10-29 04:00:00,GOOGL,GOOGL_1212,0.0003536823430767,-0.0004490584376981559
2024-10-30 04:00:00,GOOGL,GOOGL_1212,0.011750474114855,-0.031097199513349702
2024-10-31 04:00:00,GOOGL,GOOGL_1212,0.0563380244010427,-0.008195202649835734
2024-11-01 04:00:00,GOOGL,GOOGL_1217,0.0412167265695979,0.001626609314562301
2024-11-04 05:00:00,GOOGL,GOOGL_1217,0.065646420761906,0.008171094955906854
2024-11-05 05:00:00,GOOGL,GOOGL_1217,0.0699893321524718,0.01071115385588006
2024-11-06 05:00:00,GOOGL,GOOGL_1217,0.0134270605049777,0.0032787037512595073
2024-11-07 05:00:00,GOOGL,GOOGL_1217,-0.0286030327465853,-0.02332593452512049
2024-11-08 05:00:00,GOOGL,GOOGL_1222,-0.0328567446583117,0.004347907403325654
2024-11-11 05:00:00,GOOGL,GOOGL_1222,-0.0280011249284861,-0.003892215325010542
2024-11-12 05:00:00,GOOGL,GOOGL_1222,-0.0192710059139781,-0.0056954252390150825
2024-11-13 05:00:00,GOOGL,GOOGL_1222,-0.016212036427287,0.004025469789743979
2024-11-14 05:00:00,GOOGL,GOOGL_1222,-0.0452784876713452,0.035573979708836884
2024-11-15 05:00:00,GOOGL,GOOGL_1227,-0.0448142543924637,0.01032634592398406
2024-11-18 05:00:00,GOOGL,GOOGL_1227,-0.0436395266520032,0.005844941015574222
2024-11-19 05:00:00,GOOGL,GOOGL_1227,-0.0505277354969541,0.0002211090199749597
2024-11-20 05:00:00,GOOGL,GOOGL_1227,-0.0383566323666166,0.0033520258336643327
2024-11-21 05:00:00,GOOGL,GOOGL_1227,0.0078744379107575,0.016478554069619945
2024-11-22 05:00:00,GOOGL,GOOGL_1232,0.0408473610749537,-0.005760091516546519
2024-11-25 05:00:00,GOOGL,GOOGL_1232,0.0220101555368064,-0.012425858874385333
2024-11-26 05:00:00,GOOGL,GOOGL_1232,0.0310430472538869,-0.009976693996439818
2024-11-27 05:00:00,GOOGL,GOOGL_1232,0.0201501137398802,-0.007306237268850098
2024-11-29 05:00:00,GOOGL,GOOGL_1232,0.0340929853191389,-0.005973538777196343
2024-12-02 05:00:00,GOOGL,GOOGL_1237,0.0226251647311195,0.006296685699668941
2024-12-03 05:00:00,GOOGL,GOOGL_1237,0.0807167160420692,0.01346617833100341
2024-12-04 05:00:00,GOOGL,GOOGL_1237,0.1206056051395965,-0.0017881719992424458
2024-12-05 05:00:00,GOOGL,GOOGL_1237,0.1119092179826384,-0.007143374940618723
2024-12-06 05:00:00,GOOGL,GOOGL_1237,0.0864861772634357,-0.01611832158911938
2024-12-09 05:00:00,GOOGL,GOOGL_1242,0.1214005196880754,0.03772905261348491
2024-12-10 05:00:00,GOOGL,GOOGL_1242,0.0553545396195775,-0.0039704672028844255
2024-12-11 05:00:00,GOOGL,GOOGL_1242,-0.0358239519890074,-0.02819197305958007
2024-12-12 05:00:00,GOOGL,GOOGL_1242,-0.0179725572325788,-0.016708433220509963
2024-12-13 05:00:00,GOOGL,GOOGL_1242,0.00837633693257,-0.013763520949189008
2024-12-16 05:00:00,GOOGL,GOOGL_1247,-0.0103223774102264,-0.015107723076212713
2024-12-17 05:00:00,GOOGL,GOOGL_1247,0.0035308691427258,-0.02391888850829845
2024-12-18 05:00:00,GOOGL,GOOGL_1247,0.0382166265408012,-0.028634438387664045
2024-12-19 05:00:00,GOOGL,GOOGL_1247,0.0225452237220551,-0.03191486962965799
2024-12-20 05:00:00,GOOGL,GOOGL_1247,-0.0008881362817657,-0.028216371012290645
2020-12-31 05:00:00,GOOGL,GOOGL_252,0.0257839430644095,0.013107270304509573
2021-01-04 05:00:00,GOOGL,GOOGL_252,0.0174725605589494,0.020603565970713486
2021-01-05 05:00:00,GOOGL,GOOGL_252,-0.0015057536256997,0.014608568279243077
2021-01-06 05:00:00,GOOGL,GOOGL_252,0.0141449886131213,0.014426323787153687
2021-01-07 05:00:00,GOOGL,GOOGL_252,-0.0244711293080726,0.028902971561190673
2021-01-08 05:00:00,GOOGL,GOOGL_257,-0.0390526977891081,0.008416679419120889
2021-01-11 05:00:00,GOOGL,GOOGL_257,0.0160452343184052,0.021370028787750562
2021-01-12 05:00:00,GOOGL,GOOGL_257,0.0820983169338285,0.01788339768149676
2021-01-13 05:00:00,GOOGL,GOOGL_257,0.0783516194270816,0.017330957125805665
2021-01-14 05:00:00,GOOGL,GOOGL_257,0.0933838762589853,0.012964347394103706
2021-01-15 05:00:00,GOOGL,GOOGL_262,0.0964679790816747,0.06403818126403137
2021-01-19 05:00:00,GOOGL,GOOGL_262,0.0691969689183213,0.042495465878799245
2021-01-20 05:00:00,GOOGL,GOOGL_262,-0.0325147811983336,-0.00460505363786972
2021-01-21 05:00:00,GOOGL,GOOGL_262,-0.0164264313998298,0.002726997122291917
2021-01-22 05:00:00,GOOGL,GOOGL_262,-0.0344507143023574,0.00917269165553987
2021-01-25 05:00:00,GOOGL,GOOGL_267,-0.0006386961930275,-0.010982692486504577
2021-01-26 05:00:00,GOOGL,GOOGL_267,0.0058544742013737,-0.01777421974748748
2021-01-27 05:00:00,GOOGL,GOOGL_267,0.1319120128550521,-0.022311506849560493
2021-01-28 05:00:00,GOOGL,GOOGL_267,0.1081534560513628,-0.0074822568675378676
2021-01-29 05:00:00,GOOGL,GOOGL_267,0.1430862241526358,-0.009323655650071117
2021-02-01 05:00:00,GOOGL,GOOGL_272,0.1011319619577726,0.08921373883844405
2021-02-02 05:00:00,GOOGL,GOOGL_272,0.0814279393296333,0.08335386486569814
2021-02-03 05:00:00,GOOGL,GOOGL_272,0.0134053198840649,0.06893719882407202
2021-02-04 05:00:00,GOOGL,GOOGL_272,0.0171013926338932,0.07523815779085641
2021-02-05 05:00:00,GOOGL,GOOGL_272,0.0029682185195563,0.06402018134799889
2021-02-08 05:00:00,GOOGL,GOOGL_277,0.012559301550167,0.00685595593601768
2021-02-09 05:00:00,GOOGL,GOOGL_277,0.0208298103795556,0.007828508243201509
2021-02-10 05:00:00,GOOGL,GOOGL_277,0.0092644008262423,0.00509925981046044
2021-02-11 05:00:00,GOOGL,GOOGL_277,2.870953489675365e-05,0.004981234042320463
2021-02-12 05:00:00,GOOGL,GOOGL_277,-0.0194603943236953,0.004357280157054378
2021-02-16 05:00:00,GOOGL,GOOGL_282,-0.0239636790661884,-0.008996225678327313
2021-02-17 05:00:00,GOOGL,GOOGL_282,-0.0164305199405269,-0.01761693129232886
2021-02-18 05:00:00,GOOGL,GOOGL_282,-0.0426723811859105,0.00956939277321229
2021-02-19 05:00:00,GOOGL,GOOGL_282,-0.0320278174987992,0.011003113863270185
2021-02-22 05:00:00,GOOGL,GOOGL_282,0.0074966585697862,0.06744231266074509
2021-02-23 05:00:00,GOOGL,GOOGL_287,0.0021164041542374,0.03647004876171033
2021-02-24 05:00:00,GOOGL,GOOGL_287,-0.0347440042464893,0.01049058765375873
2021-02-25 05:00:00,GOOGL,GOOGL_287,0.0089188925295931,0.03888660284923601
2021-02-26 05:00:00,GOOGL,GOOGL_287,0.037172805332573,0.024397402314763807
2021-03-01 05:00:00,GOOGL,GOOGL_287,-0.0300339346332909,0.03700182457892263
2021-03-02 05:00:00,GOOGL,GOOGL_292,-0.0116833419858539,0.012983102728815699
2021-03-03 05:00:00,GOOGL,GOOGL_292,0.0123196998447197,0.008959741908944387
2021-03-04 05:00:00,GOOGL,GOOGL_292,0.0327493832506449,0.0008866674145279101
2021-03-05 05:00:00,GOOGL,GOOGL_292,-0.0224456060884101,0.004674222216133278
2021-03-08 05:00:00,GOOGL,GOOGL_292,0.0233823175299658,0.005901305608622517
2021-03-09 05:00:00,GOOGL,GOOGL_297,0.0213345300893983,-0.012215765547282646
2021-03-10 05:00:00,GOOGL,GOOGL_297,0.0226059294646621,-0.006644684495450168
2021-03-11 05:00:00,GOOGL,GOOGL_297,-0.0377045813777744,-0.0032286966871636303
2021-03-12 05:00:00,GOOGL,GOOGL_297,-0.0112390285584984,-0.0029526014535359167
2021-03-15 04:00:00,GOOGL,GOOGL_297,-0.0115603278614982,-0.0110018235577361
2021-03-16 04:00:00,GOOGL,GOOGL_302,-0.0204233995475719,-0.010405575274717898
2021-03-17 04:00:00,GOOGL,GOOGL_302,-0.0238639247423996,-0.0085508701762407
2021-03-18 04:00:00,GOOGL,GOOGL_302,0.0055012986283591,0.007642163232821474
2021-03-19 04:00:00,GOOGL,GOOGL_302,-0.0011001299695081,0.03425219221994838
2021-03-22 04:00:00,GOOGL,GOOGL_302,0.0074358691135549,0.04619182887105264
2021-03-23 04:00:00,GOOGL,GOOGL_307,0.0025180033577365,0.017041584119133184
2021-03-24 04:00:00,GOOGL,GOOGL_307,0.014754974498117,0.01719694870692351
2021-03-25 04:00:00,GOOGL,GOOGL_307,0.0478828342190988,0.013143745304360611
2021-03-26 04:00:00,GOOGL,GOOGL_307,0.0959287816188243,0.01565027380921918
2021-03-29 04:00:00,GOOGL,GOOGL_307,0.0799055648013553,0.013219821924705017
2021-03-30 04:00:00,GOOGL,GOOGL_312,0.0940937145693037,0.0592311044683457
2021-03-31 04:00:00,GOOGL,GOOGL_312,0.0911069975869522,0.06310197884046441
2021-04-01 04:00:00,GOOGL,GOOGL_312,0.0661523947382258,0.0243908500820576
2021-04-05 04:00:00,GOOGL,GOOGL_312,0.0115640190298895,0.0011591562561475686
2021-04-06 04:00:00,GOOGL,GOOGL_312,0.0204457528576991,0.0012242145501633688
2021-04-07 04:00:00,GOOGL,GOOGL_317,0.0012862462089504,0.01208677120986126
2021-04-08 04:00:00,GOOGL,GOOGL_317,0.0154725747534414,-0.034623010250319136
2021-04-09 04:00:00,GOOGL,GOOGL_317,0.0053199828533756,-0.034842725870398675
2021-04-12 04:00:00,GOOGL,GOOGL_317,0.0201102734389178,-0.02843868990551441
2021-04-13 04:00:00,GOOGL,GOOGL_317,0.0109030126774054,-0.030221440186788774
2021-04-14 04:00:00,GOOGL,GOOGL_322,0.0162540536615043,-0.0035137440346831267
2021-04-15 04:00:00,GOOGL,GOOGL_322,-0.0143222626956935,-0.00923673943913704
2021-04-16 04:00:00,GOOGL,GOOGL_322,0.0075260206560994,-0.013403221078598362
2021-04-19 04:00:00,GOOGL,GOOGL_322,0.008808776069525,-0.017893818317563606
2021-04-20 04:00:00,GOOGL,GOOGL_322,0.0052523078900783,-0.016079493962528134
2021-04-21 04:00:00,GOOGL,GOOGL_327,0.0354159808912697,0.0023349792138673553
2021-04-22 04:00:00,GOOGL,GOOGL_327,0.0622591681476534,0.01906806358932184
2021-04-23 04:00:00,GOOGL,GOOGL_327,0.0232920566097081,-0.001752699402520541
2021-04-26 04:00:00,GOOGL,GOOGL_327,0.014351095036271,0.003875173724720926
2021-04-27 04:00:00,GOOGL,GOOGL_327,0.0069183991359627,0.0030377415051811973
2021-04-28 04:00:00,GOOGL,GOOGL_332,-0.0187661159732358,0.00024077892091650614
2021-04-29 04:00:00,GOOGL,GOOGL_332,-0.0231573594660404,0.005024763538746774
2021-04-30 04:00:00,GOOGL,GOOGL_332,-0.0006671465280696,0.016317987231867212
2021-05-03 04:00:00,GOOGL,GOOGL_332,-0.0219070438691164,0.001851912416608397
2021-05-04 04:00:00,GOOGL,GOOGL_332,-0.0159396313318637,0.02742363684124936
2021-05-05 04:00:00,GOOGL,GOOGL_337,-0.0494736447283687,-0.012868904634901736
2021-05-06 04:00:00,GOOGL,GOOGL_337,-0.0463387752115036,-0.012569554070204953
2021-05-07 04:00:00,GOOGL,GOOGL_337,-0.0312721719664855,-0.011028473020817293
2021-05-10 04:00:00,GOOGL,GOOGL_337,-0.0012348849437052,0.025984433821279462
2021-05-11 04:00:00,GOOGL,GOOGL_337,-0.0033435358385541,0.023260103747453145
2021-05-12 04:00:00,GOOGL,GOOGL_342,0.0323826846842323,0.0051647132322393315
2021-05-13 04:00:00,GOOGL,GOOGL_342,0.0349522669984063,0.0012854159220194
2021-05-14 04:00:00,GOOGL,GOOGL_342,0.0069127931511114,0.0021046343236811467
2021-05-17 04:00:00,GOOGL,GOOGL_342,0.0315083343632878,0.0019799503036972816
2021-05-18 04:00:00,GOOGL,GOOGL_342,0.0443763179638023,-0.0038519402408677293
2021-05-19 04:00:00,GOOGL,GOOGL_347,0.0479023211765932,0.023568805391188143
2021-05-20 04:00:00,GOOGL,GOOGL_347,0.0241574280757741,0.02351906681421055
2021-05-21 04:00:00,GOOGL,GOOGL_347,0.0273393544713902,0.03186908112174665
2021-05-24 04:00:00,GOOGL,GOOGL_347,0.0085301065473248,0.021329775834291395
2021-05-25 04:00:00,GOOGL,GOOGL_347,0.0032672265738389,0.01976213018319366
2021-05-26 04:00:00,GOOGL,GOOGL_352,-0.0137503525731429,0.01987152056917046
2021-05-27 04:00:00,GOOGL,GOOGL_352,0.0130740903871464,0.02613097180980473
2021-05-28 04:00:00,GOOGL,GOOGL_352,0.019284206530012,0.026663284286334684
2021-06-01 04:00:00,GOOGL,GOOGL_352,0.0072484984429328,0.01619546522586321
2021-06-02 04:00:00,GOOGL,GOOGL_352,0.0157555735912031,0.012980000222533393
2021-06-03 04:00:00,GOOGL,GOOGL_357,0.0372937452470247,0.00548382323649561
2021-06-04 04:00:00,GOOGL,GOOGL_357,0.0153035412615945,-0.0005436370491977423
2021-06-07 04:00:00,GOOGL,GOOGL_357,0.0194022845817884,0.006300031654493586
2021-06-08 04:00:00,GOOGL,GOOGL_357,0.0124873269672973,0.009232299614439285
2021-06-09 04:00:00,GOOGL,GOOGL_357,0.0031188144284819,0.012832060008026901
2021-06-10 04:00:00,GOOGL,GOOGL_362,-0.0001067744905215,-0.027757553020249456
2021-06-11 04:00:00,GOOGL,GOOGL_362,-0.0115134725586363,-0.02491203533825928
2021-06-14 04:00:00,GOOGL,GOOGL_362,-0.0051696731863571,-0.03127660537316883
2021-06-15 04:00:00,GOOGL,GOOGL_362,0.0075028761150777,-0.020799627607345782
2021-06-16 04:00:00,GOOGL,GOOGL_362,0.0112153000655152,-0.02371578586126363
2021-06-17 04:00:00,GOOGL,GOOGL_367,0.0062138861266325,-0.004936706751530748
2021-06-18 04:00:00,GOOGL,GOOGL_367,0.0199606953838893,0.0013529778517854174
2021-06-21 04:00:00,GOOGL,GOOGL_367,0.0059394816853193,-0.004195963535415684
2021-06-22 04:00:00,GOOGL,GOOGL_367,-0.000474114454672,-0.0017604597098879926
2021-06-23 04:00:00,GOOGL,GOOGL_367,-0.0003070449160172,0.0006172366068218492
2021-06-24 04:00:00,GOOGL,GOOGL_372,-0.0004530303332271,0.0018267132148322193
2021-06-25 04:00:00,GOOGL,GOOGL_372,0.022439263957118,0.001176891897503487
2021-06-28 04:00:00,GOOGL,GOOGL_372,0.029819801819795,0.00552986462944247
2021-06-29 04:00:00,GOOGL,GOOGL_372,0.0343617736647567,0.001928044677061242
2021-06-30 04:00:00,GOOGL,GOOGL_372,0.0241994461495582,0.001353516872480235
2021-07-01 04:00:00,GOOGL,GOOGL_377,0.025105230553891,0.0228156071608649
2021-07-02 04:00:00,GOOGL,GOOGL_377,0.0137157641140981,0.005249670321417075
2021-07-06 04:00:00,GOOGL,GOOGL_377,0.0091251039300179,0.004950947196423623
2021-07-07 04:00:00,GOOGL,GOOGL_377,0.0139396279226891,0.0030182253075144395
2021-07-08 04:00:00,GOOGL,GOOGL_377,0.0156824682132454,0.0012249674300543328
2021-07-09 04:00:00,GOOGL,GOOGL_382,0.0115640317892802,0.005163987855570081
2021-07-12 04:00:00,GOOGL,GOOGL_382,-0.0188815877586,0.006276302985094411
2021-07-13 04:00:00,GOOGL,GOOGL_382,-0.0088894520698548,0.007227941141512441
2021-07-14 04:00:00,GOOGL,GOOGL_382,-0.0053650343759147,0.004739074825433912
2021-07-15 04:00:00,GOOGL,GOOGL_382,0.0111530751347452,0.007093107813891508
2021-07-16 04:00:00,GOOGL,GOOGL_387,0.0476096566970785,0.0006745736317650092
2021-07-19 04:00:00,GOOGL,GOOGL_387,0.0759122839507986,0.010940304541623149
2021-07-20 04:00:00,GOOGL,GOOGL_387,0.0450876564724191,0.008061404547107664
2021-07-21 04:00:00,GOOGL,GOOGL_387,0.0669937851202375,0.0061383778130137765
2021-07-22 04:00:00,GOOGL,GOOGL_387,0.0572801530756463,-0.0021346554661437673
2021-07-23 04:00:00,GOOGL,GOOGL_392,0.0128669855508678,0.0278436543917328
2021-07-26 04:00:00,GOOGL,GOOGL_392,0.0061141027477089,0.022153997141690508
2021-07-27 04:00:00,GOOGL,GOOGL_392,0.02827908384329,0.03421898713775782
2021-07-28 04:00:00,GOOGL,GOOGL_392,-0.0071163360786163,0.03259799672809888
2021-07-29 04:00:00,GOOGL,GOOGL_392,0.003490998407114,0.0358874402406705
2021-07-30 04:00:00,GOOGL,GOOGL_397,0.0075114650584702,0.007937867816482315
2021-08-02 04:00:00,GOOGL,GOOGL_397,0.0152645022955308,0.004414640730990026
2021-08-03 04:00:00,GOOGL,GOOGL_397,0.0086780351747532,-0.00987028940345435
2021-08-04 04:00:00,GOOGL,GOOGL_397,0.0085365337241978,-0.004889043088691896
2021-08-05 04:00:00,GOOGL,GOOGL_397,0.0069173911105566,-0.010490491408424594
2021-08-06 04:00:00,GOOGL,GOOGL_402,0.0146531639012661,0.009109619612376111
2021-08-09 04:00:00,GOOGL,GOOGL_402,0.0101999057143142,0.005515717330043537
2021-08-10 04:00:00,GOOGL,GOOGL_402,-0.001063599123066,0.006275935270183397
2021-08-11 04:00:00,GOOGL,GOOGL_402,-0.0060904599290956,0.015414623931690907
2021-08-12 04:00:00,GOOGL,GOOGL_402,-0.0110355231691265,0.010514516576134678
2021-08-13 04:00:00,GOOGL,GOOGL_407,-0.0021636122497523,-0.0012336371623013953
2021-08-16 04:00:00,GOOGL,GOOGL_407,0.012522711473899,-0.00855235433294811
2021-08-17 04:00:00,GOOGL,GOOGL_407,0.0336598539924306,0.009530982145560389
2021-08-18 04:00:00,GOOGL,GOOGL_407,0.04894823419197,0.0003641001917038353
2021-08-19 04:00:00,GOOGL,GOOGL_407,0.042456615688573,0.008692034429368216
2021-08-20 04:00:00,GOOGL,GOOGL_412,0.0478390243577473,0.012513620957706867
2021-08-23 04:00:00,GOOGL,GOOGL_412,0.0324831985146703,0.0036237494726606345
2021-08-24 04:00:00,GOOGL,GOOGL_412,0.024323607318178,0.005923722502848738
2021-08-25 04:00:00,GOOGL,GOOGL_412,0.0220757834924896,0.01133054966001011
2021-08-26 04:00:00,GOOGL,GOOGL_412,0.0130549347884365,0.020234741469726463
2021-08-27 04:00:00,GOOGL,GOOGL_417,-0.0018367257412651,0.0105703994892185
2021-08-30 04:00:00,GOOGL,GOOGL_417,-0.002143969063358,0.011931273532138869
2021-08-31 04:00:00,GOOGL,GOOGL_417,-0.0069558926888887,0.0028953936176574946
2021-09-01 04:00:00,GOOGL,GOOGL_417,-0.0115311348521773,-0.018066411535981097
2021-09-02 04:00:00,GOOGL,GOOGL_417,-0.0168263376319172,0.01451488112944162
2021-09-03 04:00:00,GOOGL,GOOGL_422,-0.0097885248073483,-0.004063857990702055
2021-09-07 04:00:00,GOOGL,GOOGL_422,-0.0120321711008974,-0.0014037682408473847
2021-09-08 04:00:00,GOOGL,GOOGL_422,0.0051395714507047,0.007747811174910761
2021-09-09 04:00:00,GOOGL,GOOGL_422,0.0004807005940086,0.01925471034892949
2021-09-10 04:00:00,GOOGL,GOOGL_422,-0.0005395100975363,0.03317434729049823
2021-09-13 04:00:00,GOOGL,GOOGL_427,-0.0253842691117178,0.029291510726035055
2021-09-14 04:00:00,GOOGL,GOOGL_427,-0.0246343422613809,0.027547955899573186
2021-09-15 04:00:00,GOOGL,GOOGL_427,-0.028706124624049,0.029654196418283166
2021-09-16 04:00:00,GOOGL,GOOGL_427,-0.0166701286972228,0.02493662415357462
2021-09-17 04:00:00,GOOGL,GOOGL_427,0.0100496680075543,0.025054320007614827
2021-09-20 04:00:00,GOOGL,GOOGL_432,0.0169587446916612,0.015753807461056167
2021-09-21 04:00:00,GOOGL,GOOGL_432,-0.0230377163695731,0.013078970164663148
2021-09-22 04:00:00,GOOGL,GOOGL_432,-0.0422714928691302,0.013879456952920963
2021-09-23 04:00:00,GOOGL,GOOGL_432,-0.0533934424033024,0.01050574588546881
2021-09-24 04:00:00,GOOGL,GOOGL_432,-0.0398832557491779,0.0035053545770979775
2021-09-27 04:00:00,GOOGL,GOOGL_437,-0.0525441319070943,0.004376139997936809
2021-09-28 04:00:00,GOOGL,GOOGL_437,0.0014208434179552,0.015200080767322259
2021-09-29 04:00:00,GOOGL,GOOGL_437,0.0239033748018595,0.01580451004440944
2021-09-30 04:00:00,GOOGL,GOOGL_437,0.0415109028044915,0.015952578012188665
2021-10-01 04:00:00,GOOGL,GOOGL_437,0.0237471562215803,0.035516797814962336
2021-10-04 04:00:00,GOOGL,GOOGL_442,0.0393125916075889,0.045102556560700224
2021-10-05 04:00:00,GOOGL,GOOGL_442,0.0031318978960228,0.04623131222400202
2021-10-06 04:00:00,GOOGL,GOOGL_442,0.000123565519674,0.05041252363804306
2021-10-07 04:00:00,GOOGL,GOOGL_442,0.0138336849604077,0.057791582065628455
2021-10-08 04:00:00,GOOGL,GOOGL_442,0.0113208375127429,0.07048140027083612
2021-10-11 04:00:00,GOOGL,GOOGL_447,0.0278157591915875,0.03750838962914229
2021-10-12 04:00:00,GOOGL,GOOGL_447,0.0497474816943519,0.0281283191178367
2021-10-13 04:00:00,GOOGL,GOOGL_447,0.030432734207028,0.028337261790821872
2021-10-14 04:00:00,GOOGL,GOOGL_447,0.0052071937518431,0.02419339335483109
2021-10-15 04:00:00,GOOGL,GOOGL_447,-0.026890799295778,0.018110920307733293
2021-10-18 04:00:00,GOOGL,GOOGL_452,-0.0373376406512317,-0.0034754035039494062
2021-10-19 04:00:00,GOOGL,GOOGL_452,-0.027426554087596,-0.006249843400770607
2021-10-20 04:00:00,GOOGL,GOOGL_452,0.0313785219266056,0.010293041754330847
2021-10-21 04:00:00,GOOGL,GOOGL_452,0.0279308557024622,-0.0013534592966794395
2021-10-22 04:00:00,GOOGL,GOOGL_452,0.0761777584925968,0.040697822750343955
2021-10-25 04:00:00,GOOGL,GOOGL_457,0.0440168757334675,0.05462442691233583
2021-10-26 04:00:00,GOOGL,GOOGL_457,0.0439599365676195,0.020717394484582635
2021-10-27 04:00:00,GOOGL,GOOGL_457,0.0026023453145365,-0.0017062889321656745
2021-10-28 04:00:00,GOOGL,GOOGL_457,0.0165822379571392,0.010486740237782512
2021-10-29 04:00:00,GOOGL,GOOGL_457,0.0054442519708899,-0.006040029072283457
2021-11-01 04:00:00,GOOGL,GOOGL_462,0.0385653502964999,0.02815732088403225
2021-11-02 04:00:00,GOOGL,GOOGL_462,0.023969936619878,0.009396577360299226
2021-11-03 04:00:00,GOOGL,GOOGL_462,-0.004805751205289,0.0037538620102472746
2021-11-04 04:00:00,GOOGL,GOOGL_462,-0.0168682081318665,-0.001278220806380989
2021-11-05 04:00:00,GOOGL,GOOGL_462,-0.0011690217438659,-0.00056982660587058
2021-11-08 05:00:00,GOOGL,GOOGL_467,-0.0038851647442544,-0.0012690099633721203
2021-11-09 05:00:00,GOOGL,GOOGL_467,-0.0070004445914005,0.0016557402509915907
2021-11-10 05:00:00,GOOGL,GOOGL_467,0.0147607913420761,0.0234663738823615
2021-11-11 05:00:00,GOOGL,GOOGL_467,0.0279351316812717,0.01645824999342149
2021-11-12 05:00:00,GOOGL,GOOGL_467,0.0016714285171814,0.005436659576784094
2021-11-15 05:00:00,GOOGL,GOOGL_472,-0.0144827550763443,0.005685071962675179
2021-11-16 05:00:00,GOOGL,GOOGL_472,-0.0141605757469507,0.01545350639182261
2021-11-17 05:00:00,GOOGL,GOOGL_472,-0.0130161502175542,0.011141386288251082
2021-11-18 05:00:00,GOOGL,GOOGL_472,-0.0510916905164007,0.005115206819806645
2021-11-19 05:00:00,GOOGL,GOOGL_472,-0.0228031688781826,0.008007375029984774
2021-11-22 05:00:00,GOOGL,GOOGL_477,-0.0301055021835519,0.01809009632755435
2021-11-23 05:00:00,GOOGL,GOOGL_477,-0.0324491318738839,0.004673385321418566
2021-11-24 05:00:00,GOOGL,GOOGL_477,-0.0215849425445796,-0.013230770274197466
2021-11-26 05:00:00,GOOGL,GOOGL_477,-0.0012765471090956,0.001665719837874938
2021-11-29 05:00:00,GOOGL,GOOGL_477,-0.0163230628780935,-0.010959757363650515
2021-11-30 05:00:00,GOOGL,GOOGL_482,0.0378582692745066,0.009447603488703708
2021-12-01 05:00:00,GOOGL,GOOGL_482,0.0505843226559725,0.005389626903433685
2021-12-02 05:00:00,GOOGL,GOOGL_482,0.0326825993497996,0.0004181297184960585
2021-12-03 05:00:00,GOOGL,GOOGL_482,0.0422530761717176,0.009446546033018024
2021-12-06 05:00:00,GOOGL,GOOGL_482,0.0186616521381917,5.157304166284616e-05
2021-12-07 05:00:00,GOOGL,GOOGL_487,-0.0228323110693995,0.01426776669195232
2021-12-08 05:00:00,GOOGL,GOOGL_487,-0.0117790671931874,0.007674991414941518
2021-12-09 05:00:00,GOOGL,GOOGL_487,-0.0216305138359366,0.018330610503127166
2021-12-10 05:00:00,GOOGL,GOOGL_487,-0.042408282716936,-0.0057195895269072095
2021-12-13 05:00:00,GOOGL,GOOGL_487,-0.0289351573305363,0.037455301669226226
2021-12-14 05:00:00,GOOGL,GOOGL_492,-0.0030192695668549,0.019534066642671943
2021-12-15 05:00:00,GOOGL,GOOGL_492,-0.0001775525814572,-0.004936251960897383
2021-12-16 05:00:00,GOOGL,GOOGL_492,0.017110294276103,0.020070523884648757
2021-12-17 05:00:00,GOOGL,GOOGL_492,0.0436160717650238,0.022155616344491126
2021-12-20 05:00:00,GOOGL,GOOGL_492,0.0358739470770301,0.017526640926176503
2021-12-21 05:00:00,GOOGL,GOOGL_497,0.0221819166457328,0.024455835535796465
2021-12-22 05:00:00,GOOGL,GOOGL_497,-0.0014649647077631,0.020891460131810518
2021-12-23 05:00:00,GOOGL,GOOGL_497,-0.0140521918673247,0.020929466768575086
2021-12-27 05:00:00,GOOGL,GOOGL_497,-0.019708352246936,-0.011393573349718045
2021-12-28 05:00:00,GOOGL,GOOGL_497,-0.0155943669168449,-0.001428378169853618
2021-12-29 05:00:00,GOOGL,GOOGL_502,-0.0605503048428383,-0.012677549934477466
2021-12-30 05:00:00,GOOGL,GOOGL_502,-0.0578178795657752,-0.017436428064737438
2021-12-31 05:00:00,GOOGL,GOOGL_502,-0.0540897360281832,0.008579539478029488
2022-01-03 05:00:00,GOOGL,GOOGL_502,-0.0436025986925292,0.005839673921649164
2022-01-04 05:00:00,GOOGL,GOOGL_502,-0.0322959082423738,0.010897108430124418
2022-01-05 05:00:00,GOOGL,GOOGL_507,0.0265324077755535,0.03758130018955848
2022-01-06 05:00:00,GOOGL,GOOGL_507,0.0060945430698915,0.028950961448316274
2022-01-07 05:00:00,GOOGL,GOOGL_507,0.0179795281409549,0.025614019514673448
2022-01-10 05:00:00,GOOGL,GOOGL_507,-0.0192651854499262,0.019595339003365866
2022-01-11 05:00:00,GOOGL,GOOGL_507,-0.0330587094760737,0.018932949646601957
2022-01-12 05:00:00,GOOGL,GOOGL_512,-0.057434579641418,-0.01153183233883133
2022-01-13 05:00:00,GOOGL,GOOGL_512,-0.0594247932108097,0.0070043036473710785
2022-01-14 05:00:00,GOOGL,GOOGL_512,-0.0622058170041464,-0.014647775535053333
2022-01-18 05:00:00,GOOGL,GOOGL_512,-0.0666407113841774,0.006601289664284467
2022-01-19 05:00:00,GOOGL,GOOGL_512,-0.0435438981049678,0.003014356001652001
2022-01-20 05:00:00,GOOGL,GOOGL_517,-0.0322749312076772,-0.008092681959511228
2022-01-21 05:00:00,GOOGL,GOOGL_517,0.0230108316839749,0.006132170424813392
2022-01-24 05:00:00,GOOGL,GOOGL_517,0.0343987678554742,0.0053958327960447776
2022-01-25 05:00:00,GOOGL,GOOGL_517,0.0843660128393331,0.009323917632785865
2022-01-26 05:00:00,GOOGL,GOOGL_517,0.1452183114439795,0.003043885565721006
2022-01-27 05:00:00,GOOGL,GOOGL_522,0.109181744288703,0.0872382426042612
2022-01-28 05:00:00,GOOGL,GOOGL_522,0.0745551326760947,0.0614058799992403
2022-01-31 05:00:00,GOOGL,GOOGL_522,0.0288056612816824,0.05870370604136592
2022-02-01 05:00:00,GOOGL,GOOGL_522,0.0127503190739191,0.040575052375889833
2022-02-02 05:00:00,GOOGL,GOOGL_522,-0.0432973294644742,0.030571779057714597
2022-02-03 05:00:00,GOOGL,GOOGL_527,-0.0312390896296322,-0.011265799939242895
2022-02-04 05:00:00,GOOGL,GOOGL_527,-0.0628816347827938,-0.015359671904427868
2022-02-07 05:00:00,GOOGL,GOOGL_527,-0.0264006935683461,0.011352411993609361
2022-02-08 05:00:00,GOOGL,GOOGL_527,-0.0200180545386301,0.0044367555074291375
2022-02-09 05:00:00,GOOGL,GOOGL_527,-0.0272189726611916,0.0006263683433284026
2022-02-10 05:00:00,GOOGL,GOOGL_532,-0.0438680844506087,-0.016552287589150685
2022-02-11 05:00:00,GOOGL,GOOGL_532,-0.0288905948839692,0.020252540715482853
2022-02-14 05:00:00,GOOGL,GOOGL_532,-0.0421505383123661,0.018125018195884312
2022-02-15 05:00:00,GOOGL,GOOGL_532,-0.0660318169506103,0.016667276216969756
2022-02-16 05:00:00,GOOGL,GOOGL_532,-0.0366421182793721,0.016292048938348496
2022-02-17 05:00:00,GOOGL,GOOGL_537,0.0144900873535991,0.00446189997621351
2022-02-18 05:00:00,GOOGL,GOOGL_537,0.0356894163659151,0.015600663804060817
2022-02-22 05:00:00,GOOGL,GOOGL_537,0.0327237583776494,0.009985101524931561
2022-02-23 05:00:00,GOOGL,GOOGL_537,0.054734813535245,0.02147677811158932
2022-02-24 05:00:00,GOOGL,GOOGL_537,0.0091077119382081,0.0016082381040871216
2022-02-25 05:00:00,GOOGL,GOOGL_542,-0.0189871966870397,0.01997981038355001
2022-02-28 05:00:00,GOOGL,GOOGL_542,-0.0642580873600285,0.022341983860864386
2022-03-01 05:00:00,GOOGL,GOOGL_542,-0.0518940446768181,0.02972035703648811
2022-03-02 05:00:00,GOOGL,GOOGL_542,-0.0085568229054577,0.023139867372648445
2022-03-03 05:00:00,GOOGL,GOOGL_542,-0.0109783916971825,0.03755084559258403
2022-03-04 05:00:00,GOOGL,GOOGL_547,-0.0154351421183848,0.022012051089568975
2022-03-07 05:00:00,GOOGL,GOOGL_547,-0.0033827390478887,-0.004375646725137501
2022-03-08 05:00:00,GOOGL,GOOGL_547,0.0164706854045006,0.0016461569937638075
2022-03-09 05:00:00,GOOGL,GOOGL_547,-0.0010455392858927,-0.018783037084088506
2022-03-10 05:00:00,GOOGL,GOOGL_547,0.0106433995091543,-0.030171805092903434
2022-03-11 05:00:00,GOOGL,GOOGL_552,0.0481634008299423,-0.0008697210707324326
2022-03-14 04:00:00,GOOGL,GOOGL_552,0.0805909072268724,0.0066374530905636
2022-03-15 04:00:00,GOOGL,GOOGL_552,0.0825864048224189,0.002961395287979323
2022-03-16 04:00:00,GOOGL,GOOGL_552,0.0374773131123085,-0.01718424732624314
2022-03-17 04:00:00,GOOGL,GOOGL_552,0.0577783863300116,-0.015552286605335263
2022-03-18 04:00:00,GOOGL,GOOGL_557,0.0407528381242672,0.01308571944050356
2022-03-21 04:00:00,GOOGL,GOOGL_557,0.0393383162465184,0.01703816981974812
2022-03-22 04:00:00,GOOGL,GOOGL_557,0.0188570439242758,0.007237234502619019
2022-03-23 04:00:00,GOOGL,GOOGL_557,0.0264906632878774,0.01665471382355612
2022-03-24 04:00:00,GOOGL,GOOGL_557,-0.0176906537496026,0.010061228399063045
2022-03-25 04:00:00,GOOGL,GOOGL_562,-0.0107466254633168,0.009617388716525177
2022-03-28 04:00:00,GOOGL,GOOGL_562,0.0107170887902909,0.011269736669756685
2022-03-29 04:00:00,GOOGL,GOOGL_562,-0.0134344978820546,0.007516040647153574
2022-03-30 04:00:00,GOOGL,GOOGL_562,-0.0379777344469765,0.007096863884774732
2022-03-31 04:00:00,GOOGL,GOOGL_562,-0.022859408149812,0.015535660101968343
2022-04-01 04:00:00,GOOGL,GOOGL_567,-0.0489687261803417,-0.005609762710004526
2022-04-04 04:00:00,GOOGL,GOOGL_567,-0.0989567524530992,-0.011644904517781683
2022-04-05 04:00:00,GOOGL,GOOGL_567,-0.0915883852997447,0.015675321268308815
2022-04-06 04:00:00,GOOGL,GOOGL_567,-0.0487301663573145,0.026551889224637516
2022-04-07 04:00:00,GOOGL,GOOGL_567,-0.0673971704735082,0.01720627523740241
2022-04-08 04:00:00,GOOGL,GOOGL_572,-0.0420970266040688,-0.022883868190558578
2022-04-11 04:00:00,GOOGL,GOOGL_572,0.009202521931396,0.03882694550639578
2022-04-12 04:00:00,GOOGL,GOOGL_572,0.0025485975186674,0.040368438234230475
2022-04-13 04:00:00,GOOGL,GOOGL_572,-0.0391049501963703,0.03807509527406183
2022-04-14 04:00:00,GOOGL,GOOGL_572,-0.0559812603340426,0.041576071107785724
2022-04-18 04:00:00,GOOGL,GOOGL_577,-0.036048144903194,-0.0038359207960342945
2022-04-19 04:00:00,GOOGL,GOOGL_577,-0.0873708814392032,0.012302902614780538
2022-04-20 04:00:00,GOOGL,GOOGL_577,-0.1073531064400697,0.028728652692107844
2022-04-21 04:00:00,GOOGL,GOOGL_577,-0.0504108086182095,0.03140661979295361
2022-04-22 04:00:00,GOOGL,GOOGL_577,-0.046190311962402,0.054376682540018886
2022-04-25 04:00:00,GOOGL,GOOGL_582,-0.0527406068416838,0.009210701827763413
2022-04-26 04:00:00,GOOGL,GOOGL_582,-0.0110914612319057,0.08915533108582205
2022-04-27 04:00:00,GOOGL,GOOGL_582,0.0697015094445165,0.08260470839158703
2022-04-28 04:00:00,GOOGL,GOOGL_582,-0.0170178515184535,0.08521778396950996
2022-04-29 04:00:00,GOOGL,GOOGL_582,0.0143458789989141,0.07737245560683376
2022-05-02 04:00:00,GOOGL,GOOGL_587,-0.0349278933446208,0.011065003758000222
2022-05-03 04:00:00,GOOGL,GOOGL_587,-0.02504817870264,0.05192515968893373
2022-05-04 04:00:00,GOOGL,GOOGL_587,-0.0708198081072604,0.041432535790331085
2022-05-05 04:00:00,GOOGL,GOOGL_587,-0.0314276922420058,0.04711667346132248
2022-05-06 04:00:00,GOOGL,GOOGL_587,0.0026264367342567,0.03680436504928076
2022-05-09 04:00:00,GOOGL,GOOGL_592,0.0171894133074279,-0.00564542812417266
2022-05-10 04:00:00,GOOGL,GOOGL_592,0.0181651557381592,-0.014646674284086452
2022-05-11 04:00:00,GOOGL,GOOGL_592,-0.0149908929465718,-0.020055653092707647
2022-05-12 04:00:00,GOOGL,GOOGL_592,-0.0217999986342758,-0.011613806727064226
2022-05-13 04:00:00,GOOGL,GOOGL_592,-0.0615464982478765,-0.026583978617068082
2022-05-16 04:00:00,GOOGL,GOOGL_597,-0.025837745120424,-0.018944558836100772
2022-05-17 04:00:00,GOOGL,GOOGL_597,-0.0901753916407911,-0.02267191386205955
2022-05-18 04:00:00,GOOGL,GOOGL_597,-0.0544640305842595,-0.011031791672081055
2022-05-19 04:00:00,GOOGL,GOOGL_597,-0.0234771277138385,-0.019151151437152927
2022-05-20 04:00:00,GOOGL,GOOGL_597,0.0312970650564432,-0.01666690522431658
2022-05-23 04:00:00,GOOGL,GOOGL_602,0.0203968328103385,-0.03385759920368242
2022-05-24 04:00:00,GOOGL,GOOGL_602,0.0747569781924735,-0.00955970151691748
2022-05-25 04:00:00,GOOGL,GOOGL_602,0.1116912926547186,0.0026285981200310188
2022-05-26 04:00:00,GOOGL,GOOGL_602,0.0626063668540197,-0.023192453546027104
2022-05-27 04:00:00,GOOGL,GOOGL_602,0.0401010138335995,-0.04518782457131041
2022-05-31 04:00:00,GOOGL,GOOGL_607,0.0297770513646524,0.007316840664613025
2022-06-01 04:00:00,GOOGL,GOOGL_607,0.0289923963287372,0.015341410916032458
2022-06-02 04:00:00,GOOGL,GOOGL_607,-0.0236944036381619,0.015439986860910707
2022-06-03 04:00:00,GOOGL,GOOGL_607,-0.0295047304630523,0.02902758795221827
2022-06-06 04:00:00,GOOGL,GOOGL_607,-0.0892651642053236,0.022074051055324683
2022-06-07 04:00:00,GOOGL,GOOGL_612,-0.0890656664117447,-0.007360918671551831
2022-06-08 04:00:00,GOOGL,GOOGL_612,-0.0633948559624166,-0.0029106323038670156
2022-06-09 04:00:00,GOOGL,GOOGL_612,-0.0766487867598378,0.014110305574124214
2022-06-10 04:00:00,GOOGL,GOOGL_612,-0.0361455879688349,-0.0012168836288808803
2022-06-13 04:00:00,GOOGL,GOOGL_612,0.0484197363399474,0.022182544090968245
2022-06-14 04:00:00,GOOGL,GOOGL_617,0.0447170577777993,0.04809092548018445
2022-06-15 04:00:00,GOOGL,GOOGL_617,0.0225709879570195,0.04825894062904026
2022-06-16 04:00:00,GOOGL,GOOGL_617,0.1126200467505342,0.033906850320957194
2022-06-17 04:00:00,GOOGL,GOOGL_617,0.0811062018456492,0.048781354896310525
2022-06-21 04:00:00,GOOGL,GOOGL_617,0.0041553197114012,0.02699904659422974
2022-06-22 04:00:00,GOOGL,GOOGL_622,0.0019194697284385,0.03358108698679239
2022-06-23 04:00:00,GOOGL,GOOGL_622,-0.0292136581949312,0.039493155665672054
2022-06-24 04:00:00,GOOGL,GOOGL_622,-0.0783004496023759,0.026301934568616445
2022-06-27 04:00:00,GOOGL,GOOGL_622,-0.0221913621900541,0.011958051959325025
2022-06-28 04:00:00,GOOGL,GOOGL_622,0.022895778482284,0.016322096209679365
2022-06-29 04:00:00,GOOGL,GOOGL_627,0.0633966168426765,0.013876395467753646
2022-06-30 04:00:00,GOOGL,GOOGL_627,0.0953580864526097,0.00925407309039679
2022-07-01 04:00:00,GOOGL,GOOGL_627,0.0638141870705386,0.00963736588206382
2022-07-05 04:00:00,GOOGL,GOOGL_627,0.0066879712841672,-0.01267477689546429
2022-07-06 04:00:00,GOOGL,GOOGL_627,-0.0280914906732495,-0.001414176460824016
2022-07-07 04:00:00,GOOGL,GOOGL_632,-0.0708476552150489,-0.022546667700565487
2022-07-08 04:00:00,GOOGL,GOOGL_632,-0.0634753401037669,-0.020271450190199745
2022-07-11 04:00:00,GOOGL,GOOGL_632,-0.0574576489171907,-0.007527095982537761
2022-07-12 04:00:00,GOOGL,GOOGL_632,-0.0018461822582226,-0.005313274048341663
2022-07-13 04:00:00,GOOGL,GOOGL_632,0.0228686224617387,0.046049544556122673
2022-07-14 04:00:00,GOOGL,GOOGL_637,0.0359933496883642,0.03187077743252936
2022-07-15 04:00:00,GOOGL,GOOGL_637,-0.034689404746466,0.03125645627539599
2022-07-18 04:00:00,GOOGL,GOOGL_637,-0.0139410864907302,0.051263392082426244
2022-07-19 04:00:00,GOOGL,GOOGL_637,-0.0772339961698174,0.0014848797850571763
2022-07-20 04:00:00,GOOGL,GOOGL_637,-0.0073749249871105,0.014815680218392222
2022-07-21 04:00:00,GOOGL,GOOGL_642,-0.0010494588160813,-0.0099317567259407
2022-07-22 04:00:00,GOOGL,GOOGL_642,0.0780351997207882,0.0037524975053199643
2022-07-25 04:00:00,GOOGL,GOOGL_642,0.0683657178688135,0.05981938551021252
2022-07-26 04:00:00,GOOGL,GOOGL_642,0.0962673865312775,0.05909078789223116
2022-07-27 04:00:00,GOOGL,GOOGL_642,0.0444012416492338,-0.02392945535525548
2022-07-28 04:00:00,GOOGL,GOOGL_647,0.0347574958700274,0.003520444449661346
2022-07-29 04:00:00,GOOGL,GOOGL_647,0.0098865330888586,-0.02746359693267784
2022-08-01 04:00:00,GOOGL,GOOGL_647,0.0212432737980181,-0.014956682697875924
2022-08-02 04:00:00,GOOGL,GOOGL_647,0.0130287504193913,-0.029295069938811476
2022-08-03 04:00:00,GOOGL,GOOGL_647,0.0137194706306438,-0.04799532244629086
2022-08-04 04:00:00,GOOGL,GOOGL_652,0.0054995675019688,-0.023164951080470973
2022-08-05 04:00:00,GOOGL,GOOGL_652,0.0358389294349532,-0.025641333197818268
2022-08-08 04:00:00,GOOGL,GOOGL_652,0.0407502016618681,-0.017094844235358
2022-08-09 04:00:00,GOOGL,GOOGL_652,0.0434708035172801,-0.014742451436235109
2022-08-10 04:00:00,GOOGL,GOOGL_652,-0.0012530818739223,-0.022696347325228308
2022-08-11 04:00:00,GOOGL,GOOGL_657,0.0111915337600077,0.019182269793625212
2022-08-12 04:00:00,GOOGL,GOOGL_657,-0.0367357101371818,0.00287608456454264
2022-08-15 04:00:00,GOOGL,GOOGL_657,-0.0642202150204327,-0.007279479325466518
2022-08-16 04:00:00,GOOGL,GOOGL_657,-0.0644206781798434,0.003992638433197405
2022-08-17 04:00:00,GOOGL,GOOGL_657,-0.0490171514911174,-0.0031005797475755674
2022-08-18 04:00:00,GOOGL,GOOGL_662,-0.0292918090763195,-0.030047821596025714
2022-08-19 04:00:00,GOOGL,GOOGL_662,-0.0586127702435255,-0.015275780145484525
2022-08-22 04:00:00,GOOGL,GOOGL_662,-0.0421918748683102,0.004849604634436698
2022-08-23 04:00:00,GOOGL,GOOGL_662,-0.0432109445158217,-0.001302067507471879
2022-08-24 04:00:00,GOOGL,GOOGL_662,-0.0481133002307943,0.013144185805320919
2022-08-25 04:00:00,GOOGL,GOOGL_667,-0.0592370644811042,-0.01895526919915828
2022-08-26 04:00:00,GOOGL,GOOGL_667,-0.0225665936778218,0.006731476675794073
2022-08-29 04:00:00,GOOGL,GOOGL_667,-0.0238530492965436,0.007847243445510944
2022-08-30 04:00:00,GOOGL,GOOGL_667,0.0046814255131879,0.00489286592659763
2022-08-31 04:00:00,GOOGL,GOOGL_667,0.001478433107652,0.00412255303598117
2022-09-01 04:00:00,GOOGL,GOOGL_672,0.0082923608513192,-0.002220008288162797
2022-09-02 04:00:00,GOOGL,GOOGL_672,0.0279091532574544,0.02128825995975327
2022-09-06 04:00:00,GOOGL,GOOGL_672,-0.023312404462921,0.0457444563922554
2022-09-07 04:00:00,GOOGL,GOOGL_672,-0.0406578078786659,0.04649618996179731
2022-09-08 04:00:00,GOOGL,GOOGL_672,-0.0504705086725407,0.06449610674293281
2022-09-09 04:00:00,GOOGL,GOOGL_677,-0.0709444045717897,-0.009309046303775834
2022-09-12 04:00:00,GOOGL,GOOGL_677,-0.0702688153764988,-0.005906451251382586
2022-09-13 04:00:00,GOOGL,GOOGL_677,-0.0304831318489119,0.03389884211577535
2022-09-14 04:00:00,GOOGL,GOOGL_677,-0.0544762021019344,0.025898368673205698
2022-09-15 04:00:00,GOOGL,GOOGL_677,-0.0269167639091323,0.03428415647796224
2022-09-16 04:00:00,GOOGL,GOOGL_682,-0.0394942127184971,-0.0036641813372929877
2022-09-19 04:00:00,GOOGL,GOOGL_682,-0.0475405213969837,-0.024372395528839186
2022-09-20 04:00:00,GOOGL,GOOGL_682,-0.0359897114061183,0.0056345413827108125
2022-09-21 04:00:00,GOOGL,GOOGL_682,0.0077558851926728,0.047895837997473975
2022-09-22 04:00:00,GOOGL,GOOGL_682,-0.0271619855929845,0.038189696364995786
2022-09-23 04:00:00,GOOGL,GOOGL_687,-0.031294271873024,0.04571156347133989
2022-09-26 04:00:00,GOOGL,GOOGL_687,0.0047876258477081,0.05327320494577888
2022-09-27 04:00:00,GOOGL,GOOGL_687,0.0424615322015224,0.04845583787954696
2022-09-28 04:00:00,GOOGL,GOOGL_687,0.0137930755754609,-0.008298297593524644
2022-09-29 04:00:00,GOOGL,GOOGL_687,0.0410593315046385,0.012360826562247686
2022-09-30 04:00:00,GOOGL,GOOGL_692,0.0316779794141151,0.031553575710634836
2022-10-03 04:00:00,GOOGL,GOOGL_692,-0.0079075302526687,0.018236922431189285
2022-10-04 04:00:00,GOOGL,GOOGL_692,-0.0438803533181335,-0.003946233084493037
2022-10-05 04:00:00,GOOGL,GOOGL_692,-0.038154419155459,0.00271353065675984
2022-10-06 04:00:00,GOOGL,GOOGL_692,-0.0232695785146858,-0.0013485099683285358
2022-10-07 04:00:00,GOOGL,GOOGL_697,-0.021483611066333,-0.008231722056903076
2022-10-10 04:00:00,GOOGL,GOOGL_697,0.0215614203677858,-0.01356343053171415
2022-10-11 04:00:00,GOOGL,GOOGL_697,0.0369417197634998,-0.017107864814854386
2022-10-12 04:00:00,GOOGL,GOOGL_697,0.0212177095800045,-0.012231569655098062
2022-10-13 04:00:00,GOOGL,GOOGL_697,0.0091863889010403,-0.02245735302709455
2022-10-14 04:00:00,GOOGL,GOOGL_702,0.0473280842001995,0.017785697267165692
2022-10-17 04:00:00,GOOGL,GOOGL_702,0.0255076061941188,-0.012281337238240658
2022-10-18 04:00:00,GOOGL,GOOGL_702,0.0368165807031657,-0.006486525554738314
2022-10-19 04:00:00,GOOGL,GOOGL_702,-0.0471745164891183,-0.0036998177475522243
2022-10-20 04:00:00,GOOGL,GOOGL_702,-0.0775232560304803,-0.006323929857442212
2022-10-21 04:00:00,GOOGL,GOOGL_707,-0.0478591562280205,-0.019337894389103712
2022-10-24 04:00:00,GOOGL,GOOGL_707,-0.0781310453483872,-0.015911261474074664
2022-10-25 04:00:00,GOOGL,GOOGL_707,-0.1340926654487968,-0.013132530160189086
2022-10-26 04:00:00,GOOGL,GOOGL_707,-0.0838512489084934,0.04687568445658118
2022-10-27 04:00:00,GOOGL,GOOGL_707,-0.0953155584382492,0.06494886751367088
2022-10-28 04:00:00,GOOGL,GOOGL_712,-0.1008411983814495,-0.028941793297754086
2022-10-31 04:00:00,GOOGL,GOOGL_712,-0.0636970070509942,-0.01711834847908733
2022-11-01 04:00:00,GOOGL,GOOGL_712,-0.0173538153381271,0.0005271137707021042
2022-11-02 04:00:00,GOOGL,GOOGL_712,0.0040243586203121,0.0021549063896911967
2022-11-03 04:00:00,GOOGL,GOOGL_712,0.1259738954547078,0.01076279052422115
2022-11-04 04:00:00,GOOGL,GOOGL_717,0.1135366322841637,0.001882743943054665
2022-11-07 05:00:00,GOOGL,GOOGL_717,0.0814781247432334,0.004556294395412057
2022-11-08 05:00:00,GOOGL,GOOGL_717,0.1073115945082432,0.005032657909954937
2022-11-09 05:00:00,GOOGL,GOOGL_717,0.1320430464909896,0.0005191838162093168
2022-11-10 05:00:00,GOOGL,GOOGL_717,0.047051288631829,-0.022060829859258772
2022-11-11 05:00:00,GOOGL,GOOGL_722,0.0105797801506284,0.04635727259802884
2022-11-14 05:00:00,GOOGL,GOOGL_722,-0.0010449161683379,0.050671739650439786
2022-11-15 05:00:00,GOOGL,GOOGL_722,-0.0141202697600073,0.015604775645010418
2022-11-16 05:00:00,GOOGL,GOOGL_722,-0.0039453656617964,0.016475862631906753
2022-11-17 05:00:00,GOOGL,GOOGL_722,-0.0091500764568335,0.018146517025543808
2022-11-18 05:00:00,GOOGL,GOOGL_727,-0.0141639869557167,-0.018867277066900775
2022-11-21 05:00:00,GOOGL,GOOGL_727,-0.0042886614985233,-0.02101572275545911
2022-11-22 05:00:00,GOOGL,GOOGL_727,0.0405975753541241,-0.026605878220454106
2022-11-23 05:00:00,GOOGL,GOOGL_727,0.0256957018365018,-0.02546866832850271
2022-11-25 05:00:00,GOOGL,GOOGL_727,0.0305766815609209,-0.02312813568130347
2022-11-28 05:00:00,GOOGL,GOOGL_732,0.035710569455448,0.007753557096312598
2022-11-29 05:00:00,GOOGL,GOOGL_732,0.0188045054062182,0.009604256654494327
2022-11-30 05:00:00,GOOGL,GOOGL_732,-0.0599068774169539,-0.01991208267453386
2022-12-01 05:00:00,GOOGL,GOOGL_732,-0.0720863346201592,-0.010573166654384373
2022-12-02 05:00:00,GOOGL,GOOGL_732,-0.0757666310770055,-0.00838079328061223
2022-12-05 05:00:00,GOOGL,GOOGL_737,-0.0620225732824102,-0.0304324798970131
2022-12-06 05:00:00,GOOGL,GOOGL_737,-0.013920458411895,-0.010320680987523305
2022-12-07 05:00:00,GOOGL,GOOGL_737,0.0013692568998848,-0.0014641010265538951
2022-12-08 05:00:00,GOOGL,GOOGL_737,-0.0304129602173193,0.011673455048866535
2022-12-09 05:00:00,GOOGL,GOOGL_737,-0.027685011786399,-0.003365170078404806
2022-12-12 05:00:00,GOOGL,GOOGL_742,-0.0521915683700389,-0.027644378839841725
2022-12-13 05:00:00,GOOGL,GOOGL_742,-0.0691205772267791,-0.030481831955957644
2022-12-14 05:00:00,GOOGL,GOOGL_742,-0.0577469010349478,-0.019381025014446284
2022-12-15 05:00:00,GOOGL,GOOGL_742,-0.0341184069260056,-0.0010069489733618194
2022-12-16 05:00:00,GOOGL,GOOGL_742,-0.0114114641582026,0.0012592675008359854
2022-12-19 05:00:00,GOOGL,GOOGL_747,-0.0118724900810972,-0.002459260667493196
2022-12-20 05:00:00,GOOGL,GOOGL_747,-0.0337002933400319,-0.012731821882571588
2022-12-21 05:00:00,GOOGL,GOOGL_747,-0.0126144771122427,-0.01244748390119798
2022-12-22 05:00:00,GOOGL,GOOGL_747,0.0053555288202196,-0.0049356659869942915
2022-12-23 05:00:00,GOOGL,GOOGL_747,-0.0012327760418381,-0.018197799542387944
2022-12-27 05:00:00,GOOGL,GOOGL_752,0.0078956682254878,-0.018410444137903832
2022-12-28 05:00:00,GOOGL,GOOGL_752,0.0020925402487828,-0.0067471349173433715
2022-12-29 05:00:00,GOOGL,GOOGL_752,-0.0125494703069475,-0.00886818641227574
2022-12-30 05:00:00,GOOGL,GOOGL_752,-0.0023802188130676,-0.012447992495817317
2023-01-03 05:00:00,GOOGL,GOOGL_752,-0.0078546292197412,-0.025024930679098764
2023-01-04 05:00:00,GOOGL,GOOGL_757,0.0390553444652503,-0.003768282003699818
2023-01-05 05:00:00,GOOGL,GOOGL_757,0.0571925809711562,0.006123092258627347
2023-01-06 05:00:00,GOOGL,GOOGL_757,0.0547287223392944,-0.003499045277616113
2023-01-09 05:00:00,GOOGL,GOOGL_757,0.0371506975366207,-0.005271149136039047
2023-01-10 05:00:00,GOOGL,GOOGL_757,0.0305361302143187,-0.015769468038410568
2023-01-11 05:00:00,GOOGL,GOOGL_762,0.0167177279808969,-0.00795639149916608
2023-01-12 05:00:00,GOOGL,GOOGL_762,0.0756062723286215,0.0007858582963656491
2023-01-13 05:00:00,GOOGL,GOOGL_762,0.083260941600763,-0.01886850307255229
2023-01-17 05:00:00,GOOGL,GOOGL_762,0.0702157516533072,-0.012661818806355196
2023-01-18 05:00:00,GOOGL,GOOGL_762,0.0449955920822759,-0.014451908882574784
2023-01-19 05:00:00,GOOGL,GOOGL_767,0.0480386184277956,0.026710827802909787
2023-01-20 05:00:00,GOOGL,GOOGL_767,0.0137727621888379,-0.03398953056192798
2023-01-23 05:00:00,GOOGL,GOOGL_767,-0.0285599603965696,-0.030694552509487254
2023-01-24 05:00:00,GOOGL,GOOGL_767,0.0116683666863608,-0.024167024129814682
2023-01-25 05:00:00,GOOGL,GOOGL_767,0.0547153856089206,-0.004212490371578597
2023-01-26 05:00:00,GOOGL,GOOGL_772,0.1047990317115104,-0.008305424918711606
2023-01-27 05:00:00,GOOGL,GOOGL_772,0.0544429494131306,-0.0075094750118664365
2023-01-30 05:00:00,GOOGL,GOOGL_772,0.0614813176642439,-0.000720597724157392
2023-01-31 05:00:00,GOOGL,GOOGL_772,0.0890328144253917,-0.01660572297138819
2023-02-01 05:00:00,GOOGL,GOOGL_772,-0.0105545908132304,-0.01913693302861079
2023-02-02 05:00:00,GOOGL,GOOGL_777,-0.1181547798398447,-0.047933252369570356
2023-02-03 05:00:00,GOOGL,GOOGL_777,-0.0974422523708791,-0.04415788426060633
2023-02-06 05:00:00,GOOGL,GOOGL_777,-0.0805636617356361,-0.045627592818484025
2023-02-07 05:00:00,GOOGL,GOOGL_777,-0.1204013299698977,-0.05286161556249905
2023-02-08 05:00:00,GOOGL,GOOGL_777,-0.0244540629768613,-0.03201823864702094
2023-02-09 05:00:00,GOOGL,GOOGL_782,0.0052626038181018,-0.04514259535634531
2023-02-10 05:00:00,GOOGL,GOOGL_782,-0.0023263320441266,-0.04022408331967514
2023-02-13 05:00:00,GOOGL,GOOGL_782,-0.0298065709399824,-0.03802738231071462
2023-02-14 05:00:00,GOOGL,GOOGL_782,-0.0320025218581588,-0.038452635574504915
2023-02-15 05:00:00,GOOGL,GOOGL_782,-0.0624097678913782,-0.04457079034076144
2023-02-16 05:00:00,GOOGL,GOOGL_787,-0.0667993376621687,-0.029749476606322434
2023-02-17 05:00:00,GOOGL,GOOGL_787,-0.047482732379353,-0.022641453049674097
2023-02-21 05:00:00,GOOGL,GOOGL_787,-0.0188474053783449,-0.0007392530443963673
2023-02-22 05:00:00,GOOGL,GOOGL_787,-0.0140752961707598,0.011949105987400297
2023-02-23 05:00:00,GOOGL,GOOGL_787,0.0122125714358622,0.004925788921382527
2023-02-24 05:00:00,GOOGL,GOOGL_792,0.0507124919976098,0.0022954168287725733
2023-02-27 05:00:00,GOOGL,GOOGL_792,0.0585289234013735,-0.00306437162300033
2023-02-28 05:00:00,GOOGL,GOOGL_792,0.0421941278566602,0.00018672122786496763
2023-03-01 05:00:00,GOOGL,GOOGL_792,0.0430500150882335,-0.004369152375935462
2023-03-02 05:00:00,GOOGL,GOOGL_792,0.0034782575524372,-0.0032265509017046813
2023-03-03 05:00:00,GOOGL,GOOGL_797,-0.032247776009127,0.022867846890859536
2023-03-06 05:00:00,GOOGL,GOOGL_797,-0.0422579287199753,0.02359848122970013
2023-03-07 05:00:00,GOOGL,GOOGL_797,0.0011719647308359,0.025110962459125818
2023-03-08 05:00:00,GOOGL,GOOGL_797,0.0197347544864887,0.021114263497104945
2023-03-09 05:00:00,GOOGL,GOOGL_797,0.0866551129380961,0.03418217720028277
2023-03-10 05:00:00,GOOGL,GOOGL_802,0.1212623394706062,0.045658557647599164
2023-03-13 04:00:00,GOOGL,GOOGL_802,0.1109647738187251,0.03755810613990601
2023-03-14 04:00:00,GOOGL,GOOGL_802,0.1165265170373301,0.05020126561466674
2023-03-15 04:00:00,GOOGL,GOOGL_802,0.0755384672783836,0.05255225773169649
2023-03-16 04:00:00,GOOGL,GOOGL_802,0.0526315669393815,0.03333211887772958
2023-03-17 04:00:00,GOOGL,GOOGL_807,0.0375910213695862,0.03336289435431528
2023-03-20 04:00:00,GOOGL,GOOGL_807,0.0122505221183093,0.019897868229721703
2023-03-21 04:00:00,GOOGL,GOOGL_807,-0.0370758621572282,-0.0676198651957658
2023-03-22 04:00:00,GOOGL,GOOGL_807,-0.0191545255327864,-0.061092211099087364
2023-03-23 04:00:00,GOOGL,GOOGL_807,-0.0446022647019915,-0.0719000311972709
2023-03-24 04:00:00,GOOGL,GOOGL_812,-0.0162177451145536,-0.06479636510213402
2023-03-27 04:00:00,GOOGL,GOOGL_812,0.018543837037442,-0.0753114708552738
2023-03-28 04:00:00,GOOGL,GOOGL_812,0.0365238294169159,-0.061873098945455444
2023-03-29 04:00:00,GOOGL,GOOGL_812,0.0303777675273282,-0.05698413588564803
2023-03-30 04:00:00,GOOGL,GOOGL_812,0.0746357302492906,-0.05355944672944569
2023-03-31 04:00:00,GOOGL,GOOGL_817,0.0261255085006366,-0.011548963809210286
2023-04-03 04:00:00,GOOGL,GOOGL_817,0.0094863727288185,-0.0008784789672371046
2023-04-04 04:00:00,GOOGL,GOOGL_817,-0.0007639594167505,0.006242647165521433
2023-04-05 04:00:00,GOOGL,GOOGL_817,0.0283334837741542,0.014709478131673195
2023-04-06 04:00:00,GOOGL,GOOGL_817,0.0041505680246876,-0.017563099095934412
2023-04-10 04:00:00,GOOGL,GOOGL_822,-0.0044156445877745,0.015732485239149364
2023-04-11 04:00:00,GOOGL,GOOGL_822,-0.0080683292494768,0.017084959032558324
2023-04-12 04:00:00,GOOGL,GOOGL_822,-0.0043960157411675,0.02785656215984501
2023-04-13 04:00:00,GOOGL,GOOGL_822,-0.0199199421350586,0.0078826274929888
2023-04-14 04:00:00,GOOGL,GOOGL_822,-0.031781014027588,0.0036482570865904096
2023-04-17 04:00:00,GOOGL,GOOGL_827,0.0,0.0004549221834577277
2023-04-18 04:00:00,GOOGL,GOOGL_827,-0.0062201102954919,0.004969829740006373
2023-04-19 04:00:00,GOOGL,GOOGL_827,-0.0045114342419498,-0.0040159108195647044
2023-04-20 04:00:00,GOOGL,GOOGL_827,0.0218443860040284,-0.009528575473544684
2023-04-21 04:00:00,GOOGL,GOOGL_827,0.0183093881864175,-0.011827403088482315
2023-04-24 04:00:00,GOOGL,GOOGL_832,0.0116070181501402,0.0130611334337054
2023-04-25 04:00:00,GOOGL,GOOGL_832,0.0141550432576023,0.001382895286837293
2023-04-26 04:00:00,GOOGL,GOOGL_832,0.0163919062061899,-0.007250859406419271
2023-04-27 04:00:00,GOOGL,GOOGL_832,-0.0269541220856337,-0.010417531472975576
2023-04-28 04:00:00,GOOGL,GOOGL_832,-0.0164896283161284,-0.0008418691925141248
2023-05-01 04:00:00,GOOGL,GOOGL_837,0.0053171614836837,-0.002349449208818799
2023-05-02 04:00:00,GOOGL,GOOGL_837,0.0192745801859002,-0.0029988435945942377
2023-05-03 04:00:00,GOOGL,GOOGL_837,0.0601460593646634,-0.005197877359949644
2023-05-04 04:00:00,GOOGL,GOOGL_837,0.1134778582135107,-0.003106814977637956
2023-05-05 04:00:00,GOOGL,GOOGL_837,0.1131003360416951,-0.004898658865879228
2023-05-08 04:00:00,GOOGL,GOOGL_842,0.0810986894813676,0.041997689832982917
2023-05-09 04:00:00,GOOGL,GOOGL_842,0.1132743720070084,0.05634539722380892
2023-05-10 04:00:00,GOOGL,GOOGL_842,0.0813422491086408,0.02044546721185961
2023-05-11 04:00:00,GOOGL,GOOGL_842,0.0537016569667916,-0.03889718817844584
2023-05-12 04:00:00,GOOGL,GOOGL_842,0.0446770479496172,-0.06605323523330986
2023-05-15 04:00:00,GOOGL,GOOGL_847,0.0732984358333617,-0.03695367127535627
2023-05-16 04:00:00,GOOGL,GOOGL_847,0.0255208381545049,-0.043451337976409425
2023-05-17 04:00:00,GOOGL,GOOGL_847,0.0004965672774475,-0.026915207495764055
2023-05-18 04:00:00,GOOGL,GOOGL_847,0.005291879151585,-0.03576077170508769
2023-05-19 04:00:00,GOOGL,GOOGL_847,0.0150700427006189,-0.027419762418554504
2023-05-22 04:00:00,GOOGL,GOOGL_852,-0.011035624543258,-0.012774068703035893
2023-05-23 04:00:00,GOOGL,GOOGL_852,0.0025294157487238,-0.01449431695419901
2023-05-24 04:00:00,GOOGL,GOOGL_852,0.0233250592161538,-0.01879607280479742
2023-05-25 04:00:00,GOOGL,GOOGL_852,0.0096371459318147,-0.003516390990704601
2023-05-26 04:00:00,GOOGL,GOOGL_852,0.0112350655567095,-0.012321702243685262
2023-05-30 04:00:00,GOOGL,GOOGL_857,0.0294331644177421,0.009739516577326445
2023-05-31 04:00:00,GOOGL,GOOGL_857,-0.0030113350558408,0.004156981638574294
2023-06-01 04:00:00,GOOGL,GOOGL_857,-0.0127707873865611,0.0009945461879228576
2023-06-02 04:00:00,GOOGL,GOOGL_857,-0.0195716278803919,-0.00023617584988914266
2023-06-05 04:00:00,GOOGL,GOOGL_857,-0.0188080525863321,0.0006286904671018212
2023-06-06 04:00:00,GOOGL,GOOGL_862,-0.0273348189009071,-0.013563032486614935
2023-06-07 04:00:00,GOOGL,GOOGL_862,0.0095510054607781,-0.0183429120412257
2023-06-08 04:00:00,GOOGL,GOOGL_862,0.024152586891958,-0.00981156889317787
2023-06-09 04:00:00,GOOGL,GOOGL_862,0.0106356490768233,0.002471521563886389
2023-06-12 04:00:00,GOOGL,GOOGL_862,-0.0043675260287372,-0.0004668170823655733
2023-06-13 04:00:00,GOOGL,GOOGL_867,-0.0264879167471214,0.0021900207621158114
2023-06-14 04:00:00,GOOGL,GOOGL_867,-0.0042047113347253,0.005009718092546525
2023-06-15 04:00:00,GOOGL,GOOGL_867,-0.0219841720401986,0.0031330755864002204
2023-06-16 04:00:00,GOOGL,GOOGL_867,-0.0420141058260584,-0.0006749554456053868
2023-06-20 04:00:00,GOOGL,GOOGL_867,-0.0387489577757322,-0.005937147124652282
2023-06-21 04:00:00,GOOGL,GOOGL_872,-0.0030692885708444,-0.028595319970815897
2023-06-22 04:00:00,GOOGL,GOOGL_872,-0.0328867478812555,-0.02773243476716452
2023-06-23 04:00:00,GOOGL,GOOGL_872,-0.0215792011498595,-0.027508744590791064
2023-06-26 04:00:00,GOOGL,GOOGL_872,0.0131824001712326,-0.024485328877131687
2023-06-27 04:00:00,GOOGL,GOOGL_872,0.0289022066764454,-0.027502803561806913
2023-06-28 04:00:00,GOOGL,GOOGL_877,-0.0005824571030659,-0.013476306539596241
2023-06-29 04:00:00,GOOGL,GOOGL_877,0.0031906371761631,-0.009327681633326874
2023-06-30 04:00:00,GOOGL,GOOGL_877,-0.0271512120539592,-0.01722043496143696
2023-07-03 04:00:00,GOOGL,GOOGL_877,-0.0230192001760296,-0.020084174159279718
2023-07-05 04:00:00,GOOGL,GOOGL_877,-0.0231622151525603,-0.020753681447384115
2023-07-06 04:00:00,GOOGL,GOOGL_882,0.0368828597341126,-0.012360479554693646
2023-07-07 04:00:00,GOOGL,GOOGL_882,0.0497153887271548,-0.020548400086796273
2023-07-10 04:00:00,GOOGL,GOOGL_882,0.0704165289182559,-0.021353726441059494
2023-07-11 04:00:00,GOOGL,GOOGL_882,0.0565135972432577,-0.024786632854549327
2023-07-12 04:00:00,GOOGL,GOOGL_882,0.0260657400669843,-0.024184988897972118
2023-07-13 04:00:00,GOOGL,GOOGL_887,-0.0428778218084898,0.0017173163927639407
2023-07-14 04:00:00,GOOGL,GOOGL_887,-0.0430553468722342,-0.0007349675124999067
2023-07-17 04:00:00,GOOGL,GOOGL_887,-0.0250301059638116,0.030054864938302943
2023-07-18 04:00:00,GOOGL,GOOGL_887,-0.0125242649079113,0.03279372770126518
2023-07-19 04:00:00,GOOGL,GOOGL_887,0.0593297186395807,0.006912863532805657
2023-07-20 04:00:00,GOOGL,GOOGL_892,0.0855704463874367,0.0029892401825355242
2023-07-21 04:00:00,GOOGL,GOOGL_892,0.104649271282194,-0.00378697811104665
2023-07-24 04:00:00,GOOGL,GOOGL_892,0.0920760516234984,-0.0125044580134616
2023-07-25 04:00:00,GOOGL,GOOGL_892,0.0764258574360128,-0.014519343138205026
2023-07-26 04:00:00,GOOGL,GOOGL_892,-0.0068848097797892,-0.021395875890587182
2023-07-27 04:00:00,GOOGL,GOOGL_897,-0.0073415532693312,-0.013463781294730628
2023-07-28 04:00:00,GOOGL,GOOGL_897,-0.0337155012744622,-0.028604574018794255
2023-07-31 04:00:00,GOOGL,GOOGL_897,-0.008966263038435,-0.02384850938858115
2023-08-01 04:00:00,GOOGL,GOOGL_897,-0.0011403204241235,-0.02229162188995594
2023-08-02 04:00:00,GOOGL,GOOGL_897,0.0099703904861607,-0.01987799889871055
2023-08-03 04:00:00,GOOGL,GOOGL_902,0.0096536046915105,0.0057112168932097595
2023-08-04 04:00:00,GOOGL,GOOGL_902,0.0113183743761924,-0.0016097639747464448
2023-08-07 04:00:00,GOOGL,GOOGL_902,-0.0015205424625432,0.0029669358629911646
2023-08-08 04:00:00,GOOGL,GOOGL_902,-0.0123287305360433,-0.0027911934430769375
2023-08-09 04:00:00,GOOGL,GOOGL_902,-0.0074040312104952,0.000607136763570362
2023-08-10 04:00:00,GOOGL,GOOGL_907,0.0017734268117002,-0.0053699082830004075
2023-08-11 04:00:00,GOOGL,GOOGL_907,-0.0162086949189032,-0.00605289403130291
2023-08-14 04:00:00,GOOGL,GOOGL_907,-0.0225386939206396,-0.008801526931614376
2023-08-15 04:00:00,GOOGL,GOOGL_907,-0.0053937197936995,-0.0016855241104732422
2023-08-16 04:00:00,GOOGL,GOOGL_907,0.0285159149647939,0.0012436637774989297
2023-08-17 04:00:00,GOOGL,GOOGL_912,-0.0010775815241805,0.0012292117227490627
2023-08-18 04:00:00,GOOGL,GOOGL_912,0.0189863942862262,0.01629761418648251
2023-08-21 04:00:00,GOOGL,GOOGL_912,0.0205655487268532,0.006147675982325432
2023-08-22 04:00:00,GOOGL,GOOGL_912,0.0425318052005423,0.0040582465443316125
2023-08-23 04:00:00,GOOGL,GOOGL_912,0.0265166570605186,-0.00054884846599405
2023-08-24 04:00:00,GOOGL,GOOGL_917,0.0492371663565449,0.023197326539675895
2023-08-25 04:00:00,GOOGL,GOOGL_917,0.0445026067292808,0.02149403343700602
2023-08-28 04:00:00,GOOGL,GOOGL_917,0.036333180407672,0.02249075089259963
2023-08-29 04:00:00,GOOGL,GOOGL_917,-0.000817422935012,0.011885054819883927
2023-08-30 04:00:00,GOOGL,GOOGL_917,-0.0045629257705082,0.007332190834610179
2023-08-31 04:00:00,GOOGL,GOOGL_922,0.0015422392354491,0.008916975284594904
2023-09-01 04:00:00,GOOGL,GOOGL_922,0.0092878849537276,0.009268423498875317
2023-09-05 04:00:00,GOOGL,GOOGL_922,-0.0031671792077679,0.007144588806609978
2023-09-06 04:00:00,GOOGL,GOOGL_922,0.016733600235407,0.006101188617790016
2023-09-07 04:00:00,GOOGL,GOOGL_922,0.0209966857313168,0.005221181299005094
2023-09-08 04:00:00,GOOGL,GOOGL_927,0.0074790216831881,0.006781122970645913
2023-09-11 04:00:00,GOOGL,GOOGL_927,0.0094216225691892,0.0043635621618067595
2023-09-12 04:00:00,GOOGL,GOOGL_927,0.0199497341606347,0.010426099501446972
2023-09-13 04:00:00,GOOGL,GOOGL_927,-0.0217248268220724,0.00532301638102735
2023-09-14 04:00:00,GOOGL,GOOGL_927,-0.0554670769266126,0.004156397796907068
2023-09-15 04:00:00,GOOGL,GOOGL_932,-0.0520378035960547,-0.022941544666267567
2023-09-18 04:00:00,GOOGL,GOOGL_932,-0.051371143612015,-0.028573811042007784
2023-09-19 04:00:00,GOOGL,GOOGL_932,-0.0686032050312002,-0.027888007933772548
2023-09-20 04:00:00,GOOGL,GOOGL_932,-0.0239271128727059,0.008724274128154859
2023-09-21 04:00:00,GOOGL,GOOGL_932,0.0143360555212155,0.022314757834127827
2023-09-22 04:00:00,GOOGL,GOOGL_937,0.0046833060295705,0.015634640843286772
2023-09-25 04:00:00,GOOGL,GOOGL_937,0.0233391621108127,0.018964014454218185
2023-09-26 04:00:00,GOOGL,GOOGL_937,0.0300224401623363,0.016731327111105622
2023-09-27 04:00:00,GOOGL,GOOGL_937,0.036004385236402,0.0110064725488996
2023-09-28 04:00:00,GOOGL,GOOGL_937,0.0208601754708877,0.0051829253807655785
2023-09-29 04:00:00,GOOGL,GOOGL_942,0.0513525996435884,0.03499717059068844
2023-10-02 04:00:00,GOOGL,GOOGL_942,0.0316762320787129,0.034730672001782675
2023-10-03 04:00:00,GOOGL,GOOGL_942,0.0425130649715885,0.04175308373857969
2023-10-04 04:00:00,GOOGL,GOOGL_942,0.0392635118523576,0.033214814750949645
2023-10-05 04:00:00,GOOGL,GOOGL_942,0.0288738704746118,0.04242528404440621
2023-10-06 04:00:00,GOOGL,GOOGL_947,-0.0015990784836104,0.016464062875915734
2023-10-09 04:00:00,GOOGL,GOOGL_947,0.0049126422739895,0.008633625836821583
2023-10-10 04:00:00,GOOGL,GOOGL_947,0.0120237845245858,0.011152553374742273
2023-10-11 04:00:00,GOOGL,GOOGL_947,-0.0184275793785422,0.013567808503091583
2023-10-12 04:00:00,GOOGL,GOOGL_947,-0.0087788818449069,0.011347178505318228
2023-10-13 04:00:00,GOOGL,GOOGL_952,-0.0128130059625473,0.014916566941686147
2023-10-16 04:00:00,GOOGL,GOOGL_952,-0.0186916318435007,-0.004811915645797322
2023-10-17 04:00:00,GOOGL,GOOGL_952,-0.0065130522055458,0.0018282178099112908
2023-10-18 04:00:00,GOOGL,GOOGL_952,-0.0895187409575144,0.019891455060424515
2023-10-19 04:00:00,GOOGL,GOOGL_952,-0.1123049090432168,0.0243739479199134
2023-10-20 04:00:00,GOOGL,GOOGL_957,-0.0990413519916656,0.011443449789689461
2023-10-23 04:00:00,GOOGL,GOOGL_957,-0.0882051349122882,0.007599777844531315
2023-10-24 04:00:00,GOOGL,GOOGL_957,-0.1061162451308402,-0.0017378696370909735
2023-10-25 04:00:00,GOOGL,GOOGL_957,0.0066873364685058,0.0003544145123931893
2023-10-26 04:00:00,GOOGL,GOOGL_957,0.0426071241125556,0.01213544468417549
2023-10-27 04:00:00,GOOGL,GOOGL_962,0.0567243025164574,0.013741015348876841
2023-10-30 04:00:00,GOOGL,GOOGL_962,0.0465209782911664,0.0048432427931255385
2023-10-31 04:00:00,GOOGL,GOOGL_962,0.055528685428533,0.003537460693209454
2023-11-01 04:00:00,GOOGL,GOOGL_962,0.0426255398950672,-0.001577123007444488
2023-11-02 04:00:00,GOOGL,GOOGL_962,0.0215703794452415,-0.007072538810739442
2023-11-03 04:00:00,GOOGL,GOOGL_967,0.0270332305916132,0.02174467074533304
2023-11-06 05:00:00,GOOGL,GOOGL_967,0.0141266513465692,0.022082433697287896
2023-11-07 05:00:00,GOOGL,GOOGL_967,0.0202335945009175,0.024401969195038103
2023-11-08 05:00:00,GOOGL,GOOGL_967,0.0210861563752782,0.027448710682935612
2023-11-09 05:00:00,GOOGL,GOOGL_967,0.0513666070366398,0.027013796877535502
2023-11-10 05:00:00,GOOGL,GOOGL_972,0.0205143773725697,0.02298890491319962
2023-11-13 05:00:00,GOOGL,GOOGL_972,0.0314937071499945,0.028727032672993306
2023-11-14 05:00:00,GOOGL,GOOGL_972,0.0250711437354687,0.022048474251174958
2023-11-15 05:00:00,GOOGL,GOOGL_972,0.0287476639158075,0.0040356418919450555
2023-11-16 05:00:00,GOOGL,GOOGL_972,-0.0017526491434439,-0.023525907788845155
2023-11-17 05:00:00,GOOGL,GOOGL_977,0.0081295257066225,0.011149007532025216
2023-11-20 05:00:00,GOOGL,GOOGL_977,0.0069724546659977,-0.01253013642644228
2023-11-21 05:00:00,GOOGL,GOOGL_977,-0.0144556889091987,-0.01739482091129897
2023-11-22 05:00:00,GOOGL,GOOGL_977,-0.0430356450102197,-0.011111669259475656
2023-11-24 05:00:00,GOOGL,GOOGL_977,-0.0353354433008011,0.006378964163438594
2023-11-27 05:00:00,GOOGL,GOOGL_982,-0.0523421977711721,-0.017392765189277806
2023-11-28 05:00:00,GOOGL,GOOGL_982,-0.0452623293965582,-0.027351991383155583
2023-11-29 05:00:00,GOOGL,GOOGL_982,-0.0368175495848454,0.011010165065805655
2023-11-30 05:00:00,GOOGL,GOOGL_982,0.0331999844338013,0.014225458586247661
2023-12-01 05:00:00,GOOGL,GOOGL_982,0.0237373340537265,0.007677502990429103
2023-12-04 05:00:00,GOOGL,GOOGL_987,0.0310976164679239,0.02430294716467487
2023-12-05 05:00:00,GOOGL,GOOGL_987,0.0116802711285992,0.030176632189585318
2023-12-06 05:00:00,GOOGL,GOOGL_987,0.0196123901550888,0.03762722717325221
2023-12-07 05:00:00,GOOGL,GOOGL_987,-0.0364419082836742,0.008106900470866846
2023-12-08 05:00:00,GOOGL,GOOGL_987,-0.0177050099443804,0.03150639172309453
2023-12-11 05:00:00,GOOGL,GOOGL_992,0.0188311943285703,0.008346538752461765
2023-12-12 05:00:00,GOOGL,GOOGL_992,0.0311650278514343,0.011504135274108944
2023-12-13 05:00:00,GOOGL,GOOGL_992,0.0435240906305491,0.01666038030370842
2023-12-14 05:00:00,GOOGL,GOOGL_992,0.0642716050524931,0.037268377416573455
2023-12-15 05:00:00,GOOGL,GOOGL_992,0.0670437328842079,0.039370755483674136
2023-12-18 05:00:00,GOOGL,GOOGL_997,0.0421207738745266,0.043317238519839645
2023-12-19 05:00:00,GOOGL,GOOGL_997,0.0272228422016698,0.01020894129600691
2023-12-20 05:00:00,GOOGL,GOOGL_997,0.0136619881428374,-0.006549102573934315
2023-12-21 05:00:00,GOOGL,GOOGL_997,-0.0051986592868401,-0.01158503543557114
2023-12-22 05:00:00,GOOGL,GOOGL_997,-0.0234646066529352,-0.012421806423037546
2023-12-26 05:00:00,MSFT,MSFT_1002,-0.0108364851302763,0.0029442503714547453
2023-12-27 05:00:00,MSFT,MSFT_1002,-0.0163873199208388,0.0024537608458049254
2023-12-28 05:00:00,MSFT,MSFT_1002,-0.0200650149322914,-0.0031675497128173524
2023-12-29 05:00:00,MSFT,MSFT_1002,-0.0035900597618305,-0.0009048817106530417
2024-01-02 05:00:00,MSFT,MSFT_1002,0.01326614040637,0.0033978434938741653
2024-01-03 05:00:00,MSFT,MSFT_1007,0.0328385933883577,-0.011671353438287332
2024-01-04 05:00:00,MSFT,MSFT_1007,0.0453606629631526,-0.009504073203905401
2024-01-05 05:00:00,MSFT,MSFT_1007,0.0563426273846447,-0.00952214643965834
2024-01-08 05:00:00,MSFT,MSFT_1007,0.0415810042188193,-0.018312833934496814
2024-01-09 05:00:00,MSFT,MSFT_1007,0.0364032900415602,-0.023032006330515702
2024-01-10 05:00:00,MSFT,MSFT_1012,0.0289991546414554,0.0076911687199807555
2024-01-11 05:00:00,MSFT,MSFT_1012,0.0365026346532677,0.007943576233617626
2024-01-12 05:00:00,MSFT,MSFT_1012,0.0206966008177142,0.008729029870959214
2024-01-16 05:00:00,MSFT,MSFT_1012,0.0221129093339282,0.021429668980729275
2024-01-17 05:00:00,MSFT,MSFT_1012,0.0336097678816418,0.015526747933880947
2024-01-18 05:00:00,MSFT,MSFT_1017,0.0279279968933079,0.013595233066540875
2024-01-19 05:00:00,MSFT,MSFT_1017,0.0131938171191308,0.01570550984532495
2024-01-22 05:00:00,MSFT,MSFT_1017,0.0333156569310482,0.020220683054368967
2024-01-23 05:00:00,MSFT,MSFT_1017,0.0242918089487884,0.015938676787516946
2024-01-24 05:00:00,MSFT,MSFT_1017,-0.0123708540752444,0.015634201763466502
2024-01-25 05:00:00,MSFT,MSFT_1022,-0.0026922131820984,0.007537274577398814
2024-01-26 05:00:00,MSFT,MSFT_1022,0.0180477030106878,0.006701121297848178
2024-01-29 05:00:00,MSFT,MSFT_1022,-0.0099336310458184,0.002789783795246175
2024-01-30 05:00:00,MSFT,MSFT_1022,-0.007587082726695,0.00530638402531261
2024-01-31 05:00:00,MSFT,MSFT_1022,0.041425629500869,-0.013819851187899444
2024-02-01 05:00:00,MSFT,MSFT_1027,0.0255832052194142,0.004648300208416986
2024-02-02 05:00:00,MSFT,MSFT_1027,0.022688552464787,0.004611700556497711
2024-02-05 05:00:00,MSFT,MSFT_1027,0.0236904129513999,0.006418345885089433
2024-02-06 05:00:00,MSFT,MSFT_1027,0.0020469484076883,0.002594495818456002
2024-02-07 05:00:00,MSFT,MSFT_1027,-0.0110131570898002,0.0004935370129456816
2024-02-08 05:00:00,MSFT,MSFT_1032,-0.018231841926147,0.007100412115141792
2024-02-09 05:00:00,MSFT,MSFT_1032,-0.039210535520198,0.004810313593075645
2024-02-12 05:00:00,MSFT,MSFT_1032,-0.0300293814175395,0.011445195998735315
2024-02-13 05:00:00,MSFT,MSFT_1032,-0.0101890494531666,0.0075797750856322855
2024-02-14 05:00:00,MSFT,MSFT_1032,0.0052748631556855,0.0023169733730105434
2024-02-15 05:00:00,MSFT,MSFT_1037,0.0092975177144722,0.006608773774095011
2024-02-16 05:00:00,MSFT,MSFT_1037,0.0086126095316414,0.0038173885763491625
2024-02-20 05:00:00,MSFT,MSFT_1037,0.0116437904166215,0.009670581473473602
2024-02-21 05:00:00,MSFT,MSFT_1037,0.0137749481471294,0.012593201891618486
2024-02-22 05:00:00,MSFT,MSFT_1037,0.0048342542972406,-0.0011139574730498973
2024-02-23 05:00:00,MSFT,MSFT_1042,0.012574946893211,0.0028746244468195194
2024-02-26 05:00:00,MSFT,MSFT_1042,0.018108663512969,0.011899884117700212
2024-02-27 05:00:00,MSFT,MSFT_1042,-0.0118533841160758,0.00791088373840519
2024-02-28 05:00:00,MSFT,MSFT_1042,-0.0138085079612391,0.011327547341822978
2024-02-29 05:00:00,MSFT,MSFT_1042,-0.0108790248540743,0.0018027822013931105
2024-03-01 05:00:00,MSFT,MSFT_1047,-0.022334533764854,-0.005600701029947276
2024-03-04 05:00:00,MSFT,MSFT_1047,-0.0250651308143607,-0.007643355795778288
2024-03-05 05:00:00,MSFT,MSFT_1047,0.0313672049528441,0.004602535994752977
2024-03-06 05:00:00,MSFT,MSFT_1047,0.0323559647942401,0.001560107678702281
2024-03-07 05:00:00,MSFT,MSFT_1047,0.0393019162060761,-0.0003879891760962297
2024-03-08 05:00:00,MSFT,MSFT_1052,0.025109576525971,0.024548198366745343
2024-03-11 04:00:00,MSFT,MSFT_1052,0.0316424865474678,0.021858952901148258
2024-03-12 04:00:00,MSFT,MSFT_1052,0.0147611368253501,0.01089135186746204
2024-03-13 04:00:00,MSFT,MSFT_1052,0.0244037695347234,0.010248393178490817
2024-03-14 04:00:00,MSFT,MSFT_1052,0.0097596394444541,0.011719193019762599
2024-03-15 04:00:00,MSFT,MSFT_1057,0.0295854579736203,0.008627778597029508
2024-03-18 04:00:00,MSFT,MSFT_1057,0.0132751316258834,0.0066769071287629215
2024-03-19 04:00:00,MSFT,MSFT_1057,0.0005694934441267,-0.00033660475660993367
2024-03-20 04:00:00,MSFT,MSFT_1057,-0.0089363831629207,-0.00038649309180514304
2024-03-21 04:00:00,MSFT,MSFT_1057,-0.0201457810160291,-0.0017357404653355166
2024-03-22 04:00:00,MSFT,MSFT_1062,-0.0097261347323271,-0.01007203807361926
2024-03-25 04:00:00,MSFT,MSFT_1062,-0.0033580451197708,0.0015513420471540019
2024-03-26 04:00:00,MSFT,MSFT_1062,-0.0028459189062568,-0.0033484105014241483
2024-03-27 04:00:00,MSFT,MSFT_1062,-0.0084236714393033,-0.007987409809289216
2024-03-28 04:00:00,MSFT,MSFT_1062,0.0114089840726416,-0.0055704888089188965
2024-04-01 04:00:00,MSFT,MSFT_1067,4.708060703051409e-05,-0.005134375775232534
2024-04-02 04:00:00,MSFT,MSFT_1067,0.0114844255643802,-0.0019287582240981602
2024-04-03 04:00:00,MSFT,MSFT_1067,0.0066833094946137,0.0027727884747619706
2024-04-04 04:00:00,MSFT,MSFT_1067,0.0240499370047322,0.012154522689874698
2024-04-05 04:00:00,MSFT,MSFT_1067,-0.0085072269473835,-0.005258618772579849
2024-04-08 04:00:00,MSFT,MSFT_1072,-0.0257895423441373,0.0011899208824241057
2024-04-09 04:00:00,MSFT,MSFT_1072,-0.0274467773307113,-0.008902405765248428
2024-04-10 04:00:00,MSFT,MSFT_1072,-0.0269810829377858,0.00976399572818602
2024-04-11 04:00:00,MSFT,MSFT_1072,-0.0552894259973857,-0.00523020945490851
2024-04-12 04:00:00,MSFT,MSFT_1072,-0.0539938352899954,0.016932444969325597
2024-04-15 04:00:00,MSFT,MSFT_1077,-0.0306547305490655,-0.010483132678435446
2024-04-16 04:00:00,MSFT,MSFT_1077,-0.0169086291550277,-0.0016898328386533612
2024-04-17 04:00:00,MSFT,MSFT_1077,-0.0067501913461947,0.023839068518538162
2024-04-18 04:00:00,MSFT,MSFT_1077,-0.0129368506465443,0.019843084419711332
2024-04-19 04:00:00,MSFT,MSFT_1077,0.0180397181176485,0.008628872733523396
2024-04-22 04:00:00,MSFT,MSFT_1082,0.0032172999112465,-0.012701753869672592
2024-04-23 04:00:00,MSFT,MSFT_1082,-0.0447530986681348,-0.010001554608645522
2024-04-24 04:00:00,MSFT,MSFT_1082,-0.0345181518639325,-0.009118874771900437
2024-04-25 04:00:00,MSFT,MSFT_1082,-0.0030072478481719,-0.008611229637433134
2024-04-26 04:00:00,MSFT,MSFT_1082,0.0008367698655293,-0.006451804092726352
2024-04-29 04:00:00,MSFT,MSFT_1087,0.0280671436791097,-0.00047722450082070706
2024-04-30 04:00:00,MSFT,MSFT_1087,0.0513960148351193,0.007077961277633004
2024-05-01 04:00:00,MSFT,MSFT_1087,0.0394996860461862,0.0013061218289790752
2024-05-02 04:00:00,MSFT,MSFT_1087,0.0363965692731158,-7.891597387654387e-05
2024-05-03 04:00:00,MSFT,MSFT_1087,0.0198691449847603,0.0063587978263367284
2024-05-06 04:00:00,MSFT,MSFT_1092,0.0004352485178267,0.020530755112413118
2024-05-07 04:00:00,MSFT,MSFT_1092,0.0176381523557336,0.01854323908586807
2024-05-08 04:00:00,MSFT,MSFT_1092,0.0305450815178507,0.019553147138783266
2024-05-09 04:00:00,MSFT,MSFT_1092,0.0210273155707885,0.022076084632882985
2024-05-10 04:00:00,MSFT,MSFT_1092,0.0131889891245162,0.021905550168915364
2024-05-13 04:00:00,MSFT,MSFT_1097,0.0280866167526396,0.0093728493883894
2024-05-14 04:00:00,MSFT,MSFT_1097,0.0299596962249661,0.005942702895258726
2024-05-15 04:00:00,MSFT,MSFT_1097,0.0175853329808486,0.0034230266151047363
2024-05-16 04:00:00,MSFT,MSFT_1097,0.0142758970641536,0.0005614112231929193
2024-05-17 04:00:00,MSFT,MSFT_1097,0.0236786664033783,-0.0026233576780530137
2024-05-20 04:00:00,MSFT,MSFT_1102,0.0117083063648029,-0.001950231955738028
2024-05-21 04:00:00,MSFT,MSFT_1102,0.0003030134258421,0.006971641116566833
2024-05-22 04:00:00,MSFT,MSFT_1102,-0.0368158877413568,0.008642045070460316
2024-05-23 04:00:00,MSFT,MSFT_1102,-0.027798583412617,0.01153369063721652
2024-05-24 04:00:00,MSFT,MSFT_1102,-0.0386833143638993,0.007530418275691972
2024-05-28 04:00:00,MSFT,MSFT_1107,-0.0331148906800968,-0.026158151867534573
2024-05-29 04:00:00,MSFT,MSFT_1107,-0.0120232157435627,-0.022296437945679225
2024-05-30 04:00:00,MSFT,MSFT_1107,0.0237537687003597,-0.01780460391978574
2024-05-31 04:00:00,MSFT,MSFT_1107,0.0210054708600615,-0.01689476846890592
2024-06-03 04:00:00,MSFT,MSFT_1107,0.0347020857147517,-0.009101311378952622
2024-06-04 04:00:00,MSFT,MSFT_1112,0.0399211312018925,-0.0028569193628479065
2024-06-05 04:00:00,MSFT,MSFT_1112,0.0402112860552354,-0.0020520053480303025
2024-06-06 04:00:00,MSFT,MSFT_1112,0.0401865589373797,-0.002850467497715595
2024-06-07 04:00:00,MSFT,MSFT_1112,0.0441665706054779,-0.012439778358741795
2024-06-10 04:00:00,MSFT,MSFT_1112,0.047911749442457,-0.02418498822257649
2024-06-11 04:00:00,MSFT,MSFT_1117,0.0315706847863084,-0.014095395634156878
2024-06-12 04:00:00,MSFT,MSFT_1117,0.0105201439126683,-0.028611708636327324
2024-06-13 04:00:00,MSFT,MSFT_1117,0.0185697098065591,-0.023735763719769928
2024-06-14 04:00:00,MSFT,MSFT_1117,0.0115236143866825,-0.02098944537798762
2024-06-17 04:00:00,MSFT,MSFT_1117,0.0057542144165321,-0.023006918898656022
2024-06-18 04:00:00,MSFT,MSFT_1122,0.0130394035308742,0.017464443024892404
2024-06-20 04:00:00,MSFT,MSFT_1122,0.0160421667055352,-0.0036972162649442754
2024-06-21 04:00:00,MSFT,MSFT_1122,-0.0062919351237186,-0.0014073850508961542
2024-06-24 04:00:00,MSFT,MSFT_1122,0.0202381157701916,-0.0014258555199758664
2024-06-25 04:00:00,MSFT,MSFT_1122,0.0184720841485226,-0.008378253467378359
2024-06-26 04:00:00,MSFT,MSFT_1127,0.0190418995086452,-0.0025242731869336847
2024-06-27 04:00:00,MSFT,MSFT_1127,0.032483142887969,-0.0037563992337547435
2024-06-28 04:00:00,MSFT,MSFT_1127,0.0431591397259172,-0.0030023656635786828
2024-07-01 04:00:00,MSFT,MSFT_1127,0.0061524259212251,0.0018324953259043469
2024-07-02 04:00:00,MSFT,MSFT_1127,0.0151759302369545,-0.007802552111509017
2024-07-03 04:00:00,MSFT,MSFT_1132,-0.0131735506898659,0.013199303489855839
2024-07-05 04:00:00,MSFT,MSFT_1132,-0.0299640898254329,0.006136716729931932
2024-07-08 04:00:00,MSFT,MSFT_1132,-0.026338364440004,0.015063253869920247
2024-07-09 04:00:00,MSFT,MSFT_1132,-0.0218044552050585,0.008225958474144444
2024-07-10 04:00:00,MSFT,MSFT_1132,-0.048750693804457,0.005076027065519814
2024-07-11 04:00:00,MSFT,MSFT_1137,-0.0315153215419733,-0.014942393716207146
2024-07-12 04:00:00,MSFT,MSFT_1137,-0.0362473881245272,-0.010169423591500795
2024-07-15 04:00:00,MSFT,MSFT_1137,-0.0242752427991493,-0.01004970521073854
2024-07-16 04:00:00,MSFT,MSFT_1137,-0.0103888214635416,-3.5506114237122585e-05
2024-07-17 04:00:00,MSFT,MSFT_1137,-0.0329635540208692,-0.0013514073634973232
2024-07-18 04:00:00,MSFT,MSFT_1142,-0.0498898686656811,-0.019115135081364032
2024-07-19 04:00:00,MSFT,MSFT_1142,-0.0270869958012234,-0.016366891853883615
2024-07-22 04:00:00,MSFT,MSFT_1142,-0.0365963592489537,-0.0195035419220837
2024-07-23 04:00:00,MSFT,MSFT_1142,-0.0492974988757854,-0.016858473995128954
2024-07-24 04:00:00,MSFT,MSFT_1142,-0.0245977802357232,-0.004947745186565875
2024-07-25 04:00:00,MSFT,MSFT_1147,-0.0030831944640061,-0.0005098213882138747
2024-07-26 04:00:00,MSFT,MSFT_1147,-0.0394572841084194,-0.0021623548032482505
2024-07-29 04:00:00,MSFT,MSFT_1147,-0.0740046780793571,0.00320657978534992
2024-07-30 04:00:00,MSFT,MSFT_1147,-0.0551168715976476,0.003656268154715437
2024-07-31 04:00:00,MSFT,MSFT_1147,-0.0476156642455154,0.012982062672719629
2024-08-01 04:00:00,MSFT,MSFT_1152,-0.0345711764680057,-0.016215578353910735
2024-08-02 04:00:00,MSFT,MSFT_1152,-0.0060466627818369,-0.012958905140706481
2024-08-05 04:00:00,MSFT,MSFT_1152,0.0295077915784149,-0.0070217510597180375
2024-08-06 04:00:00,MSFT,MSFT_1152,0.0360351966715593,-0.012631123270274576
2024-08-07 04:00:00,MSFT,MSFT_1152,0.0462565394537917,-0.009095763571696064
2024-08-08 04:00:00,MSFT,MSFT_1157,0.0455437091228982,0.02710924979062696
2024-08-09 04:00:00,MSFT,MSFT_1157,0.0306635450074159,0.02878226252913439
2024-08-12 04:00:00,MSFT,MSFT_1157,0.0361839711635478,0.030453202106159066
2024-08-13 04:00:00,MSFT,MSFT_1157,0.026062118723777,0.023429670075396546
2024-08-14 04:00:00,MSFT,MSFT_1157,0.0174639676454801,0.02824779285308226
2024-08-15 04:00:00,MSFT,MSFT_1162,-0.0130157257255216,0.024011053798504912
2024-08-16 04:00:00,MSFT,MSFT_1162,-0.0040146071901943,0.02142298297321491
2024-08-19 04:00:00,MSFT,MSFT_1162,-0.0190733958868997,0.020248819680346645
2024-08-20 04:00:00,MSFT,MSFT_1162,-0.0258003572740677,0.01763020072116625
2024-08-21 04:00:00,MSFT,MSFT_1162,-0.031923440555697,0.0012120862580066948
2024-08-22 04:00:00,MSFT,MSFT_1167,-0.0058476543067351,-0.011616190654143998
2024-08-23 04:00:00,MSFT,MSFT_1167,0.0008397660604617,-0.01113953152475906
2024-08-26 04:00:00,MSFT,MSFT_1167,-0.009794645308519,-0.005723157500353289
2024-08-27 04:00:00,MSFT,MSFT_1167,-0.0119369864805741,0.002002669148985735
2024-08-28 04:00:00,MSFT,MSFT_1167,-0.0053823463765876,0.0025395055683868793
2024-08-29 04:00:00,MSFT,MSFT_1172,-0.0276432587266001,-0.0026259729696118538
2024-08-30 04:00:00,MSFT,MSFT_1172,-0.0273769310703962,-0.0022593489081841056
2024-09-03 04:00:00,MSFT,MSFT_1172,0.0116256587955305,0.004002578980181131
2024-09-04 04:00:00,MSFT,MSFT_1172,0.0345806183895838,0.004440159572746426
2024-09-05 04:00:00,MSFT,MSFT_1172,0.0455691488137459,0.0049268303002689305
2024-09-06 04:00:00,MSFT,MSFT_1177,0.0719193011026591,0.01502703756793174
2024-09-09 04:00:00,MSFT,MSFT_1177,0.0631469857046824,0.012228091125241177
2024-09-10 04:00:00,MSFT,MSFT_1177,0.0505793845292827,-0.0002839417868964285
2024-09-11 04:00:00,MSFT,MSFT_1177,0.0183670311477095,-0.010647943201690841
2024-09-12 04:00:00,MSFT,MSFT_1177,0.027377054897907,-0.018678177884098104
2024-09-13 04:00:00,MSFT,MSFT_1182,0.0108687909974312,-0.012010003171662629
2024-09-16 04:00:00,MSFT,MSFT_1182,0.0050308653177493,-0.014769259417134712
2024-09-17 04:00:00,MSFT,MSFT_1182,-0.0137423429912135,-0.01485954857039466
2024-09-18 04:00:00,MSFT,MSFT_1182,0.003017543233295,-0.02022485200289318
2024-09-19 04:00:00,MSFT,MSFT_1182,-0.016822824413005,-0.008925223139844377
2024-09-20 04:00:00,MSFT,MSFT_1187,-0.016656328676435,-0.003984333987836679
2024-09-23 04:00:00,MSFT,MSFT_1187,-0.0074047239979341,-0.004720448168260375
2024-09-24 04:00:00,MSFT,MSFT_1187,-0.0197590948132632,9.009842992084472e-05
2024-09-25 04:00:00,MSFT,MSFT_1187,-0.0346670546309231,-0.004064597782245816
2024-09-26 04:00:00,MSFT,MSFT_1187,-0.0342444856304666,-0.0015719858429314526
2024-09-27 04:00:00,MSFT,MSFT_1192,-0.0279426002571484,-0.015369926425830648
2024-09-30 04:00:00,MSFT,MSFT_1192,-0.0482453633208914,-0.022313091343278663
2024-10-01 04:00:00,MSFT,MSFT_1192,-0.0142147684794603,-0.005907739996877445
2024-10-02 04:00:00,MSFT,MSFT_1192,0.0007910880742283,-0.006980467467007969
2024-10-03 04:00:00,MSFT,MSFT_1192,-0.0016805401466153,-0.011821977405616902
2024-10-04 04:00:00,MSFT,MSFT_1197,0.0006249333441108,-0.005257824314307064
2024-10-07 04:00:00,MSFT,MSFT_1197,0.0234409481447832,-0.005398861945271603
2024-10-08 04:00:00,MSFT,MSFT_1197,0.0097176312660252,-0.009946992380266188
2024-10-09 04:00:00,MSFT,MSFT_1197,-0.0032098796658812,-0.0037782726602640765
2024-10-10 04:00:00,MSFT,MSFT_1197,0.0021162102985818,-0.006648876211111843
2024-10-11 04:00:00,MSFT,MSFT_1202,0.0044196682972712,0.00778613656856398
2024-10-14 04:00:00,MSFT,MSFT_1202,-0.0008589393915123,0.01924098614218903
2024-10-15 04:00:00,MSFT,MSFT_1202,0.0209438308634943,0.015212041000618287
2024-10-16 04:00:00,MSFT,MSFT_1202,0.0203787635437706,0.007841366157671826
2024-10-17 04:00:00,MSFT,MSFT_1202,0.0192215630211201,0.018045237386680416
2024-10-18 04:00:00,MSFT,MSFT_1207,0.0238903533262051,0.018593253940637787
2024-10-21 04:00:00,MSFT,MSFT_1207,0.0186494044160636,0.018910594694997927
2024-10-22 04:00:00,MSFT,MSFT_1207,0.0103857274449328,0.01153521648206744
2024-10-23 04:00:00,MSFT,MSFT_1207,0.0186763838007293,0.008625179107960406
2024-10-24 04:00:00,MSFT,MSFT_1207,-0.0432745612680619,0.0048528186718250835
2024-10-25 04:00:00,MSFT,MSFT_1212,-0.0415274997845629,-0.011991214878862413
2024-10-28 04:00:00,MSFT,MSFT_1212,-0.0424998359981517,-0.010051056656827526
2024-10-29 04:00:00,MSFT,MSFT_1212,-0.0474360925405702,0.001078660430450623
2024-10-30 04:00:00,MSFT,MSFT_1212,-0.0285529469363287,0.003793507401297709
2024-10-31 04:00:00,MSFT,MSFT_1212,0.0469545620417812,0.0035958296099772285
2024-11-01 04:00:00,MSFT,MSFT_1217,0.0296561970235154,0.016257430661742622
2024-11-04 05:00:00,MSFT,MSFT_1217,0.0233805476921407,0.024571184939315024
2024-11-05 05:00:00,MSFT,MSFT_1217,0.0281193981541263,0.014684717521154158
2024-11-06 05:00:00,MSFT,MSFT_1217,0.0119473073891063,0.018360398274251722
2024-11-07 05:00:00,MSFT,MSFT_1217,0.0034318736285452,0.013647166196204635
2024-11-08 05:00:00,MSFT,MSFT_1222,-0.0178444842912911,0.013597961273422497
2024-11-11 05:00:00,MSFT,MSFT_1222,-0.0053826462224231,0.015520784370448999
2024-11-12 05:00:00,MSFT,MSFT_1222,-0.0123868053081237,0.012220018239476563
2024-11-13 05:00:00,MSFT,MSFT_1222,-0.0228363633440548,0.01013516968880547
2024-11-14 05:00:00,MSFT,MSFT_1222,-0.032842228794684,-0.005673038506447128
2024-11-15 05:00:00,MSFT,MSFT_1227,0.0048192771084336,-0.0030175525118768722
2024-11-18 05:00:00,MSFT,MSFT_1227,0.0072878552725765,-0.002930578634098528
2024-11-19 05:00:00,MSFT,MSFT_1227,0.0244141350459232,0.0012257749428309017
2024-11-20 05:00:00,MSFT,MSFT_1227,0.018050976380368,0.005940496464641863
2024-11-21 05:00:00,MSFT,MSFT_1227,0.0256497116843881,0.01124217381124878
2024-11-22 05:00:00,MSFT,MSFT_1232,0.0335252062022257,0.017400136283165904
2024-11-25 05:00:00,MSFT,MSFT_1232,0.0296329984213992,0.01578001823718234
2024-11-26 05:00:00,MSFT,MSFT_1232,0.0220332797694529,0.002867744545749027
2024-11-27 05:00:00,MSFT,MSFT_1232,0.046407729109466,-0.0017144025787013155
2024-11-29 05:00:00,MSFT,MSFT_1232,0.0474897659163486,-0.003275060525289192
2024-12-02 05:00:00,MSFT,MSFT_1237,0.0348971591348834,-0.020660549401907577
2024-12-03 05:00:00,MSFT,MSFT_1237,0.0281307375274617,-0.022413551031388174
2024-12-04 05:00:00,MSFT,MSFT_1237,0.0264504971228347,-0.00994505568415527
2024-12-05 05:00:00,MSFT,MSFT_1237,0.0156793694771264,-0.0015284870023888715
2024-12-06 05:00:00,MSFT,MSFT_1237,0.0083413703098924,-0.0016435952334182785
2024-12-09 05:00:00,MSFT,MSFT_1242,0.0124882459562771,0.008038714621820589
2024-12-10 05:00:00,MSFT,MSFT_1242,0.0251054636950398,0.0033095444588547183
2024-12-11 05:00:00,MSFT,MSFT_1242,-0.0258357109027803,0.012522014411825173
2024-12-12 05:00:00,MSFT,MSFT_1242,-0.0278716942062082,0.015547450338714776
2024-12-13 05:00:00,MSFT,MSFT_1242,-0.023855798896067,0.010418343767918599
2024-12-16 05:00:00,MSFT,MSFT_1247,-0.0361832557638513,-0.00786422302286497
2024-12-17 05:00:00,MSFT,MSFT_1247,-0.0332922703148623,0.0029728341193065683
2024-12-18 05:00:00,MSFT,MSFT_1247,0.0016460611331141,-0.012119647022898332
2024-12-19 05:00:00,MSFT,MSFT_1247,-0.0148731208799296,-0.021259332536151438
2024-12-20 05:00:00,MSFT,MSFT_1247,-0.0269583586044646,-0.020796093296963546
2020-12-31 05:00:00,MSFT,MSFT_252,-0.0125888097959203,-0.03202387672972032
2021-01-04 05:00:00,MSFT,MSFT_252,-0.000918723625335,-0.025821044018023626
2021-01-05 05:00:00,MSFT,MSFT_252,-0.0136301115369195,-0.031405639709064924
2021-01-06 05:00:00,MSFT,MSFT_252,0.0192697118392963,-0.0043218186647533095
2021-01-07 05:00:00,MSFT,MSFT_252,-0.0241421465745524,-0.02178079497408408
2021-01-08 05:00:00,MSFT,MSFT_257,-0.0317366422715015,-0.013226559393903919
2021-01-11 05:00:00,MSFT,MSFT_257,-0.0048278220848674,-0.0021224776357299203
2021-01-12 05:00:00,MSFT,MSFT_257,0.0437817148968326,0.007796879638201434
2021-01-13 05:00:00,MSFT,MSFT_257,0.0398909356979635,0.004112651886560938
2021-01-14 05:00:00,MSFT,MSFT_257,0.0606984903598222,0.01181076623200372
2021-01-15 05:00:00,MSFT,MSFT_262,0.0793792869377154,0.04830828474214459
2021-01-19 05:00:00,MSFT,MSFT_262,0.0734152615524486,0.023174546207262912
2021-01-20 05:00:00,MSFT,MSFT_262,0.0381563595360903,-0.001934091285613933
2021-01-21 05:00:00,MSFT,MSFT_262,0.0620526798209992,-0.0156863371669197
2021-01-22 05:00:00,MSFT,MSFT_262,0.0265988486249093,-0.019246904482680884
2021-01-25 05:00:00,MSFT,MSFT_267,0.0440900761164484,-0.011206631912143909
2021-01-26 05:00:00,MSFT,MSFT_267,0.0309042853664782,-0.030596594802177194
2021-01-27 05:00:00,MSFT,MSFT_267,0.0433662789532089,-0.037450275957850075
2021-01-28 05:00:00,MSFT,MSFT_267,0.0128908128969567,-0.04849045598492772
2021-01-29 05:00:00,MSFT,MSFT_267,0.0441454989566649,-0.03689975014418069
2021-02-01 05:00:00,MSFT,MSFT_272,0.0117671913041517,-0.0265857734852341
2021-02-02 05:00:00,MSFT,MSFT_272,0.0177863549051324,-0.04088635479099612
2021-02-03 05:00:00,MSFT,MSFT_272,-0.0007407105999228,-0.04844809581531249
2021-02-04 05:00:00,MSFT,MSFT_272,0.0102475560622272,-0.04446991915727803
2021-02-05 05:00:00,MSFT,MSFT_272,0.0115194408756253,-0.05031500414443315
2021-02-08 05:00:00,MSFT,MSFT_277,0.0050727748642995,-0.007479137115637103
2021-02-09 05:00:00,MSFT,MSFT_277,0.001763927752574,-0.02661401854013257
2021-02-10 05:00:00,MSFT,MSFT_277,0.0039946706723343,-0.019075741693638668
2021-02-11 05:00:00,MSFT,MSFT_277,-0.014397334015191,-0.029743242048812082
2021-02-12 05:00:00,MSFT,MSFT_277,-0.0427773000993728,-0.029088868532533178
2021-02-16 05:00:00,MSFT,MSFT_282,-0.042798493255609,-0.008602111442182515
2021-02-17 05:00:00,MSFT,MSFT_282,-0.0395167650167075,-0.010811355700134211
2021-02-18 05:00:00,MSFT,MSFT_282,-0.0607079379816799,-0.011814545708275033
2021-02-19 05:00:00,MSFT,MSFT_282,-0.0356475756084804,-0.010006453871018086
2021-02-22 05:00:00,MSFT,MSFT_282,0.010362065547272,-0.004380787294402912
2021-02-23 05:00:00,MSFT,MSFT_287,0.0025720874254617,-0.00374614493747258
2021-02-24 05:00:00,MSFT,MSFT_287,-0.0298017710603979,-0.02519586349564367
2021-02-25 05:00:00,MSFT,MSFT_287,-0.0098694690222737,0.002677955160972172
2021-02-26 05:00:00,MSFT,MSFT_287,-0.0033565658099122,-0.020197339946964602
2021-03-01 05:00:00,MSFT,MSFT_287,-0.0403055750542564,-0.02223772854490919
2021-03-02 05:00:00,MSFT,MSFT_292,-0.0003848135278984,-0.0030513706740133728
2021-03-03 05:00:00,MSFT,MSFT_292,0.0213570076572893,0.005619054862817688
2021-03-04 05:00:00,MSFT,MSFT_292,0.0458695776970381,0.02344933537883753
2021-03-05 05:00:00,MSFT,MSFT_292,0.0179187987353917,0.032266983554455196
2021-03-08 05:00:00,MSFT,MSFT_292,0.0326311543553443,0.04522171717947266
2021-03-09 05:00:00,MSFT,MSFT_297,0.0168107107327024,0.03411937993725363
2021-03-10 05:00:00,MSFT,MSFT_297,0.0198777865656347,0.046403891053146976
2021-03-11 05:00:00,MSFT,MSFT_297,-0.0270316009366977,0.03715237119055943
2021-03-12 05:00:00,MSFT,MSFT_297,-0.0229055944707715,0.034868191755486715
2021-03-15 04:00:00,MSFT,MSFT_297,0.0050253734800025,0.035415730304212814
2021-03-16 04:00:00,MSFT,MSFT_302,-0.0005469053853041,-0.005349170318462301
2021-03-17 04:00:00,MSFT,MSFT_302,-0.0066654852219744,-0.0011259764223060938
2021-03-18 04:00:00,MSFT,MSFT_302,0.0070214767190377,0.01047540089290413
2021-03-19 04:00:00,MSFT,MSFT_302,0.0266116321319684,0.011455871723778535
2021-03-22 04:00:00,MSFT,MSFT_302,-0.0031781006930046,-0.008474521323315411
2021-03-23 04:00:00,MSFT,MSFT_307,-0.0241181735978508,-0.001792033523092961
2021-03-24 04:00:00,MSFT,MSFT_307,0.001316561410662,-0.00074408818700758
2021-03-25 04:00:00,MSFT,MSFT_307,0.0430834549513698,0.007362950495960708
2021-03-26 04:00:00,MSFT,MSFT_307,0.0532392245608179,-0.0034415746380777146
2021-03-29 04:00:00,MSFT,MSFT_307,0.0536473168784814,-0.002367741198280453
2021-03-30 04:00:00,MSFT,MSFT_312,0.0778520048212114,0.038348707515172636
2021-03-31 04:00:00,MSFT,MSFT_312,0.0741400322805221,0.03062276479302442
2021-04-01 04:00:00,MSFT,MSFT_312,0.0557045581184501,0.007845688848855482
2021-04-05 04:00:00,MSFT,MSFT_312,0.0274621437216517,0.00946389115910198
2021-04-06 04:00:00,MSFT,MSFT_312,0.0428870717253579,0.006723850283049298
2021-04-07 04:00:00,MSFT,MSFT_317,0.022769117968699,0.012544970958726276
2021-04-08 04:00:00,MSFT,MSFT_317,0.0246791707798617,0.005789353419330491
2021-04-09 04:00:00,MSFT,MSFT_317,0.0191126989025005,-0.00018908866356172162
2021-04-12 04:00:00,MSFT,MSFT_317,0.0110585226515891,-0.011614120766680896
2021-04-13 04:00:00,MSFT,MSFT_317,-0.0008897074449245,-0.027998361807981206
2021-04-14 04:00:00,MSFT,MSFT_322,0.0195234176058212,0.0018689415599781878
2021-04-15 04:00:00,MSFT,MSFT_322,-0.0089787536503492,-0.0031016352020543287
2021-04-16 04:00:00,MSFT,MSFT_322,0.0015724617529548,-0.02434920682628824
2021-04-19 04:00:00,MSFT,MSFT_322,0.0108603140784242,-0.012190011388464445
2021-04-20 04:00:00,MSFT,MSFT_322,0.0143653346038552,-0.012318526859551305
2021-04-21 04:00:00,MSFT,MSFT_327,-0.0231022692604307,-0.007131378165016684
2021-04-22 04:00:00,MSFT,MSFT_327,-0.0181203821502613,-0.022710283649351178
2021-04-23 04:00:00,MSFT,MSFT_327,-0.0343480812956047,-0.03394608005228703
2021-04-26 04:00:00,MSFT,MSFT_327,-0.0370483182369226,-0.040014581140442866
2021-04-27 04:00:00,MSFT,MSFT_327,-0.0541283653414347,-0.04206407932581345
2021-04-28 04:00:00,MSFT,MSFT_332,-0.0317803127572251,-0.02090924769838063
2021-04-29 04:00:00,MSFT,MSFT_332,-0.0110094603769107,-0.014023995578959818
2021-04-30 04:00:00,MSFT,MSFT_332,0.0011103737259836,-0.01640065374803378
2021-05-03 04:00:00,MSFT,MSFT_332,-0.0185817832257163,-0.014388732304101981
2021-05-04 04:00:00,MSFT,MSFT_332,-0.0062956438954836,-0.0022313757206384468
2021-05-05 04:00:00,MSFT,MSFT_337,-0.030307953031631,-0.00459750277964446
2021-05-06 04:00:00,MSFT,MSFT_337,-0.026828963532086,-0.016205801641353476
2021-05-07 04:00:00,MSFT,MSFT_337,-0.0170720617236918,-0.021195920023208616
2021-05-10 04:00:00,MSFT,MSFT_337,-0.008091269759941,0.002819234272690545
2021-05-11 04:00:00,MSFT,MSFT_337,-0.0127928926253563,0.02615761596745855
2021-05-12 04:00:00,MSFT,MSFT_342,0.0172384732936714,0.04140423885380491
2021-05-13 04:00:00,MSFT,MSFT_342,0.0141957658131546,0.036489906552682846
2021-05-14 04:00:00,MSFT,MSFT_342,-0.0120088486835997,0.030882416878388566
2021-05-17 04:00:00,MSFT,MSFT_342,0.022840387759212,0.0377081321951438
2021-05-18 04:00:00,MSFT,MSFT_342,0.035543851096617,0.035497648228188676
2021-05-19 04:00:00,MSFT,MSFT_347,0.0344274866077638,0.028081577074699354
2021-05-20 04:00:00,MSFT,MSFT_347,0.011481669425956,0.023431610183614265
2021-05-21 04:00:00,MSFT,MSFT_347,0.0183953768426761,0.03000645406591963
2021-05-24 04:00:00,MSFT,MSFT_347,-0.0134779683358524,0.0001737972538254611
2021-05-25 04:00:00,MSFT,MSFT_347,-0.0175591853945287,0.00744619638949408
2021-05-26 04:00:00,MSFT,MSFT_352,-0.0229830158377963,-0.0021806865036414842
2021-05-27 04:00:00,MSFT,MSFT_352,0.0059363673419927,0.012359838501118435
2021-05-28 04:00:00,MSFT,MSFT_352,0.0165411927425656,0.00893848775096437
2021-06-01 04:00:00,MSFT,MSFT_352,0.0208973870464102,0.01197921721565007
2021-06-02 04:00:00,MSFT,MSFT_352,0.0254346672402441,0.010660104958786932
2021-06-03 04:00:00,MSFT,MSFT_357,0.0469251687170177,0.020108303044279987
2021-06-04 04:00:00,MSFT,MSFT_357,0.0283106246356652,-0.005119836249245094
2021-06-07 04:00:00,MSFT,MSFT_357,0.0239549944774739,0.0034257667185657657
2021-06-08 04:00:00,MSFT,MSFT_357,0.0229242501462625,0.0017228788185399346
2021-06-09 04:00:00,MSFT,MSFT_357,0.0149454181933577,0.0038254410453698266
2021-06-10 04:00:00,MSFT,MSFT_362,0.0142279731031504,0.00937412841265861
2021-06-11 04:00:00,MSFT,MSFT_362,0.0059714527118976,0.008376738409991556
2021-06-14 04:00:00,MSFT,MSFT_362,0.010542883835231,0.008621131816483073
2021-06-15 04:00:00,MSFT,MSFT_362,0.0276746586911789,0.01259064833065397
2021-06-16 04:00:00,MSFT,MSFT_362,0.0306550003153964,0.006145462459114858
2021-06-17 04:00:00,MSFT,MSFT_367,0.0221924441562813,0.010527393223679212
2021-06-18 04:00:00,MSFT,MSFT_367,0.021547224668339,0.0008626340431836165
2021-06-21 04:00:00,MSFT,MSFT_367,0.0231885017883164,0.002437000258572935
2021-06-22 04:00:00,MSFT,MSFT_367,0.0221836613092616,-0.00023496308692517843
2021-06-23 04:00:00,MSFT,MSFT_367,0.0212236781995054,0.001477483746150885
2021-06-24 04:00:00,MSFT,MSFT_372,0.0184109026103749,0.005029877622107088
2021-06-25 04:00:00,MSFT,MSFT_372,0.0476568010202465,0.009695035084325601
2021-06-28 04:00:00,MSFT,MSFT_372,0.0332688389431188,-0.003414586083444966
2021-06-29 04:00:00,MSFT,MSFT_372,0.0314296203799855,-0.014214581303764368
2021-06-30 04:00:00,MSFT,MSFT_372,0.0240679943822421,-0.012051299822686448
2021-07-01 04:00:00,MSFT,MSFT_377,0.0233431376856236,0.02038184852870799
2021-07-02 04:00:00,MSFT,MSFT_377,-0.0011884983955327,0.00642811991687973
2021-07-06 04:00:00,MSFT,MSFT_377,0.0119570960182617,0.011816170233013854
2021-07-07 04:00:00,MSFT,MSFT_377,0.0092166511533187,0.008417869458876813
2021-07-08 04:00:00,MSFT,MSFT_377,0.0130127070032128,0.014437459773126528
2021-07-09 04:00:00,MSFT,MSFT_382,0.0101100868313697,-0.0037485702165867413
2021-07-12 04:00:00,MSFT,MSFT_382,-0.0011178333708585,-0.012147377530470835
2021-07-13 04:00:00,MSFT,MSFT_382,-0.0059079066026164,-0.01691096515619662
2021-07-14 04:00:00,MSFT,MSFT_382,-0.0039291204940367,-0.018276825985963564
2021-07-15 04:00:00,MSFT,MSFT_382,0.018183168670024,-0.011874981605829164
2021-07-16 04:00:00,MSFT,MSFT_387,0.0317720870088491,0.0001991162499527052
2021-07-19 04:00:00,MSFT,MSFT_387,0.0434640540157038,-0.013737280684283266
2021-07-20 04:00:00,MSFT,MSFT_387,0.0258484928805067,-0.016280925095081344
2021-07-21 04:00:00,MSFT,MSFT_387,0.0171286689010796,-0.0192532312837644
2021-07-22 04:00:00,MSFT,MSFT_387,0.0012580741355059,-0.009293211345477743
2021-07-23 04:00:00,MSFT,MSFT_392,-0.0164325250974329,0.0017461800669096124
2021-07-26 04:00:00,MSFT,MSFT_392,-0.0146340793889938,0.006808458225659685
2021-07-27 04:00:00,MSFT,MSFT_392,0.0020241032839038,0.027499095137783133
2021-07-28 04:00:00,MSFT,MSFT_392,0.001013236474338,0.019870531526984633
2021-07-29 04:00:00,MSFT,MSFT_392,0.0105409738697097,0.016449807005850105
2021-07-30 04:00:00,MSFT,MSFT_397,0.0159699123740311,0.0031362543678197354
2021-08-02 04:00:00,MSFT,MSFT_397,0.0123234996060208,0.016137630046746457
2021-08-03 04:00:00,MSFT,MSFT_397,-0.0023683222601884,0.014916924387391768
2021-08-04 04:00:00,MSFT,MSFT_397,0.0015357314802584,0.015336671172513507
2021-08-05 04:00:00,MSFT,MSFT_397,0.0010016874686609,0.014680619704404438
2021-08-06 04:00:00,MSFT,MSFT_402,0.0117115136755043,0.007919285127417797
2021-08-09 04:00:00,MSFT,MSFT_402,0.0217459848897072,0.007896140222083906
2021-08-10 04:00:00,MSFT,MSFT_402,0.023181064356462,0.013650304480815063
2021-08-11 04:00:00,MSFT,MSFT_402,0.0131730218452461,0.012036487083453418
2021-08-12 04:00:00,MSFT,MSFT_402,0.0240157051644536,0.00538392610057349
2021-08-13 04:00:00,MSFT,MSFT_407,0.0393033259626376,0.01244950580743038
2021-08-16 04:00:00,MSFT,MSFT_407,0.0341140108104323,0.01417249977775343
2021-08-17 04:00:00,MSFT,MSFT_407,0.0325508700082104,0.01527472525845695
2021-08-18 04:00:00,MSFT,MSFT_407,0.0387988798990115,0.021012427865311312
2021-08-19 04:00:00,MSFT,MSFT_407,0.0078175267382305,0.01391625396797891
2021-08-20 04:00:00,MSFT,MSFT_412,-0.0152450530758824,0.011043787699775112
2021-08-23 04:00:00,MSFT,MSFT_412,-0.0034793946490407,0.007945490689149426
2021-08-24 04:00:00,MSFT,MSFT_412,-0.0024452787202261,0.014440006891492234
2021-08-25 04:00:00,MSFT,MSFT_412,-0.0005960835321289,0.00839296919380449
2021-08-26 04:00:00,MSFT,MSFT_412,0.0068875508503016,0.013738435519925585
2021-08-27 04:00:00,MSFT,MSFT_417,0.004737800019855,0.001566543924839038
2021-08-30 04:00:00,MSFT,MSFT_417,-0.0112322662249848,-0.0020298109031680577
2021-08-31 04:00:00,MSFT,MSFT_417,-0.0055320438608799,0.002832982721881721
2021-09-01 04:00:00,MSFT,MSFT_417,-0.0151740608157535,0.002199284213767645
2021-09-02 04:00:00,MSFT,MSFT_417,-0.0180640961370106,0.006641279663728555
2021-09-03 04:00:00,MSFT,MSFT_422,-0.0137810460655898,-0.0015446977247756022
2021-09-07 04:00:00,MSFT,MSFT_422,-0.0012991676340021,0.003487035238604637
2021-09-08 04:00:00,MSFT,MSFT_422,0.0153559708216122,0.0035063399175450476
2021-09-09 04:00:00,MSFT,MSFT_422,0.0268124515414738,-0.003189841804170292
2021-09-10 04:00:00,MSFT,MSFT_422,0.0140678495225661,-1.8622690645004222e-05
2021-09-13 04:00:00,MSFT,MSFT_427,-0.0090575525433815,0.011503589586394379
2021-09-14 04:00:00,MSFT,MSFT_427,-0.016645053569907,0.013591678317486701
2021-09-15 04:00:00,MSFT,MSFT_427,-0.0204711652844886,0.007343002014134953
2021-09-16 04:00:00,MSFT,MSFT_427,-0.0185440129725205,0.013183395739869198
2021-09-17 04:00:00,MSFT,MSFT_427,-0.0017340481613329,0.017818259151419463
2021-09-20 04:00:00,MSFT,MSFT_432,-0.0004416390439193,0.015160909307843204
2021-09-21 04:00:00,MSFT,MSFT_432,-0.0382632267516189,0.009224408827952595
2021-09-22 04:00:00,MSFT,MSFT_432,-0.0488310912584786,-0.001373101407850823
2021-09-23 04:00:00,MSFT,MSFT_432,-0.0588863141762076,-0.001111960508809883
2021-09-24 04:00:00,MSFT,MSFT_432,-0.0342408544880922,0.0037615804276368253
2021-09-27 04:00:00,MSFT,MSFT_437,-0.0375974014050513,-0.0017332987358388546
2021-09-28 04:00:00,MSFT,MSFT_437,0.018482015219394,0.024865281698438782
2021-09-29 04:00:00,MSFT,MSFT_437,0.032077413209727,0.029916469653981953
2021-09-30 04:00:00,MSFT,MSFT_437,0.0458640467506066,0.035497453786309335
2021-10-01 04:00:00,MSFT,MSFT_437,0.0198893112369604,0.015083053381064988
2021-10-04 04:00:00,MSFT,MSFT_442,0.0392781117238125,0.026778542420024323
2021-10-05 04:00:00,MSFT,MSFT_442,0.0142678867497321,0.020047100995749516
2021-10-06 04:00:00,MSFT,MSFT_442,0.0109174452149525,0.013261327605566925
2021-10-07 04:00:00,MSFT,MSFT_442,0.0267932634660039,0.014409771865751495
2021-10-08 04:00:00,MSFT,MSFT_442,0.0317449047237814,0.014933794192340437
2021-10-11 04:00:00,MSFT,MSFT_447,0.0443870341941448,0.02328342406757856
2021-10-12 04:00:00,MSFT,MSFT_447,0.0524105635332035,0.007924645677436708
2021-10-13 04:00:00,MSFT,MSFT_447,0.0374607883465718,-0.009225404191258517
2021-10-14 04:00:00,MSFT,MSFT_447,0.0264575054190752,0.007867988843091048
2021-10-15 04:00:00,MSFT,MSFT_447,0.0162716950332717,0.014076283292214766
2021-10-18 04:00:00,MSFT,MSFT_452,0.0027335621547481,0.016412192426808
2021-10-19 04:00:00,MSFT,MSFT_452,0.0060992580158516,0.016361640079280183
2021-10-20 04:00:00,MSFT,MSFT_452,0.0512670686636069,0.020348081379120406
2021-10-21 04:00:00,MSFT,MSFT_452,0.0437314838165314,0.013041944946691792
2021-10-22 04:00:00,MSFT,MSFT_452,0.0726484383135968,0.017112049026614208
2021-10-25 04:00:00,MSFT,MSFT_457,0.0689319115236861,0.043663281516156935
2021-10-26 04:00:00,MSFT,MSFT_457,0.0742317907150036,0.03729292660377154
2021-10-27 04:00:00,MSFT,MSFT_457,0.033511731046443,0.030667367011728442
2021-10-28 04:00:00,MSFT,MSFT_457,0.0372745371061657,0.023851447694105556
2021-10-29 04:00:00,MSFT,MSFT_457,0.0133888260864281,0.01728748938479141
2021-11-01 04:00:00,MSFT,MSFT_462,0.0231350615725527,0.029277487607570957
2021-11-02 04:00:00,MSFT,MSFT_462,0.0084651856118778,0.018563365490000844
2021-11-03 04:00:00,MSFT,MSFT_462,-0.009580874871351,0.02180623964069541
2021-11-04 04:00:00,MSFT,MSFT_462,-0.0119189446454821,0.0221494313157074
2021-11-05 04:00:00,MSFT,MSFT_462,0.001963945923062,0.02509890611375032
2021-11-08 05:00:00,MSFT,MSFT_467,-0.0027300007027402,-0.0024958868341573752
2021-11-09 05:00:00,MSFT,MSFT_467,0.0105968073500168,0.003743885638505906
2021-11-10 05:00:00,MSFT,MSFT_467,0.025151171799395,-0.0084353829555184
2021-11-11 05:00:00,MSFT,MSFT_467,0.0265920540644846,-0.01828766239676415
2021-11-12 05:00:00,MSFT,MSFT_467,0.01897714453461,-0.021670519304418184
2021-11-15 05:00:00,MSFT,MSFT_472,0.0111880833341355,0.010676372166159126
2021-11-16 05:00:00,MSFT,MSFT_472,-0.0053901712385654,0.01139260905860673
2021-11-17 05:00:00,MSFT,MSFT_472,-0.0035680333583987,0.007934354477867372
2021-11-18 05:00:00,MSFT,MSFT_472,-0.0339613699153203,0.012086255907020685
2021-11-19 05:00:00,MSFT,MSFT_472,-0.018886015404391,0.013226256635141112
2021-11-22 05:00:00,MSFT,MSFT_477,-0.0271900379586134,0.0009179278189754346
2021-11-23 05:00:00,MSFT,MSFT_477,-0.0225065336068419,-0.004129942734144507
2021-11-24 05:00:00,MSFT,MSFT_477,-0.0249179170089143,0.009134224528370984
2021-11-26 05:00:00,MSFT,MSFT_477,-0.0202316884807618,0.003440886286843061
2021-11-29 05:00:00,MSFT,MSFT_477,-0.0310132854765593,-0.011628925746552155
2021-11-30 05:00:00,MSFT,MSFT_482,0.0130978466917011,-0.021983732830895334
2021-12-01 05:00:00,MSFT,MSFT_482,0.0148146353834357,-0.022655891229394286
2021-12-02 05:00:00,MSFT,MSFT_482,0.0109563749313681,-0.0227450700129121
2021-12-03 05:00:00,MSFT,MSFT_482,0.0604625187729253,-0.013892845315753504
2021-12-06 05:00:00,MSFT,MSFT_482,0.0404978428406954,-0.014209421762006427
2021-12-07 05:00:00,MSFT,MSFT_487,-0.0196465329811158,-0.001193175277738047
2021-12-08 05:00:00,MSFT,MSFT_487,-0.0009553312925114,-0.003998283153898724
2021-12-09 05:00:00,MSFT,MSFT_487,-0.0246172682581188,0.0057764320351158275
2021-12-10 05:00:00,MSFT,MSFT_487,-0.0547089983198137,-0.003681719951199479
2021-12-13 05:00:00,MSFT,MSFT_487,-0.0574248396725645,0.0038638541530581034
2021-12-14 05:00:00,MSFT,MSFT_492,-0.0031978674687205,-0.011534466725333902
2021-12-15 05:00:00,MSFT,MSFT_492,-0.0043328304673498,-0.034147787650747816
2021-12-16 05:00:00,MSFT,MSFT_492,0.0301323752811182,-0.008399753045091664
2021-12-17 05:00:00,MSFT,MSFT_492,0.0575973598429748,-0.017830764870793263
2021-12-20 05:00:00,MSFT,MSFT_492,0.0667062489250258,0.022363363048175527
2021-12-21 05:00:00,MSFT,MSFT_497,0.0447920904377294,0.031434694679166444
2021-12-22 05:00:00,MSFT,MSFT_497,0.0183673316115753,0.03336144126147737
2021-12-23 05:00:00,MSFT,MSFT_497,0.004870192927552,0.030662043900066868
2021-12-27 05:00:00,MSFT,MSFT_497,-0.0224850691562427,0.029390143243847932
2021-12-28 05:00:00,MSFT,MSFT_497,-0.0358681032509157,0.03192300800813966
2021-12-29 05:00:00,MSFT,MSFT_502,-0.0747770329329234,0.011696176715887312
2021-12-30 05:00:00,MSFT,MSFT_502,-0.0749734819411884,0.005943199299170269
2021-12-31 05:00:00,MSFT,MSFT_502,-0.066246426897281,-0.002457475238115539
2022-01-03 05:00:00,MSFT,MSFT_502,-0.0611800178829816,0.0012063442874178506
2022-01-04 05:00:00,MSFT,MSFT_502,-0.0426430757814674,0.01360441105980586
2022-01-05 05:00:00,MSFT,MSFT_507,0.0059737786892044,0.033723507680902404
2022-01-06 05:00:00,MSFT,MSFT_507,-0.0289283068325227,0.04338907130203309
2022-01-07 05:00:00,MSFT,MSFT_507,-0.0122277296949612,0.03574413757740849
2022-01-10 05:00:00,MSFT,MSFT_507,-0.0369745617570947,0.03717344580408142
2022-01-11 05:00:00,MSFT,MSFT_507,-0.0369865515515782,0.03597324552524105
2022-01-12 05:00:00,MSFT,MSFT_512,-0.0523768607961342,0.009949617582311875
2022-01-13 05:00:00,MSFT,MSFT_512,-0.0287729309872176,-0.006659491863018479
2022-01-14 05:00:00,MSFT,MSFT_512,-0.0445841926034916,-0.011368501273583393
2022-01-18 05:00:00,MSFT,MSFT_512,-0.0467867303739398,-0.005275045690915796
2022-01-19 05:00:00,MSFT,MSFT_512,-0.0218244005216752,-0.01557113706523345
2022-01-20 05:00:00,MSFT,MSFT_517,-0.0058355760278762,-0.01864367359262607
2022-01-21 05:00:00,MSFT,MSFT_517,0.0413134176832061,-0.020011968367903248
2022-01-24 05:00:00,MSFT,MSFT_517,0.049296541855945,-0.02075191455997955
2022-01-25 05:00:00,MSFT,MSFT_517,0.0702624708565529,-0.0266782362926138
2022-01-26 05:00:00,MSFT,MSFT_517,0.0564524299227582,-0.012301756401796093
2022-01-27 05:00:00,MSFT,MSFT_522,0.0047025202752484,0.03521440413111077
2022-01-28 05:00:00,MSFT,MSFT_522,-0.0075261378405284,0.026027686632545188
2022-01-31 05:00:00,MSFT,MSFT_522,-0.0322528729338099,0.024842135723697756
2022-02-01 05:00:00,MSFT,MSFT_522,-0.0136028373953591,0.027402754396503425
2022-02-02 05:00:00,MSFT,MSFT_522,-0.0071779495352995,0.02677768455001928
2022-02-03 05:00:00,MSFT,MSFT_527,0.0037510535529046,-0.00460897595120064
2022-02-04 05:00:00,MSFT,MSFT_527,-0.0356278806612481,-0.0041678305913227815
2022-02-07 05:00:00,MSFT,MSFT_527,-0.0197707657939487,-0.006305466778563082
2022-02-08 05:00:00,MSFT,MSFT_527,-0.0134291974345833,0.0006723627730795495
2022-02-09 05:00:00,MSFT,MSFT_527,-0.0376272991761205,-0.0023368799212312567
2022-02-10 05:00:00,MSFT,MSFT_532,-0.0385276595950824,-0.016029891761962466
2022-02-11 05:00:00,MSFT,MSFT_532,-0.0240984804203531,-0.01280438968255036
2022-02-14 05:00:00,MSFT,MSFT_532,-0.0246779619637181,-0.011901184996770819
2022-02-15 05:00:00,MSFT,MSFT_532,-0.067228049805191,-0.015063134967685347
2022-02-16 05:00:00,MSFT,MSFT_532,-0.0163940022107157,-0.010965089835238511
2022-02-17 05:00:00,MSFT,MSFT_537,0.0226326362040931,-0.02904060110054025
2022-02-18 05:00:00,MSFT,MSFT_537,0.0377175568554588,-0.02711056721610138
2022-02-22 05:00:00,MSFT,MSFT_537,0.0251286353248072,-0.025351052669056854
2022-02-23 05:00:00,MSFT,MSFT_537,0.0710743718863264,-0.027496547655245878
2022-02-24 05:00:00,MSFT,MSFT_537,0.0045148073810294,-0.024977954358977147
2022-02-25 05:00:00,MSFT,MSFT_542,-0.0250580615122535,0.00735257051517614
2022-02-28 05:00:00,MSFT,MSFT_542,-0.0665350390383741,0.003987987762857024
2022-03-01 05:00:00,MSFT,MSFT_542,-0.0647567564435595,0.013593109725314214
2022-03-02 05:00:00,MSFT,MSFT_542,-0.0389420112140077,0.0010936966999058153
2022-03-03 05:00:00,MSFT,MSFT_542,-0.0349081394333148,0.01261713706096938
2022-03-04 05:00:00,MSFT,MSFT_547,-0.0337748517287399,-0.026975863010688134
2022-03-07 05:00:00,MSFT,MSFT_547,-0.0088559075984074,-0.001330984456623323
2022-03-08 05:00:00,MSFT,MSFT_547,0.0409642470289752,0.010502923698097667
2022-03-09 05:00:00,MSFT,MSFT_547,0.0204159953152078,0.0023433677536687917
2022-03-10 05:00:00,MSFT,MSFT_547,0.0337196855852715,0.006488724553856623
2022-03-11 05:00:00,MSFT,MSFT_552,0.0726960574824888,0.03020596842989943
2022-03-14 04:00:00,MSFT,MSFT_552,0.0821878202143295,0.02301332560193662
2022-03-15 04:00:00,MSFT,MSFT_552,0.0588890963661494,0.009890792122785666
2022-03-16 04:00:00,MSFT,MSFT_552,0.017323874221848,-0.030367480534517252
2022-03-17 04:00:00,MSFT,MSFT_552,0.0300792793377637,-0.022744223506039326
2022-03-18 04:00:00,MSFT,MSFT_557,0.0108178280439108,0.01695518829355838
2022-03-21 04:00:00,MSFT,MSFT_557,0.038574703849636,0.022698385069087203
2022-03-22 04:00:00,MSFT,MSFT_557,0.0373281792891171,0.017608933971178495
2022-03-23 04:00:00,MSFT,MSFT_557,0.0479815539275347,0.027263120358000742
2022-03-24 04:00:00,MSFT,MSFT_557,0.0138441018434081,0.005315131587661001
2022-03-25 04:00:00,MSFT,MSFT_562,0.0189015440278983,0.01025960632773867
2022-03-28 04:00:00,MSFT,MSFT_562,0.0137431247052111,-0.0006442321350580817
2022-03-29 04:00:00,MSFT,MSFT_562,-0.0143622546105092,0.010980245635287407
2022-03-30 04:00:00,MSFT,MSFT_562,-0.0457528389147074,0.02043036759656323
2022-03-31 04:00:00,MSFT,MSFT_562,-0.022509819650228,0.018437255349393396
2022-04-01 04:00:00,MSFT,MSFT_567,-0.0402366093553898,0.009022220093372562
2022-04-04 04:00:00,MSFT,MSFT_567,-0.0943264162934043,0.018732625341381735
2022-04-05 04:00:00,MSFT,MSFT_567,-0.0927046026491238,0.006543848390036676
2022-04-06 04:00:00,MSFT,MSFT_567,-0.039666126486853,0.010824647031215212
2022-04-07 04:00:00,MSFT,MSFT_567,-0.0714736333872456,0.007310074955298449
2022-04-08 04:00:00,MSFT,MSFT_572,-0.0553928414971648,-0.01095348286502792
2022-04-11 04:00:00,MSFT,MSFT_572,0.0001401459229304,0.0022623574532729075
2022-04-12 04:00:00,MSFT,MSFT_572,0.0152449401906966,-0.010551142320145172
2022-04-13 04:00:00,MSFT,MSFT_572,-0.0236770658306254,-0.017193468020828818
2022-04-14 04:00:00,MSFT,MSFT_572,-0.0207268272568454,0.0026118542634981264
2022-04-18 04:00:00,MSFT,MSFT_577,0.0007130051863131,0.01677356599723571
2022-04-19 04:00:00,MSFT,MSFT_577,-0.0528565973273318,0.016611767576892554
2022-04-20 04:00:00,MSFT,MSFT_577,-0.0109651637501113,0.02263266168699057
2022-04-21 04:00:00,MSFT,MSFT_577,0.0314091642067637,0.026339090193908246
2022-04-22 04:00:00,MSFT,MSFT_577,0.0127357962628968,0.031083562464044062
2022-04-25 04:00:00,MSFT,MSFT_582,0.0133585066389756,0.023501930952938208
2022-04-26 04:00:00,MSFT,MSFT_582,0.0427799478438759,0.0405156280571609
2022-04-27 04:00:00,MSFT,MSFT_582,0.0238684052555919,0.04234321864918908
2022-04-28 04:00:00,MSFT,MSFT_582,-0.0423989178340327,0.019973585505071802
2022-04-29 04:00:00,MSFT,MSFT_582,-0.0100532507127127,0.02668295524083273
2022-05-02 04:00:00,MSFT,MSFT_587,-0.0699195506137254,-0.001699475309372841
2022-05-03 04:00:00,MSFT,MSFT_587,-0.0435800938054341,0.015986464214044073
2022-05-04 04:00:00,MSFT,MSFT_587,-0.1014898340518614,0.005272912137516664
2022-05-05 04:00:00,MSFT,MSFT_587,-0.0793221543748189,0.014376860352320968
2022-05-06 04:00:00,MSFT,MSFT_587,-0.0495396037013878,0.017185331997375274
2022-05-09 04:00:00,MSFT,MSFT_592,-0.0116410413809752,-0.03538828200829848
2022-05-10 04:00:00,MSFT,MSFT_592,-0.0099443141958488,-0.037010146216307535
2022-05-11 04:00:00,MSFT,MSFT_592,-0.0248320332567241,-0.020869215446165088
2022-05-12 04:00:00,MSFT,MSFT_592,-0.0086548136324353,-0.020671062331908054
2022-05-13 04:00:00,MSFT,MSFT_592,-0.0327818540083542,-0.02701977008606372
2022-05-16 04:00:00,MSFT,MSFT_597,-0.0032505013518762,-0.018068576479288622
2022-05-17 04:00:00,MSFT,MSFT_597,-0.0269845289310796,-0.01981818207485644
2022-05-18 04:00:00,MSFT,MSFT_597,0.0332178334453461,-0.014385287290944801
2022-05-19 04:00:00,MSFT,MSFT_597,0.0504068678897124,-0.014272092782421275
2022-05-20 04:00:00,MSFT,MSFT_597,0.0818815048926486,-0.014402893348280385
2022-05-23 04:00:00,MSFT,MSFT_602,0.0430462362686994,0.02489463560598647
2022-05-24 04:00:00,MSFT,MSFT_602,0.0493028986645238,0.007531714835848146
2022-05-25 04:00:00,MSFT,MSFT_602,0.045939349624023,-0.0216934515363931
2022-05-26 04:00:00,MSFT,MSFT_602,0.0154945288144363,-0.02622787258545353
2022-05-27 04:00:00,MSFT,MSFT_602,-0.0164324051926793,0.004126046644778818
2022-05-31 04:00:00,MSFT,MSFT_607,0.0023173019977469,0.023283187201199877
2022-06-01 04:00:00,MSFT,MSFT_607,-0.0073783483831968,0.02360036335506813
2022-06-02 04:00:00,MSFT,MSFT_607,-0.0356543757961295,0.027830921460043054
2022-06-03 04:00:00,MSFT,MSFT_607,-0.0630693438019712,0.023703192953579068
2022-06-06 04:00:00,MSFT,MSFT_607,-0.0985674623001451,0.02229010128390388
2022-06-07 04:00:00,MSFT,MSFT_612,-0.1027889706672877,-0.010694009925726507
2022-06-08 04:00:00,MSFT,MSFT_612,-0.0689693757727154,-0.016019392308784738
2022-06-09 04:00:00,MSFT,MSFT_612,-0.0748517945716077,-0.011102786516351765
2022-06-10 04:00:00,MSFT,MSFT_612,-0.021107599038429,-0.012331891123400926
2022-06-13 04:00:00,MSFT,MSFT_612,0.0473871511872925,-0.0014318838811418412
2022-06-14 04:00:00,MSFT,MSFT_617,0.0353388653749691,0.012750815491335766
2022-06-15 04:00:00,MSFT,MSFT_617,0.0282014259598091,0.017079251506376205
2022-06-16 04:00:00,MSFT,MSFT_617,0.0927869162471439,0.01607626164869398
2022-06-17 04:00:00,MSFT,MSFT_617,0.0696144606373754,0.011236088667078752
2022-06-21 04:00:00,MSFT,MSFT_617,0.0107984765265478,0.028824031362142025
2022-06-22 04:00:00,MSFT,MSFT_622,0.0281673635889723,0.047451134676898675
2022-06-23 04:00:00,MSFT,MSFT_622,-0.00784207252635,-0.015631919889434777
2022-06-24 04:00:00,MSFT,MSFT_622,-0.0303325560870196,-0.019508170234177495
2022-06-27 04:00:00,MSFT,MSFT_622,-0.0077013418102203,-0.025284951237408877
2022-06-28 04:00:00,MSFT,MSFT_622,0.03793660344653,-0.03889128229987643
2022-06-29 04:00:00,MSFT,MSFT_627,0.0312763537440492,-0.018065330518283088
2022-06-30 04:00:00,MSFT,MSFT_627,0.0421680397775376,-0.015569829050058206
2022-07-01 04:00:00,MSFT,MSFT_627,0.018992308530638,-0.022645458888442965
2022-07-05 04:00:00,MSFT,MSFT_627,-0.0349248914643549,-0.02335841337363518
2022-07-06 04:00:00,MSFT,MSFT_627,-0.0506742446466416,-0.01877969210422349
2022-07-07 04:00:00,MSFT,MSFT_632,-0.0533531758236648,-0.014789906323524688
2022-07-08 04:00:00,MSFT,MSFT_632,-0.0408727575720158,-0.011769135733376441
2022-07-11 04:00:00,MSFT,MSFT_632,-0.0387887391283079,-0.01517110122936681
2022-07-12 04:00:00,MSFT,MSFT_632,0.02310088166772,-0.0031501482776381453
2022-07-13 04:00:00,MSFT,MSFT_632,0.0377888087481792,-0.021257971674954725
2022-07-14 04:00:00,MSFT,MSFT_637,0.0423488445737283,0.010977268366677896
2022-07-15 04:00:00,MSFT,MSFT_637,0.0141788100403212,0.005400887182205955
2022-07-18 04:00:00,MSFT,MSFT_637,0.0180137131652531,0.016698510138359327
2022-07-19 04:00:00,MSFT,MSFT_637,-0.0293993176846619,-0.003964618924519619
2022-07-20 04:00:00,MSFT,MSFT_637,0.0246692396832557,-0.006980697548137856
2022-07-21 04:00:00,MSFT,MSFT_642,0.0436867825260705,-0.012511804521446034
2022-07-22 04:00:00,MSFT,MSFT_642,0.0782762560663594,-0.001518996554962539
2022-07-25 04:00:00,MSFT,MSFT_642,0.0741027863400374,0.023200477199135178
2022-07-26 04:00:00,MSFT,MSFT_642,0.0909885430054955,0.021895903699550287
2022-07-27 04:00:00,MSFT,MSFT_642,0.051090315863872,-0.03295597878605816
2022-07-28 04:00:00,MSFT,MSFT_647,0.0261929385277435,-0.018873784827545356
2022-07-29 04:00:00,MSFT,MSFT_647,0.0077296199445,-0.019644452112096034
2022-08-01 04:00:00,MSFT,MSFT_647,0.0083090445575724,-0.02012364875618737
2022-08-02 04:00:00,MSFT,MSFT_647,0.027217743502661,-0.027424654575813907
2022-08-03 04:00:00,MSFT,MSFT_647,0.0236839395776371,-0.02540502943172872
2022-08-04 04:00:00,MSFT,MSFT_652,0.0118808221036568,-0.020173068909372104
2022-08-05 04:00:00,MSFT,MSFT_652,0.0318122366954158,-0.015464812431822305
2022-08-08 04:00:00,MSFT,MSFT_652,0.046910650516911,-0.027917945423971465
2022-08-09 04:00:00,MSFT,MSFT_652,0.0368756787539918,-0.03179888530453722
2022-08-10 04:00:00,MSFT,MSFT_652,0.0074699254210599,-0.02795796179834119
2022-08-11 04:00:00,MSFT,MSFT_657,0.0109749304391215,-0.008544584517865146
2022-08-12 04:00:00,MSFT,MSFT_657,-0.0197321424184294,-0.008474581036353051
2022-08-15 04:00:00,MSFT,MSFT_657,-0.053565956163543,-0.003707884449093828
2022-08-16 04:00:00,MSFT,MSFT_657,-0.0555839892338243,1.4692136279514204e-05
2022-08-17 04:00:00,MSFT,MSFT_657,-0.0533090703997308,-0.008219062682897977
2022-08-18 04:00:00,MSFT,MSFT_662,-0.0390116373173685,-0.03829109841695146
2022-08-19 04:00:00,MSFT,MSFT_662,-0.0631137443432098,-0.03443022659090577
2022-08-22 04:00:00,MSFT,MSFT_662,-0.0450764680960283,-0.016738141894857228
2022-08-23 04:00:00,MSFT,MSFT_662,-0.0487266716167759,-0.00261951415022595
2022-08-24 04:00:00,MSFT,MSFT_662,-0.0519235899798242,0.022849534926880175
2022-08-25 04:00:00,MSFT,MSFT_667,-0.066164646954256,-0.011341303489313961
2022-08-26 04:00:00,MSFT,MSFT_667,-0.0448729864732989,0.009144388065050888
2022-08-29 04:00:00,MSFT,MSFT_667,-0.0451683840066864,0.010745584464353688
2022-08-30 04:00:00,MSFT,MSFT_667,-0.0185572683582141,0.009886388532532112
2022-08-31 04:00:00,MSFT,MSFT_667,-0.0112824117231757,0.00622156489891751
2022-09-01 04:00:00,MSFT,MSFT_672,0.0155913888393088,-0.0040155825234501055
2022-09-02 04:00:00,MSFT,MSFT_672,0.0413574804298253,0.00105117522191393
2022-09-06 04:00:00,MSFT,MSFT_672,-0.0049752991385425,0.001078227438579431
2022-09-07 04:00:00,MSFT,MSFT_672,-0.0227439854332924,-0.008534307775654192
2022-09-08 04:00:00,MSFT,MSFT_672,-0.0508277297279494,0.0017502677246472654
2022-09-09 04:00:00,MSFT,MSFT_677,-0.0745669916020689,-0.01453586503794803
2022-09-12 04:00:00,MSFT,MSFT_677,-0.0829926500302659,-0.015424537735245904
2022-09-13 04:00:00,MSFT,MSFT_677,-0.0378586782688121,0.024048871158537675
2022-09-14 04:00:00,MSFT,MSFT_677,-0.0526128150354305,0.03483412010136694
2022-09-15 04:00:00,MSFT,MSFT_677,-0.0179314087037156,0.05851280610393162
2022-09-16 04:00:00,MSFT,MSFT_682,-0.027866336402486,0.01838004790062902
2022-09-19 04:00:00,MSFT,MSFT_682,-0.0289138197312512,0.02973288043884407
2022-09-20 04:00:00,MSFT,MSFT_682,-0.024912325684303,0.0341254345548682
2022-09-21 04:00:00,MSFT,MSFT_682,0.008872192521667,0.046290032131153486
2022-09-22 04:00:00,MSFT,MSFT_682,-0.0144410149773329,0.039391000423669935
2022-09-23 04:00:00,MSFT,MSFT_687,-0.0210995473734673,0.030867427499675203
2022-09-26 04:00:00,MSFT,MSFT_687,0.0138555847008035,0.042499571215274444
2022-09-27 04:00:00,MSFT,MSFT_687,0.052747350059374,0.031452377196416
2022-09-28 04:00:00,MSFT,MSFT_687,0.0337246002282203,0.02123989486888865
2022-09-29 04:00:00,MSFT,MSFT_687,0.0391157612047696,0.0244683059701181
2022-09-30 04:00:00,MSFT,MSFT_692,0.0057535922361391,0.02369277258961648
2022-10-03 04:00:00,MSFT,MSFT_692,-0.0477278608913646,0.015974065739720003
2022-10-04 04:00:00,MSFT,MSFT_692,-0.0943024781430482,0.00789629315203293
2022-10-05 04:00:00,MSFT,MSFT_692,-0.0941011125016693,0.0024748003348794385
2022-10-06 04:00:00,MSFT,MSFT_692,-0.050852903822636,0.0006011231385487485
2022-10-07 04:00:00,MSFT,MSFT_697,-0.024248667184804,-0.011718539681645435
2022-10-10 04:00:00,MSFT,MSFT_697,0.0361177700296482,-0.0018993554541144055
2022-10-11 04:00:00,MSFT,MSFT_697,0.05807194057595,-0.010063901643605645
2022-10-12 04:00:00,MSFT,MSFT_697,0.047530435116452,-0.012517550182871538
2022-10-13 04:00:00,MSFT,MSFT_697,0.0081539803557426,-0.013550404998784524
2022-10-14 04:00:00,MSFT,MSFT_702,0.0593279563503563,0.03118377368034464
2022-10-17 04:00:00,MSFT,MSFT_702,0.0409211521519627,0.007456852243362514
2022-10-18 04:00:00,MSFT,MSFT_702,0.0509853403023452,0.0033507575117116373
2022-10-19 04:00:00,MSFT,MSFT_702,-0.0218199784190853,0.0018856976463420953
2022-10-20 04:00:00,MSFT,MSFT_702,-0.0398051837367603,-0.004121327993774634
2022-10-21 04:00:00,MSFT,MSFT_707,-0.0258136466464694,-0.033029016230067126
2022-10-24 04:00:00,MSFT,MSFT_707,-0.061152659725733,-0.011991894907774634
2022-10-25 04:00:00,MSFT,MSFT_707,-0.089723151538291,-0.006685132434293735
2022-10-26 04:00:00,MSFT,MSFT_707,-0.0485042402967641,-0.015487467011162074
2022-10-27 04:00:00,MSFT,MSFT_707,-0.0551267916207276,0.010571190116835088
2022-10-28 04:00:00,MSFT,MSFT_712,-0.0613897317475456,-0.03620604617211461
2022-10-31 04:00:00,MSFT,MSFT_712,-0.0183518273209687,-0.012286659940389426
2022-11-01 04:00:00,MSFT,MSFT_712,0.0030678746279513,-0.01094609953512745
2022-11-02 04:00:00,MSFT,MSFT_712,0.0200362938710976,-0.014623579971190924
2022-11-03 04:00:00,MSFT,MSFT_712,0.1340956626722942,0.015138819669928225
2022-11-04 04:00:00,MSFT,MSFT_717,0.1161750814924378,0.0355206646026059
2022-11-07 05:00:00,MSFT,MSFT_717,0.0600342661504647,0.02682792646763756
2022-11-08 05:00:00,MSFT,MSFT_717,0.0572377611001742,-0.0012735681681566424
2022-11-09 05:00:00,MSFT,MSFT_717,0.0767003770078427,0.0009904289420986723
2022-11-10 05:00:00,MSFT,MSFT_717,-0.005350247240993,-0.040304442898129615
2022-11-11 05:00:00,MSFT,MSFT_722,-0.0238355363000299,-0.03986449629984966
2022-11-14 05:00:00,MSFT,MSFT_722,0.0020699647844462,-0.01815991446447934
2022-11-15 05:00:00,MSFT,MSFT_722,0.0126461856558932,-0.028459334167517697
2022-11-16 05:00:00,MSFT,MSFT_722,0.0242005800145272,-0.01659431132126984
2022-11-17 05:00:00,MSFT,MSFT_722,0.0240401067256614,-0.017512187398597223
2022-11-18 05:00:00,MSFT,MSFT_727,0.0022385925022809,0.015355137369462566
2022-11-21 05:00:00,MSFT,MSFT_727,-0.0071059747945358,0.0037263076103316636
2022-11-22 05:00:00,MSFT,MSFT_727,0.041260256542946,0.011102136997688718
2022-11-23 05:00:00,MSFT,MSFT_727,0.0287179923974769,0.016278030111172802
2022-11-25 05:00:00,MSFT,MSFT_727,0.03042546612859,-0.0113117952449284
2022-11-28 05:00:00,MSFT,MSFT_732,0.03491066608693,0.020605315629181956
2022-11-29 05:00:00,MSFT,MSFT_732,0.0199309002190248,0.00697472521544733
2022-11-30 05:00:00,MSFT,MSFT_732,-0.0422121356832529,-0.0019910738855143965
2022-12-01 05:00:00,MSFT,MSFT_732,-0.0286230651970682,0.007489223248399576
2022-12-02 05:00:00,MSFT,MSFT_732,-0.0376441296474101,0.01045690076398719
2022-12-05 05:00:00,MSFT,MSFT_737,0.009232604263667,-0.005110958463347975
2022-12-06 05:00:00,MSFT,MSFT_737,0.0481397623433597,-0.010583993327462514
2022-12-07 05:00:00,MSFT,MSFT_737,0.052584222123315,-0.006223873903493278
2022-12-08 05:00:00,MSFT,MSFT_737,0.0065076824982672,-0.010005953651151995
2022-12-09 05:00:00,MSFT,MSFT_737,-0.0029744753198006,-0.005997844132396227
2022-12-12 05:00:00,MSFT,MSFT_742,-0.0477604761037183,-0.012605872057070982
2022-12-13 05:00:00,MSFT,MSFT_742,-0.058851041513858,0.011168319520606701
2022-12-14 05:00:00,MSFT,MSFT_742,-0.0497240046816873,-0.008661826729632883
2022-12-15 05:00:00,MSFT,MSFT_742,-0.0434520392920723,0.015089718878789557
2022-12-16 05:00:00,MSFT,MSFT_742,-0.0243573773117045,0.015080604937143088
2022-12-19 05:00:00,MSFT,MSFT_747,-0.0145144116392991,0.0066790382021009705
2022-12-20 05:00:00,MSFT,MSFT_747,-0.0300661876786857,0.005856098288369348
2022-12-21 05:00:00,MSFT,MSFT_747,-0.0139917288034354,0.0025742646705727602
2022-12-22 05:00:00,MSFT,MSFT_747,0.0068432968055134,0.01762178577918184
2022-12-23 05:00:00,MSFT,MSFT_747,0.0035605333168344,0.019795837731544027
2022-12-27 05:00:00,MSFT,MSFT_752,-0.0331701569364093,0.010240459120501779
2022-12-28 05:00:00,MSFT,MSFT_752,-0.0521042138929218,0.009834259446151484
2022-12-29 05:00:00,MSFT,MSFT_752,-0.0667192323868488,0.014816847090911307
2022-12-30 05:00:00,MSFT,MSFT_752,-0.0529564332381233,0.0361499378519914
2023-01-03 05:00:00,MSFT,MSFT_752,-0.0447866919005435,0.029608580921507418
2023-01-04 05:00:00,MSFT,MSFT_757,0.0291139152826191,-0.012210018888954151
2023-01-05 05:00:00,MSFT,MSFT_757,0.0728712029425149,-0.007950851985186328
2023-01-06 05:00:00,MSFT,MSFT_757,0.0635753501862692,-0.013770921311516894
2023-01-09 05:00:00,MSFT,MSFT_757,0.0582511943939669,-0.011554273401184844
2023-01-10 05:00:00,MSFT,MSFT_757,0.0304128960867489,-0.014123904183461225
2023-01-11 05:00:00,MSFT,MSFT_762,-0.0162871083135837,-0.016360099000430155
2023-01-12 05:00:00,MSFT,MSFT_762,0.0071695390266679,-0.014937788413272528
2023-01-13 05:00:00,MSFT,MSFT_762,0.0140032862239023,-0.01575605265949384
2023-01-17 05:00:00,MSFT,MSFT_762,0.0070313590168553,-0.021896416251636967
2023-01-18 05:00:00,MSFT,MSFT_762,0.0203553840017542,-0.012053108652579742
2023-01-19 05:00:00,MSFT,MSFT_767,0.0692881810533374,0.00478687453722477
2023-01-20 05:00:00,MSFT,MSFT_767,0.033053044713422,-0.0027377520360572518
2023-01-23 05:00:00,MSFT,MSFT_767,0.0005359258052237,0.006019630450224946
2023-01-24 05:00:00,MSFT,MSFT_767,0.0238390531834122,0.0002687528635211895
2023-01-25 05:00:00,MSFT,MSFT_767,0.0504550906398448,-0.0029264967320037217
2023-01-26 05:00:00,MSFT,MSFT_772,0.0669355084819178,-0.019644201717114434
2023-01-27 05:00:00,MSFT,MSFT_772,0.0410622271559959,-0.013702148120297361
2023-01-30 05:00:00,MSFT,MSFT_772,0.0579291414069305,0.004477616204994003
2023-01-31 05:00:00,MSFT,MSFT_772,0.0796981566303844,-0.03179441042122257
2023-02-01 05:00:00,MSFT,MSFT_772,0.0553116161674702,-0.014585840143016861
2023-02-02 05:00:00,MSFT,MSFT_777,-0.003703745138784,0.004432780893857454
2023-02-03 05:00:00,MSFT,MSFT_777,0.0183859101520469,-0.0064457857962737595
2023-02-06 05:00:00,MSFT,MSFT_777,0.0566655720414901,-0.02371501274613069
2023-02-07 05:00:00,MSFT,MSFT_777,0.0172298397040129,-0.000723590285812258
2023-02-08 05:00:00,MSFT,MSFT_777,0.0097101796993641,-0.0006355968027056587
2023-02-09 05:00:00,MSFT,MSFT_782,-0.0055762129122628,0.007140616475908419
2023-02-10 05:00:00,MSFT,MSFT_782,-0.0191562464006137,-0.0035593112290298406
2023-02-13 05:00:00,MSFT,MSFT_782,-0.068738053412284,0.004913444448531462
2023-02-14 05:00:00,MSFT,MSFT_782,-0.0759085053518724,0.000499998897176959
2023-02-15 05:00:00,MSFT,MSFT_782,-0.0540249615924075,-0.0007501543507800108
2023-02-16 05:00:00,MSFT,MSFT_787,-0.0493228799421102,-0.028141834891459116
2023-02-17 05:00:00,MSFT,MSFT_787,-0.0306130123662061,-0.031038705778713226
2023-02-21 05:00:00,MSFT,MSFT_787,-0.0128626272353352,-0.022178416632541914
2023-02-22 05:00:00,MSFT,MSFT_787,-0.020834123290606,-0.029679860878271333
2023-02-23 05:00:00,MSFT,MSFT_787,-0.014365912786951,-0.02902108174335573
2023-02-24 05:00:00,MSFT,MSFT_792,0.0243559587340433,-0.01594714702022389
2023-02-27 05:00:00,MSFT,MSFT_792,0.0268227988361455,-0.02022249093418765
2023-02-28 05:00:00,MSFT,MSFT_792,0.0189639794814495,-0.01754986635560507
2023-03-01 05:00:00,MSFT,MSFT_792,0.030170108201895,-0.013351255070445565
2023-03-02 05:00:00,MSFT,MSFT_792,0.0048186321171044,-0.01599211130261205
2023-03-03 05:00:00,MSFT,MSFT_797,-0.0262446516684761,-0.016270097764666435
2023-03-06 05:00:00,MSFT,MSFT_797,-0.0114843967933909,0.008501552661507155
2023-03-07 05:00:00,MSFT,MSFT_797,0.0261263616285662,0.004444740848578387
2023-03-08 05:00:00,MSFT,MSFT_797,0.0462751503129075,-0.009046814965828149
2023-03-09 05:00:00,MSFT,MSFT_797,0.0946417413983657,-0.001407205524830394
2023-03-10 05:00:00,MSFT,MSFT_802,0.1240596837853924,0.04874771400007903
2023-03-13 04:00:00,MSFT,MSFT_802,0.0721093767699236,0.02432340768887453
2023-03-14 04:00:00,MSFT,MSFT_802,0.0498101530302201,0.021889949497020108
2023-03-15 04:00:00,MSFT,MSFT_802,0.0258062313159739,0.02689756876304301
2023-03-16 04:00:00,MSFT,MSFT_802,0.0052859934487756,0.0016757800824008645
2023-03-17 04:00:00,MSFT,MSFT_807,0.0040797862731944,0.014295271214727266
2023-03-20 04:00:00,MSFT,MSFT_807,0.0152444393674611,0.02459602558023415
2023-03-21 04:00:00,MSFT,MSFT_807,0.0052962678555643,0.006110829986969629
2023-03-22 04:00:00,MSFT,MSFT_807,0.0301884056070569,-0.006479192433856476
2023-03-23 04:00:00,MSFT,MSFT_807,0.0230137003766501,-0.01284286051819402
2023-03-24 04:00:00,MSFT,MSFT_812,0.0275509864453096,0.020417117098911693
2023-03-27 04:00:00,MSFT,MSFT_812,0.0392575653514302,0.012997630887448465
2023-03-28 04:00:00,MSFT,MSFT_812,0.0434181637628416,-0.028489978754987936
2023-03-29 04:00:00,MSFT,MSFT_812,0.0136536538409652,-0.043331777273862816
2023-03-30 04:00:00,MSFT,MSFT_812,0.0265798930998362,-0.04128613488105279
2023-03-31 04:00:00,MSFT,MSFT_817,0.0037808772168645,-0.01157177827234333
2023-04-03 04:00:00,MSFT,MSFT_817,-0.0153188185278868,-0.014278708017957305
2023-04-04 04:00:00,MSFT,MSFT_817,-0.0128490930270764,-0.01429435541911163
2023-04-05 04:00:00,MSFT,MSFT_817,0.0193430402716336,-0.029877306365668876
2023-04-06 04:00:00,MSFT,MSFT_817,-0.0187242501398984,-0.041039725068995905
2023-04-10 04:00:00,MSFT,MSFT_822,-0.0020388639054652,-0.04274806848969082
2023-04-11 04:00:00,MSFT,MSFT_822,0.0195877693594783,-0.046841926084107664
2023-04-12 04:00:00,MSFT,MSFT_822,0.0174962860895213,-0.05149182654653034
2023-04-13 04:00:00,MSFT,MSFT_822,-0.0128692072642029,-0.04602821232235762
2023-04-14 04:00:00,MSFT,MSFT_822,-0.0013280382447711,-0.04854337163015883
2023-04-17 04:00:00,MSFT,MSFT_827,-0.0243421020652412,-0.02834949473113679
2023-04-18 04:00:00,MSFT,MSFT_827,-0.0449075212703405,-0.033450717151016905
2023-04-19 04:00:00,MSFT,MSFT_827,0.0239902326826373,-0.03298847681932037
2023-04-20 04:00:00,MSFT,MSFT_827,0.0654293879247192,-0.040397367117490264
2023-04-21 04:00:00,MSFT,MSFT_827,0.0752379593548933,-0.04261567296301823
2023-04-24 04:00:00,MSFT,MSFT_832,0.0844305975529831,0.002672198543881666
2023-04-25 04:00:00,MSFT,MSFT_832,0.1088882026441548,-0.030452194852883155
2023-04-26 04:00:00,MSFT,MSFT_832,0.0305718215410277,-0.015678562086081795
2023-04-27 04:00:00,MSFT,MSFT_832,0.0019027560128381,-0.021825021223499785
2023-04-28 04:00:00,MSFT,MSFT_832,0.0110329493689895,-0.008496486437566625
2023-05-01 04:00:00,MSFT,MSFT_837,0.0101125682765399,-0.012857474390445529
2023-05-02 04:00:00,MSFT,MSFT_837,0.0052061043149382,-0.02730116023983114
2023-05-03 04:00:00,MSFT,MSFT_837,0.0259855578867036,-0.027292300763508432
2023-05-04 04:00:00,MSFT,MSFT_837,0.0153890888742889,-0.02902828233269802
2023-05-05 04:00:00,MSFT,MSFT_837,-0.0054079919806503,-0.026108782042887066
2023-05-08 04:00:00,MSFT,MSFT_842,0.0026243239093191,-0.003976085775461571
2023-05-09 04:00:00,MSFT,MSFT_842,0.0154397076038272,-0.005382739134787711
2023-05-10 04:00:00,MSFT,MSFT_842,0.0054112979239135,-0.010090498283002004
2023-05-11 04:00:00,MSFT,MSFT_842,0.0271194223319677,-0.007543129592929985
2023-05-12 04:00:00,MSFT,MSFT_842,0.030326552999216,-0.009239148419212355
2023-05-15 04:00:00,MSFT,MSFT_847,0.0378724279206361,0.019790001492027132
2023-05-16 04:00:00,MSFT,MSFT_847,0.0112915238388362,0.01731060214556039
2023-05-17 04:00:00,MSFT,MSFT_847,-0.0004776875684215,0.011549982986903969
2023-05-18 04:00:00,MSFT,MSFT_847,0.0232325275314035,0.006662812378539185
2023-05-19 04:00:00,MSFT,MSFT_847,0.0457059071367937,0.011365559575411004
2023-05-22 04:00:00,MSFT,MSFT_852,0.0312285914690264,0.025499416820693052
2023-05-23 04:00:00,MSFT,MSFT_852,0.0416481776187656,0.028380002256205336
2023-05-24 04:00:00,MSFT,MSFT_852,0.0596781268265209,0.03626096950689107
2023-05-25 04:00:00,MSFT,MSFT_852,0.0290868313640764,0.025204063355821905
2023-05-26 04:00:00,MSFT,MSFT_852,0.0091621486339559,0.022378702068493732
2023-05-30 04:00:00,MSFT,MSFT_857,0.00745750818039,0.028127702123814245
2023-05-31 04:00:00,MSFT,MSFT_857,-0.015256279247676,0.03143900173890705
2023-06-01 04:00:00,MSFT,MSFT_857,-0.0220096731679014,0.017032188699284863
2023-06-02 04:00:00,MSFT,MSFT_857,-0.0256707975797394,0.019420230716100453
2023-06-05 04:00:00,MSFT,MSFT_857,-0.0121747821282581,0.02259491019996005
2023-06-06 04:00:00,MSFT,MSFT_862,0.0018281463753606,0.013241743270576837
2023-06-07 04:00:00,MSFT,MSFT_862,0.043169000075119,0.04307401139891013
2023-06-08 04:00:00,MSFT,MSFT_862,0.0702207331124062,0.03347308454680069
2023-06-09 04:00:00,MSFT,MSFT_862,0.0475534062272517,0.03091250629714972
2023-06-12 04:00:00,MSFT,MSFT_862,0.0186830844520735,0.026271673795163028
2023-06-13 04:00:00,MSFT,MSFT_867,-0.0021837654960306,0.02235495146359764
2023-06-14 04:00:00,MSFT,MSFT_867,0.0070255384565003,0.01634433886698653
2023-06-15 04:00:00,MSFT,MSFT_867,-0.0375754578009231,0.013749196969272792
2023-06-16 04:00:00,MSFT,MSFT_867,-0.0401074431317795,0.02986702910900753
2023-06-20 04:00:00,MSFT,MSFT_867,-0.0102942777530322,0.031171252480534407
2023-06-21 04:00:00,MSFT,MSFT_872,0.0068653572421244,0.028048610334948324
2023-06-22 04:00:00,MSFT,MSFT_872,-0.0137175937691711,0.011310486088158225
2023-06-23 04:00:00,MSFT,MSFT_872,0.0164766871000785,0.03556360430962005
2023-06-26 04:00:00,MSFT,MSFT_872,0.0285757271955173,0.037542857363044725
2023-06-27 04:00:00,MSFT,MSFT_872,0.0107002615114761,0.0198563673699104
2023-06-28 04:00:00,MSFT,MSFT_877,0.0161381057366594,0.019853994391882516
2023-06-29 04:00:00,MSFT,MSFT_877,0.0064766855895999,0.01420866298653955
2023-06-30 04:00:00,MSFT,MSFT_877,-0.0255770886066307,0.023378656456585597
2023-07-03 04:00:00,MSFT,MSFT_877,-0.0163318121043883,0.03805542842121689
2023-07-05 04:00:00,MSFT,MSFT_877,-0.0028093500121249,0.025660230425182347
2023-07-06 04:00:00,MSFT,MSFT_882,0.004073064415816,0.0024053649167814994
2023-07-07 04:00:00,MSFT,MSFT_882,0.023782661125201,0.02737865148552333
2023-07-10 04:00:00,MSFT,MSFT_882,0.0418889942938758,0.041760991433968116
2023-07-11 04:00:00,MSFT,MSFT_882,0.0812704572276139,0.0204681272795349
2023-07-12 04:00:00,MSFT,MSFT_882,0.0530248330900313,0.020601557563215876
2023-07-13 04:00:00,MSFT,MSFT_887,0.0122862061813011,0.021547065683333956
2023-07-14 04:00:00,MSFT,MSFT_887,-0.0042579111988306,0.014734585370281307
2023-07-17 04:00:00,MSFT,MSFT_887,-0.0017933810055908,0.02155838710934064
2023-07-18 04:00:00,MSFT,MSFT_887,-0.0236723677410285,0.003019934861614475
2023-07-19 04:00:00,MSFT,MSFT_887,-0.048749572527853,0.008195022396721301
2023-07-20 04:00:00,MSFT,MSFT_892,-0.0465592127420194,0.011077568884603189
2023-07-21 04:00:00,MSFT,MSFT_892,-0.0157081597261522,0.011213693096977511
2023-07-24 04:00:00,MSFT,MSFT_892,-0.0266291104688446,0.005426161848393712
2023-07-25 04:00:00,MSFT,MSFT_892,-0.041711818879075,0.0020410328181980457
2023-07-26 04:00:00,MSFT,MSFT_892,-0.0304052738482227,0.007826474203150503
2023-07-27 04:00:00,MSFT,MSFT_897,-0.0122762383394052,-0.007068063325364035
2023-07-28 04:00:00,MSFT,MSFT_897,-0.0312970904356427,-0.01194212056656581
2023-07-31 04:00:00,MSFT,MSFT_897,-0.0172958675992127,-0.015610068149763878
2023-08-01 04:00:00,MSFT,MSFT_897,-0.0305940674821927,-0.017935602243118232
2023-08-02 04:00:00,MSFT,MSFT_897,-0.0160915695073949,-0.00680235332123648
2023-08-03 04:00:00,MSFT,MSFT_902,-0.0114186338838909,-0.017896600928962718
2023-08-04 04:00:00,MSFT,MSFT_902,-0.0206540638198924,-0.017929653034927683
2023-08-07 04:00:00,MSFT,MSFT_902,-0.0183877406803559,-0.01844697728396756
2023-08-08 04:00:00,MSFT,MSFT_902,-0.0128507977251229,-0.015547014947920245
2023-08-09 04:00:00,MSFT,MSFT_902,-0.0056792261038696,-0.018433110701256885
2023-08-10 04:00:00,MSFT,MSFT_907,-0.018734672932789,-0.009295456613738708
2023-08-11 04:00:00,MSFT,MSFT_907,-0.0141117056835838,-0.01288225696599351
2023-08-14 04:00:00,MSFT,MSFT_907,-0.0066658548486303,-0.022656237365281485
2023-08-15 04:00:00,MSFT,MSFT_907,0.001864183591695,-0.004770099404419594
2023-08-16 04:00:00,MSFT,MSFT_907,0.0205992703784132,0.002949132720275334
2023-08-17 04:00:00,MSFT,MSFT_912,0.0097513137158444,-0.000811706963638296
2023-08-18 04:00:00,MSFT,MSFT_912,0.020538421936167,-0.004370578068052583
2023-08-21 04:00:00,MSFT,MSFT_912,0.0056543037672729,-0.009004498289291422
2023-08-22 04:00:00,MSFT,MSFT_912,0.0184519393558941,-0.004045776502860753
2023-08-23 04:00:00,MSFT,MSFT_912,0.0054740322474675,-0.019921074854684237
2023-08-24 04:00:00,MSFT,MSFT_917,0.0243460590530442,0.03879173839545377
2023-08-25 04:00:00,MSFT,MSFT_917,0.0175862049742194,0.0020837256773696
2023-08-28 04:00:00,MSFT,MSFT_917,0.0304293333780836,0.002679152207320149
2023-08-29 04:00:00,MSFT,MSFT_917,0.0136110385519869,-0.0030298982067328006
2023-08-30 04:00:00,MSFT,MSFT_917,0.0034064146965537,0.002119806400215465
2023-08-31 04:00:00,MSFT,MSFT_922,0.0198620303090117,0.007345825603395941
2023-09-01 04:00:00,MSFT,MSFT_922,0.0282358628244814,0.003981835469596945
2023-09-05 04:00:00,MSFT,MSFT_922,-0.0053365277902563,0.006112399360634973
2023-09-06 04:00:00,MSFT,MSFT_922,0.0095529699265075,0.01980045175831514
2023-09-07 04:00:00,MSFT,MSFT_922,0.0266436556859444,0.025751273559757867
2023-09-08 04:00:00,MSFT,MSFT_927,-0.0121159180485183,0.009276646705172845
2023-09-11 04:00:00,MSFT,MSFT_927,-0.0262768681383087,0.008200643377911642
2023-09-12 04:00:00,MSFT,MSFT_927,-0.0094040908475869,0.027008932307793207
2023-09-13 04:00:00,MSFT,MSFT_927,-0.0454978535261577,0.0165375737784086
2023-09-14 04:00:00,MSFT,MSFT_927,-0.0565987975696223,0.01244144285264564
2023-09-15 04:00:00,MSFT,MSFT_932,-0.0400036079166785,0.004602073904844738
2023-09-18 04:00:00,MSFT,MSFT_932,-0.0350087798551707,0.007456105010742852
2023-09-19 04:00:00,MSFT,MSFT_932,-0.0502357509650435,0.013353791196644196
2023-09-20 04:00:00,MSFT,MSFT_932,-0.0248775781465325,0.021658746049788822
2023-09-21 04:00:00,MSFT,MSFT_932,-0.0184332743509558,0.030552720793884793
2023-09-22 04:00:00,MSFT,MSFT_937,-0.003974668707012,0.010943828985270193
2023-09-25 04:00:00,MSFT,MSFT_937,0.0134155669629398,0.009314837087976417
2023-09-26 04:00:00,MSFT,MSFT_937,0.0040046131266056,0.035425823727131656
2023-09-27 04:00:00,MSFT,MSFT_937,0.0197256393797826,0.02941221488419883
2023-09-28 04:00:00,MSFT,MSFT_937,0.0182373754494833,0.03488297277008248
2023-09-29 04:00:00,MSFT,MSFT_942,0.0364529208729216,0.027378123551400634
2023-10-02 04:00:00,MSFT,MSFT_942,0.024922373634177,0.032793080266235806
2023-10-03 04:00:00,MSFT,MSFT_942,0.0478636819900821,0.043727712637057305
2023-10-04 04:00:00,MSFT,MSFT_942,0.0421997188777576,0.02157990681929841
2023-10-05 04:00:00,MSFT,MSFT_942,0.036948956825499,0.03137329309828301
2023-10-06 04:00:00,MSFT,MSFT_947,0.0014361706492636,0.015963118823716364
2023-10-09 04:00:00,MSFT,MSFT_947,0.0085501402631607,0.020415416446066915
2023-10-10 04:00:00,MSFT,MSFT_947,0.0111756836275462,0.016337772822186652
2023-10-11 04:00:00,MSFT,MSFT_947,-0.0069491245498491,0.01374843279229666
2023-10-12 04:00:00,MSFT,MSFT_947,0.0004831611919917,0.01843225308764676
2023-10-13 04:00:00,MSFT,MSFT_952,-0.0032343621977236,0.01183934546236517
2023-10-16 04:00:00,MSFT,MSFT_952,-0.0099807815596918,0.0024267694787522445
2023-10-17 04:00:00,MSFT,MSFT_952,-0.0046075973936813,0.006611704400893097
2023-10-18 04:00:00,MSFT,MSFT_952,0.0319894233581743,0.011462243074605076
2023-10-19 04:00:00,MSFT,MSFT_952,-0.0103525069418001,0.013153750061196165
2023-10-20 04:00:00,MSFT,MSFT_957,0.0096120978412177,0.024583475960200243
2023-10-23 04:00:00,MSFT,MSFT_957,0.0242620856816291,0.0005067780439250109
2023-10-24 04:00:00,MSFT,MSFT_957,0.0229328248578337,0.0014826516293947232
2023-10-25 04:00:00,MSFT,MSFT_957,0.0158510983756716,-0.027066427592966867
2023-10-26 04:00:00,MSFT,MSFT_957,0.0623074560464618,-0.022252993321683512
2023-10-27 04:00:00,MSFT,MSFT_962,0.0697067717915089,0.008666403227105797
2023-10-30 04:00:00,MSFT,MSFT_962,0.0569802299363051,-0.02365226763105463
2023-10-31 04:00:00,MSFT,MSFT_962,0.066309823427493,-0.02778656307104521
2023-11-01 04:00:00,MSFT,MSFT_962,0.0494986694029342,-0.03185478875517794
2023-11-02 04:00:00,MSFT,MSFT_962,0.0355133063191328,-0.029809418883605884
2023-11-03 04:00:00,MSFT,MSFT_967,0.0478175346328677,0.0007746979727101681
2023-11-06 05:00:00,MSFT,MSFT_967,0.0284688355292301,-0.01558568338735082
2023-11-07 05:00:00,MSFT,MSFT_967,0.0270157553250858,-0.03299725971870047
2023-11-08 05:00:00,MSFT,MSFT_967,0.0178138794142304,-0.034744885184833534
2023-11-09 05:00:00,MSFT,MSFT_967,0.0429177711651234,-0.034476075435315515
2023-11-10 05:00:00,MSFT,MSFT_972,0.0004869009366279,0.01076385365705253
2023-11-13 05:00:00,MSFT,MSFT_972,0.0293444146955108,0.01538215028101598
2023-11-14 05:00:00,MSFT,MSFT_972,0.0075620989916185,0.011147603603335998
2023-11-15 05:00:00,MSFT,MSFT_972,0.0221278231359176,0.008152740716908111
2023-11-16 05:00:00,MSFT,MSFT_972,0.0033494941198681,0.012981665135953679
2023-11-17 05:00:00,MSFT,MSFT_977,0.0236852213153542,-0.015051160973517608
2023-11-20 05:00:00,MSFT,MSFT_977,0.0139360156093724,-0.009965233544448974
2023-11-21 05:00:00,MSFT,MSFT_977,0.0154930674292284,-0.019299630634358588
2023-11-22 05:00:00,MSFT,MSFT_977,0.002805339530161,-0.007862072404939559
2023-11-24 05:00:00,MSFT,MSFT_977,-0.007736488797446,-0.0081183791049721
2023-11-27 05:00:00,MSFT,MSFT_982,-0.0250124694791965,-0.0065832276750944895
2023-11-28 05:00:00,MSFT,MSFT_982,-0.0266005300983692,-0.008390135244540619
2023-11-29 05:00:00,MSFT,MSFT_982,-0.0265276973700266,-0.0011050271821652956
2023-11-30 05:00:00,MSFT,MSFT_982,-0.0210076043866509,-0.0039279114645051315
2023-12-01 05:00:00,MSFT,MSFT_982,-0.0007476403086584,0.0037779320037780732
2023-12-04 05:00:00,MSFT,MSFT_987,0.0058513654949827,-0.001740356973047632
2023-12-05 05:00:00,MSFT,MSFT_987,0.0049930632556536,-0.008402226755904425
2023-12-06 05:00:00,MSFT,MSFT_987,0.0151030572358519,-0.0023595458823895236
2023-12-07 05:00:00,MSFT,MSFT_987,-0.0135328733415657,-0.00615296562968581
2023-12-08 05:00:00,MSFT,MSFT_987,-0.0093525369351734,-0.006763491237706115
2023-12-11 05:00:00,MSFT,MSFT_992,0.0036358905141367,-0.010078612182713564
2023-12-12 05:00:00,MSFT,MSFT_992,-0.0029915997184146,-0.012971223014005266
2023-12-13 05:00:00,MSFT,MSFT_992,-0.010016828402143,-0.009658797281347813
2023-12-14 05:00:00,MSFT,MSFT_992,0.0207963709492464,-0.0049943518197229034
2023-12-15 05:00:00,MSFT,MSFT_992,0.0103848500845524,0.0028294036342189394
2023-12-18 05:00:00,MSFT,MSFT_997,0.0053938274481317,0.0088860695527398
2023-12-19 05:00:00,MSFT,MSFT_997,0.002170062523179,0.0064875930863026385
2023-12-20 05:00:00,MSFT,MSFT_997,0.0125735354905389,0.014788611027177797
2023-12-21 05:00:00,MSFT,MSFT_997,0.0066927235177256,0.01130457374509511
2023-12-22 05:00:00,MSFT,MSFT_997,-0.0099044038338187,0.008424114566121094
2023-12-26 05:00:00,NVDA,NVDA_1002,-0.0347003613663022,-0.0049871902584666785
2023-12-27 05:00:00,NVDA,NVDA_1002,-0.0287147889090708,-0.010650282432138645
2023-12-28 05:00:00,NVDA,NVDA_1002,-0.0085820290489176,-0.01113419315950555
2023-12-29 05:00:00,NVDA,NVDA_1002,0.0551471876794567,-0.004124234698838278
2024-01-02 05:00:00,NVDA,NVDA_1002,0.1032220602406661,0.01024361682039308
2024-01-03 05:00:00,NVDA,NVDA_1007,0.1425507829716414,0.02095255755050407
2024-01-04 05:00:00,NVDA,NVDA_1007,0.1421725351340301,0.02198458918959861
2024-01-05 05:00:00,NVDA,NVDA_1007,0.1143246827392039,0.022484880120192077
2024-01-08 05:00:00,NVDA,NVDA_1007,0.079019419892669,0.019274185908449936
2024-01-09 05:00:00,NVDA,NVDA_1007,0.0548175018369985,-0.008310185410055775
2024-01-10 05:00:00,NVDA,NVDA_1012,0.0507267717918187,0.01811632779783801
2024-01-11 05:00:00,NVDA,NVDA_1012,0.0851665873648639,0.01940350703455366
2024-01-12 05:00:00,NVDA,NVDA_1012,0.0903673976763745,0.02167519389750765
2024-01-16 05:00:00,NVDA,NVDA_1012,0.0619169439012441,0.019760769573545854
2024-01-17 05:00:00,NVDA,NVDA_1012,0.0947138953303119,0.020134972557049702
2024-01-18 05:00:00,NVDA,NVDA_1017,0.0789745960941084,0.06786721610207586
2024-01-19 05:00:00,NVDA,NVDA_1017,0.0258862192869617,0.0679590877218666
2024-01-22 05:00:00,NVDA,NVDA_1017,0.0471217496833662,0.0748188992949989
2024-01-23 05:00:00,NVDA,NVDA_1017,0.0484525096225965,0.07242179957909504
2024-01-24 05:00:00,NVDA,NVDA_1017,0.0026889755360046,0.06596159889001935
2024-01-25 05:00:00,NVDA,NVDA_1022,0.0228832925027768,0.03798396930941506
2024-01-26 05:00:00,NVDA,NVDA_1022,0.084039350180731,0.06206369119457479
2024-01-29 05:00:00,NVDA,NVDA_1022,0.1099335718091643,0.04537606560201986
2024-01-30 05:00:00,NVDA,NVDA_1022,0.0868034769689787,0.04784511356357554
2024-01-31 05:00:00,NVDA,NVDA_1022,0.1393209247430735,0.052556472437437704
2024-02-01 05:00:00,NVDA,NVDA_1027,0.1049391271717059,0.08861471807473974
2024-02-02 05:00:00,NVDA,NVDA_1027,0.0902811251834121,0.09801664339422751
2024-02-05 05:00:00,NVDA,NVDA_1027,0.0420585059627065,0.08883949170410654
2024-02-06 05:00:00,NVDA,NVDA_1027,0.0572387435872345,0.09739695320939461
2024-02-07 05:00:00,NVDA,NVDA_1027,0.0542233491974764,0.08352789750510213
2024-02-08 05:00:00,NVDA,NVDA_1032,0.0433221570806701,0.06861907101475379
2024-02-09 05:00:00,NVDA,NVDA_1032,0.006654315029366,0.06468543921043024
2024-02-12 05:00:00,NVDA,NVDA_1032,-0.0386999996831998,0.06891091036978267
2024-02-13 05:00:00,NVDA,NVDA_1032,-0.064551884654485,0.07704217400875656
2024-02-14 05:00:00,NVDA,NVDA_1032,0.0627604924562428,0.07839352579315324
2024-02-15 05:00:00,NVDA,NVDA_1037,0.0847670518675574,0.012948430420403844
2024-02-16 05:00:00,NVDA,NVDA_1037,0.0892265021253937,0.02629803650403082
2024-02-20 05:00:00,NVDA,NVDA_1037,0.1331710023702619,0.05593132724465907
2024-02-21 05:00:00,NVDA,NVDA_1037,0.1510404593557666,0.055693426526884686
2024-02-22 05:00:00,NVDA,NVDA_1037,0.0073085319569894,0.043604209893852615
2024-02-23 05:00:00,NVDA,NVDA_1042,0.0439245077440042,0.0451987268515153
2024-02-26 05:00:00,NVDA,NVDA_1042,0.0776942853915505,0.049063266596316685
2024-02-27 05:00:00,NVDA,NVDA_1042,0.0922860042516613,0.057027056209436405
2024-02-28 05:00:00,NVDA,NVDA_1042,0.1421139364670667,0.06847600147931236
2024-02-29 05:00:00,NVDA,NVDA_1042,0.1713646386163554,0.046817857288903815
2024-03-01 05:00:00,NVDA,NVDA_1047,0.063795143258275,0.07908470394315766
2024-03-04 05:00:00,NVDA,NVDA_1047,0.0063001110615434,0.07944084473741343
2024-03-05 05:00:00,NVDA,NVDA_1047,0.0692034496111062,0.07173928416126842
2024-03-06 05:00:00,NVDA,NVDA_1047,0.0246674590227526,0.06716538941790043
2024-03-07 05:00:00,NVDA,NVDA_1047,-0.0509879090038118,0.04469372587831378
2024-03-08 05:00:00,NVDA,NVDA_1052,0.0035302772637453,0.10335231870238211
2024-03-11 04:00:00,NVDA,NVDA_1052,0.0312565543287699,0.12187032524284386
2024-03-12 04:00:00,NVDA,NVDA_1052,-0.0273628250033762,0.032202007400583564
2024-03-13 04:00:00,NVDA,NVDA_1052,-0.0056773043477675,0.06030859151910268
2024-03-14 04:00:00,NVDA,NVDA_1052,0.0396956848080802,0.11457476304850096
2024-03-15 04:00:00,NVDA,NVDA_1057,0.0734542803938271,0.09584875238268939
2024-03-18 04:00:00,NVDA,NVDA_1057,0.0740150012411622,0.10144633042724052
2024-03-19 04:00:00,NVDA,NVDA_1057,0.0353810408723647,0.10411031610883834
2024-03-20 04:00:00,NVDA,NVDA_1057,-0.0013499938667341,0.11231450492941314
2024-03-21 04:00:00,NVDA,NVDA_1057,-0.0118006756689101,0.12776070421451208
2024-03-22 04:00:00,NVDA,NVDA_1062,-0.0416379688134173,0.03820441856559679
2024-03-25 04:00:00,NVDA,NVDA_1062,-0.0584197752315233,0.04891640191110248
2024-03-26 04:00:00,NVDA,NVDA_1062,-0.0388608618996377,0.0650884659671527
2024-03-27 04:00:00,NVDA,NVDA_1062,-0.048144057847126,0.10203674361964676
2024-03-28 04:00:00,NVDA,NVDA_1062,-0.025986093892989,0.06809074826395321
2024-04-01 04:00:00,NVDA,NVDA_1067,-0.0357446716535269,0.0030060563561127695
2024-04-02 04:00:00,NVDA,NVDA_1067,-0.045812357943557,0.03747978784986181
2024-04-03 04:00:00,NVDA,NVDA_1067,-0.0216379152209615,0.04212650291878921
2024-04-04 04:00:00,NVDA,NVDA_1067,0.0548396321762314,0.05093154518891471
2024-04-05 04:00:00,NVDA,NVDA_1067,0.0020224725919419,0.043754683917388376
2024-04-08 04:00:00,NVDA,NVDA_1072,-0.0129916764274544,0.014699436030349759
2024-04-09 04:00:00,NVDA,NVDA_1072,0.0241465511701031,0.021708969016014327
2024-04-10 04:00:00,NVDA,NVDA_1072,-0.0345132383434767,0.019241118126362398
2024-04-11 04:00:00,NVDA,NVDA_1072,-0.0656065139822281,-0.007899508312333044
2024-04-12 04:00:00,NVDA,NVDA_1072,-0.1359172710807387,0.0028870955465427313
2024-04-15 04:00:00,NVDA,NVDA_1077,-0.0753828647387055,-0.0415192554272293
2024-04-16 04:00:00,NVDA,NVDA_1077,-0.057106953523403,-0.05886214394526895
2024-04-17 04:00:00,NVDA,NVDA_1077,-0.05185936239745,-0.030104201608455106
2024-04-18 04:00:00,NVDA,NVDA_1077,-0.0240813725215459,-0.040985689818859056
2024-04-19 04:00:00,NVDA,NVDA_1077,0.1513780068776691,-0.013658729734705343
2024-04-22 04:00:00,NVDA,NVDA_1082,0.1036118397905778,0.05987368927847797
2024-04-23 04:00:00,NVDA,NVDA_1082,0.0482754094633819,0.053762085920166625
2024-04-24 04:00:00,NVDA,NVDA_1082,0.0422204441761628,0.08759348330757001
2024-04-25 04:00:00,NVDA,NVDA_1082,0.038544358272037,0.06262723656997374
2024-04-26 04:00:00,NVDA,NVDA_1082,0.0120134592484157,0.05697861392348316
2024-04-29 04:00:00,NVDA,NVDA_1087,0.0499446815236288,0.032228291895356295
2024-04-30 04:00:00,NVDA,NVDA_1087,0.0480544478914264,0.051687924901812385
2024-05-01 04:00:00,NVDA,NVDA_1087,0.0887634080124215,0.06106647339201747
2024-05-02 04:00:00,NVDA,NVDA_1087,0.0341424223560629,0.032958378567402156
2024-05-03 04:00:00,NVDA,NVDA_1087,0.0122649975699773,0.028842997186890762
2024-05-06 04:00:00,NVDA,NVDA_1092,-0.0188951305186214,0.009643165102822185
2024-05-07 04:00:00,NVDA,NVDA_1092,0.0088566153406486,-0.01544792277687315
2024-05-08 04:00:00,NVDA,NVDA_1092,0.0466530390915742,-0.03323266679576319
2024-05-09 04:00:00,NVDA,NVDA_1092,0.0632359336936361,-0.03212533850164698
2024-05-10 04:00:00,NVDA,NVDA_1092,0.0289392061738695,-0.032414569166805844
2024-05-13 04:00:00,NVDA,NVDA_1097,0.0484628879028705,-0.0029011953273751145
2024-05-14 04:00:00,NVDA,NVDA_1097,0.0441131250869575,-0.008130539389265865
2024-05-15 04:00:00,NVDA,NVDA_1097,0.0033815883346937,-0.015351490930857706
2024-05-16 04:00:00,NVDA,NVDA_1097,0.1000434757192112,-0.014165441337807547
2024-05-17 04:00:00,NVDA,NVDA_1097,0.1512776528335362,-0.037320851639523006
2024-05-20 04:00:00,NVDA,NVDA_1102,0.2017408993831122,0.052311316380790535
2024-05-21 04:00:00,NVDA,NVDA_1102,0.2037929574353283,0.05106167315347981
2024-05-22 04:00:00,NVDA,NVDA_1102,0.1637704428809427,0.05268793576034585
2024-05-23 04:00:00,NVDA,NVDA_1102,0.0562047749148979,0.02481890711678369
2024-05-24 04:00:00,NVDA,NVDA_1102,0.080126591666634,0.02151591418218831
2024-05-28 04:00:00,NVDA,NVDA_1107,0.0222649095412275,0.07912264456822386
2024-05-29 04:00:00,NVDA,NVDA_1107,0.0663183600744752,0.08550614170971292
2024-05-30 04:00:00,NVDA,NVDA_1107,0.095004534829256,0.08584663739124855
2024-05-31 04:00:00,NVDA,NVDA_1107,0.1026606671469787,0.08445230267257481
2024-06-03 04:00:00,NVDA,NVDA_1107,0.0590434862219768,0.07553622757339484
2024-06-04 04:00:00,NVDA,NVDA_1112,0.0384156869220391,0.0457448437749292
2024-06-05 04:00:00,NVDA,NVDA_1112,0.0225416077409568,0.029476906023530945
2024-06-06 04:00:00,NVDA,NVDA_1112,0.0711747254791308,0.043119524484149636
2024-06-07 04:00:00,NVDA,NVDA_1112,0.0909271751549636,0.05691450997133965
2024-06-10 04:00:00,NVDA,NVDA_1112,0.0754577119872577,0.05796468999933894
2024-06-11 04:00:00,NVDA,NVDA_1117,0.1213298959938959,0.12176888303942503
2024-06-12 04:00:00,NVDA,NVDA_1117,0.044568705807249,0.08239542481125822
2024-06-13 04:00:00,NVDA,NVDA_1117,-0.0234549872788485,0.05039621642136225
2024-06-14 04:00:00,NVDA,NVDA_1117,-0.1044131313514649,0.05878287258065975
2024-06-17 04:00:00,NVDA,NVDA_1117,-0.0373339406715241,0.07803117784010188
2024-06-18 04:00:00,NVDA,NVDA_1122,-0.0677091029738656,-0.03851630593130518
2024-06-20 04:00:00,NVDA,NVDA_1122,-0.0519192611936485,0.07303739302966598
2024-06-21 04:00:00,NVDA,NVDA_1122,-0.0239393125274754,0.07581213402128692
2024-06-24 04:00:00,NVDA,NVDA_1122,0.0524087918839932,0.03321850180507579
2024-06-25 04:00:00,NVDA,NVDA_1122,-0.0271234694922231,0.03660776012915042
2024-06-26 04:00:00,NVDA,NVDA_1127,0.0148733958126816,0.010056436502972936
2024-06-27 04:00:00,NVDA,NVDA_1127,0.0148399386965616,0.015868059034985185
2024-06-28 04:00:00,NVDA,NVDA_1127,0.0377205439386485,0.02746051850147456
2024-07-01 04:00:00,NVDA,NVDA_1127,0.0569589835658059,0.026534088643083972
2024-07-02 04:00:00,NVDA,NVDA_1127,0.0997799435547939,0.026362570291218315
2024-07-03 04:00:00,NVDA,NVDA_1132,-0.0068599724180851,0.037776364315454725
2024-07-05 04:00:00,NVDA,NVDA_1132,0.0271000843398843,0.0644456669379712
2024-07-08 04:00:00,NVDA,NVDA_1132,0.0018721177759539,0.02685493334747235
2024-07-09 04:00:00,NVDA,NVDA_1132,-0.0382098042768277,0.025518073697387046
2024-07-10 04:00:00,NVDA,NVDA_1132,-0.1254169842046486,0.028482465039230954
2024-07-11 04:00:00,NVDA,NVDA_1137,-0.0495290825150148,-0.013709944756637877
2024-07-12 04:00:00,NVDA,NVDA_1137,-0.0875116427365557,-0.027373437292814405
2024-07-15 04:00:00,NVDA,NVDA_1137,-0.0381501201552395,-0.0029706332610921608
2024-07-16 04:00:00,NVDA,NVDA_1137,-0.0298354246142041,-0.0006724556940537507
2024-07-17 04:00:00,NVDA,NVDA_1137,-0.0316975839603599,0.03605222975458508
2024-07-18 04:00:00,NVDA,NVDA_1142,-0.0727557835084101,-0.001430620875196748
2024-07-19 04:00:00,NVDA,NVDA_1142,-0.0412957070633389,0.017907366970154815
2024-07-22 04:00:00,NVDA,NVDA_1142,-0.0967298404490684,-0.0016246278298471105
2024-07-23 04:00:00,NVDA,NVDA_1142,-0.153846101185727,0.002831209318071208
2024-07-24 04:00:00,NVDA,NVDA_1142,0.0242450472040822,0.043868993560848085
2024-07-25 04:00:00,NVDA,NVDA_1147,-0.027342355969016,0.046494865275789665
2024-07-26 04:00:00,NVDA,NVDA_1147,-0.0512117551791619,0.04659575363564135
2024-07-29 04:00:00,NVDA,NVDA_1147,-0.0998297316536949,0.048536276899430665
2024-07-30 04:00:00,NVDA,NVDA_1147,0.0050129820325668,0.05106583859353156
2024-07-31 04:00:00,NVDA,NVDA_1147,-0.1547598145656764,0.020533453026474646
2024-08-01 04:00:00,NVDA,NVDA_1152,-0.0388242642552348,-0.01777368602766268
2024-08-02 04:00:00,NVDA,NVDA_1152,-0.0234920921220079,-0.03197261352316338
2024-08-05 04:00:00,NVDA,NVDA_1152,0.0853160772044621,-0.023229743709980908
2024-08-06 04:00:00,NVDA,NVDA_1152,0.1140527519390737,-0.08138585484973404
2024-08-07 04:00:00,NVDA,NVDA_1152,0.1938125311817067,-0.010326194018067976
2024-08-08 04:00:00,NVDA,NVDA_1157,0.1704296387692145,0.10645837123192395
2024-08-09 04:00:00,NVDA,NVDA_1157,0.1893078933752237,0.10481329883273548
2024-08-12 04:00:00,NVDA,NVDA_1157,0.1924417905241966,0.09672347136155539
2024-08-13 04:00:00,NVDA,NVDA_1157,0.0956604156082145,0.0697597326235903
2024-08-14 04:00:00,NVDA,NVDA_1157,0.0882452405772651,0.08562534165075922
2024-08-15 04:00:00,NVDA,NVDA_1162,0.0071626017340571,0.049767507668760355
2024-08-16 04:00:00,NVDA,NVDA_1162,0.038449134818834,0.042344802982945365
2024-08-19 04:00:00,NVDA,NVDA_1162,-0.0272307762732872,-0.00913827211469954
2024-08-20 04:00:00,NVDA,NVDA_1162,0.0082514974597862,-0.0006727947722156619
2024-08-21 04:00:00,NVDA,NVDA_1162,-0.0224902676237233,-0.02458687280497208
2024-08-22 04:00:00,NVDA,NVDA_1167,-0.0497009991276198,-0.000400921757713572
2024-08-23 04:00:00,NVDA,NVDA_1167,-0.077297617284032,-0.0219659735932067
2024-08-26 04:00:00,NVDA,NVDA_1167,-0.145975005678608,0.005825609593849787
2024-08-27 04:00:00,NVDA,NVDA_1167,-0.1721746176293836,-0.007685642827316573
2024-08-28 04:00:00,NVDA,NVDA_1167,-0.1464851638919788,0.019049878351026246
2024-08-29 04:00:00,NVDA,NVDA_1172,-0.1255208348201971,-0.05292547832476082
2024-08-30 04:00:00,NVDA,NVDA_1172,-0.108067363902681,-0.10405483554734196
2024-09-03 04:00:00,NVDA,NVDA_1172,0.0009259117974176,-0.02878640728703022
2024-09-04 04:00:00,NVDA,NVDA_1172,0.1007438534024147,-0.042466458161404284
2024-09-05 04:00:00,NVDA,NVDA_1172,0.111276936918691,-0.04785906996553722
2024-09-06 04:00:00,NVDA,NVDA_1177,0.1582222732019136,0.05123383984027754
2024-09-09 04:00:00,NVDA,NVDA_1177,0.0968347651017869,0.03203832905254615
2024-09-10 04:00:00,NVDA,NVDA_1177,0.0692876777936553,0.07937755845380991
2024-09-11 04:00:00,NVDA,NVDA_1177,-0.0302797092176864,-0.004119087162291286
2024-09-12 04:00:00,NVDA,NVDA_1177,-0.0106596999292644,-0.00019584944680361185
2024-09-13 04:00:00,NVDA,NVDA_1182,-0.0260285349608521,0.021151917422354605
2024-09-16 04:00:00,NVDA,NVDA_1182,-0.0044527885639829,0.02882467742733078
2024-09-17 04:00:00,NVDA,NVDA_1182,0.0456787488188596,0.027213318490674446
2024-09-18 04:00:00,NVDA,NVDA_1182,0.0894416436798943,0.03433728836312873
2024-09-19 04:00:00,NVDA,NVDA_1182,0.0523457879458157,0.011768087296832761
2024-09-20 04:00:00,NVDA,NVDA_1187,0.0465517372920596,0.0399000074670327
2024-09-23 04:00:00,NVDA,NVDA_1187,0.0445553088766157,0.041478140824035246
2024-09-24 04:00:00,NVDA,NVDA_1187,-0.0320178924351971,0.01647345948548912
2024-09-25 04:00:00,NVDA,NVDA_1187,-0.0377297674804462,0.012268142923908687
2024-09-26 04:00:00,NVDA,NVDA_1187,-0.0095936990698399,-0.006739468921420356
2024-09-27 04:00:00,NVDA,NVDA_1192,0.0289950296443453,-0.023159618966252248
2024-09-30 04:00:00,NVDA,NVDA_1192,0.051712768882123,-0.029785501653787207
2024-10-01 04:00:00,NVDA,NVDA_1192,0.1358119605952858,-0.017580958317995655
2024-10-02 04:00:00,NVDA,NVDA_1192,0.1161127101349366,-0.031924915637903714
2024-10-03 04:00:00,NVDA,NVDA_1192,0.0973544911113051,-0.0768249456843394
2024-10-04 04:00:00,NVDA,NVDA_1197,0.0790906582423296,-0.014373017465804676
2024-10-07 04:00:00,NVDA,NVDA_1197,0.0810366896695418,-0.044513482353948905
2024-10-08 04:00:00,NVDA,NVDA_1197,-0.0097072262176057,-0.05502805422596076
2024-10-09 04:00:00,NVDA,NVDA_1197,0.0231436672859139,-0.06434042262152827
2024-10-10 04:00:00,NVDA,NVDA_1197,0.0157258004271239,-0.06512185333242664
2024-10-11 04:00:00,NVDA,NVDA_1202,0.0237388492269805,-0.02814966444203316
2024-10-14 04:00:00,NVDA,NVDA_1202,0.040848838201366,-0.0422064019728847
2024-10-15 04:00:00,NVDA,NVDA_1202,0.0911093440599368,-0.014998315630700108
2024-10-16 04:00:00,NVDA,NVDA_1202,0.0282935182976173,-0.043458119588791394
2024-10-17 04:00:00,NVDA,NVDA_1202,0.0254145269295966,-0.03166538719944723
2024-10-18 04:00:00,NVDA,NVDA_1207,0.025652125261832,0.02703818752642884
2024-10-21 04:00:00,NVDA,NVDA_1207,-0.0221974969895984,0.0007880554347782258
2024-10-22 04:00:00,NVDA,NVDA_1207,-0.0162963743824063,0.02174354127695923
2024-10-23 04:00:00,NVDA,NVDA_1207,-0.0015763916921162,0.03193689362071686
2024-10-24 04:00:00,NVDA,NVDA_1207,-0.0544833626931799,0.03127581702832425
2024-10-25 04:00:00,NVDA,NVDA_1212,-0.0433799610067523,-0.02518625053752523
2024-10-28 04:00:00,NVDA,NVDA_1212,-0.03181042616563,-0.02354881730327339
2024-10-29 04:00:00,NVDA,NVDA_1212,-0.0094866997372787,-0.018230142055322696
2024-10-30 04:00:00,NVDA,NVDA_1212,0.0449978788377214,0.012685010835887129
2024-10-31 04:00:00,NVDA,NVDA_1212,0.1214221982748464,0.026270658736074353
2024-11-01 04:00:00,NVDA,NVDA_1217,0.0903250482838144,0.04767723769714771
2024-11-04 05:00:00,NVDA,NVDA_1217,0.0676956357845457,0.04454431094753828
2024-11-05 05:00:00,NVDA,NVDA_1217,0.0598955714722271,0.022017834238322053
2024-11-06 05:00:00,NVDA,NVDA_1217,0.0045326808553178,-0.0016038814291872495
2024-11-07 05:00:00,NVDA,NVDA_1217,-0.0142397253254074,0.008965409874585103
2024-11-08 05:00:00,NVDA,NVDA_1222,-0.0382714148100067,0.00041834911982391657
2024-11-11 05:00:00,NVDA,NVDA_1222,-0.03517830650965,0.02565520917805717
2024-11-12 05:00:00,NVDA,NVDA_1222,-0.0086317272725682,0.004108289735987214
2024-11-13 05:00:00,NVDA,NVDA_1222,-0.0025979686313856,0.03230444761009724
2024-11-14 05:00:00,NVDA,NVDA_1222,-0.0006132211860121,0.02769776268094204
2024-11-15 05:00:00,NVDA,NVDA_1227,-0.0002112887744724,0.05932826709401141
2024-11-18 05:00:00,NVDA,NVDA_1227,-0.0294683539342418,0.059789663699739315
2024-11-19 05:00:00,NVDA,NVDA_1227,-0.0686347644031878,0.05221142764283407
2024-11-20 05:00:00,NVDA,NVDA_1227,-0.0723147789149033,0.05160166340138076
2024-11-21 05:00:00,NVDA,NVDA_1227,-0.0574077744191865,0.05521960805578624
2024-11-22 05:00:00,NVDA,NVDA_1232,-0.0233884616893667,0.02714013683573857
2024-11-25 05:00:00,NVDA,NVDA_1232,0.0311718137126499,0.041417913094858046
2024-11-26 05:00:00,NVDA,NVDA_1232,0.0600350666858795,0.03291165287190962
2024-11-27 05:00:00,NVDA,NVDA_1232,0.0718191331735824,0.03128946194749815
2024-11-29 05:00:00,NVDA,NVDA_1232,0.0303074317642404,0.03753797611462602
2024-12-02 05:00:00,NVDA,NVDA_1237,0.0012983673767694,0.044647024379780575
2024-12-03 05:00:00,NVDA,NVDA_1237,-0.0370026193203952,0.03770003476932047
2024-12-04 05:00:00,NVDA,NVDA_1237,-0.0401681263302422,0.020735456549274608
2024-12-05 05:00:00,NVDA,NVDA_1237,-0.0532193668180974,0.01472590539042719
2024-12-06 05:00:00,NVDA,NVDA_1237,-0.0574979100044263,0.027438217528174488
2024-12-09 05:00:00,NVDA,NVDA_1242,-0.0490598492786454,-0.017105480824805844
2024-12-10 05:00:00,NVDA,NVDA_1242,-0.0346487575390185,-0.014209735389910758
2024-12-11 05:00:00,NVDA,NVDA_1242,-0.0746536076286279,-0.014898387628226251
2024-12-12 05:00:00,NVDA,NVDA_1242,-0.0484928195696474,-0.013425566016868314
2024-12-13 05:00:00,NVDA,NVDA_1242,0.0033519325753608,0.01805789958385982
2024-12-16 05:00:00,NVDA,NVDA_1247,0.058106046734434,0.001099497541732089
2024-12-17 05:00:00,NVDA,NVDA_1247,0.075389231360293,0.004527794386480441
2024-12-18 05:00:00,NVDA,NVDA_1247,0.0854859103297891,0.010967704084242613
2024-12-19 05:00:00,NVDA,NVDA_1247,0.0484389515291716,0.008291365458525705
2024-12-20 05:00:00,NVDA,NVDA_1247,0.020712758783461,0.011660695213849916
2020-12-31 05:00:00,NVDA,NVDA_252,0.0169857756063924,0.019825406795442046
2021-01-04 05:00:00,NVDA,NVDA_252,0.0387387339559481,0.011194327717697761
2021-01-05 05:00:00,NVDA,NVDA_252,0.0059680280855747,-0.0022191736716780886
2021-01-06 05:00:00,NVDA,NVDA_252,0.0727139146408379,0.04271324077737882
2021-01-07 05:00:00,NVDA,NVDA_252,-0.0107726462990304,0.004512612650989406
2021-01-08 05:00:00,NVDA,NVDA_257,-0.0314270956215705,0.01980965606286364
2021-01-11 05:00:00,NVDA,NVDA_257,-0.0437726814018559,0.004801113388603034
2021-01-12 05:00:00,NVDA,NVDA_257,-0.0088247452135941,0.003246757322320772
2021-01-13 05:00:00,NVDA,NVDA_257,0.0248120595376664,-0.006931784062839396
2021-01-14 05:00:00,NVDA,NVDA_257,0.0388060801367484,0.015111679764017833
2021-01-15 05:00:00,NVDA,NVDA_262,0.0617247803960838,0.02932871699053444
2021-01-19 05:00:00,NVDA,NVDA_262,0.0314773101263621,0.020026398272207292
2021-01-20 05:00:00,NVDA,NVDA_262,-0.0335185039177651,-0.013138776348448537
2021-01-21 05:00:00,NVDA,NVDA_262,-0.0588787197251822,-0.019665164115257972
2021-01-22 05:00:00,NVDA,NVDA_262,-0.0527073640976678,-0.017899692098058122
2021-01-25 05:00:00,NVDA,NVDA_267,-0.0304871941197795,-0.02304677144766551
2021-01-26 05:00:00,NVDA,NVDA_267,0.0090433756503196,-0.022742678024706343
2021-01-27 05:00:00,NVDA,NVDA_267,0.0474347340981626,0.039703922229218626
2021-01-28 05:00:00,NVDA,NVDA_267,0.0469887939063053,0.022732229262405826
2021-01-29 05:00:00,NVDA,NVDA_267,0.0462864719537998,0.029728529861575873
2021-02-01 05:00:00,NVDA,NVDA_272,0.0907871692516448,0.006340576773624103
2021-02-02 05:00:00,NVDA,NVDA_272,0.0521142632193813,-0.023180979450778353
2021-02-03 05:00:00,NVDA,NVDA_272,0.0911828352302033,-0.025266883439427873
2021-02-04 05:00:00,NVDA,NVDA_272,0.1161058360881364,-0.03345260160003469
2021-02-05 05:00:00,NVDA,NVDA_272,0.1008204504379841,-0.022281930101149105
2021-02-08 05:00:00,NVDA,NVDA_277,0.0617435375542092,-0.061767683894382495
2021-02-09 05:00:00,NVDA,NVDA_277,0.0450633460509963,-0.03844498512471984
2021-02-10 05:00:00,NVDA,NVDA_277,0.0043856391118188,-0.059752029302268826
2021-02-11 05:00:00,NVDA,NVDA_277,-0.0212612019958015,-0.06098906705284233
2021-02-12 05:00:00,NVDA,NVDA_277,-0.0404712312742318,-0.04210049624990392
2021-02-16 05:00:00,NVDA,NVDA_282,-0.0775101257037975,-0.02483124819613781
2021-02-17 05:00:00,NVDA,NVDA_282,-0.0273044772532746,-0.016054892464454268
2021-02-18 05:00:00,NVDA,NVDA_282,-0.102603043963169,-0.02659533103524543
2021-02-19 05:00:00,NVDA,NVDA_282,-0.0811978606619016,-0.026463181734747446
2021-02-22 05:00:00,NVDA,NVDA_282,-0.0358044641317948,-0.015812129952793675
2021-02-23 05:00:00,NVDA,NVDA_287,-0.0520258936532442,-0.035145975293479896
2021-02-24 05:00:00,NVDA,NVDA_287,-0.1168528312564709,-0.05272708423397205
2021-02-25 05:00:00,NVDA,NVDA_287,-0.0704302194543828,-0.006080082306140503
2021-02-26 05:00:00,NVDA,NVDA_287,-0.0913631718520439,-0.022039606497892876
2021-03-01 05:00:00,NVDA,NVDA_287,-0.1624433215997076,-0.022910754089762838
2021-03-02 05:00:00,NVDA,NVDA_292,-0.0660885541866986,-0.03002418818921204
2021-03-03 05:00:00,NVDA,NVDA_292,-0.0262793226121519,0.021958385168452037
2021-03-04 05:00:00,NVDA,NVDA_292,0.0503829769256336,0.03638497092099959
2021-03-05 05:00:00,NVDA,NVDA_292,0.0316574869344745,0.046477140368581325
2021-03-08 05:00:00,NVDA,NVDA_292,0.1378387885101548,0.1596380661871382
2021-03-09 05:00:00,NVDA,NVDA_297,0.0615802311227675,0.1434829294246975
2021-03-10 05:00:00,NVDA,NVDA_297,0.0700178554109451,0.1578766372483424
2021-03-11 05:00:00,NVDA,NVDA_297,-0.0208565754830649,0.14205262332945456
2021-03-12 05:00:00,NVDA,NVDA_297,-0.0007973002174327,0.1471840957671961
2021-03-15 04:00:00,NVDA,NVDA_297,-0.0003790478156926,0.12305662071417345
2021-03-16 04:00:00,NVDA,NVDA_302,-0.0165898608914502,0.0027928529177895156
2021-03-17 04:00:00,NVDA,NVDA_302,-0.0523377306179752,-0.003251733329806813
2021-03-18 04:00:00,NVDA,NVDA_302,-0.0147180302279343,0.048821060565595695
2021-03-19 04:00:00,NVDA,NVDA_302,-0.0005060229425277,0.009123352087059184
2021-03-22 04:00:00,NVDA,NVDA_302,-0.0180490981815367,-0.0048300945973836
2021-03-23 04:00:00,NVDA,NVDA_307,-0.0152248612344886,-0.012406350314626644
2021-03-24 04:00:00,NVDA,NVDA_307,0.0557819156551491,0.008614058704744602
2021-03-25 04:00:00,NVDA,NVDA_307,0.1018328897650531,0.004773869452142941
2021-03-26 04:00:00,NVDA,NVDA_307,0.0894328418429599,-0.0020679950227705858
2021-03-29 04:00:00,NVDA,NVDA_307,0.0705307653464359,-0.0035787122400254383
2021-03-30 04:00:00,NVDA,NVDA_312,0.0988016751564495,0.06477758248273725
2021-03-31 04:00:00,NVDA,NVDA_312,0.0725750545398169,0.03714197605526768
2021-04-01 04:00:00,NVDA,NVDA_312,0.0425904891846598,-0.006539301955258513
2021-04-05 04:00:00,NVDA,NVDA_312,0.0873279303948324,-0.017041611914770917
2021-04-06 04:00:00,NVDA,NVDA_312,0.1311546274068729,-0.010873732775695713
2021-04-07 04:00:00,NVDA,NVDA_317,0.0801428269445438,0.03129876878912867
2021-04-08 04:00:00,NVDA,NVDA_317,0.1271390976950286,0.00657240000887904
2021-04-09 04:00:00,NVDA,NVDA_317,0.1050347779866003,-0.007928000007211462
2021-04-12 04:00:00,NVDA,NVDA_317,0.0100433966031159,0.008882374168615894
2021-04-13 04:00:00,NVDA,NVDA_317,-0.0324148917347433,-0.03458037851680227
2021-04-14 04:00:00,NVDA,NVDA_322,0.0054657266552369,-0.04452411876934402
2021-04-15 04:00:00,NVDA,NVDA_322,-0.0797534018701111,-0.08646220810647036
2021-04-16 04:00:00,NVDA,NVDA_322,-0.0406755795732646,-0.054147384193583586
2021-04-19 04:00:00,NVDA,NVDA_322,0.0075674998488324,-0.05231149048518303
2021-04-20 04:00:00,NVDA,NVDA_322,0.013874912002979,-0.05903747658831894
2021-04-21 04:00:00,NVDA,NVDA_327,-0.0054523435410411,-0.07287152470883995
2021-04-22 04:00:00,NVDA,NVDA_327,0.0319523034731914,-0.012672349378084615
2021-04-23 04:00:00,NVDA,NVDA_327,-0.0167537808209334,-0.07344491108201344
2021-04-26 04:00:00,NVDA,NVDA_327,-0.0414297499442232,-0.07549065335079025
2021-04-27 04:00:00,NVDA,NVDA_327,-0.066995004133565,-0.06104992423580377
2021-04-28 04:00:00,NVDA,NVDA_332,-0.0535617669526863,-0.03389520478294481
2021-04-29 04:00:00,NVDA,NVDA_332,-0.0523173419402936,-0.05694462940991473
2021-04-30 04:00:00,NVDA,NVDA_332,-0.0131416381926195,-0.04133872939331683
2021-05-03 04:00:00,NVDA,NVDA_332,-0.0384855239865633,-0.04299152882060702
2021-05-04 04:00:00,NVDA,NVDA_332,-0.0031356207473819,-0.04375685783753976
2021-05-05 04:00:00,NVDA,NVDA_337,-0.0484144146140754,-0.057051350003718956
2021-05-06 04:00:00,NVDA,NVDA_337,-0.0590614854323175,-0.09152660790076796
2021-05-07 04:00:00,NVDA,NVDA_337,-0.0384310352265067,-0.09481503778668644
2021-05-10 04:00:00,NVDA,NVDA_337,-0.0070273378282357,-0.0566073052075153
2021-05-11 04:00:00,NVDA,NVDA_337,-0.0203057890740666,-0.07670959339030063
2021-05-12 04:00:00,NVDA,NVDA_342,0.0223316510283304,-0.024200927689843155
2021-05-13 04:00:00,NVDA,NVDA_342,0.0693181887177052,-0.018866248708999663
2021-05-14 04:00:00,NVDA,NVDA_342,0.0525696644925151,-0.01626239489668323
2021-05-17 04:00:00,NVDA,NVDA_342,0.1021143489562768,-0.00788731112978749
2021-05-18 04:00:00,NVDA,NVDA_342,0.1164404314772846,-0.0062333370318802175
2021-05-19 04:00:00,NVDA,NVDA_347,0.1161864580994191,0.09261592370406392
2021-05-20 04:00:00,NVDA,NVDA_347,0.0599144372225166,0.06682455333408072
2021-05-21 04:00:00,NVDA,NVDA_347,0.0835625902791661,0.05353641035448896
2021-05-24 04:00:00,NVDA,NVDA_347,0.0417947206932232,0.019760899087187617
2021-05-25 04:00:00,NVDA,NVDA_347,0.0722467988655433,0.023140960626810772
2021-05-26 04:00:00,NVDA,NVDA_352,0.0808757743212922,0.04998959907988523
2021-05-27 04:00:00,NVDA,NVDA_352,0.1349593866386458,0.036638644979987124
2021-05-28 04:00:00,NVDA,NVDA_352,0.0846132747573149,0.007159442880206808
2021-06-01 04:00:00,NVDA,NVDA_352,0.0733192592903577,-0.027563348375490352
2021-06-02 04:00:00,NVDA,NVDA_352,0.034568559454837,-0.04577762978239737
2021-06-03 04:00:00,NVDA,NVDA_357,0.0268271365879602,-0.021393792316631563
2021-06-04 04:00:00,NVDA,NVDA_357,0.0140514401698077,-0.022321801932482965
2021-06-07 04:00:00,NVDA,NVDA_357,0.0226885616453926,-0.039040501572639524
2021-06-08 04:00:00,NVDA,NVDA_357,0.0189894647318065,-0.03053158019467319
2021-06-09 04:00:00,NVDA,NVDA_357,0.0260394724726236,-0.037855812255511725
2021-06-10 04:00:00,NVDA,NVDA_362,0.0707173754706531,0.01648023721119431
2021-06-11 04:00:00,NVDA,NVDA_362,0.0456374761718525,0.00919393504953845
2021-06-14 04:00:00,NVDA,NVDA_362,0.0226708672179378,0.01170668680209217
2021-06-15 04:00:00,NVDA,NVDA_362,0.0617392948133648,0.00740509433678108
2021-06-16 04:00:00,NVDA,NVDA_362,0.070015849727449,0.004902754542679671
2021-06-17 04:00:00,NVDA,NVDA_367,0.0293853710759151,0.03858853956609614
2021-06-18 04:00:00,NVDA,NVDA_367,0.0210448693946514,0.04105763338588519
2021-06-21 04:00:00,NVDA,NVDA_367,0.0845351699056407,0.05042914745835444
2021-06-22 04:00:00,NVDA,NVDA_367,0.0603598470465243,0.03599030033050525
2021-06-23 04:00:00,NVDA,NVDA_367,0.0496006250120728,0.032212915009255924
2021-06-24 04:00:00,NVDA,NVDA_372,0.0524068762871539,0.0405439634564351
2021-06-25 04:00:00,NVDA,NVDA_372,0.0765067187159398,0.0532209319116882
2021-06-28 04:00:00,NVDA,NVDA_372,0.0357017286676639,-0.003536256472518964
2021-06-29 04:00:00,NVDA,NVDA_372,0.0172269241703519,-0.004347024708432822
2021-06-30 04:00:00,NVDA,NVDA_372,-0.0049869024439712,0.0005631010284775395
2021-07-01 04:00:00,NVDA,NVDA_377,-0.0080027109792112,0.030333540726794866
2021-07-02 04:00:00,NVDA,NVDA_377,0.0012447528593007,0.009120085474881589
2021-07-06 04:00:00,NVDA,NVDA_377,-0.0216682216831498,0.004709624144924381
2021-07-07 04:00:00,NVDA,NVDA_377,-0.0260287188137366,0.05306288845526443
2021-07-08 04:00:00,NVDA,NVDA_377,-0.0470538266620653,0.06593239618265652
2021-07-09 04:00:00,NVDA,NVDA_382,-0.0942257521210071,0.009133546453163997
2021-07-12 04:00:00,NVDA,NVDA_382,-0.0844728762714029,0.015270733486165427
2021-07-13 04:00:00,NVDA,NVDA_382,-0.0808889130015432,0.0021770846402077693
2021-07-14 04:00:00,NVDA,NVDA_382,-0.0217473223194836,0.009391299031546705
2021-07-15 04:00:00,NVDA,NVDA_382,0.0330982885074755,0.004614184073192201
2021-07-16 04:00:00,NVDA,NVDA_387,0.076923149632299,0.010495105312325432
2021-07-19 04:00:00,NVDA,NVDA_387,0.0273832068623212,-0.029784835170794107
2021-07-20 04:00:00,NVDA,NVDA_387,0.0320223880841741,-0.015156181940956425
2021-07-21 04:00:00,NVDA,NVDA_387,0.0047913659308813,-0.025992044436292085
2021-07-22 04:00:00,NVDA,NVDA_387,0.003470490657019,-0.020726751209505272
2021-07-23 04:00:00,NVDA,NVDA_392,-0.0030166690640992,0.007110091589416614
2021-07-26 04:00:00,NVDA,NVDA_392,0.0236342572615224,0.009195534115479433
2021-07-27 04:00:00,NVDA,NVDA_392,0.0316014340465302,0.011806308991540575
2021-07-28 04:00:00,NVDA,NVDA_392,0.0395323744138129,0.019224253737803634
2021-07-29 04:00:00,NVDA,NVDA_392,0.0495879585792415,0.010422092788334092
2021-07-30 04:00:00,NVDA,NVDA_397,0.0444637493235904,0.02480042921919691
2021-08-02 04:00:00,NVDA,NVDA_397,0.0275949405718454,0.025675442661240496
2021-08-03 04:00:00,NVDA,NVDA_397,0.0061064994527262,0.029271630084825837
2021-08-04 04:00:00,NVDA,NVDA_397,-0.028361485556825,0.022761142161109835
2021-08-05 04:00:00,NVDA,NVDA_397,-0.0354701979189685,0.027068992621355023
2021-08-06 04:00:00,NVDA,NVDA_402,-0.0087400325670941,0.0007330839212807117
2021-08-09 04:00:00,NVDA,NVDA_402,-0.0169992270045604,-0.004712331561084891
2021-08-10 04:00:00,NVDA,NVDA_402,-0.0239767566770114,0.009239142326496044
2021-08-11 04:00:00,NVDA,NVDA_402,-0.0334533991211614,0.007163158566953992
2021-08-12 04:00:00,NVDA,NVDA_402,-0.0053755512314016,0.0025462262923240824
2021-08-13 04:00:00,NVDA,NVDA_407,0.0311076019389424,-0.022578315516387004
2021-08-16 04:00:00,NVDA,NVDA_407,0.1006515961591449,-0.01430067559825366
2021-08-17 04:00:00,NVDA,NVDA_407,0.120002007529018,-0.01502682692928512
2021-08-18 04:00:00,NVDA,NVDA_407,0.166649069105722,0.007938429661071758
2021-08-19 04:00:00,NVDA,NVDA_407,0.1146580674448793,-0.00241942384850341
2021-08-20 04:00:00,NVDA,NVDA_412,0.0874327294464996,0.06505477089928544
2021-08-23 04:00:00,NVDA,NVDA_412,0.0332452653314938,0.04693008976049999
2021-08-24 04:00:00,NVDA,NVDA_412,0.0271647309319396,0.023877403671893963
2021-08-25 04:00:00,NVDA,NVDA_412,0.0102642888220334,0.0038806115519157474
2021-08-26 04:00:00,NVDA,NVDA_412,0.0148631096246598,0.0026600844405965263
2021-08-27 04:00:00,NVDA,NVDA_417,0.0091447577024283,0.010712533821712006
2021-08-30 04:00:00,NVDA,NVDA_417,-0.0011459392422695,0.013496939076672012
2021-08-31 04:00:00,NVDA,NVDA_417,-0.0020549263572574,0.013420814606326494
2021-09-01 04:00:00,NVDA,NVDA_417,-0.0117641789200281,0.018013269170353792
2021-09-02 04:00:00,NVDA,NVDA_417,0.0036614008196591,0.015008009049843698
2021-09-03 04:00:00,NVDA,NVDA_422,-0.0302499659536229,0.0026983970046655413
2021-09-07 04:00:00,NVDA,NVDA_422,-0.0185332302591905,-0.0007181159534285905
2021-09-08 04:00:00,NVDA,NVDA_422,8.948033951305945e-05,-0.0003195308324883229
2021-09-09 04:00:00,NVDA,NVDA_422,0.0029309885883324,-0.0007713225947811625
2021-09-10 04:00:00,NVDA,NVDA_422,-0.0257140762460851,-5.178394655498481e-05
2021-09-13 04:00:00,NVDA,NVDA_427,-0.046903193276269,-0.0019962153002602043
2021-09-14 04:00:00,NVDA,NVDA_427,-0.0447801575376285,-0.005119367857132382
2021-09-15 04:00:00,NVDA,NVDA_427,-0.0179042847515068,-0.005312284930424503
2021-09-16 04:00:00,NVDA,NVDA_427,0.0107903859752509,0.0030555689775634658
2021-09-17 04:00:00,NVDA,NVDA_427,0.0082648291786369,0.013736424524120595
2021-09-20 04:00:00,NVDA,NVDA_432,0.0259081587234162,0.027035378225615605
2021-09-21 04:00:00,NVDA,NVDA_432,-0.0257460640847945,0.046190265125077234
2021-09-22 04:00:00,NVDA,NVDA_432,-0.064901316593012,0.03153640838158014
2021-09-23 04:00:00,NVDA,NVDA_432,-0.0785517623037431,0.011705794145911073
2021-09-24 04:00:00,NVDA,NVDA_432,-0.0606403166746467,0.02523448215517985
2021-09-27 04:00:00,NVDA,NVDA_437,-0.0890119810730429,-0.006131249524566171
2021-09-28 04:00:00,NVDA,NVDA_437,-0.0119812164072715,0.035566032920704226
2021-09-29 04:00:00,NVDA,NVDA_437,0.008919460096793,0.08545050344371702
2021-09-30 04:00:00,NVDA,NVDA_437,0.0173296566201552,0.07244859100050942
2021-10-01 04:00:00,NVDA,NVDA_437,0.0042907526789961,0.08696321104298814
2021-10-04 04:00:00,NVDA,NVDA_442,0.0488039391214383,0.05621624922623786
2021-10-05 04:00:00,NVDA,NVDA_442,0.0107573864875294,0.04362450977199501
2021-10-06 04:00:00,NVDA,NVDA_442,0.0115458166317476,0.04188085682772909
2021-10-07 04:00:00,NVDA,NVDA_442,0.0318386478143097,0.05189423536018842
2021-10-08 04:00:00,NVDA,NVDA_442,0.0494935513558052,0.08366919816118193
2021-10-11 04:00:00,NVDA,NVDA_447,0.0737859603654884,0.05328581479026183
2021-10-12 04:00:00,NVDA,NVDA_447,0.0783223562284378,0.04964240445287223
2021-10-13 04:00:00,NVDA,NVDA_447,0.0555901194254069,0.048425216095911085
2021-10-14 04:00:00,NVDA,NVDA_447,0.0435022134137672,0.03627028069573181
2021-10-15 04:00:00,NVDA,NVDA_447,0.0395206449424463,0.05017020249491562
2021-10-18 04:00:00,NVDA,NVDA_452,0.0424804355573316,0.05295028942576557
2021-10-19 04:00:00,NVDA,NVDA_452,0.1088828191450219,0.06252910958207114
2021-10-20 04:00:00,NVDA,NVDA_452,0.1062299011299117,0.06851047756716144
2021-10-21 04:00:00,NVDA,NVDA_452,0.0991098451115533,0.05044354350758796
2021-10-22 04:00:00,NVDA,NVDA_452,0.1250109840822917,0.05217840816786243
2021-10-25 04:00:00,NVDA,NVDA_457,0.1148665827518908,0.0789018283071697
2021-10-26 04:00:00,NVDA,NVDA_457,0.0681312489264072,0.030344433073926994
2021-10-27 04:00:00,NVDA,NVDA_457,0.0878082426229189,0.008381456367461303
2021-10-28 04:00:00,NVDA,NVDA_457,0.1948598938825583,0.00012107963596485944
2021-10-29 04:00:00,NVDA,NVDA_457,0.1636876233310513,-0.004477675966518117
2021-11-01 04:00:00,NVDA,NVDA_462,0.1927053569859238,0.1401911972198976
2021-11-02 04:00:00,NVDA,NVDA_462,0.1612060402578377,0.13595140601571337
2021-11-03 04:00:00,NVDA,NVDA_462,0.1075644825547659,0.1367625184027238
2021-11-04 04:00:00,NVDA,NVDA_462,0.0197643965905176,0.11117840189886903
2021-11-05 04:00:00,NVDA,NVDA_462,0.0214438882626581,0.11062385119946452
2021-11-08 05:00:00,NVDA,NVDA_467,-0.0252889629383419,0.06225107061171536
2021-11-09 05:00:00,NVDA,NVDA_467,-0.0148090315139638,0.05384697665810635
2021-11-10 05:00:00,NVDA,NVDA_467,-0.0067212042732275,0.06420738132991884
2021-11-11 05:00:00,NVDA,NVDA_467,0.0422836417643959,0.08511406892321942
2021-11-12 05:00:00,NVDA,NVDA_467,0.0853899727812117,0.08587683494264566
2021-11-15 05:00:00,NVDA,NVDA_472,0.0643130651254906,0.05464285254338645
2021-11-16 05:00:00,NVDA,NVDA_472,0.0510876806986013,0.05399103225392474
2021-11-17 05:00:00,NVDA,NVDA_472,0.1166399010350629,0.010159162157857043
2021-11-18 05:00:00,NVDA,NVDA_472,-0.0054301178154376,0.04940793990228779
2021-11-19 05:00:00,NVDA,NVDA_472,0.0118538375957866,0.06006677437861348
2021-11-22 05:00:00,NVDA,NVDA_477,0.0225309590515112,0.04682295508043635
2021-11-23 05:00:00,NVDA,NVDA_477,-0.0097965356622701,0.03887863066687986
2021-11-24 05:00:00,NVDA,NVDA_477,-0.0167717555021176,0.041094416714143635
2021-11-26 05:00:00,NVDA,NVDA_477,-0.025711819803598,0.054088306068059644
2021-11-29 05:00:00,NVDA,NVDA_477,-0.100041911838157,0.027713398011959572
2021-11-30 05:00:00,NVDA,NVDA_482,-0.0076202888761224,-0.022927791916980612
2021-12-01 05:00:00,NVDA,NVDA_482,0.0124383888762042,-0.0062147220309673925
2021-12-02 05:00:00,NVDA,NVDA_482,-0.0509244757373803,-0.02314334531653739
2021-12-03 05:00:00,NVDA,NVDA_482,-0.0161274826975833,0.00833095567394371
2021-12-06 05:00:00,NVDA,NVDA_482,-0.0624563477395503,-0.006507713449948399
2021-12-07 05:00:00,NVDA,NVDA_487,-0.1261294131445484,-0.04695447012094825
2021-12-08 05:00:00,NVDA,NVDA_487,-0.042952321078941,-0.026803846675217523
2021-12-09 05:00:00,NVDA,NVDA_487,-0.0689734554495214,-0.016810625957249335
2021-12-10 05:00:00,NVDA,NVDA_487,-0.0793760965217701,-0.03686937282092398
2021-12-13 05:00:00,NVDA,NVDA_487,-0.0156954457029759,0.0014231238485739367
2021-12-14 05:00:00,NVDA,NVDA_492,0.0260437192551343,-0.03705125074152654
2021-12-15 05:00:00,NVDA,NVDA_492,-0.0347680497715362,-0.07549933973756065
2021-12-16 05:00:00,NVDA,NVDA_492,0.0441399336946548,-0.017868686530514506
2021-12-17 05:00:00,NVDA,NVDA_492,0.1130894224104437,-0.030545428266549487
2021-12-20 05:00:00,NVDA,NVDA_492,0.0939067301766032,-0.031781507044161154
2021-12-21 05:00:00,NVDA,NVDA_497,0.0318486212706992,0.043464819402126126
2021-12-22 05:00:00,NVDA,NVDA_497,0.0063265587206799,0.038697191507690215
2021-12-23 05:00:00,NVDA,NVDA_497,-0.0077260491318604,0.024652388201898003
2021-12-27 05:00:00,NVDA,NVDA_497,-0.0266278692206627,0.040851469057335776
2021-12-28 05:00:00,NVDA,NVDA_497,-0.0340346801291099,0.05365317877565647
2021-12-29 05:00:00,NVDA,NVDA_502,-0.0798973168567639,0.013886507874258124
2021-12-30 05:00:00,NVDA,NVDA_502,-0.047590107651797,0.019238968640195232
2021-12-31 05:00:00,NVDA,NVDA_502,-0.0735778997361451,0.03047461225887638
2022-01-03 05:00:00,NVDA,NVDA_502,-0.0903356676470524,0.03091797363531896
2022-01-04 05:00:00,NVDA,NVDA_502,-0.0502902503946889,0.03833018355772042
2022-01-05 05:00:00,NVDA,NVDA_507,0.0143095368951455,0.05037377879958111
2022-01-06 05:00:00,NVDA,NVDA_507,-0.0568883086864238,0.041972787763124034
2022-01-07 05:00:00,NVDA,NVDA_507,-0.0111939042125543,0.05086863929133203
2022-01-10 05:00:00,NVDA,NVDA_507,-0.0546350277898614,0.04455307791302274
2022-01-11 05:00:00,NVDA,NVDA_507,-0.0988604111088232,0.036761446875895665
2022-01-12 05:00:00,NVDA,NVDA_512,-0.1374692258749249,-0.026388745864660192
2022-01-13 05:00:00,NVDA,NVDA_512,-0.1204515567911872,-0.009690321029988265
2022-01-14 05:00:00,NVDA,NVDA_512,-0.1325068580519006,-0.028732947512022627
2022-01-18 05:00:00,NVDA,NVDA_512,-0.1381693429289594,-0.0053567192680393306
2022-01-19 05:00:00,NVDA,NVDA_512,-0.091554638687654,0.003400599216162295
2022-01-20 05:00:00,NVDA,NVDA_517,-0.0913457312312747,-0.0723288210085755
2022-01-21 05:00:00,NVDA,NVDA_517,-0.0228459135868435,-0.06876485632078158
2022-01-24 05:00:00,NVDA,NVDA_517,0.0476638855381894,-0.0699644122865835
2022-01-25 05:00:00,NVDA,NVDA_517,0.1036553102068871,-0.0603726440174684
2022-01-26 05:00:00,NVDA,NVDA_517,0.1084665945115062,-0.06774077716876387
2022-01-27 05:00:00,NVDA,NVDA_522,0.0913233543468499,0.047677675171861285
2022-01-28 05:00:00,NVDA,NVDA_522,0.064754819687913,-0.0009602442617851559
2022-01-31 05:00:00,NVDA,NVDA_522,0.0098832222180329,-0.004292041615353322
2022-02-01 05:00:00,NVDA,NVDA_522,0.0190761954720328,-0.008401744912489715
2022-02-02 05:00:00,NVDA,NVDA_522,0.057958929968525,0.020720873348468158
2022-02-03 05:00:00,NVDA,NVDA_527,0.0783363727354911,0.065993852372354
2022-02-04 05:00:00,NVDA,NVDA_527,-0.0152144757399123,0.05633072529258376
2022-02-07 05:00:00,NVDA,NVDA_527,-0.0186428514460231,0.0579400033641655
2022-02-08 05:00:00,NVDA,NVDA_527,0.055241399098119,0.0613381089663362
2022-02-09 05:00:00,NVDA,NVDA_527,-0.0072645663619121,0.02828483536788432
2022-02-10 05:00:00,NVDA,NVDA_532,-0.0509990499447787,0.017168328687961042
2022-02-11 05:00:00,NVDA,NVDA_532,-0.0128188740311242,0.019336161626805782
2022-02-14 05:00:00,NVDA,NVDA_532,-0.036139646497177,0.004248998886550518
2022-02-15 05:00:00,NVDA,NVDA_532,-0.1550481818781944,0.008503567618013914
2022-02-16 05:00:00,NVDA,NVDA_532,-0.1042209091198835,0.0066870678092117684
2022-02-17 05:00:00,NVDA,NVDA_537,-0.0142816494024391,-0.06854923203037516
2022-02-18 05:00:00,NVDA,NVDA_537,0.0314271222520756,-0.059103220104056095
2022-02-22 05:00:00,NVDA,NVDA_537,0.0037195337947286,-0.058711872879517124
2022-02-23 05:00:00,NVDA,NVDA_537,0.0818778869128886,-0.051880747812888366
2022-02-24 05:00:00,NVDA,NVDA_537,-0.0014316359498766,-0.0584397059539353
2022-02-25 05:00:00,NVDA,NVDA_542,-0.050544305371598,-0.00041181485006668977
2022-02-28 05:00:00,NVDA,NVDA_542,-0.1243797792731862,-0.01569090449129072
2022-03-01 05:00:00,NVDA,NVDA_542,-0.0836137242337927,-0.002755250249294637
2022-03-02 05:00:00,NVDA,NVDA_542,-0.0497935346234579,-0.005030932453860828
2022-03-03 05:00:00,NVDA,NVDA_542,-0.0445306453826063,0.003161143783564935
2022-03-04 05:00:00,NVDA,NVDA_547,-0.0364492680707887,-0.014423911775854305
2022-03-07 05:00:00,NVDA,NVDA_547,-0.0010303184652387,0.013308309372419398
2022-03-08 05:00:00,NVDA,NVDA_547,0.0678162888318414,0.004023977266085549
2022-03-09 05:00:00,NVDA,NVDA_547,0.0643956007161963,-0.03255519037066742
2022-03-10 05:00:00,NVDA,NVDA_547,0.093035559785503,-0.029890946086534927
2022-03-11 05:00:00,NVDA,NVDA_552,0.1969682650852071,0.054214422167800966
2022-03-14 04:00:00,NVDA,NVDA_552,0.2533520556935074,0.048468296899760066
2022-03-15 04:00:00,NVDA,NVDA_552,0.1545727881048795,0.004573316765112359
2022-03-16 04:00:00,NVDA,NVDA_552,0.0464565837203092,-0.047280533728183395
2022-03-17 04:00:00,NVDA,NVDA_552,0.1366388907650553,-0.04942693354041126
2022-03-18 04:00:00,NVDA,NVDA_557,0.0468378014549004,0.06080640169272135
2022-03-21 04:00:00,NVDA,NVDA_557,0.0555472675949419,-0.02901857649922994
2022-03-22 04:00:00,NVDA,NVDA_557,0.0803800315182816,-0.03241420719192805
2022-03-23 04:00:00,NVDA,NVDA_557,0.0802059644785533,-0.03787209159335261
2022-03-24 04:00:00,NVDA,NVDA_557,-0.0306927293834076,-0.05875693005694482
2022-03-25 04:00:00,NVDA,NVDA_562,-0.0353892662941003,-0.005446719532504823
2022-03-28 04:00:00,NVDA,NVDA_562,-0.0304404570147666,0.013376850334915296
2022-03-29 04:00:00,NVDA,NVDA_562,-0.0950935360277296,0.01101997695053244
2022-03-30 04:00:00,NVDA,NVDA_562,-0.1185626898781371,0.0321455681271647
2022-03-31 04:00:00,NVDA,NVDA_562,-0.1128050719844828,0.037847216357283095
2022-04-01 04:00:00,NVDA,NVDA_567,-0.1345088509416894,-0.06177746012740129
2022-04-04 04:00:00,NVDA,NVDA_567,-0.1989400830421651,-0.06045398005635886
2022-04-05 04:00:00,NVDA,NVDA_567,-0.1707223048650886,-0.028728271522241687
2022-04-06 04:00:00,NVDA,NVDA_567,-0.0903019834566202,-0.017271424661404626
2022-04-07 04:00:00,NVDA,NVDA_567,-0.1218605725638679,-0.02196645948820004
2022-04-08 04:00:00,NVDA,NVDA_572,-0.0577879045432997,-0.05554833454112934
2022-04-11 04:00:00,NVDA,NVDA_572,0.012821104150966,0.04327766024228187
2022-04-12 04:00:00,NVDA,NVDA_572,-0.0010230356876607,0.06637323865660512
2022-04-13 04:00:00,NVDA,NVDA_572,-0.090978634911139,0.06487114910338204
2022-04-14 04:00:00,NVDA,NVDA_572,-0.081992665258242,0.07131605937568576
2022-04-18 04:00:00,NVDA,NVDA_577,-0.0863517622506624,0.028604966095731436
2022-04-19 04:00:00,NVDA,NVDA_577,-0.1536174364557241,0.03706707906009901
2022-04-20 04:00:00,NVDA,NVDA_577,-0.14277066312816,0.06581479056563508
2022-04-21 04:00:00,NVDA,NVDA_577,-0.0198682537454977,0.1261831378196457
2022-04-22 04:00:00,NVDA,NVDA_577,-0.0496027945126218,0.17389070856195565
2022-04-25 04:00:00,NVDA,NVDA_582,-0.0185408237001145,0.04216111523260341
2022-04-26 04:00:00,NVDA,NVDA_582,0.0433254828293452,0.03452816815462009
2022-04-27 04:00:00,NVDA,NVDA_582,0.1042084508746148,0.019583728488712645
2022-04-28 04:00:00,NVDA,NVDA_582,-0.0474168306984594,0.04478478249868259
2022-04-29 04:00:00,NVDA,NVDA_582,0.0069012964869286,0.06141206488706055
2022-05-02 04:00:00,NVDA,NVDA_587,-0.1322377544669334,0.009894800697821206
2022-05-03 04:00:00,NVDA,NVDA_587,-0.1023875136675326,0.10006286303383236
2022-05-04 04:00:00,NVDA,NVDA_587,-0.1821579885772946,0.07972984261730647
2022-05-05 04:00:00,NVDA,NVDA_587,-0.1416366294343655,0.12296008491208521
2022-05-06 04:00:00,NVDA,NVDA_587,-0.0518875449669586,0.10376499534275352
2022-05-09 04:00:00,NVDA,NVDA_592,0.0185250243004082,-0.006936485274096329
2022-05-10 04:00:00,NVDA,NVDA_592,0.0330776217751904,-0.010650624703232012
2022-05-11 04:00:00,NVDA,NVDA_592,0.0185207805242606,0.005107581826381322
2022-05-12 04:00:00,NVDA,NVDA_592,0.0586708721495012,0.017815395309476553
2022-05-13 04:00:00,NVDA,NVDA_592,-0.0571557193045426,-0.022929231829346995
2022-05-16 04:00:00,NVDA,NVDA_597,-0.0212001403554049,0.0020079772321710044
2022-05-17 04:00:00,NVDA,NVDA_597,-0.1112945322148003,-0.004981103822402815
2022-05-18 04:00:00,NVDA,NVDA_597,0.002184476132242,-0.0011766085086533829
2022-05-19 04:00:00,NVDA,NVDA_597,0.0424549906281062,-0.007619977315883584
2022-05-20 04:00:00,NVDA,NVDA_597,0.126812061152151,0.002700720725008341
2022-05-23 04:00:00,NVDA,NVDA_602,0.1049828436830904,0.04608772512303138
2022-05-24 04:00:00,NVDA,NVDA_602,0.1340844655338284,0.043007943579782076
2022-05-25 04:00:00,NVDA,NVDA_602,0.154167812293078,0.03360660823436552
2022-05-26 04:00:00,NVDA,NVDA_602,0.0486807175716803,0.025214151864449797
2022-05-27 04:00:00,NVDA,NVDA_602,-0.0013290906801216,0.03630726314330401
2022-05-31 04:00:00,NVDA,NVDA_607,0.0136032400409171,0.06310289399339544
2022-06-01 04:00:00,NVDA,NVDA_607,0.0179039862337737,0.07652309382083805
2022-06-02 04:00:00,NVDA,NVDA_607,-0.0788076149865897,0.03877819911541999
2022-06-03 04:00:00,NVDA,NVDA_607,-0.0932691477890597,0.06182326163667742
2022-06-06 04:00:00,NVDA,NVDA_607,-0.1670924679321541,0.04880390844501674
2022-06-07 04:00:00,NVDA,NVDA_612,-0.1632674656783578,-0.009253178716166805
2022-06-08 04:00:00,NVDA,NVDA_612,-0.1137387499113986,-0.007589341013457277
2022-06-09 04:00:00,NVDA,NVDA_612,-0.135582915449122,0.018224333741765714
2022-06-10 04:00:00,NVDA,NVDA_612,-0.0644515586399551,0.033754992160232575
2022-06-13 04:00:00,NVDA,NVDA_612,0.0587332813679275,0.006665276309220427
2022-06-14 04:00:00,NVDA,NVDA_617,0.0330891736047334,0.00036529642991959546
2022-06-15 04:00:00,NVDA,NVDA_617,-0.0182731311169143,-0.0037523263722113566
2022-06-16 04:00:00,NVDA,NVDA_617,0.0977501208215696,0.012400744721327246
2022-06-17 04:00:00,NVDA,NVDA_617,0.0622795566519474,-0.016440901144653533
2022-06-21 04:00:00,NVDA,NVDA_617,-0.0352529056095001,-0.005087390736602249
2022-06-22 04:00:00,NVDA,NVDA_622,-0.0500000466344391,0.019389896246352716
2022-06-23 04:00:00,NVDA,NVDA_622,-0.065701076097272,0.02072703937490465
2022-06-24 04:00:00,NVDA,NVDA_622,-0.1519911112160478,-0.018181921831062
2022-06-27 04:00:00,NVDA,NVDA_622,-0.1129290290804813,-0.00909701027400395
2022-06-28 04:00:00,NVDA,NVDA_622,-0.0533099873483904,-0.0011670535882639852
2022-06-29 04:00:00,NVDA,NVDA_627,0.0203320028609002,-0.0644895644518782
2022-06-30 04:00:00,NVDA,NVDA_627,0.0447918650997865,-0.053657264593626915
2022-07-01 04:00:00,NVDA,NVDA_627,0.0433106571645514,-0.009583174322517669
2022-07-05 04:00:00,NVDA,NVDA_627,0.0078855942597524,-0.04693510351487374
2022-07-06 04:00:00,NVDA,NVDA_627,0.0022471541835447,-0.047890398574740194
2022-07-07 04:00:00,NVDA,NVDA_632,-0.0306469962866959,-0.033104725307563275
2022-07-08 04:00:00,NVDA,NVDA_632,-0.004798599077866,-0.024111958393896408
2022-07-11 04:00:00,NVDA,NVDA_632,0.0626319547352143,-0.008520935066149711
2022-07-12 04:00:00,NVDA,NVDA_632,0.1266410840144591,-0.017395489665538322
2022-07-13 04:00:00,NVDA,NVDA_632,0.1742943633720628,0.0010071448790032987
2022-07-14 04:00:00,NVDA,NVDA_637,0.1742128247235665,0.0830815231698979
2022-07-15 04:00:00,NVDA,NVDA_637,0.0987818901108474,0.07612934510984296
2022-07-18 04:00:00,NVDA,NVDA_637,0.057325653395148,0.06856772296477952
2022-07-19 04:00:00,NVDA,NVDA_637,-0.0270126893906654,0.04799526087779509
2022-07-20 04:00:00,NVDA,NVDA_637,-0.0009545848134467,0.017053701348617688
2022-07-21 04:00:00,NVDA,NVDA_642,-0.0036565090044823,0.009166938318081358
2022-07-22 04:00:00,NVDA,NVDA_642,0.0487325971922911,0.025724077454298708
2022-07-25 04:00:00,NVDA,NVDA_642,0.0832354207544492,0.03922531617385685
2022-07-26 04:00:00,NVDA,NVDA_642,0.1205466647992732,0.04424930208585368
2022-07-27 04:00:00,NVDA,NVDA_642,0.0620010498458039,0.0052834245074711095
2022-07-28 04:00:00,NVDA,NVDA_647,0.0684497860012864,0.054217692762320704
2022-07-29 04:00:00,NVDA,NVDA_647,0.0454770802601756,0.05309947556190576
2022-08-01 04:00:00,NVDA,NVDA_647,-0.035139131158791,0.04406057716568993
2022-08-02 04:00:00,NVDA,NVDA_647,-0.0777285274240321,0.05680550351348433
2022-08-03 04:00:00,NVDA,NVDA_647,-0.0421319823089952,0.03343388356615428
2022-08-04 04:00:00,NVDA,NVDA_652,-0.0662503620637046,-0.015481103000381451
2022-08-05 04:00:00,NVDA,NVDA_652,-0.0147454148149227,-0.007938953543732698
2022-08-08 04:00:00,NVDA,NVDA_652,0.0696341466552092,-0.0033231195008821407
2022-08-09 04:00:00,NVDA,NVDA_652,0.1049396711425616,-0.0034588423348821964
2022-08-10 04:00:00,NVDA,NVDA_652,0.0131512936286102,-0.041939952434516814
2022-08-11 04:00:00,NVDA,NVDA_657,0.0463159797061163,-0.001146997085484435
2022-08-12 04:00:00,NVDA,NVDA_657,-0.0459671131453626,0.0001629808497294777
2022-08-15 04:00:00,NVDA,NVDA_657,-0.1049810442693901,0.0006521399233296116
2022-08-16 04:00:00,NVDA,NVDA_657,-0.0899412034694165,0.01597715556826866
2022-08-17 04:00:00,NVDA,NVDA_657,-0.0607035188425456,0.038087449984707075
2022-08-18 04:00:00,NVDA,NVDA_662,-0.0458105032492389,-0.052910838540071045
2022-08-19 04:00:00,NVDA,NVDA_662,-0.089024629897552,0.008185642140371343
2022-08-22 04:00:00,NVDA,NVDA_662,-0.0723846851351996,-0.020991812870160404
2022-08-23 04:00:00,NVDA,NVDA_662,-0.0997031236955737,-0.02901771309027438
2022-08-24 04:00:00,NVDA,NVDA_662,-0.1235628988686594,-0.005460016578108939
2022-08-25 04:00:00,NVDA,NVDA_667,-0.221961693096927,-0.041697442802099326
2022-08-26 04:00:00,NVDA,NVDA_667,-0.1607010995876443,-0.004327993401090078
2022-08-29 04:00:00,NVDA,NVDA_667,-0.1478387153878109,-0.010737159818127142
2022-08-30 04:00:00,NVDA,NVDA_667,-0.1133954368399174,-0.001311509299490611
2022-08-31 04:00:00,NVDA,NVDA_667,-0.0731416524179946,0.0031783811156708554
2022-09-01 04:00:00,NVDA,NVDA_672,0.0322881395133052,-0.0024678587026027445
2022-09-02 04:00:00,NVDA,NVDA_672,0.0628709446742423,-0.017751872666782523
2022-09-06 04:00:00,NVDA,NVDA_672,-0.0248050934777884,-0.030095901174155556
2022-09-07 04:00:00,NVDA,NVDA_672,-0.042730020387101,0.003379699007441622
2022-09-08 04:00:00,NVDA,NVDA_672,-0.0758398776024775,0.03699016925617241
2022-09-09 04:00:00,NVDA,NVDA_677,-0.0826440621925308,-0.007293231993957613
2022-09-12 04:00:00,NVDA,NVDA_677,-0.0774215881487968,0.025188030394167792
2022-09-13 04:00:00,NVDA,NVDA_677,0.003427010721519,0.025673467062878985
2022-09-14 04:00:00,NVDA,NVDA_677,0.0101309733042387,0.013430259934731766
2022-09-15 04:00:00,NVDA,NVDA_677,-0.0284631474468727,0.03386074358537803
2022-09-16 04:00:00,NVDA,NVDA_682,-0.0516745084545201,-0.004234840998173579
2022-09-19 04:00:00,NVDA,NVDA_682,-0.0862352626602368,0.008870849955388478
2022-09-20 04:00:00,NVDA,NVDA_682,-0.0579082844089081,0.01472109338543436
2022-09-21 04:00:00,NVDA,NVDA_682,-0.0395897467171553,0.003719861081592602
2022-09-22 04:00:00,NVDA,NVDA_682,-0.0271474887980657,0.024681072303991077
2022-09-23 04:00:00,NVDA,NVDA_687,-0.0301214334648711,-0.027084436155796473
2022-09-26 04:00:00,NVDA,NVDA_687,0.0232254174021546,0.03982864251385815
2022-09-27 04:00:00,NVDA,NVDA_687,0.0607427457983551,0.02813613956175764
2022-09-28 04:00:00,NVDA,NVDA_687,0.0371387853711631,0.05622359235118478
2022-09-29 04:00:00,NVDA,NVDA_687,0.0744680709923886,0.0735127600121625
2022-09-30 04:00:00,NVDA,NVDA_692,-0.0051898612454533,0.05698954315258646
2022-10-03 04:00:00,NVDA,NVDA_692,-0.0672953965778246,0.05304563954299337
2022-10-04 04:00:00,NVDA,NVDA_692,-0.1200728637028666,0.05233246924658132
2022-10-05 04:00:00,NVDA,NVDA_692,-0.1293814581853257,0.06591510736372554
2022-10-06 04:00:00,NVDA,NVDA_692,-0.0891089159250753,0.0667009400966893
2022-10-07 04:00:00,NVDA,NVDA_697,-0.0703047335287435,-0.0018506003637870669
2022-10-10 04:00:00,NVDA,NVDA_697,0.0186803304959548,0.009290139125134494
2022-10-11 04:00:00,NVDA,NVDA_697,0.0328844770043992,-0.020538432642829115
2022-10-12 04:00:00,NVDA,NVDA_697,0.047913012297257,-0.01668298919914466
2022-10-13 04:00:00,NVDA,NVDA_697,0.0195652345524495,-0.03800525681881347
2022-10-14 04:00:00,NVDA,NVDA_702,0.1103588973598588,0.03727874953520254
2022-10-17 04:00:00,NVDA,NVDA_702,0.0598082495238245,-0.016220266878838208
2022-10-18 04:00:00,NVDA,NVDA_702,0.1081306652553741,0.026276527381775248
2022-10-19 04:00:00,NVDA,NVDA_702,0.0701186865963054,0.02878921536805661
2022-10-20 04:00:00,NVDA,NVDA_702,0.0805313578495043,0.03275211628488185
2022-10-21 04:00:00,NVDA,NVDA_707,0.1097384946297101,0.029134170073893052
2022-10-24 04:00:00,NVDA,NVDA_707,0.0712754794126626,0.02543016558065682
2022-10-25 04:00:00,NVDA,NVDA_707,0.0212654059649484,0.028671476288695263
2022-10-26 04:00:00,NVDA,NVDA_707,0.0250465226827474,0.03818279384370886
2022-10-27 04:00:00,NVDA,NVDA_707,0.0185944059067013,0.03533571565758377
2022-10-28 04:00:00,NVDA,NVDA_712,0.023276023714325,0.021929419344400767
2022-10-31 04:00:00,NVDA,NVDA_712,0.0595687868615231,0.024626719443043697
2022-11-01 04:00:00,NVDA,NVDA_712,0.0781953775351009,0.039401653309055436
2022-11-02 04:00:00,NVDA,NVDA_712,0.0421363314928382,0.0334956140407892
2022-11-03 04:00:00,NVDA,NVDA_712,0.1735340552200257,0.03372349115041364
2022-11-04 04:00:00,NVDA,NVDA_717,0.153362496885872,0.026264946388546383
2022-11-07 05:00:00,NVDA,NVDA_717,0.1394308429391522,0.021625745793097232
2022-11-08 05:00:00,NVDA,NVDA_717,0.1413505065243614,0.015250262770409848
2022-11-09 05:00:00,NVDA,NVDA_717,0.1549070717899523,0.04325002642829154
2022-11-10 05:00:00,NVDA,NVDA_717,-0.0046349177284846,-0.0018080787295487513
2022-11-11 05:00:00,NVDA,NVDA_722,-0.0562258398023376,0.015995141613511097
2022-11-14 05:00:00,NVDA,NVDA_722,-0.0600183910779862,0.03284276825992789
2022-11-15 05:00:00,NVDA,NVDA_722,-0.0376815219968815,0.017996020962981724
2022-11-16 05:00:00,NVDA,NVDA_722,0.0382777660691426,0.02463492491758096
2022-11-17 05:00:00,NVDA,NVDA_722,0.0378261408595879,0.04062193111613431
2022-11-18 05:00:00,NVDA,NVDA_727,0.0271269554686279,0.03829297031889996
2022-11-21 05:00:00,NVDA,NVDA_727,0.0210223634971562,0.03869410501870943
2022-11-22 05:00:00,NVDA,NVDA_727,0.0551814579740503,0.028539145945285335
2022-11-23 05:00:00,NVDA,NVDA_727,0.0372904632678625,0.0036803802790632218
2022-11-25 05:00:00,NVDA,NVDA_727,0.037246402942217,0.03937743031742077
2022-11-28 05:00:00,NVDA,NVDA_732,0.0494724813706011,0.01971188742171458
2022-11-29 05:00:00,NVDA,NVDA_732,0.0222520959004017,0.018202082032864185
2022-11-30 05:00:00,NVDA,NVDA_732,-0.0474501849867783,0.02185707534986014
2022-12-01 05:00:00,NVDA,NVDA_732,0.0019842659045434,0.03191384825552715
2022-12-02 05:00:00,NVDA,NVDA_732,0.0074069687170401,0.03260032635523647
2022-12-05 05:00:00,NVDA,NVDA_737,0.0556892957899155,0.017184682330535682
2022-12-06 05:00:00,NVDA,NVDA_737,0.1304184635923639,0.009096942330686968
2022-12-07 05:00:00,NVDA,NVDA_737,0.0964019147791468,0.006560321233466673
2022-12-08 05:00:00,NVDA,NVDA_737,-0.0126391142988263,0.001670585876953705
2022-12-09 05:00:00,NVDA,NVDA_737,-0.0252926486129903,0.06315708799762063
2022-12-12 05:00:00,NVDA,NVDA_742,-0.0730539006829906,0.019443100669485357
2022-12-13 05:00:00,NVDA,NVDA_742,-0.1099491679782854,0.015870865111238995
2022-12-14 05:00:00,NVDA,NVDA_742,-0.0663686969486954,0.06442769493231879
2022-12-15 05:00:00,NVDA,NVDA_742,-0.0951510115631325,0.060897970831518586
2022-12-16 05:00:00,NVDA,NVDA_742,-0.0823727528713247,0.08020820149357157
2022-12-19 05:00:00,NVDA,NVDA_747,-0.1312292025477784,-0.024964771110114917
2022-12-20 05:00:00,NVDA,NVDA_747,-0.1273856978133495,-0.035247471379143976
2022-12-21 05:00:00,NVDA,NVDA_747,-0.1150233214152455,-0.030332996684469163
2022-12-22 05:00:00,NVDA,NVDA_747,-0.0472651046153821,-0.021527229792914757
2022-12-23 05:00:00,NVDA,NVDA_747,-0.0585953392383036,-0.03334713830943346
2022-12-27 05:00:00,NVDA,NVDA_752,0.0444727209710147,-0.03727997709623259
2022-12-28 05:00:00,NVDA,NVDA_752,0.0163151957427369,-0.013209208939212564
2022-12-29 05:00:00,NVDA,NVDA_752,0.0175306802905235,-0.018599132223366587
2022-12-30 05:00:00,NVDA,NVDA_752,0.069385515035673,0.00839814519393456
2023-01-03 05:00:00,NVDA,NVDA_752,0.1113517892469637,-0.0028801729738169046
2023-01-04 05:00:00,NVDA,NVDA_757,0.0848871034894755,0.0187541118443358
2023-01-05 05:00:00,NVDA,NVDA_757,0.1574482497151845,0.04436530457457184
2023-01-06 05:00:00,NVDA,NVDA_757,0.1372905265207651,0.014084620531407976
2023-01-09 05:00:00,NVDA,NVDA_757,0.1327104792988358,0.034779993917497476
2023-01-10 05:00:00,NVDA,NVDA_757,0.0922748365943331,0.0407888213340052
2023-01-11 05:00:00,NVDA,NVDA_762,0.0477470136362141,0.09863755034136186
2023-01-12 05:00:00,NVDA,NVDA_762,0.0804312911460138,0.083018763528359
2023-01-13 05:00:00,NVDA,NVDA_762,0.1357477130496212,0.08873544481352244
2023-01-17 05:00:00,NVDA,NVDA_762,0.0882950940561448,0.061833381942319646
2023-01-18 05:00:00,NVDA,NVDA_762,0.111987055011919,0.05004114506868083
2023-01-19 05:00:00,NVDA,NVDA_767,0.1811512536053612,0.057608250658017814
2023-01-20 05:00:00,NVDA,NVDA_767,0.1415998077148019,-0.014484048634971207
2023-01-23 05:00:00,NVDA,NVDA_767,-0.0016151792865902,-0.028528743891240858
2023-01-24 05:00:00,NVDA,NVDA_767,0.0141189346014536,-0.04042521731948482
2023-01-25 05:00:00,NVDA,NVDA_767,0.0838379569979397,-0.047082471564031184
2023-01-26 05:00:00,NVDA,NVDA_772,0.0963033826686332,-0.04406146666472592
2023-01-27 05:00:00,NVDA,NVDA_772,0.0360913635458983,-0.05857070769892469
2023-01-30 05:00:00,NVDA,NVDA_772,0.1005636144344939,-0.07258180623724052
2023-01-31 05:00:00,NVDA,NVDA_772,0.1349234575952491,-0.09174802073396496
2023-02-01 05:00:00,NVDA,NVDA_772,0.0602587538765357,-0.0801033283490157
2023-02-02 05:00:00,NVDA,NVDA_777,0.0289281067756785,0.047746005352858674
2023-02-03 05:00:00,NVDA,NVDA_777,0.0078198580661457,0.06443125612673524
2023-02-06 05:00:00,NVDA,NVDA_777,0.0331452122738138,0.05426700303352644
2023-02-07 05:00:00,NVDA,NVDA_777,0.0359897318185109,0.049975041121150136
2023-02-08 05:00:00,NVDA,NVDA_777,0.0251745110191152,0.05855733963110563
2023-02-09 05:00:00,NVDA,NVDA_782,-0.0149974968023711,0.031511427308930126
2023-02-10 05:00:00,NVDA,NVDA_782,0.0057842041929558,0.0042189509377716546
2023-02-13 05:00:00,NVDA,NVDA_782,-0.0520010746563108,-0.011376309623060119
2023-02-14 05:00:00,NVDA,NVDA_782,-0.0965130336731593,0.011307320928101088
2023-02-15 05:00:00,NVDA,NVDA_782,0.0395360929952279,-0.013729757732369017
2023-02-16 05:00:00,NVDA,NVDA_787,0.0583582602574599,-0.05098038808792303
2023-02-17 05:00:00,NVDA,NVDA_787,0.0987936653339842,-0.048482374155325025
2023-02-21 05:00:00,NVDA,NVDA_787,0.1239892922531729,-0.08917501804352972
2023-02-22 05:00:00,NVDA,NVDA_787,0.0936687034449639,-0.07447954935730826
2023-02-23 05:00:00,NVDA,NVDA_787,-0.0147904153150169,-0.01320371502104549
2023-02-24 05:00:00,NVDA,NVDA_792,0.025938336758523,0.007522542318311789
2023-02-27 05:00:00,NVDA,NVDA_792,0.0022552829687012,-0.002791957196563085
2023-02-28 05:00:00,NVDA,NVDA_792,0.0031013311841154,0.011567148283327541
2023-03-01 05:00:00,NVDA,NVDA_792,0.065336144357502,0.02621417433895817
2023-03-02 05:00:00,NVDA,NVDA_792,0.0052329781359294,0.011774697053640022
2023-03-03 05:00:00,NVDA,NVDA_797,-0.0387190983965178,0.010489332979862289
2023-03-06 05:00:00,NVDA,NVDA_797,-0.0249639649269419,0.022382659168504147
2023-03-07 05:00:00,NVDA,NVDA_797,0.0332789254111862,0.021665964189385198
2023-03-08 05:00:00,NVDA,NVDA_797,0.001943711405,-0.000981750322484154
2023-03-09 05:00:00,NVDA,NVDA_797,0.0898190590641621,0.04415574525293603
2023-03-10 05:00:00,NVDA,NVDA_802,0.1201828961699709,0.04555011713284046
2023-03-13 04:00:00,NVDA,NVDA_802,0.1277540741070486,0.007793158581694906
2023-03-14 04:00:00,NVDA,NVDA_802,0.0887669743567303,0.005514613134728505
2023-03-15 04:00:00,NVDA,NVDA_802,0.0924549988388065,0.0076756696839510394
2023-03-16 04:00:00,NVDA,NVDA_802,0.0646019965887128,0.004103894904552738
2023-03-17 04:00:00,NVDA,NVDA_807,0.0409717757634231,0.043817785130252994
2023-03-20 04:00:00,NVDA,NVDA_807,0.024362954752608,0.004168736405416906
2023-03-21 04:00:00,NVDA,NVDA_807,0.0080537595823357,6.346694446444742e-05
2023-03-22 04:00:00,NVDA,NVDA_807,0.0194951954171171,-0.004401698013484881
2023-03-23 04:00:00,NVDA,NVDA_807,0.0070611391832793,-0.014015396727712046
2023-03-24 04:00:00,NVDA,NVDA_812,0.0372680504744047,0.014027597814552033
2023-03-27 04:00:00,NVDA,NVDA_812,0.0540499795648921,0.00976806292438911
2023-03-28 04:00:00,NVDA,NVDA_812,0.0394925889285957,-0.0010585513639519842
2023-03-29 04:00:00,NVDA,NVDA_812,-0.0038170299575461,-0.002450537694672619
2023-03-30 04:00:00,NVDA,NVDA_812,-0.0126355319491873,-0.011530129864013692
2023-03-31 04:00:00,NVDA,NVDA_817,-0.0071281978319522,-0.02605618905272953
2023-04-03 04:00:00,NVDA,NVDA_817,-0.0284641345479799,-0.07033223519333186
2023-04-04 04:00:00,NVDA,NVDA_817,-0.0348959423975553,-0.05957401444060593
2023-04-05 04:00:00,NVDA,NVDA_817,-0.0155500601487817,-0.04796807374788842
2023-04-06 04:00:00,NVDA,NVDA_817,-0.0103192376813689,-0.04463649987033622
2023-04-10 04:00:00,NVDA,NVDA_822,-0.0209217032673485,-0.0005717861854808705
2023-04-11 04:00:00,NVDA,NVDA_822,0.0183296838240987,0.024995675369547006
2023-04-12 04:00:00,NVDA,NVDA_822,0.0541988628473477,0.0790975251164673
2023-04-13 04:00:00,NVDA,NVDA_822,0.0242225281930899,0.08551917137101542
2023-04-14 04:00:00,NVDA,NVDA_822,0.013491294897147,-0.00887044179631492
2023-04-17 04:00:00,NVDA,NVDA_827,0.0014813349744733,-0.05208717848769478
2023-04-18 04:00:00,NVDA,NVDA_827,-0.0515415695424265,-0.05876738904171768
2023-04-19 04:00:00,NVDA,NVDA_827,-0.034907464465721,-0.04321996557198309
2023-04-20 04:00:00,NVDA,NVDA_827,0.0045011710518187,-0.046102536776964985
2023-04-21 04:00:00,NVDA,NVDA_827,0.0232309849244973,-0.06116883875590792
2023-04-24 04:00:00,NVDA,NVDA_832,0.0690777325333218,-0.0011950468212939477
2023-04-25 04:00:00,NVDA,NVDA_832,0.0750352471728665,-0.0382865382334447
2023-04-26 04:00:00,NVDA,NVDA_832,0.0313845040444127,-0.024730366199814054
2023-04-27 04:00:00,NVDA,NVDA_832,0.0123411608233419,-0.017466760459580555
2023-04-28 04:00:00,NVDA,NVDA_832,0.0335507491235502,-0.02504948040845248
2023-05-01 04:00:00,NVDA,NVDA_837,0.0083361889683071,-0.012152150223732729
2023-05-02 04:00:00,NVDA,NVDA_837,0.0127968831177258,0.012773401073689301
2023-05-03 04:00:00,NVDA,NVDA_837,0.0389540386059383,0.01694160001017877
2023-05-04 04:00:00,NVDA,NVDA_837,0.0368623042670159,0.02859189242924428
2023-05-05 04:00:00,NVDA,NVDA_837,-0.0118549563797086,-0.0014179549933863473
2023-05-08 04:00:00,NVDA,NVDA_842,-0.0067922184674877,-0.006081936235631234
2023-05-09 04:00:00,NVDA,NVDA_842,0.0224703446699447,0.017106105325842683
2023-05-10 04:00:00,NVDA,NVDA_842,0.0447636924816523,0.010343088231500194
2023-05-11 04:00:00,NVDA,NVDA_842,0.1084750674459802,0.01830825873557583
2023-05-12 04:00:00,NVDA,NVDA_842,0.1031757152658288,0.030268684702951278
2023-05-15 04:00:00,NVDA,NVDA_847,0.0767796617985454,0.040863930584433106
2023-05-16 04:00:00,NVDA,NVDA_847,0.0504912338547371,0.023730567314858196
2023-05-17 04:00:00,NVDA,NVDA_847,0.0119292403856587,0.00874994466536148
2023-05-18 04:00:00,NVDA,NVDA_847,0.1989393315850207,0.027104541555437848
2023-05-19 04:00:00,NVDA,NVDA_847,0.2457138952642066,0.03431511614732301
2023-05-22 04:00:00,NVDA,NVDA_852,0.2865986430391842,0.17975399077298485
2023-05-23 04:00:00,NVDA,NVDA_852,0.232859748840071,0.16749705270779497
2023-05-24 04:00:00,NVDA,NVDA_852,0.3023118841660146,0.16646641756028513
2023-05-25 04:00:00,NVDA,NVDA_852,0.035466038396666,0.14048834119598802
2023-05-26 04:00:00,NVDA,NVDA_852,0.005777288906563,0.13926220475624906
2023-05-30 04:00:00,NVDA,NVDA_857,-0.0363242185486482,0.061088713929087664
2023-05-31 04:00:00,NVDA,NVDA_857,-0.0094888503235951,0.11772219942635118
2023-06-01 04:00:00,NVDA,NVDA_857,-0.0316822258417776,0.0801868921616676
2023-06-02 04:00:00,NVDA,NVDA_857,-0.0141632774251146,0.12105407617904604
2023-06-05 04:00:00,NVDA,NVDA_857,0.0079394704727875,0.12274887225505828
2023-06-06 04:00:00,NVDA,NVDA_862,0.0612614495691958,0.004811942549391965
2023-06-07 04:00:00,NVDA,NVDA_862,0.1473516584034402,0.039104745521600266
2023-06-08 04:00:00,NVDA,NVDA_862,0.1075824912222831,0.021912784405620805
2023-06-09 04:00:00,NVDA,NVDA_862,0.1011607128888849,0.056154304263008194
2023-06-12 04:00:00,NVDA,NVDA_862,0.1095689272112794,0.04660259186714238
2023-06-13 04:00:00,NVDA,NVDA_867,0.0493149734634805,0.08508465420291234
2023-06-14 04:00:00,NVDA,NVDA_867,0.0006512053598282,0.10872090893416127
2023-06-15 04:00:00,NVDA,NVDA_867,-0.0104095900736483,0.12313880463141585
2023-06-16 04:00:00,NVDA,NVDA_867,-0.048252630668478,0.12897772167222654
2023-06-20 04:00:00,NVDA,NVDA_867,-0.0441015172060196,0.11379603163861507
2023-06-21 04:00:00,NVDA,NVDA_872,-0.0447902815919336,0.03186904429670116
2023-06-22 04:00:00,NVDA,NVDA_872,-0.0512028553528911,0.02950104871764017
2023-06-23 04:00:00,NVDA,NVDA_872,0.0022032861580594,0.06541829466742347
2023-06-26 04:00:00,NVDA,NVDA_872,0.0438324038028679,0.09436891597861691
2023-06-27 04:00:00,NVDA,NVDA_872,0.0105311371161229,0.055803888138708055
2023-06-28 04:00:00,NVDA,NVDA_877,0.0239803499071074,0.061698436823025234
2023-06-29 04:00:00,NVDA,NVDA_877,0.0411787715855784,0.082593111165142
2023-06-30 04:00:00,NVDA,NVDA_877,-0.0028839733019874,0.04475885672220927
2023-07-03 04:00:00,NVDA,NVDA_877,-0.0001886077501144,0.052373656333617846
2023-07-05 04:00:00,NVDA,NVDA_877,0.0374553733529923,0.05784049394595691
2023-07-06 04:00:00,NVDA,NVDA_882,0.0920124573153566,0.03366836602358507
2023-07-07 04:00:00,NVDA,NVDA_882,0.0697833925362501,0.016424630434407117
2023-07-10 04:00:00,NVDA,NVDA_882,0.1014935561642269,0.04390977762781076
2023-07-11 04:00:00,NVDA,NVDA_882,0.1200094528569792,0.033796629284670955
2023-07-12 04:00:00,NVDA,NVDA_882,0.0723201495640755,0.00986622370018306
2023-07-13 04:00:00,NVDA,NVDA_887,-0.0099397681578116,0.024060059699243023
2023-07-14 04:00:00,NVDA,NVDA_887,-0.025511966767527,0.0627218517984902
2023-07-17 04:00:00,NVDA,NVDA_887,-0.0397967990730632,0.0653210259633278
2023-07-18 04:00:00,NVDA,NVDA_887,-0.0382153250207405,0.08142942221954998
2023-07-19 04:00:00,NVDA,NVDA_887,-0.0345179177005211,0.09266869385544804
2023-07-20 04:00:00,NVDA,NVDA_892,0.0083480022911648,0.0694301140164099
2023-07-21 04:00:00,NVDA,NVDA_892,0.0550904330119363,0.08153212499696853
2023-07-24 04:00:00,NVDA,NVDA_892,0.0474536134449183,0.07603131824337139
2023-07-25 04:00:00,NVDA,NVDA_892,0.0181264716719127,0.04846449498127435
2023-07-26 04:00:00,NVDA,NVDA_892,-0.026027428187182,0.07887653265969982
2023-07-27 04:00:00,NVDA,NVDA_897,-0.0301743374768646,0.012938599771509423
2023-07-28 04:00:00,NVDA,NVDA_897,-0.0442780683384859,0.0017385521501984452
2023-07-31 04:00:00,NVDA,NVDA_897,-0.0280767889766032,0.012131195445665755
2023-08-01 04:00:00,NVDA,NVDA_897,-0.0396284109026175,0.018849567483976787
2023-08-02 04:00:00,NVDA,NVDA_897,-0.0387404304044178,0.050009567382937624
2023-08-03 04:00:00,NVDA,NVDA_902,-0.0477816226110474,0.024066944848105294
2023-08-04 04:00:00,NVDA,NVDA_902,-0.0856087899913545,0.06861603876305082
2023-08-07 04:00:00,NVDA,NVDA_902,-0.0366382956063241,0.08486199579162683
2023-08-08 04:00:00,NVDA,NVDA_902,-0.0162099859929625,0.03533923669342037
2023-08-09 04:00:00,NVDA,NVDA_902,0.0219015647842331,0.00043470969455831177
2023-08-10 04:00:00,NVDA,NVDA_907,0.0225535828707603,-0.017779573346433094
2023-08-11 04:00:00,NVDA,NVDA_907,0.0598213259460203,0.001263197016968052
2023-08-14 04:00:00,NVDA,NVDA_907,0.0734578388444011,-0.014002130357311167
2023-08-15 04:00:00,NVDA,NVDA_907,0.0393263699334478,-0.016019888586146766
2023-08-16 04:00:00,NVDA,NVDA_907,0.0834751658699421,-0.021811970298963437
2023-08-17 04:00:00,NVDA,NVDA_912,0.088108994866388,0.042916797654112576
2023-08-18 04:00:00,NVDA,NVDA_912,0.0627959487155405,0.03330919414808074
2023-08-21 04:00:00,NVDA,NVDA_912,-0.0028104833636652,0.04497128202138136
2023-08-22 04:00:00,NVDA,NVDA_912,0.0682316102987807,0.05060353050356582
2023-08-23 04:00:00,NVDA,NVDA_912,0.0455895822721998,0.11211008871876244
2023-08-24 04:00:00,NVDA,NVDA_917,0.0464771415401321,0.07419642709509193
2023-08-25 04:00:00,NVDA,NVDA_917,0.0541309320310301,0.0914959555066456
2023-08-28 04:00:00,NVDA,NVDA_917,0.0365752382770649,0.08524212430002517
2023-08-29 04:00:00,NVDA,NVDA_917,-0.0353189479899532,0.1077964365192511
2023-08-30 04:00:00,NVDA,NVDA_917,-0.0613632432112652,0.09516386680981753
2023-08-31 04:00:00,NVDA,NVDA_922,-0.0766487890007486,-0.00542659436728258
2023-09-01 04:00:00,NVDA,NVDA_922,-0.068667619299039,0.024990132102973055
2023-09-05 04:00:00,NVDA,NVDA_922,-0.0757601008975947,0.02432195259491521
2023-09-06 04:00:00,NVDA,NVDA_922,-0.0334884551120759,0.019401754942929932
2023-09-07 04:00:00,NVDA,NVDA_922,-0.0142730440798359,0.006256850289884093
2023-09-08 04:00:00,NVDA,NVDA_927,-0.036689131962982,-0.005110319490336711
2023-09-11 04:00:00,NVDA,NVDA_927,-0.0268272558076224,0.008533761141181867
2023-09-12 04:00:00,NVDA,NVDA_927,-0.0300868844719712,0.015115767389044656
2023-09-13 04:00:00,NVDA,NVDA_927,-0.0713642333452424,0.013340999586665086
2023-09-14 04:00:00,NVDA,NVDA_927,-0.1001295026959224,0.014981817268308757
2023-09-15 04:00:00,NVDA,NVDA_932,-0.0521640281533337,0.0021131167095027044
2023-09-18 04:00:00,NVDA,NVDA_932,-0.039667003978943,0.008666737735691817
2023-09-19 04:00:00,NVDA,NVDA_932,-0.0369715336108397,0.015044586826901159
2023-09-20 04:00:00,NVDA,NVDA_932,0.005421532236943,0.043287737713850305
2023-09-21 04:00:00,NVDA,NVDA_932,0.0505157007391865,0.04579711779628977
2023-09-22 04:00:00,NVDA,NVDA_937,0.0453977387949113,0.04841929028532224
2023-09-25 04:00:00,NVDA,NVDA_937,0.0606319304128097,0.054653492678424856
2023-09-26 04:00:00,NVDA,NVDA_937,0.0383192722630427,0.06175386923282862
2023-09-27 04:00:00,NVDA,NVDA_937,0.0370396985250069,0.06570732191345431
2023-09-28 04:00:00,NVDA,NVDA_937,0.0371092157485757,0.06403911074034009
2023-09-29 04:00:00,NVDA,NVDA_942,0.0520241950321502,0.039571241124144674
2023-10-02 04:00:00,NVDA,NVDA_942,0.0109641663627737,0.042655320804751026
2023-10-03 04:00:00,NVDA,NVDA_942,0.0524163461235023,0.04015716456082817
2023-10-04 04:00:00,NVDA,NVDA_942,0.0627823929215241,0.07913269544740313
2023-10-05 04:00:00,NVDA,NVDA_942,0.0505057282347438,0.0988945783129542
2023-10-06 04:00:00,NVDA,NVDA_947,-0.0065775642589165,0.06495167666370483
2023-10-09 04:00:00,NVDA,NVDA_947,0.0181565708589745,0.07865626424441768
2023-10-10 04:00:00,NVDA,NVDA_947,-0.0406131402401415,0.0764263977702185
2023-10-11 04:00:00,NVDA,NVDA_947,-0.0984916599238853,0.10771131988791832
2023-10-12 04:00:00,NVDA,NVDA_947,-0.1031845348133281,0.06571770419010914
2023-10-13 04:00:00,NVDA,NVDA_952,-0.0896152224726885,-0.024803228092834452
2023-10-16 04:00:00,NVDA,NVDA_952,-0.0676863578252975,-0.026108486551449376
2023-10-17 04:00:00,NVDA,NVDA_952,-0.0062588540124255,-0.005517533311268486
2023-10-18 04:00:00,NVDA,NVDA_952,-0.0098824491738318,0.0036916432981018476
2023-10-19 04:00:00,NVDA,NVDA_952,-0.0421605532538548,0.027033816041514624
2023-10-20 04:00:00,NVDA,NVDA_957,-0.0214318751144076,0.062071510130263394
2023-10-23 04:00:00,NVDA,NVDA_957,-0.0422105698762909,0.06513417682307127
2023-10-24 04:00:00,NVDA,NVDA_957,-0.066028434579682,0.06969264984095667
2023-10-25 04:00:00,NVDA,NVDA_957,0.0130688011465183,0.061879918943199164
2023-10-26 04:00:00,NVDA,NVDA_957,0.0788573200498448,0.06005133162687159
2023-10-27 04:00:00,NVDA,NVDA_962,0.1112345942744501,0.05023955306051135
2023-10-30 04:00:00,NVDA,NVDA_962,0.1115133313296465,0.025211202354956334
2023-10-31 04:00:00,NVDA,NVDA_962,0.1269005200261321,0.041399124847155314
2023-11-01 04:00:00,NVDA,NVDA_962,0.1003898516887189,0.020913083531471078
2023-11-02 04:00:00,NVDA,NVDA_962,0.0791614996338834,0.024187931124527946
2023-11-03 04:00:00,NVDA,NVDA_967,0.0739917328591428,0.09768594247061509
2023-11-06 05:00:00,NVDA,NVDA_967,0.0627090012381859,0.0968774738684556
2023-11-07 05:00:00,NVDA,NVDA_967,0.0805352247081141,0.088937762228561
2023-11-08 05:00:00,NVDA,NVDA_967,0.0496843541638425,0.0570463198366964
2023-11-09 05:00:00,NVDA,NVDA_967,0.0538870870752776,0.0340191238350691
2023-11-10 05:00:00,NVDA,NVDA_972,0.0199234771792944,-0.023153013020122334
2023-11-13 05:00:00,NVDA,NVDA_972,0.0367955883205612,-0.05804759025654291
2023-11-14 05:00:00,NVDA,NVDA_972,0.0057999441039588,-0.06403046885224771
2023-11-15 05:00:00,NVDA,NVDA_972,-0.0035182638539489,-0.06468046444001013
2023-11-16 05:00:00,NVDA,NVDA_972,-0.0344381281616481,-0.07133154540971909
2023-11-17 05:00:00,NVDA,NVDA_977,-0.0214207421937719,-0.0427468455056668
2023-11-20 05:00:00,NVDA,NVDA_977,-0.0513400629025103,-0.0455792364168116
2023-11-21 05:00:00,NVDA,NVDA_977,-0.0361204718419373,-0.04384789497191419
2023-11-22 05:00:00,NVDA,NVDA_977,-0.0399457911436788,-0.04456511516700292
2023-11-24 05:00:00,NVDA,NVDA_977,-0.0211612852948916,-0.04056049622886043
2023-11-27 05:00:00,NVDA,NVDA_982,-0.0566311974102252,-0.047785717838578615
2023-11-28 05:00:00,NVDA,NVDA_982,-0.0262436435006161,-0.03004101756515471
2023-11-29 05:00:00,NVDA,NVDA_982,-0.0547777538643818,-0.0532744859196532
2023-11-30 05:00:00,NVDA,NVDA_982,-0.0037203289432098,-0.030890840480369258
2023-12-01 05:00:00,NVDA,NVDA_982,0.0158452077156321,-0.0406210687663334
2023-12-04 05:00:00,NVDA,NVDA_987,0.0245440698973937,-0.01608347868210256
2023-12-05 05:00:00,NVDA,NVDA_987,0.0234291018971251,-0.05557135217312414
2023-12-06 05:00:00,NVDA,NVDA_987,0.0568095069069973,-0.022774695838988623
2023-12-07 05:00:00,NVDA,NVDA_987,0.0376426684149193,-0.06459716989210731
2023-12-08 05:00:00,NVDA,NVDA_987,0.02913313804015,-0.06448097738577566
2023-12-11 05:00:00,NVDA,NVDA_992,0.0739914822791285,-0.001326809276172785
2023-12-12 05:00:00,NVDA,NVDA_992,0.0408544082736912,-0.0012760068129469679
2023-12-13 05:00:00,NVDA,NVDA_992,0.0004782650394286,-0.016145817073230755
2023-12-14 05:00:00,NVDA,NVDA_992,0.0132368815831145,-0.02350769659866512
2023-12-15 05:00:00,NVDA,NVDA_992,-0.0012271949139449,-0.01922956988812069
2023-12-18 05:00:00,NVDA,NVDA_997,-0.0159354662029033,-0.00148263555575998
2023-12-19 05:00:00,NVDA,NVDA_997,-0.0037698627996343,0.00031637992854334046
2023-12-20 05:00:00,NVDA,NVDA_997,0.0293279976784031,-0.01627771346072916
2023-12-21 05:00:00,NVDA,NVDA_997,0.0108593113377641,-0.014658786306467695
2023-12-22 05:00:00,NVDA,NVDA_997,-0.0135572913916121,-0.0025706347891527783
