Date,Ticker,window_id,Actual_Return,Predicted_Return
2023-12-26 05:00:00,AAPL,AAPL_1002,-0.0455840606715685,-0.047372088
2023-12-27 05:00:00,AAPL,AAPL_1002,-0.0581930654390752,-0.06270313
2023-12-28 05:00:00,AAPL,AAPL_1002,-0.064056250841941,-0.0755173
2023-12-29 05:00:00,AAPL,AAPL_1002,-0.0362021568840973,-0.07315978
2024-01-02 05:00:00,AAPL,AAPL_1002,-0.0026933850551815,-0.04566413
2024-01-03 05:00:00,AAPL,AAPL_1007,0.0105291855707259,-0.0070950016
2024-01-04 05:00:00,AAPL,AAPL_1007,0.020229743288977,-0.0064420705
2024-01-05 05:00:00,AAPL,AAPL_1007,0.0261618593927543,-0.011316664
2024-01-08 05:00:00,AAPL,AAPL_1007,-0.0104009091462278,-0.033954322
2024-01-09 05:00:00,AAPL,AAPL_1007,-0.0132872783946046,-0.032069374
2024-01-10 05:00:00,AAPL,AAPL_1012,0.0131049057919965,-0.015374222
2024-01-11 05:00:00,AAPL,AAPL_1012,0.0321676886605131,-0.010216085
2024-01-12 05:00:00,AAPL,AAPL_1012,0.0428679071600506,-0.008898083
2024-01-16 05:00:00,AAPL,AAPL_1012,0.0628981510964923,-0.0019952822
2024-01-17 05:00:00,AAPL,AAPL_1012,0.0647033490153285,0.0019384559
2024-01-18 05:00:00,AAPL,AAPL_1017,0.0293696291296527,0.013559559
2024-01-19 05:00:00,AAPL,AAPL_1017,0.0044894582444781,-0.007017572
2024-01-22 05:00:00,AAPL,AAPL_1017,-0.0111403562272883,-0.021494744
2024-01-23 05:00:00,AAPL,AAPL_1017,-0.0365816152145721,-0.03302111
2024-01-24 05:00:00,AAPL,AAPL_1017,-0.0519280519460956,-0.035274602
2024-01-25 05:00:00,AAPL,AAPL_1022,-0.0376474101433186,-0.056347325
2024-01-26 05:00:00,AAPL,AAPL_1022,-0.0341440189582646,-0.050524797
2024-01-29 05:00:00,AAPL,AAPL_1022,-0.0211234712460595,-0.047493555
2024-01-30 05:00:00,AAPL,AAPL_1022,0.0067007541513133,-0.026561629
2024-01-31 05:00:00,AAPL,AAPL_1022,0.0271692512551673,0.0036644363
2024-02-01 05:00:00,AAPL,AAPL_1027,0.0078133720919311,0.013583196
2024-02-02 05:00:00,AAPL,AAPL_1027,0.0161420495102326,0.01778366
2024-02-05 05:00:00,AAPL,AAPL_1027,-0.002823949275256,0.0062259515
2024-02-06 05:00:00,AAPL,AAPL_1027,-0.0225040131904289,-0.00052015693
2024-02-07 05:00:00,AAPL,AAPL_1027,-0.0277704960874627,-0.0014165924
2024-02-08 05:00:00,AAPL,AAPL_1032,-0.0236831273386085,-0.014842054
2024-02-09 05:00:00,AAPL,AAPL_1032,-0.0346307033812701,-0.018689776
2024-02-12 05:00:00,AAPL,AAPL_1032,-0.0298690703724127,-0.0007089768
2024-02-13 05:00:00,AAPL,AAPL_1032,-0.0146994490953534,0.021757556
2024-02-14 05:00:00,AAPL,AAPL_1032,0.0011946849198745,0.035638515
2024-02-15 05:00:00,AAPL,AAPL_1037,-0.0072881340881233,0.020360135
2024-02-16 05:00:00,AAPL,AAPL_1037,-0.0063079036360295,0.042224206
2024-02-20 05:00:00,AAPL,AAPL_1037,0.005893409003123,0.054794345
2024-02-21 05:00:00,AAPL,AAPL_1037,-0.0049364256204365,0.053937644
2024-02-22 05:00:00,AAPL,AAPL_1037,-0.019634404800448,0.04189052
2024-02-23 05:00:00,AAPL,AAPL_1042,-0.0156695186467462,-0.008983497
2024-02-26 05:00:00,AAPL,AAPL_1042,-0.0334510788037767,-3.514895e-05
2024-02-27 05:00:00,AAPL,AAPL_1042,-0.0684992029302756,-0.011481547
2024-02-28 05:00:00,AAPL,AAPL_1042,-0.0677984961740743,-0.0048499187
2024-02-29 05:00:00,AAPL,AAPL_1042,-0.0650069156293222,-0.007858207
2024-03-01 05:00:00,AAPL,AAPL_1047,-0.0497050414813815,-0.06310663
2024-03-04 05:00:00,AAPL,AAPL_1047,-0.0134209367310149,-0.0113931885
2024-03-05 05:00:00,AAPL,AAPL_1047,0.0182812173737085,0.048568852
2024-03-06 05:00:00,AAPL,AAPL_1047,0.011885110120966,0.04668212
2024-03-07 05:00:00,AAPL,AAPL_1047,0.0236686390532543,0.032957207
2024-03-08 05:00:00,AAPL,AAPL_1052,0.0110701074031807,0.022530096
2024-03-11 04:00:00,AAPL,AAPL_1052,0.0056150577175289,0.030197013
2024-03-12 04:00:00,AAPL,AAPL_1052,0.016452151323713,0.028378744
2024-03-13 04:00:00,AAPL,AAPL_1052,0.0440600308011216,0.02943681
2024-03-14 04:00:00,AAPL,AAPL_1052,-0.0094219935422688,0.024319
2024-03-15 04:00:00,AAPL,AAPL_1057,-0.001969623146263,-0.0039896183
2024-03-18 04:00:00,AAPL,AAPL_1057,-0.0165208099068644,0.004809605
2024-03-19 04:00:00,AAPL,AAPL_1057,-0.036176709739584,0.014205706
2024-03-20 04:00:00,AAPL,AAPL_1057,-0.0299994440324743,0.0022672894
2024-03-21 04:00:00,AAPL,AAPL_1057,0.0006418895575992,0.037046455
2024-03-22 04:00:00,AAPL,AAPL_1062,-0.0130601347570382,0.0045265583
2024-03-25 04:00:00,AAPL,AAPL_1062,-0.0117647626211213,0.022485066
2024-03-26 04:00:00,AAPL,AAPL_1062,-0.0003536197926383,0.03456381
2024-03-27 04:00:00,AAPL,AAPL_1062,-0.0259072776967583,0.020420726
2024-03-28 04:00:00,AAPL,AAPL_1062,-0.0110799740134308,0.03099111
2024-04-01 04:00:00,AAPL,AAPL_1067,-0.009292488633759,-0.006724473
2024-04-02 04:00:00,AAPL,AAPL_1067,0.004915907658477,0.0070853354
2024-04-03 04:00:00,AAPL,AAPL_1067,-0.0110226653961951,0.018849332
2024-04-04 04:00:00,AAPL,AAPL_1067,0.0368438910796193,0.024503732
2024-04-05 04:00:00,AAPL,AAPL_1067,0.0411015517481068,0.020569455
2024-04-08 04:00:00,AAPL,AAPL_1072,0.0251707068565092,0.04000728
2024-04-09 04:00:00,AAPL,AAPL_1072,-0.0017091606604725,0.036163166
2024-04-10 04:00:00,AAPL,AAPL_1072,0.0013112481958741,0.044820353
2024-04-11 04:00:00,AAPL,AAPL_1072,-0.0457038408755113,-0.0048203897
2024-04-12 04:00:00,AAPL,AAPL_1072,-0.0654205769023509,0.0043527223
2024-04-15 04:00:00,AAPL,AAPL_1077,-0.0396664891231316,-0.044595174
2024-04-16 04:00:00,AAPL,AAPL_1077,-0.0146416986352311,-0.036364093
2024-04-17 04:00:00,AAPL,AAPL_1077,0.0060714540027437,-0.032295905
2024-04-18 04:00:00,AAPL,AAPL_1077,0.0170618188342097,-0.025653368
2024-04-19 04:00:00,AAPL,AAPL_1077,0.0260606245561079,0.0011736704
2024-04-22 04:00:00,AAPL,AAPL_1082,0.046189121027852,0.021658681
2024-04-23 04:00:00,AAPL,AAPL_1082,0.0205512765728301,0.016388884
2024-04-24 04:00:00,AAPL,AAPL_1082,0.0016566014212466,0.00079187215
2024-04-25 04:00:00,AAPL,AAPL_1082,0.0184825440045282,0.0046718214
2024-04-26 04:00:00,AAPL,AAPL_1082,0.0831659868709524,0.005907717
2024-04-29 04:00:00,AAPL,AAPL_1087,0.0473199234228656,0.0050070793
2024-04-30 04:00:00,AAPL,AAPL_1087,0.0708623961467551,0.0356696
2024-05-01 04:00:00,AAPL,AAPL_1087,0.0793857188372137,0.039385438
2024-05-02 04:00:00,AAPL,AAPL_1087,0.066693686796134,-0.011203518
2024-05-03 04:00:00,AAPL,AAPL_1087,-0.0017995518718934,-0.04334922
2024-05-06 04:00:00,AAPL,AAPL_1092,0.0251499196333524,0.011475501
2024-05-07 04:00:00,AAPL,AAPL_1092,0.0275767486162936,0.012545312
2024-05-08 04:00:00,AAPL,AAPL_1092,0.0381963200050365,0.009830728
2024-05-09 04:00:00,AAPL,AAPL_1092,0.0285527919192989,0.0067875553
2024-05-10 04:00:00,AAPL,AAPL_1092,0.0372575359285916,0.011201749
2024-05-13 04:00:00,AAPL,AAPL_1097,0.0255529017502063,0.023200113
2024-05-14 04:00:00,AAPL,AAPL_1097,0.0262498725924034,0.012003819
2024-05-15 04:00:00,AAPL,AAPL_1097,0.0062196535325158,-0.0024589202
2024-05-16 04:00:00,AAPL,AAPL_1097,-0.0155920328285813,-0.0048658093
2024-05-17 04:00:00,AAPL,AAPL_1097,0.0005793469909958,-0.009517628
2024-05-20 04:00:00,AAPL,AAPL_1102,-0.0054961674511582,-0.010884054
2024-05-21 04:00:00,AAPL,AAPL_1102,-0.0107097101742443,-0.01822911
2024-05-22 04:00:00,AAPL,AAPL_1102,0.002042951294487,-0.011097519
2024-05-23 04:00:00,AAPL,AAPL_1102,0.0287349902444344,0.0065004965
2024-05-24 04:00:00,AAPL,AAPL_1102,0.0213180500202041,-0.0017489663
2024-05-28 04:00:00,AAPL,AAPL_1107,0.0229485787898899,0.020389894
2024-05-29 04:00:00,AAPL,AAPL_1107,0.0293236745384934,0.019273406
2024-05-30 04:00:00,AAPL,AAPL_1107,0.0166762640669582,0.013584306
2024-05-31 04:00:00,AAPL,AAPL_1107,0.024135237397391,0.00755426
2024-06-03 04:00:00,AAPL,AAPL_1107,-0.0046900152957506,-0.004323506
2024-06-04 04:00:00,AAPL,AAPL_1112,0.06586049596598,-0.0061589917
2024-06-05 04:00:00,AAPL,AAPL_1112,0.0878134100975527,-0.016038563
2024-06-06 04:00:00,AAPL,AAPL_1112,0.1016043305210077,-0.006520778
2024-06-07 04:00:00,AAPL,AAPL_1112,0.0792320897550666,-0.020800337
2024-06-10 04:00:00,AAPL,AAPL_1112,0.1219449236080778,0.006975583
2024-06-11 04:00:00,AAPL,AAPL_1117,0.0344677750423509,0.032094136
2024-06-12 04:00:00,AAPL,AAPL_1117,-0.0159103324349122,0.0199561
2024-06-13 04:00:00,AAPL,AAPL_1117,-0.0315067206260661,0.021368835
2024-06-14 04:00:00,AAPL,AAPL_1117,-0.0204715797969876,0.024160173
2024-06-17 04:00:00,AAPL,AAPL_1117,-0.035076341482223,0.014912791
2024-06-18 04:00:00,AAPL,AAPL_1122,-0.0048532050899089,-0.021636117
2024-06-20 04:00:00,AAPL,AAPL_1122,0.0210798053325422,0.0061898213
2024-06-21 04:00:00,AAPL,AAPL_1122,0.0150850139339677,0.019220747
2024-06-24 04:00:00,AAPL,AAPL_1122,0.0413663910617834,0.018533062
2024-06-25 04:00:00,AAPL,AAPL_1122,0.0535705579752221,0.020280134
2024-06-26 04:00:00,AAPL,AAPL_1127,0.0389214680035536,0.04559519
2024-06-27 04:00:00,AAPL,AAPL_1127,0.0571694996984593,0.04536572
2024-06-28 04:00:00,AAPL,AAPL_1127,0.0816637195222669,0.058207385
2024-07-01 04:00:00,AAPL,AAPL_1127,0.055040335297722,0.038954318
2024-07-02 04:00:00,AAPL,AAPL_1127,0.0577018713785315,0.028530054
2024-07-03 04:00:00,AAPL,AAPL_1132,0.0271722148026987,0.053246528
2024-07-05 04:00:00,AAPL,AAPL_1132,0.0185561412750585,0.042074747
2024-07-08 04:00:00,AAPL,AAPL_1132,0.0288823911892051,0.04433071
2024-07-09 04:00:00,AAPL,AAPL_1132,0.0268498112869135,0.04433194
2024-07-10 04:00:00,AAPL,AAPL_1132,-0.0175980381144882,0.035720572
2024-07-11 04:00:00,AAPL,AAPL_1137,-0.0148965792474038,0.01209269
2024-07-12 04:00:00,AAPL,AAPL_1137,-0.0270234922745348,0.0044418657
2024-07-15 04:00:00,AAPL,AAPL_1137,-0.0445391956248416,0.0016229105
2024-07-16 04:00:00,AAPL,AAPL_1137,-0.0417767332910349,0.005438205
2024-07-17 04:00:00,AAPL,AAPL_1137,-0.0451765614124912,0.026634857
2024-07-18 04:00:00,AAPL,AAPL_1142,-0.0298420349771912,-0.026788652
2024-07-19 04:00:00,AAPL,AAPL_1142,-0.0283089960939783,-0.022572245
2024-07-22 04:00:00,AAPL,AAPL_1142,-0.0255402797340107,-0.014410492
2024-07-23 04:00:00,AAPL,AAPL_1142,-0.0275987360858742,-0.007564747
2024-07-24 04:00:00,AAPL,AAPL_1142,0.0161984472118426,0.0008327302
2024-07-25 04:00:00,AAPL,AAPL_1147,0.0040001613647246,0.016116727
2024-07-26 04:00:00,AAPL,AAPL_1147,0.0087171675443131,0.011845144
2024-07-29 04:00:00,AAPL,AAPL_1147,-0.041101544148303,0.009992399
2024-07-30 04:00:00,AAPL,AAPL_1147,-0.0528793746016623,0.0078091705
2024-07-31 04:00:00,AAPL,AAPL_1147,-0.055205306221866,0.0053549875
2024-08-01 04:00:00,AAPL,AAPL_1152,-0.0231269602383327,-0.041517023
2024-08-02 04:00:00,AAPL,AAPL_1152,-0.0164650009421362,-0.04957428
2024-08-05 04:00:00,AAPL,AAPL_1152,0.0394705133951343,-0.017386883
2024-08-06 04:00:00,AAPL,AAPL_1152,0.0677508509114739,-0.007157974
2024-08-07 04:00:00,AAPL,AAPL_1152,0.0567152486945452,-0.00612344
2024-08-08 04:00:00,AAPL,AAPL_1157,0.0534902432736432,0.045452476
2024-08-09 04:00:00,AAPL,AAPL_1157,0.0453662472687268,0.04342755
2024-08-12 04:00:00,AAPL,AAPL_1157,0.0384314837367949,0.0475044
2024-08-13 04:00:00,AAPL,AAPL_1157,0.0236814305292045,0.03737155
2024-08-14 04:00:00,AAPL,AAPL_1157,0.0211076702598551,0.02154728
2024-08-15 04:00:00,AAPL,AAPL_1162,-0.000845507477635,0.004441672
2024-08-16 04:00:00,AAPL,AAPL_1162,0.0034947722869613,-0.006050938
2024-08-19 04:00:00,AAPL,AAPL_1162,0.0057107144611021,-0.007237908
2024-08-20 04:00:00,AAPL,AAPL_1162,0.0067105395316895,-0.009307796
2024-08-21 04:00:00,AAPL,AAPL_1162,0.0003975777345686,-0.0108571425
2024-08-22 04:00:00,AAPL,AAPL_1167,0.0234266892416736,0.007225039
2024-08-23 04:00:00,AAPL,AAPL_1167,0.0095221464335235,0.0010733898
2024-08-26 04:00:00,AAPL,AAPL_1167,-0.0194118696430016,0.0005507908
2024-08-27 04:00:00,AAPL,AAPL_1167,-0.0314870530816893,-0.0027607894
2024-08-28 04:00:00,AAPL,AAPL_1167,-0.018146498788776,0.0013556627
2024-08-29 04:00:00,AAPL,AAPL_1172,-0.0390355812872351,-0.03390254
2024-08-30 04:00:00,AAPL,AAPL_1172,-0.0353274949252868,-0.032246836
2024-09-03 04:00:00,AAPL,AAPL_1172,-0.0119405827135326,3.1061238e-05
2024-09-04 04:00:00,AAPL,AAPL_1172,0.0081955965975628,0.008955236
2024-09-05 04:00:00,AAPL,AAPL_1172,0.0017537520509269,0.005124162
2024-09-06 04:00:00,AAPL,AAPL_1177,0.0076079731005289,0.0098916665
2024-09-09 04:00:00,AAPL,AAPL_1177,-0.02077767535105,0.010487173
2024-09-10 04:00:00,AAPL,AAPL_1177,-0.015083400640646,0.01776744
2024-09-11 04:00:00,AAPL,AAPL_1177,-0.0088475756233822,0.0031245402
2024-09-12 04:00:00,AAPL,AAPL_1177,0.0273824605096562,0.0046971263
2024-09-13 04:00:00,AAPL,AAPL_1182,0.0256179638123243,0.018213045
2024-09-16 04:00:00,AAPL,AAPL_1182,0.0469211980067643,0.036841147
2024-09-17 04:00:00,AAPL,AAPL_1182,0.0488029990253773,0.042228606
2024-09-18 04:00:00,AAPL,AAPL_1182,0.0257374263126817,0.038737766
2024-09-19 04:00:00,AAPL,AAPL_1182,-0.0058985051493332,0.0058357646
2024-09-20 04:00:00,AAPL,AAPL_1187,-0.0017966856599141,-0.0053299125
2024-09-23 04:00:00,AAPL,AAPL_1187,0.0288338355813102,0.00234486
2024-09-24 04:00:00,AAPL,AAPL_1187,-0.0051017655285714,-0.0023111487
2024-09-25 04:00:00,AAPL,AAPL_1187,0.0018112102794238,0.0015486727
2024-09-26 04:00:00,AAPL,AAPL_1187,-0.008131179978795,-0.0045864778
2024-09-27 04:00:00,AAPL,AAPL_1192,-0.004346065514526,-0.009344047
2024-09-30 04:00:00,AAPL,AAPL_1192,-0.0485407620540504,-0.023334108
2024-10-01 04:00:00,AAPL,AAPL_1192,-0.0019451060003849,0.005714802
2024-10-02 04:00:00,AAPL,AAPL_1192,0.0121703612386114,0.00066370005
2024-10-03 04:00:00,AAPL,AAPL_1192,0.0149332881842121,0.0060459673
2024-10-04 04:00:00,AAPL,AAPL_1197,0.0033068782623819,0.007956205
2024-10-07 04:00:00,AAPL,AAPL_1197,0.0433488227007057,0.03400571
2024-10-08 04:00:00,AAPL,AAPL_1197,0.035788641883993,0.017337315
2024-10-09 04:00:00,AAPL,AAPL_1197,0.0097586719468609,0.0019527284
2024-10-10 04:00:00,AAPL,AAPL_1197,0.0135784173136364,0.003090649
2024-10-11 04:00:00,AAPL,AAPL_1202,0.0327400432798397,0.01721577
2024-10-14 04:00:00,AAPL,AAPL_1202,0.0223951258427874,-0.009306541
2024-10-15 04:00:00,AAPL,AAPL_1202,0.0085952296530891,-0.025065823
2024-10-16 04:00:00,AAPL,AAPL_1202,-0.0044007432817019,-0.015356064
2024-10-17 04:00:00,AAPL,AAPL_1202,-0.006805886770646,-0.025719613
2024-10-18 04:00:00,AAPL,AAPL_1207,-0.0152765801612368,-0.021017887
2024-10-21 04:00:00,AAPL,AAPL_1207,-0.0130243652177804,-0.032910116
2024-10-22 04:00:00,AAPL,AAPL_1207,-0.009285179495205,-0.030761324
2024-10-23 04:00:00,AAPL,AAPL_1207,-0.0028600642183705,-0.006142799
2024-10-24 04:00:00,AAPL,AAPL_1207,-0.0202107972159479,-0.0036231834
2024-10-25 04:00:00,AAPL,AAPL_1212,-0.0367313420573259,-0.020740211
2024-10-28 04:00:00,AAPL,AAPL_1212,-0.0488003414203173,-0.026795264
2024-10-29 04:00:00,AAPL,AAPL_1212,-0.043736899476988,-0.025776934
2024-10-30 04:00:00,AAPL,AAPL_1212,-0.0320730321036689,-0.012669358
2024-10-31 04:00:00,AAPL,AAPL_1212,0.006949634987293,0.002831861
2024-11-01 04:00:00,AAPL,AAPL_1217,0.0181687810561295,0.022069236
2024-11-04 05:00:00,AAPL,AAPL_1217,0.0099995553156715,0.032053344
2024-11-05 05:00:00,AAPL,AAPL_1217,0.0034907083909136,0.02902425
2024-11-06 05:00:00,AAPL,AAPL_1217,0.01077583460547,0.030677237
2024-11-07 05:00:00,AAPL,AAPL_1217,0.0032530574426878,0.018505424
2024-11-08 05:00:00,AAPL,AAPL_1222,-0.0086359123012285,0.010720194
2024-11-11 05:00:00,AAPL,AAPL_1222,0.0169023262593603,0.022743896
2024-11-12 05:00:00,AAPL,AAPL_1222,0.0180618254868942,0.019746242
2024-11-13 05:00:00,AAPL,AAPL_1222,0.0172352743735302,0.012702284
2024-11-14 05:00:00,AAPL,AAPL_1222,0.0013145344411231,0.0022344855
2024-11-15 05:00:00,AAPL,AAPL_1227,0.0216444227430554,0.015544088
2024-11-18 05:00:00,AAPL,AAPL_1227,0.021270023479744,0.0035200585
2024-11-19 05:00:00,AAPL,AAPL_1227,0.0297003627805858,0.0012767707
2024-11-20 05:00:00,AAPL,AAPL_1227,0.0258951645230622,-0.005622058
2024-11-21 05:00:00,AAPL,AAPL_1227,0.0385524128911258,-0.00371652
2024-11-22 05:00:00,AAPL,AAPL_1232,0.042284775861016,0.029617636
2024-11-25 05:00:00,AAPL,AAPL_1232,0.0419976767482443,0.012371337
2024-11-26 05:00:00,AAPL,AAPL_1232,0.0338211394146747,0.00092793326
2024-11-27 05:00:00,AAPL,AAPL_1232,0.0345209247996864,2.1496862e-05
2024-11-29 05:00:00,AAPL,AAPL_1232,0.0232165948861295,-0.012286714
2024-12-02 05:00:00,AAPL,AAPL_1237,0.0298844015674664,0.010565918
2024-12-03 05:00:00,AAPL,AAPL_1237,0.0211003935906164,0.0046166256
2024-12-04 05:00:00,AAPL,AAPL_1237,0.0143204438705923,0.004020438
2024-12-05 05:00:00,AAPL,AAPL_1237,0.0202436371117817,0.0036039536
2024-12-06 05:00:00,AAPL,AAPL_1237,0.0217839261435388,0.0017196558
2024-12-09 05:00:00,AAPL,AAPL_1242,0.0173859910278939,0.013769088
2024-12-10 05:00:00,AAPL,AAPL_1242,0.0230455315680551,0.012164224
2024-12-11 05:00:00,AAPL,AAPL_1242,0.0063288471087197,0.0168016
2024-12-12 05:00:00,AAPL,AAPL_1242,0.007380168263898,0.012497967
2024-12-13 05:00:00,AAPL,AAPL_1242,0.0256317272606967,0.0098566245
2024-12-16 05:00:00,AAPL,AAPL_1247,0.0168499486116013,0.017946098
2024-12-17 05:00:00,AAPL,AAPL_1247,0.0186208638119342,0.016021442
2024-12-18 05:00:00,AAPL,AAPL_1247,0.0442248975083667,0.024886891
2024-12-19 05:00:00,AAPL,AAPL_1247,0.0232195172250715,0.02014755
2024-12-20 05:00:00,AAPL,AAPL_1247,-0.0089984223171523,0.014788729
2020-12-31 05:00:00,AAPL,AAPL_252,-0.0048232676002176,-0.020077372
2021-01-04 05:00:00,AAPL,AAPL_252,-0.0033228338026561,-0.024709594
2021-01-05 05:00:00,AAPL,AAPL_252,-0.0168688767860593,-0.029910933
2021-01-06 05:00:00,AAPL,AAPL_252,0.0338862635642471,-0.004286947
2021-01-07 05:00:00,AAPL,AAPL_252,-0.0153528455159474,-0.015722772
2021-01-08 05:00:00,AAPL,AAPL_257,-0.0371829121441584,-0.013630997
2021-01-11 05:00:00,AAPL,AAPL_257,-0.0089160639988984,0.011337988
2021-01-12 05:00:00,AAPL,AAPL_257,0.0250776059860891,0.016909104
2021-01-13 05:00:00,AAPL,AAPL_257,0.0456871858463161,0.009067709
2021-01-14 05:00:00,AAPL,AAPL_257,0.0788147030756443,0.034876615
2021-01-15 05:00:00,AAPL,AAPL_262,0.1241151396496047,0.08395992
2021-01-19 05:00:00,AAPL,AAPL_262,0.1199249128644732,0.07325322
2021-01-20 05:00:00,AAPL,AAPL_262,0.0759675745817671,0.035559937
2021-01-21 05:00:00,AAPL,AAPL_262,0.0016073736286374,0.003051566
2021-01-22 05:00:00,AAPL,AAPL_262,-0.0511253342625902,0.0014393998
2021-01-25 05:00:00,AAPL,AAPL_267,-0.0614329617393225,-0.06710385
2021-01-26 05:00:00,AAPL,AAPL_267,-0.0570689994408522,-0.069865935
2021-01-27 05:00:00,AAPL,AAPL_267,-0.0571589135346728,-0.06651972
2021-01-28 05:00:00,AAPL,AAPL_267,0.0021883657434667,-0.040211596
2021-01-29 05:00:00,AAPL,AAPL_267,0.0363745646313637,-0.0069012437
2021-02-01 05:00:00,AAPL,AAPL_272,0.0206500990388009,0.018784994
2021-02-02 05:00:00,AAPL,AAPL_272,0.007556033574082,0.010031152
2021-02-03 05:00:00,AAPL,AAPL_272,0.0108257198881007,0.025728347
2021-02-04 05:00:00,AAPL,AAPL_272,-0.0164494833457741,0.01104744
2021-02-05 05:00:00,AAPL,AAPL_272,-0.0101637865273456,0.02268975
2021-02-08 05:00:00,AAPL,AAPL_277,-0.0271711425111345,-0.007955207
2021-02-09 05:00:00,AAPL,AAPL_277,-0.0380118989614801,0.0063493745
2021-02-10 05:00:00,AAPL,AAPL_277,-0.0419528229661513,0.017965727
2021-02-11 05:00:00,AAPL,AAPL_277,-0.0389255500300365,0.027080989
2021-02-12 05:00:00,AAPL,AAPL_277,-0.0692176660645962,0.030064758
2021-02-16 05:00:00,AAPL,AAPL_282,-0.0550341744627518,-0.010838257
2021-02-17 05:00:00,AAPL,AAPL_282,-0.0419596302157618,0.03483949
2021-02-18 05:00:00,AAPL,AAPL_282,-0.0672269555064746,0.04852687
2021-02-19 05:00:00,AAPL,AAPL_282,-0.0662970147429961,0.04589214
2021-02-22 05:00:00,AAPL,AAPL_282,0.0142063564724392,0.06992762
2021-02-23 05:00:00,AAPL,AAPL_287,-0.0058795317033285,0.033361845
2021-02-24 05:00:00,AAPL,AAPL_287,-0.0262465173959021,0.043958288
2021-02-25 05:00:00,AAPL,AAPL_287,-0.0071080306267952,0.05103717
2021-02-26 05:00:00,AAPL,AAPL_287,0.0013194460654477,0.027775213
2021-03-01 05:00:00,AAPL,AAPL_287,-0.0894436201837992,-0.016263722
2021-03-02 05:00:00,AAPL,AAPL_292,-0.0322091297972059,-0.073049545
2021-03-03 05:00:00,AAPL,AAPL_292,-0.0170407524435816,-0.05514867
2021-03-04 05:00:00,AAPL,AAPL_292,0.0152335126354348,-0.04646833
2021-03-05 05:00:00,AAPL,AAPL_292,-0.003211986456348,-0.03837762
2021-03-08 05:00:00,AAPL,AAPL_292,0.0655723376881727,-0.03881177
2021-03-09 05:00:00,AAPL,AAPL_297,0.0369973035958524,0.019511458
2021-03-10 05:00:00,AAPL,AAPL_297,0.0398399620399798,0.022639204
2021-03-11 05:00:00,AAPL,AAPL_297,-0.0117251583790626,0.0034742118
2021-03-12 05:00:00,AAPL,AAPL_297,-0.008592918499684,0.0070600486
2021-03-15 04:00:00,AAPL,AAPL_297,-0.0048390877043187,-0.014761291
2021-03-16 04:00:00,AAPL,AAPL_302,-0.0241299576862368,-0.016932877
2021-03-17 04:00:00,AAPL,AAPL_302,-0.0374319150238591,-0.01475117
2021-03-18 04:00:00,AAPL,AAPL_302,0.0004977811267019,0.018707583
2021-03-19 04:00:00,AAPL,AAPL_302,0.010167524313887,0.021875914
2021-03-22 04:00:00,AAPL,AAPL_302,-0.0162087690241757,-0.004733545
2021-03-23 04:00:00,AAPL,AAPL_307,-0.021543980495547,-0.0063116457
2021-03-24 04:00:00,AAPL,AAPL_307,0.0171538450396164,0.013680984
2021-03-25 04:00:00,AAPL,AAPL_307,0.0199851043643504,0.0062493784
2021-03-26 04:00:00,AAPL,AAPL_307,0.0386931975648126,0.0021032852
2021-03-29 04:00:00,AAPL,AAPL_307,0.0397067280588128,-0.006847957
2021-03-30 04:00:00,AAPL,AAPL_312,0.0667222677080059,0.050257854
2021-03-31 04:00:00,AAPL,AAPL_312,0.0672124353820271,0.031282738
2021-04-01 04:00:00,AAPL,AAPL_312,0.08130081300813,0.020109989
2021-04-05 04:00:00,AAPL,AAPL_312,0.0424146457709733,-0.010485079
2021-04-06 04:00:00,AAPL,AAPL_312,0.0651294956892198,-0.007959889
2021-04-07 04:00:00,AAPL,AAPL_317,0.0322908303686166,0.039133213
2021-04-08 04:00:00,AAPL,AAPL_317,0.0317582032085361,0.019251171
2021-04-09 04:00:00,AAPL,AAPL_317,0.0087218320459352,-0.0013089248
2021-04-12 04:00:00,AAPL,AAPL_317,0.027430590475814,0.010068104
2021-04-13 04:00:00,AAPL,AAPL_317,-0.0098191782886818,-0.008410941
2021-04-14 04:00:00,AAPL,AAPL_322,0.011133842568312,0.017400756
2021-04-15 04:00:00,AAPL,AAPL_322,-0.0190334390973513,-0.0028580204
2021-04-16 04:00:00,AAPL,AAPL_322,0.0011926331077953,-0.0057872473
2021-04-19 04:00:00,AAPL,AAPL_322,-0.0008899074491726,-0.010391036
2021-04-20 04:00:00,AAPL,AAPL_322,0.009616097764463,0.0005144522
2021-04-21 04:00:00,AAPL,AAPL_327,0.0005992646520951,0.0040241936
2021-04-22 04:00:00,AAPL,AAPL_327,0.0116719210067979,0.018596675
2021-04-23 04:00:00,AAPL,AAPL_327,-0.021292439356768,0.0027505024
2021-04-26 04:00:00,AAPL,AAPL_327,-0.0161817689639042,-0.005231266
2021-04-27 04:00:00,AAPL,AAPL_327,-0.0486643421774662,-0.0049624685
2021-04-28 04:00:00,AAPL,AAPL_332,-0.041024072858375,-0.040621348
2021-04-29 04:00:00,AAPL,AAPL_332,-0.0280191066383393,-0.03991188
2021-04-30 04:00:00,AAPL,AAPL_332,-0.0095085952849578,-0.016265847
2021-05-03 04:00:00,AAPL,AAPL_332,-0.0429303991266086,-0.02617975
2021-05-04 04:00:00,AAPL,AAPL_332,-0.0151739916712193,0.026002377
2021-05-05 04:00:00,AAPL,AAPL_337,-0.0416081905268772,-0.022862094
2021-05-06 04:00:00,AAPL,AAPL_337,-0.0367658707453366,-0.03438432
2021-05-07 04:00:00,AAPL,AAPL_337,-0.0211966025905369,-0.029062934
2021-05-10 04:00:00,AAPL,AAPL_337,-0.0045723440128618,-0.008425045
2021-05-11 04:00:00,AAPL,AAPL_337,-0.0084187527373352,-0.005385492
2021-05-12 04:00:00,AAPL,AAPL_342,0.0156390474125525,0.019838544
2021-05-13 04:00:00,AAPL,AAPL_342,0.018724464391723,0.0085125975
2021-05-14 04:00:00,AAPL,AAPL_342,-0.0158493267276165,0.0062626787
2021-05-17 04:00:00,AAPL,AAPL_342,0.0065732308000363,0.018299386
2021-05-18 04:00:00,AAPL,AAPL_342,0.0164197282884448,0.02388601
2021-05-19 04:00:00,AAPL,AAPL_347,0.0173229287867715,0.021115439
2021-05-20 04:00:00,AAPL,AAPL_347,-0.0159453210134781,-0.0106569985
2021-05-21 04:00:00,AAPL,AAPL_347,-0.0065375085133471,0.0036767693
2021-05-24 04:00:00,AAPL,AAPL_347,-0.0221872519959031,-0.0034241183
2021-05-25 04:00:00,AAPL,AAPL_347,-0.0144996370777025,0.0024654933
2021-05-26 04:00:00,AAPL,AAPL_352,-0.0260937926559694,-0.015856382
2021-05-27 04:00:00,AAPL,AAPL_352,0.004869098150505,-0.0029628642
2021-05-28 04:00:00,AAPL,AAPL_352,0.0103523064698562,0.0013079888
2021-06-01 04:00:00,AAPL,AAPL_352,0.0197940063456327,0.0050235577
2021-06-02 04:00:00,AAPL,AAPL_352,0.0165520528964855,0.0073775277
2021-06-03 04:00:00,AAPL,AAPL_357,0.0208029761678689,0.033376195
2021-06-04 04:00:00,AAPL,AAPL_357,0.0115974191083578,0.006352713
2021-06-07 04:00:00,AAPL,AAPL_357,0.03637803134354,0.0063968664
2021-06-08 04:00:00,AAPL,AAPL_357,0.0228815020889938,0.0022078666
2021-06-09 04:00:00,AAPL,AAPL_357,0.0237551853088333,0.0010034661
2021-06-10 04:00:00,AAPL,AAPL_362,0.0450399861096741,0.03102412
2021-06-11 04:00:00,AAPL,AAPL_362,0.0244209523125991,0.018820345
2021-06-14 04:00:00,AAPL,AAPL_362,0.0139485544436956,-0.0057120603
2021-06-15 04:00:00,AAPL,AAPL_362,0.0334772937235694,0.001449252
2021-06-16 04:00:00,AAPL,AAPL_362,0.0272762444735981,0.0003339164
2021-06-17 04:00:00,AAPL,AAPL_367,0.0122923625351381,0.0075992923
2021-06-18 04:00:00,AAPL,AAPL_367,0.0203126917070952,0.026529998
2021-06-21 04:00:00,AAPL,AAPL_367,0.0187452431620038,0.00970426
2021-06-22 04:00:00,AAPL,AAPL_367,0.0175399774477869,-0.0022524493
2021-06-23 04:00:00,AAPL,AAPL_367,0.0243830204939123,-0.004601205
2021-06-24 04:00:00,AAPL,AAPL_372,0.0289333670968774,0.014455405
2021-06-25 04:00:00,AAPL,AAPL_372,0.0514612431230274,0.01226433
2021-06-28 04:00:00,AAPL,AAPL_372,0.0537172099624339,-0.004707394
2021-06-29 04:00:00,AAPL,AAPL_372,0.0604416150699931,-0.0194228
2021-06-30 04:00:00,AAPL,AAPL_372,0.0458527925777403,-0.028117258
2021-07-01 04:00:00,AAPL,AAPL_377,0.0571136890352925,0.05312647
2021-07-02 04:00:00,AAPL,AAPL_377,0.0324377898567433,0.0386945
2021-07-06 04:00:00,AAPL,AAPL_377,0.0254893325467211,0.027517498
2021-07-07 04:00:00,AAPL,AAPL_377,0.0316800604567608,0.0094928965
2021-07-08 04:00:00,AAPL,AAPL_377,0.0365818907667179,0.00020292887
2021-07-09 04:00:00,AAPL,AAPL_382,0.0088208860444698,0.03063321
2021-07-12 04:00:00,AAPL,AAPL_382,-0.0141868723305038,0.03278223
2021-07-13 04:00:00,AAPL,AAPL_382,0.0035017475211016,0.032887485
2021-07-14 04:00:00,AAPL,AAPL_382,-0.0251424750483237,0.020091161
2021-07-15 04:00:00,AAPL,AAPL_382,-0.0113146061700057,0.022600768
2021-07-16 04:00:00,AAPL,AAPL_387,0.0148234044538069,-0.006341935
2021-07-19 04:00:00,AAPL,AAPL_387,0.0459109068798233,-0.002227983
2021-07-20 04:00:00,AAPL,AAPL_387,0.0042422880730033,-0.024699539
2021-07-21 04:00:00,AAPL,AAPL_387,-0.0028885707467383,-0.022648104
2021-07-22 04:00:00,AAPL,AAPL_387,-0.0079019321389277,-0.028078739
2021-07-23 04:00:00,AAPL,AAPL_392,-0.0181744547160299,-0.018086566
2021-07-26 04:00:00,AAPL,AAPL_392,-0.0232901610360859,-0.021067739
2021-07-27 04:00:00,AAPL,AAPL_392,0.0040198700055589,-0.0068668947
2021-07-28 04:00:00,AAPL,AAPL_392,0.0135880899348717,0.004363939
2021-07-29 04:00:00,AAPL,AAPL_392,0.009750056130845,-0.0016735897
2021-07-30 04:00:00,AAPL,AAPL_397,0.0019196406014343,0.00051843136
2021-08-02 04:00:00,AAPL,AAPL_397,0.0039169327150545,0.0021557487
2021-08-03 04:00:00,AAPL,AAPL_397,-0.0119435023041951,-0.013980286
2021-08-04 04:00:00,AAPL,AAPL_397,-0.0074174641750727,-0.007400816
2021-08-05 04:00:00,AAPL,AAPL_397,0.0124439131064553,-0.005351303
2021-08-06 04:00:00,AAPL,AAPL_402,0.0202545964570248,0.018871915
2021-08-09 04:00:00,AAPL,AAPL_402,0.0344308228173475,0.019986793
2021-08-10 04:00:00,AAPL,AAPL_402,0.0315246988013677,0.025542319
2021-08-11 04:00:00,AAPL,AAPL_402,0.0034279445900708,0.031775873
2021-08-12 04:00:00,AAPL,AAPL_402,-0.0147088619140561,0.0028813095
2021-08-13 04:00:00,AAPL,AAPL_407,-0.0061033106965642,-0.015355803
2021-08-16 04:00:00,AAPL,AAPL_407,-0.0093302570730426,-0.019734744
2021-08-17 04:00:00,AAPL,AAPL_407,-0.0037952414605034,0.0040519116
2021-08-18 04:00:00,AAPL,AAPL_407,0.0136649357178162,0.028945424
2021-08-19 04:00:00,AAPL,AAPL_407,0.0057259465260042,0.017833583
2021-08-20 04:00:00,AAPL,AAPL_412,0.0027667430687268,-0.003803792
2021-08-23 04:00:00,AAPL,AAPL_412,0.0227772910987682,-0.0074978475
2021-08-24 04:00:00,AAPL,AAPL_412,0.0147707979280191,-0.004145326
2021-08-25 04:00:00,AAPL,AAPL_412,0.027972458070985,0.0015048545
2021-08-26 04:00:00,AAPL,AAPL_412,0.0414125043268918,0.006171059
2021-08-27 04:00:00,AAPL,AAPL_417,0.0383579859631468,0.033140834
2021-08-30 04:00:00,AAPL,AAPL_417,0.0233150955986285,0.011691503
2021-08-31 04:00:00,AAPL,AAPL_417,0.0216031004395733,0.023749316
2021-09-01 04:00:00,AAPL,AAPL_417,0.0102289218646118,0.01861507
2021-09-02 04:00:00,AAPL,AAPL_417,-0.0304587885563745,0.014501733
2021-09-03 04:00:00,AAPL,AAPL_422,-0.0307841860405322,-0.02401117
2021-09-07 04:00:00,AAPL,AAPL_422,-0.0546940276385755,-0.03232508
2021-09-08 04:00:00,AAPL,AAPL_422,-0.0391980001749089,-0.019861702
2021-09-09 04:00:00,AAPL,AAPL_422,-0.0342702264365762,-0.012591183
2021-09-10 04:00:00,AAPL,AAPL_422,-0.0195341588122707,0.008313269
2021-09-13 04:00:00,AAPL,AAPL_427,-0.0441992676393587,-0.034922916
2021-09-14 04:00:00,AAPL,AAPL_427,-0.031663533594473,-0.0144212395
2021-09-15 04:00:00,AAPL,AAPL_427,-0.0213379366693184,-0.014838457
2021-09-16 04:00:00,AAPL,AAPL_427,-0.0131728714531825,0.00010956531
2021-09-17 04:00:00,AAPL,AAPL_427,0.0058879955136694,-0.00025539016
2021-09-20 04:00:00,AAPL,AAPL_432,0.0170000883886745,0.024251975
2021-09-21 04:00:00,AAPL,AAPL_432,-0.010597427952937,0.02801235
2021-09-22 04:00:00,AAPL,AAPL_432,-0.0207062334321571,0.0031674518
2021-09-23 04:00:00,AAPL,AAPL_432,-0.0363004955702955,-0.0026318056
2021-09-24 04:00:00,AAPL,AAPL_432,-0.0290634653258762,-0.0068790508
2021-09-27 04:00:00,AAPL,AAPL_437,-0.0428561321923197,-0.02244272
2021-09-28 04:00:00,AAPL,AAPL_437,-0.0056373971609685,0.0015292163
2021-09-29 04:00:00,AAPL,AAPL_437,-0.0058111168551019,-0.008588492
2021-09-30 04:00:00,AAPL,AAPL_437,0.0126501292306204,-0.0037125247
2021-10-01 04:00:00,AAPL,AAPL_437,0.0017525412597032,-0.011425908
2021-10-04 04:00:00,AAPL,AAPL_442,0.0263762985844768,0.011062831
2021-10-05 04:00:00,AAPL,AAPL_442,0.0028346247236501,-0.005397627
2021-10-06 04:00:00,AAPL,AAPL_442,-0.0076760305485255,-0.011987301
2021-10-07 04:00:00,AAPL,AAPL_442,0.0032800700867128,-0.021724721
2021-10-08 04:00:00,AAPL,AAPL_442,0.0135759448864047,-0.0026879956
2021-10-11 04:00:00,AAPL,AAPL_447,0.0261886811644931,0.015333561
2021-10-12 04:00:00,AAPL,AAPL_447,0.0512331303895978,0.019404866
2021-10-13 04:00:00,AAPL,AAPL_447,0.0592576156959667,0.024096813
2021-10-14 04:00:00,AAPL,AAPL_447,0.0397885464612419,-0.003096536
2021-10-15 04:00:00,AAPL,AAPL_447,0.0265810977689762,-0.0004141258
2021-10-18 04:00:00,AAPL,AAPL_452,0.014261318965326,0.010979348
2021-10-19 04:00:00,AAPL,AAPL_452,0.0037645391103928,-0.004369473
2021-10-20 04:00:00,AAPL,AAPL_452,-0.0027468070374445,-0.0046525868
2021-10-21 04:00:00,AAPL,AAPL_452,0.0206717399317559,-0.0026954869
2021-10-22 04:00:00,AAPL,AAPL_452,0.0074652000277488,0.0037310077
2021-10-25 04:00:00,AAPL,AAPL_457,0.0021529018133259,0.016256269
2021-10-26 04:00:00,AAPL,AAPL_457,0.0046878978965108,0.010025167
2021-10-27 04:00:00,AAPL,AAPL_457,0.0177359709868771,0.011823261
2021-10-28 04:00:00,AAPL,AAPL_457,-0.0105525367573079,-0.0042452114
2021-10-29 04:00:00,AAPL,AAPL_457,0.0098798110640072,0.015926294
2021-11-01 04:00:00,AAPL,AAPL_462,0.0099355240388914,0.024270598
2021-11-02 04:00:00,AAPL,AAPL_462,0.0052659196349444,0.022109393
2021-11-03 04:00:00,AAPL,AAPL_462,-0.0235659594347288,0.015049243
2021-11-04 04:00:00,AAPL,AAPL_462,-0.0204690743193762,0.01754354
2021-11-05 04:00:00,AAPL,AAPL_462,-0.0085271899559887,0.013280528
2021-11-08 05:00:00,AAPL,AAPL_467,-0.0029247702357464,-0.0032428135
2021-11-09 05:00:00,AAPL,AAPL_467,0.0012598796133023,-0.001967834
2021-11-10 05:00:00,AAPL,AAPL_467,0.037655539434614,0.012333516
2021-11-11 05:00:00,AAPL,AAPL_467,0.0676269718685995,0.012267748
2021-11-12 05:00:00,AAPL,AAPL_467,0.0704046747906481,-0.00068546436
2021-11-15 05:00:00,AAPL,AAPL_472,0.0734666951497395,0.06566412
2021-11-16 05:00:00,AAPL,AAPL_472,0.0689404216033733,0.047891855
2021-11-17 05:00:00,AAPL,AAPL_472,0.0550524245607544,0.02417086
2021-11-18 05:00:00,AAPL,AAPL_472,-0.0067143699966982,-0.035501096
2021-11-19 05:00:00,AAPL,AAPL_472,-0.0019308474163891,-0.053930406
2021-11-22 05:00:00,AAPL,AAPL_477,0.026580540713778,-0.008222536
2021-11-23 05:00:00,AAPL,AAPL_477,0.020816557425928,-0.017525272
2021-11-24 05:00:00,AAPL,AAPL_477,0.0112386812275626,-0.028004535
2021-11-26 05:00:00,AAPL,AAPL_477,0.0320770286181362,-0.014868162
2021-11-29 05:00:00,AAPL,AAPL_477,0.0317024566706682,-0.030718766
2021-11-30 05:00:00,AAPL,AAPL_482,0.0355716244129913,0.0050871754
2021-12-01 05:00:00,AAPL,AAPL_482,0.0625720537188632,0.0072948174
2021-12-02 05:00:00,AAPL,AAPL_482,0.0659501918297083,0.012364802
2021-12-03 05:00:00,AAPL,AAPL_482,0.1088111777609366,0.026265403
2021-12-06 05:00:00,AAPL,AAPL_482,0.0630292626863369,0.013180661
2021-12-07 05:00:00,AAPL,AAPL_487,0.0184017367101985,0.045881838
2021-12-08 05:00:00,AAPL,AAPL_487,0.0241032737980848,0.037234575
2021-12-09 05:00:00,AAPL,AAPL_487,-0.013176003001408,0.044534754
2021-12-10 05:00:00,AAPL,AAPL_487,-0.0463081510165227,0.033871666
2021-12-13 05:00:00,AAPL,AAPL_487,-0.0340844731189965,0.049863912
2021-12-14 05:00:00,AAPL,AAPL_492,-0.0076865503574606,-0.023506973
2021-12-15 05:00:00,AAPL,AAPL_492,-0.0204127361952852,-0.04136162
2021-12-16 05:00:00,AAPL,AAPL_492,0.0233368419868456,0.0010004706
2021-12-17 05:00:00,AAPL,AAPL_492,0.0536987406461455,-0.0059520043
2021-12-20 05:00:00,AAPL,AAPL_492,0.0562002549993096,0.00041283062
2021-12-21 05:00:00,AAPL,AAPL_497,0.0369385466601477,0.054628156
2021-12-22 05:00:00,AAPL,AAPL_497,0.0145752537433943,0.046596114
2021-12-23 05:00:00,AAPL,AAPL_497,0.0073179518598531,0.04028116
2021-12-27 05:00:00,AAPL,AAPL_497,0.0093162128249477,0.029540703
2021-12-28 05:00:00,AAPL,AAPL_497,0.0022868184364033,0.027838435
2021-12-29 05:00:00,AAPL,AAPL_502,-0.0248634551926836,0.007292752
2021-12-30 05:00:00,AAPL,AAPL_502,-0.0347923515960719,0.018289104
2021-12-31 05:00:00,AAPL,AAPL_502,-0.0304105926256664,0.011827395
2022-01-03 05:00:00,AAPL,AAPL_502,-0.0539530375353146,-0.009049307
2022-01-04 05:00:00,AAPL,AAPL_502,-0.0257094891243552,-0.0005413457
2022-01-05 05:00:00,AAPL,AAPL_507,0.0034873120097016,-0.008985444
2022-01-06 05:00:00,AAPL,AAPL_507,0.001104665357013,0.0020748721
2022-01-07 05:00:00,AAPL,AAPL_507,0.0052274447629969,0.0009663145
2022-01-10 05:00:00,AAPL,AAPL_507,-0.0138800125196683,0.0013028786
2022-01-11 05:00:00,AAPL,AAPL_507,-0.0505483551002903,-0.0055627357
2022-01-12 05:00:00,AAPL,AAPL_512,-0.0627813157243678,-0.058187414
2022-01-13 05:00:00,AAPL,AAPL_512,-0.0567977155504417,-0.046959992
2022-01-14 05:00:00,AAPL,AAPL_512,-0.0661582696161877,-0.045290012
2022-01-18 05:00:00,AAPL,AAPL_512,-0.059010624807861,-0.034493886
2022-01-19 05:00:00,AAPL,AAPL_512,-0.0393430394888071,-0.023799533
2022-01-20 05:00:00,AAPL,AAPL_517,-0.0321560601955585,-0.036933675
2022-01-21 05:00:00,AAPL,AAPL_517,0.0487654577326572,-0.028549006
2022-01-24 05:00:00,AAPL,AAPL_517,0.081425591261572,-0.027617313
2022-01-25 05:00:00,AAPL,AAPL_517,0.092815132960035,-0.017420627
2022-01-26 05:00:00,AAPL,AAPL_517,0.1011334062845303,-0.019080328
2022-01-27 05:00:00,AAPL,AAPL_522,0.0859188077559345,0.101465575
2022-01-28 05:00:00,AAPL,AAPL_522,0.0120941556769136,-0.00888432
2022-01-31 05:00:00,AAPL,AAPL_522,-0.017850984889451,0.010610833
2022-02-01 05:00:00,AAPL,AAPL_522,0.001259957734002,0.01637262
2022-02-02 05:00:00,AAPL,AAPL_522,0.0025022887316303,0.012799723
2022-02-03 05:00:00,AAPL,AAPL_527,-0.0045112712945719,0.020492617
2022-02-04 05:00:00,AAPL,AAPL_527,-0.0217530019912812,0.023907527
2022-02-07 05:00:00,AAPL,AAPL_527,-0.0161947962250365,0.025544904
2022-02-08 05:00:00,AAPL,AAPL_527,-0.0116685267034042,0.012662789
2022-02-09 05:00:00,AAPL,AAPL_527,-0.021159494856867,0.006630686
2022-02-10 05:00:00,AAPL,AAPL_532,-0.0188240200225956,0.00055112527
2022-02-11 05:00:00,AAPL,AAPL_532,-0.0079458986168193,0.013282069
2022-02-14 05:00:00,AAPL,AAPL_532,-0.0270014058902827,0.010755001
2022-02-15 05:00:00,AAPL,AAPL_532,-0.0736152928766558,-0.00051403936
2022-02-16 05:00:00,AAPL,AAPL_532,-0.0568530709075163,0.002752647
2022-02-17 05:00:00,AAPL,AAPL_537,-0.0238630901396131,-0.043270446
2022-02-18 05:00:00,AAPL,AAPL_537,-0.0130305313496968,-0.03216798
2022-02-22 05:00:00,AAPL,AAPL_537,-0.0068160316824151,-0.0020857735
2022-02-23 05:00:00,AAPL,AAPL_537,0.0405446988031283,0.028560812
2022-02-24 05:00:00,AAPL,AAPL_537,0.0214451893607783,0.026141811
2022-02-25 05:00:00,AAPL,AAPL_542,-0.0101911305572859,0.01541445
2022-02-28 05:00:00,AAPL,AAPL_542,-0.0352470460121996,0.025012407
2022-03-01 05:00:00,AAPL,AAPL_542,-0.0352940846479469,0.030987212
2022-03-02 05:00:00,AAPL,AAPL_542,-0.021673875259764,0.018572312
2022-03-03 05:00:00,AAPL,AAPL_542,-0.0463814693691941,0.023065824
2022-03-04 05:00:00,AAPL,AAPL_547,-0.0517252101251328,-0.030122995
2022-03-07 05:00:00,AAPL,AAPL_547,-0.0544884354569039,-0.011154747
2022-03-08 05:00:00,AAPL,AAPL_547,-0.0149263596739984,-0.0018620796
2022-03-09 05:00:00,AAPL,AAPL_547,-0.0206198261631069,-0.023204513
2022-03-10 05:00:00,AAPL,AAPL_547,0.0132474816308807,-0.006292169
2022-03-11 05:00:00,AAPL,AAPL_552,0.0597815566174262,0.03019718
2022-03-14 04:00:00,AAPL,AAPL_552,0.0979950222023391,0.04918665
2022-03-15 04:00:00,AAPL,AAPL_552,0.0885293140146505,0.02303861
2022-03-16 04:00:00,AAPL,AAPL_552,0.0665455894459163,0.0109766275
2022-03-17 04:00:00,AAPL,AAPL_552,0.0837380937362013,0.0036886
2022-03-18 04:00:00,AAPL,AAPL_557,0.0654958273752435,0.060615726
2022-03-21 04:00:00,AAPL,AAPL_557,0.0617970789633546,0.045941204
2022-03-22 04:00:00,AAPL,AAPL_557,0.0600639672415994,0.024089076
2022-03-23 04:00:00,AAPL,AAPL_557,0.0444157056600234,0.019111527
2022-03-24 04:00:00,AAPL,AAPL_557,0.0031021615638071,-0.003024905
2022-03-25 04:00:00,AAPL,AAPL_562,-0.0023466326650917,-0.01178595
2022-03-28 04:00:00,AAPL,AAPL_562,0.0161730993119468,-0.020626131
2022-03-29 04:00:00,AAPL,AAPL_562,-0.0217926296879784,-0.020543685
2022-03-30 04:00:00,AAPL,AAPL_562,-0.0334139747912828,-0.004516692
2022-03-31 04:00:00,AAPL,AAPL_562,-0.0141458176053445,-0.0009773362
2022-04-01 04:00:00,AAPL,AAPL_567,-0.0242097486077044,-0.011247089
2022-04-04 04:00:00,AAPL,AAPL_567,-0.0711163543363726,-0.025819581
2022-04-05 04:00:00,AAPL,AAPL_567,-0.0422711870197961,-0.017550532
2022-04-06 04:00:00,AAPL,AAPL_567,-0.0083222249859271,-0.022792248
2022-04-07 04:00:00,AAPL,AAPL_567,-0.0397932271860316,-0.033927087
2022-04-08 04:00:00,AAPL,AAPL_572,-0.0295137228629217,-0.032470033
2022-04-11 04:00:00,AAPL,AAPL_572,0.0099547143075979,-0.027376309
2022-04-12 04:00:00,AAPL,AAPL_572,-0.0025647615720975,-0.04025989
2022-04-13 04:00:00,AAPL,AAPL_572,-0.0233567832752203,-0.040627092
2022-04-14 04:00:00,AAPL,AAPL_572,-0.0211749055730262,-0.019109054
2022-04-18 04:00:00,AAPL,AAPL_577,-0.0132671130080269,-0.013799562
2022-04-19 04:00:00,AAPL,AAPL_577,-0.0633213335197688,-0.019443985
2022-04-20 04:00:00,AAPL,AAPL_577,-0.0637444757260425,-0.023428539
2022-04-21 04:00:00,AAPL,AAPL_577,-0.0167047158387461,-0.024804756
2022-04-22 04:00:00,AAPL,AAPL_577,-0.0255887234158336,-0.013051242
2022-04-25 04:00:00,AAPL,AAPL_582,-0.0302062746896717,-0.028412845
2022-04-26 04:00:00,AAPL,AAPL_582,0.0170917896914619,0.010251049
2022-04-27 04:00:00,AAPL,AAPL_582,0.0603563677982943,0.03314699
2022-04-28 04:00:00,AAPL,AAPL_582,-0.0419823707089433,0.00076414226
2022-04-29 04:00:00,AAPL,AAPL_582,-0.0023469402569749,0.029020686
2022-05-02 04:00:00,AAPL,AAPL_587,-0.0373512845309057,0.015075097
2022-05-03 04:00:00,AAPL,AAPL_587,-0.0311637907815977,0.020887442
2022-05-04 04:00:00,AAPL,AAPL_587,-0.1175762183479167,-0.0025952146
2022-05-05 04:00:00,AAPL,AAPL_587,-0.0906423826408187,0.032879245
2022-05-06 04:00:00,AAPL,AAPL_587,-0.0646617386055321,0.04076168
2022-05-09 04:00:00,AAPL,AAPL_592,-0.0428778401758724,-0.025606008
2022-05-10 04:00:00,AAPL,AAPL_592,-0.0341077548445496,-0.02848794
2022-05-11 04:00:00,AAPL,AAPL_592,-0.0387712810633532,0.004502403
2022-05-12 04:00:00,AAPL,AAPL_592,-0.0365459563994223,0.046131648
2022-05-13 04:00:00,AAPL,AAPL_592,-0.0647135084831959,0.016356526
2022-05-16 04:00:00,AAPL,AAPL_597,-0.0166963912867844,-0.06980229
2022-05-17 04:00:00,AAPL,AAPL_597,-0.0595015046633675,-0.083670706
2022-05-18 04:00:00,AAPL,AAPL_597,-0.0021304007680321,-0.072730854
2022-05-19 04:00:00,AAPL,AAPL_597,0.0468146515474867,-0.06163535
2022-05-20 04:00:00,AAPL,AAPL_597,0.0875790636854563,-0.056730628
2022-05-23 04:00:00,AAPL,AAPL_602,0.040039100713445,0.044536404
2022-05-24 04:00:00,AAPL,AAPL_602,0.0594899263836268,0.037828773
2022-05-25 04:00:00,AAPL,AAPL_602,0.0760745951920047,0.012880381
2022-05-26 04:00:00,AAPL,AAPL_602,0.011128154938794,0.010354593
2022-05-27 04:00:00,AAPL,AAPL_602,-0.0233894681520703,-0.00090070965
2022-05-31 04:00:00,AAPL,AAPL_607,-0.0008733514325567,-0.022178214
2022-06-01 04:00:00,AAPL,AAPL_607,-0.0050433727801726,-0.029697677
2022-06-02 04:00:00,AAPL,AAPL_607,-0.0566761916784758,-0.043721292
2022-06-03 04:00:00,AAPL,AAPL_607,-0.0567478313585843,-0.03723608
2022-06-06 04:00:00,AAPL,AAPL_607,-0.0975776280716613,-0.039849836
2022-06-07 04:00:00,AAPL,AAPL_612,-0.1072558098778158,-0.10095222
2022-06-08 04:00:00,AAPL,AAPL_612,-0.0846851410483991,-0.10495444
2022-06-09 04:00:00,AAPL,AAPL_612,-0.0881940681778188,-0.08983188
2022-06-10 04:00:00,AAPL,AAPL_612,-0.0406184432719791,-0.059840735
2022-06-13 04:00:00,AAPL,AAPL_612,0.0302547019005683,-0.030416299
2022-06-14 04:00:00,AAPL,AAPL_617,0.0195089763772648,0.036303796
2022-06-15 04:00:00,AAPL,AAPL_617,0.0209703296926158,0.016379038
2022-06-16 04:00:00,AAPL,AAPL_617,0.0891896534004597,0.032303456
2022-06-17 04:00:00,AAPL,AAPL_617,0.0767711028499928,0.02767482
2022-06-21 04:00:00,AAPL,AAPL_617,0.0115552173448201,0.006675548
2022-06-22 04:00:00,AAPL,AAPL_622,0.0286663424385515,0.03654471
2022-06-23 04:00:00,AAPL,AAPL_622,-0.0112099732687035,0.0060581197
2022-06-24 04:00:00,AAPL,AAPL_622,-0.0192715721851864,-0.024250839
2022-06-27 04:00:00,AAPL,AAPL_622,-0.0007059586399147,-0.030588444
2022-06-28 04:00:00,AAPL,AAPL_622,0.0398719123268009,-0.024769912
2022-06-29 04:00:00,AAPL,AAPL_627,0.0511384801728342,0.028641
2022-06-30 04:00:00,AAPL,AAPL_627,0.0754826797344041,0.034550555
2022-07-01 04:00:00,AAPL,AAPL_627,0.0427553642449858,0.026075866
2022-07-05 04:00:00,AAPL,AAPL_627,0.0303758344583042,0.015259976
2022-07-06 04:00:00,AAPL,AAPL_627,0.0179821393586974,-0.0031754388
2022-07-07 04:00:00,AAPL,AAPL_632,0.0144857876923352,0.00150795
2022-07-08 04:00:00,AAPL,AAPL_632,0.0212867588800935,-0.0060792696
2022-07-11 04:00:00,AAPL,AAPL_632,0.015186113627267,0.011188528
2022-07-12 04:00:00,AAPL,AAPL_632,0.0352392662014267,0.013588769
2022-07-13 04:00:00,AAPL,AAPL_632,0.0518935150725765,0.01881478
2022-07-14 04:00:00,AAPL,AAPL_637,0.0463393603168713,0.02934301
2022-07-15 04:00:00,AAPL,AAPL_637,0.0261037372094472,0.017205711
2022-07-18 04:00:00,AAPL,AAPL_637,0.0399808889045669,0.033463493
2022-07-19 04:00:00,AAPL,AAPL_637,0.003973550354408,0.009392427
2022-07-20 04:00:00,AAPL,AAPL_637,0.02450339887946,-0.0015499778
2022-07-21 04:00:00,AAPL,AAPL_642,0.0128741546277593,0.0070020556
2022-07-22 04:00:00,AAPL,AAPL_642,0.054643379642127,0.0070702084
2022-07-25 04:00:00,AAPL,AAPL_642,0.055965987115975,-0.001713342
2022-07-26 04:00:00,AAPL,AAPL_642,0.0554748553082364,-0.0068280976
2022-07-27 04:00:00,AAPL,AAPL_642,0.059570202159743,-0.01164372
2022-07-28 04:00:00,AAPL,AAPL_647,0.0537654345530342,0.055620886
2022-07-29 04:00:00,AAPL,AAPL_647,0.0174759195906577,0.041421223
2022-08-01 04:00:00,AAPL,AAPL_647,0.020803669894307,0.045033805
2022-08-02 04:00:00,AAPL,AAPL_647,0.0306856060913096,0.04852917
2022-08-03 04:00:00,AAPL,AAPL_647,0.0187202824230658,0.02677047
2022-08-04 04:00:00,AAPL,AAPL_652,0.0161631263134374,0.023208283
2022-08-05 04:00:00,AAPL,AAPL_652,0.0408224962252148,0.03207533
2022-08-08 04:00:00,AAPL,AAPL_652,0.0504640478596787,0.03783267
2022-08-09 04:00:00,AAPL,AAPL_652,0.049175361996085,0.042352587
2022-08-10 04:00:00,AAPL,AAPL_652,0.0313755458889313,0.030377425
2022-08-11 04:00:00,AAPL,AAPL_657,0.0335924281488015,0.03291809
2022-08-12 04:00:00,AAPL,AAPL_657,-0.0033701441631898,0.019080803
2022-08-15 04:00:00,AAPL,AAPL_657,-0.0324498818520939,0.000882364
2022-08-16 04:00:00,AAPL,AAPL_657,-0.0335202166830956,-0.011062004
2022-08-17 04:00:00,AAPL,AAPL_657,-0.0402177264378469,-0.024936337
2022-08-18 04:00:00,AAPL,AAPL_662,-0.0236577390845987,-0.036832724
2022-08-19 04:00:00,AAPL,AAPL_662,-0.0460588208867124,-0.009744729
2022-08-22 04:00:00,AAPL,AAPL_662,-0.0369397993128309,0.02720932
2022-08-23 04:00:00,AAPL,AAPL_662,-0.0497517926089354,0.0298382
2022-08-24 04:00:00,AAPL,AAPL_662,-0.0615412023740064,0.019624386
2022-08-25 04:00:00,AAPL,AAPL_667,-0.0709874266428528,-0.07229935
2022-08-26 04:00:00,AAPL,AAPL_667,-0.0477325375361372,-0.038774204
2022-08-29 04:00:00,AAPL,AAPL_667,-0.0424464363381933,-0.02276094
2022-08-30 04:00:00,AAPL,AAPL_667,-0.018563947393235,-0.010020974
2022-08-31 04:00:00,AAPL,AAPL_667,-0.0175549833698417,-0.006041772
2022-09-01 04:00:00,AAPL,AAPL_672,-0.0037351960724365,-0.029423786
2022-09-02 04:00:00,AAPL,AAPL_672,0.048905687931366,-0.021636963
2022-09-06 04:00:00,AAPL,AAPL_672,-0.0044651682317795,-0.015921349
2022-09-07 04:00:00,AAPL,AAPL_672,-0.0041677938400321,-0.021706566
2022-09-08 04:00:00,AAPL,AAPL_672,-0.0135310857557541,-0.004664452
2022-09-09 04:00:00,AAPL,AAPL_677,-0.042384179804914,-0.040485434
2022-09-12 04:00:00,AAPL,AAPL_677,-0.0547634910930794,-0.046794247
2022-09-13 04:00:00,AAPL,AAPL_677,0.0198907802355432,-0.033213712
2022-09-14 04:00:00,AAPL,AAPL_677,-0.0102375659190309,-0.032233745
2022-09-15 04:00:00,AAPL,AAPL_677,0.0024283677090886,-0.026166406
2022-09-16 04:00:00,AAPL,AAPL_682,-0.0017916674049679,0.0072617102
2022-09-19 04:00:00,AAPL,AAPL_682,-0.0240159992082181,-0.03145811
2022-09-20 04:00:00,AAPL,AAPL_682,-0.0327597169509106,-0.045063775
2022-09-21 04:00:00,AAPL,AAPL_682,-0.0252407289357342,-0.042229123
2022-09-22 04:00:00,AAPL,AAPL_682,-0.0671730352012078,-0.037568375
2022-09-23 04:00:00,AAPL,AAPL_687,-0.081300248108754,-0.0400936
2022-09-26 04:00:00,AAPL,AAPL_687,-0.0551834389364572,-0.016843706
2022-09-27 04:00:00,AAPL,AAPL_687,-0.0372956550355262,-0.007304663
2022-09-28 04:00:00,AAPL,AAPL_687,-0.0229578385309687,0.013067918
2022-09-29 04:00:00,AAPL,AAPL_687,0.0207046395052075,0.017051052
2022-09-30 04:00:00,AAPL,AAPL_692,0.013675828012907,0.058746114
2022-10-03 04:00:00,AAPL,AAPL_692,-0.0142506059865655,0.027158935
2022-10-04 04:00:00,AAPL,AAPL_692,-0.0487338129947225,-0.009459045
2022-10-05 04:00:00,AAPL,AAPL_692,-0.0550546304277359,-0.006853082
2022-10-06 04:00:00,AAPL,AAPL_692,-0.0167777439696146,-0.006343029
2022-10-07 04:00:00,AAPL,AAPL_697,-0.0122063780411108,0.0016717564
2022-10-10 04:00:00,AAPL,AAPL_697,0.0141718097074021,0.013537437
2022-10-11 04:00:00,AAPL,AAPL_697,0.0343215169024195,0.05580677
2022-10-12 04:00:00,AAPL,AAPL_697,0.0399017234247898,0.06270349
2022-10-13 04:00:00,AAPL,AAPL_697,0.002797355627093,0.029002696
2022-10-14 04:00:00,AAPL,AAPL_702,0.0642433810952454,0.034564693
2022-10-17 04:00:00,AAPL,AAPL_702,0.0494346822912548,0.0006137593
2022-10-18 04:00:00,AAPL,AAPL_702,0.059756496263587,-0.012395738
2022-10-19 04:00:00,AAPL,AAPL_702,0.03816214006584,-0.01455745
2022-10-20 04:00:00,AAPL,AAPL_702,0.0098333472913814,-0.013065819
2022-10-21 04:00:00,AAPL,AAPL_707,0.0575134173625266,-0.005012364
2022-10-24 04:00:00,AAPL,AAPL_707,0.0260287686121241,-0.017656144
2022-10-25 04:00:00,AAPL,AAPL_707,-0.0110936226994374,-0.0234764
2022-10-26 04:00:00,AAPL,AAPL_707,-0.0289253910122007,-0.03904265
2022-10-27 04:00:00,AAPL,AAPL_707,-0.04088396439349,-0.03230906
2022-10-28 04:00:00,AAPL,AAPL_712,-0.1114678309878032,-0.071035646
2022-10-31 04:00:00,AAPL,AAPL_712,-0.0940393798964902,-0.05713004
2022-11-01 04:00:00,AAPL,AAPL_712,-0.0740125744986477,-0.04263229
2022-11-02 04:00:00,AAPL,AAPL_712,-0.0700544973290017,-0.03640797
2022-11-03 04:00:00,AAPL,AAPL_712,0.0575316096879243,-0.026548184
2022-11-04 04:00:00,AAPL,AAPL_717,0.0818036686370697,0.053446382
2022-11-07 05:00:00,AAPL,AAPL_717,0.0673769128543217,0.04948886
2022-11-08 05:00:00,AAPL,AAPL_717,0.0755555074274754,0.042197466
2022-11-09 05:00:00,AAPL,AAPL_717,0.1032104891592109,0.05683203
2022-11-10 05:00:00,AAPL,AAPL_717,0.0262137007660667,0.024706818
2022-11-11 05:00:00,AAPL,AAPL_722,0.0106212182385037,0.016151765
2022-11-14 05:00:00,AAPL,AAPL_722,-0.0018209082457764,0.013365705
2022-11-15 05:00:00,AAPL,AAPL_722,0.0009330804846241,0.00048178487
2022-11-16 05:00:00,AAPL,AAPL_722,0.0153237054974613,0.0032823842
2022-11-17 05:00:00,AAPL,AAPL_722,-0.0173168828902122,-0.006243577
2022-11-18 05:00:00,AAPL,AAPL_727,-0.0467313925519072,-0.017686062
2022-11-21 05:00:00,AAPL,AAPL_727,-0.0462130706827011,0.0030950934
2022-11-22 05:00:00,AAPL,AAPL_727,-0.0143161140054516,-0.011149125
2022-11-23 05:00:00,AAPL,AAPL_727,-0.0182697400662833,-0.016764596
2022-11-25 05:00:00,AAPL,AAPL_727,-0.0020255421681285,0.005918848
2022-11-28 05:00:00,AAPL,AAPL_732,0.0167106063077984,0.0073087746
2022-11-29 05:00:00,AAPL,AAPL_732,0.0123256039932913,0.053330705
2022-11-30 05:00:00,AAPL,AAPL_732,-0.0478956724742081,0.018333264
2022-12-01 05:00:00,AAPL,AAPL_732,-0.0381633319080411,0.010679203
2022-12-02 05:00:00,AAPL,AAPL_732,-0.038224707325664,-0.002521369
2022-12-05 05:00:00,AAPL,AAPL_737,-0.0145945530818111,-0.028099496
2022-12-06 05:00:00,AAPL,AAPL_737,0.0179133545097829,0.008976469
2022-12-07 05:00:00,AAPL,AAPL_737,0.0161061744936796,0.037465516
2022-12-08 05:00:00,AAPL,AAPL_737,-0.0431124722020471,0.028612465
2022-12-09 05:00:00,AAPL,AAPL_737,-0.0538126685298646,0.023099087
2022-12-12 05:00:00,AAPL,AAPL_742,-0.0838813060779485,-0.056449767
2022-12-13 05:00:00,AAPL,AAPL_742,-0.0905341174017325,-0.05452192
2022-12-14 05:00:00,AAPL,AAPL_742,-0.0541862258349687,-0.05114801
2022-12-15 05:00:00,AAPL,AAPL_742,-0.0312820825821313,-0.0028016402
2022-12-16 05:00:00,AAPL,AAPL_742,-0.0197010928905339,0.010712646
2022-12-19 05:00:00,AAPL,AAPL_747,-0.0176776945244956,0.0010524723
2022-12-20 05:00:00,AAPL,AAPL_747,-0.0473167195149758,0.012619515
2022-12-21 05:00:00,AAPL,AAPL_747,-0.0431155147247599,-0.00097282964
2022-12-22 05:00:00,AAPL,AAPL_747,-0.0173939584517343,0.025089405
2022-12-23 05:00:00,AAPL,AAPL_747,-0.0514940155020315,0.03771346
2022-12-27 05:00:00,AAPL,AAPL_752,-0.0282242421241154,-0.029295238
2022-12-28 05:00:00,AAPL,AAPL_752,-0.0080927028328454,0.0025167193
2022-12-29 05:00:00,AAPL,AAPL_752,7.711215792660653e-05,-0.013852088
2022-12-30 05:00:00,AAPL,AAPL_752,0.0016932289163757,-0.011210948
2023-01-03 05:00:00,AAPL,AAPL_752,0.0452546257817658,0.009071298
2023-01-04 05:00:00,AAPL,AAPL_757,0.0564261225733833,0.031282656
2023-01-05 05:00:00,AAPL,AAPL_757,0.0671093204633219,0.042337917
2023-01-06 05:00:00,AAPL,AAPL_757,0.0396543711099621,0.0110998135
2023-01-09 05:00:00,AAPL,AAPL_757,0.0444871979750303,0.008265303
2023-01-10 05:00:00,AAPL,AAPL_757,0.0342691894189697,0.009209406
2023-01-11 05:00:00,AAPL,AAPL_762,0.0133343224664712,0.016100695
2023-01-12 05:00:00,AAPL,AAPL_762,0.0334307123352912,0.019870158
2023-01-13 05:00:00,AAPL,AAPL_762,0.0471208545737473,0.019395776
2023-01-17 05:00:00,AAPL,AAPL_762,0.0484772415737677,-0.00038203818
2023-01-18 05:00:00,AAPL,AAPL_762,0.0491827051717936,0.0074809273
2023-01-19 05:00:00,AAPL,AAPL_767,0.0642419026165095,0.047915056
2023-01-20 05:00:00,AAPL,AAPL_767,0.0584608532969255,0.036268257
2023-01-23 05:00:00,AAPL,AAPL_767,0.0133938018671497,0.023921605
2023-01-24 05:00:00,AAPL,AAPL_767,0.0123482391209532,0.021761116
2023-01-25 05:00:00,AAPL,AAPL_767,0.0251656002401652,0.027217166
2023-01-26 05:00:00,AAPL,AAPL_772,0.0476521276078181,0.015769532
2023-01-27 05:00:00,AAPL,AAPL_772,0.0587268399530389,0.014336897
2023-01-30 05:00:00,AAPL,AAPL_772,0.0610489211716018,0.029356394
2023-01-31 05:00:00,AAPL,AAPL_772,0.0717998551001888,0.02401338
2023-02-01 05:00:00,AAPL,AAPL_772,0.0446263207042356,0.021392472
2023-02-02 05:00:00,AAPL,AAPL_777,0.0003314400645884,0.037630733
2023-02-03 05:00:00,AAPL,AAPL_777,-0.0225890323182139,0.02915272
2023-02-06 05:00:00,AAPL,AAPL_777,0.0139722562161239,0.03635422
2023-02-07 05:00:00,AAPL,AAPL_777,-0.009375990982662,0.030450672
2023-02-08 05:00:00,AAPL,AAPL_777,0.022446048599324,0.03906002
2023-02-09 05:00:00,AAPL,AAPL_782,0.0188242307191282,0.029239085
2023-02-10 05:00:00,AAPL,AAPL_782,0.0101980570885469,0.03281503
2023-02-13 05:00:00,AAPL,AAPL_782,-0.0349041934542624,0.032939773
2023-02-14 05:00:00,AAPL,AAPL_782,-0.0280025676996727,0.036740582
2023-02-15 05:00:00,AAPL,AAPL_782,-0.0381768355415337,0.03730607
2023-02-16 05:00:00,AAPL,AAPL_787,-0.0455403011791586,-0.02344308
2023-02-17 05:00:00,AAPL,AAPL_787,-0.0303507360877706,-0.021711968
2023-02-21 05:00:00,AAPL,AAPL_787,-0.0072063045273326,-0.013927558
2023-02-22 05:00:00,AAPL,AAPL_787,-0.0241757169765731,-0.016092584
2023-02-23 05:00:00,AAPL,AAPL_787,-0.0233600426837575,-0.02030068
2023-02-24 05:00:00,AAPL,AAPL_792,0.0294457901147471,-0.009751149
2023-02-27 05:00:00,AAPL,AAPL_792,0.0399540544569188,-0.01998335
2023-02-28 05:00:00,AAPL,AAPL_792,0.0284241390496842,-0.017994989
2023-03-01 05:00:00,AAPL,AAPL_792,0.0520266856074049,-0.0064101266
2023-03-02 05:00:00,AAPL,AAPL_792,0.0320745155117596,-0.014921197
2023-03-03 05:00:00,AAPL,AAPL_797,-0.0167516308001433,-0.0026573536
2023-03-06 05:00:00,AAPL,AAPL_797,-0.0218422971485219,-0.017060168
2023-03-07 05:00:00,AAPL,AAPL_797,0.0065302783279508,-0.0034504333
2023-03-08 05:00:00,AAPL,AAPL_797,0.0007850486021443,0.007638296
2023-03-09 05:00:00,AAPL,AAPL_797,0.0349293438710411,0.019556854
2023-03-10 05:00:00,AAPL,AAPL_802,0.0437710437710436,0.046099745
2023-03-13 04:00:00,AAPL,AAPL_802,0.0460556431153118,0.030529227
2023-03-14 04:00:00,AAPL,AAPL_802,0.0438429949666694,0.016630849
2023-03-15 04:00:00,AAPL,AAPL_802,0.0316360295712707,0.018523755
2023-03-16 04:00:00,AAPL,AAPL_802,0.0197625053041057,0.010316638
2023-03-17 04:00:00,AAPL,AAPL_807,0.0338709677419355,0.024496015
2023-03-20 04:00:00,AAPL,AAPL_807,0.0055908825726591,0.017098825
2023-03-21 04:00:00,AAPL,AAPL_807,-0.0102335817133643,0.008752966
2023-03-22 04:00:00,AAPL,AAPL_807,0.01862765258378,0.022089263
2023-03-23 04:00:00,AAPL,AAPL_807,0.0215818793974751,0.017421402
2023-03-24 04:00:00,AAPL,AAPL_812,0.0290171225989663,0.0033471794
2023-03-27 04:00:00,AAPL,AAPL_812,0.0498483665055502,0.028830076
2023-03-28 04:00:00,AAPL,AAPL_812,0.0506185302586685,0.031677
2023-03-29 04:00:00,AAPL,AAPL_812,0.0185979359016983,0.008831006
2023-03-30 04:00:00,AAPL,AAPL_812,0.0141660694944045,-0.0036481717
2023-03-31 04:00:00,AAPL,AAPL_817,-0.017404458601673,0.0069924397
2023-04-03 04:00:00,AAPL,AAPL_817,-0.0323162735533512,0.0017945542
2023-04-04 04:00:00,AAPL,AAPL_817,-0.033387662961246,0.0033203973
2023-04-05 04:00:00,AAPL,AAPL_817,0.010991714167911,0.0191144
2023-04-06 04:00:00,AAPL,AAPL_817,0.0033402346624893,0.00853883
2023-04-10 04:00:00,AAPL,AAPL_822,0.0197494104323294,0.028545622
2023-04-11 04:00:00,AAPL,AAPL_822,0.0352611819734871,0.036020115
2023-04-12 04:00:00,AAPL,AAPL_822,0.0470330948921278,0.032224588
2023-04-13 04:00:00,AAPL,AAPL_822,0.0065836938509549,0.0030618694
2023-04-14 04:00:00,AAPL,AAPL_822,-0.0011500661805269,-0.0027031917
2023-04-17 04:00:00,AAPL,AAPL_827,0.0006052539254466,-0.0028263154
2023-04-18 04:00:00,AAPL,AAPL_827,-0.0162191201324169,-0.0140552195
2023-04-19 04:00:00,AAPL,AAPL_827,-0.02308662091063,-0.02274838
2023-04-20 04:00:00,AAPL,AAPL_827,0.0105611150920188,-0.007425189
2023-04-21 04:00:00,AAPL,AAPL_827,0.0282389303276608,0.01280465
2023-04-24 04:00:00,AAPL,AAPL_832,0.0257666150103179,0.029350009
2023-04-25 04:00:00,AAPL,AAPL_832,0.0291261457484981,0.04316224
2023-04-26 04:00:00,AAPL,AAPL_832,0.0225329907497782,0.04056861
2023-04-27 04:00:00,AAPL,AAPL_832,-0.0155573322190125,-0.006396123
2023-04-28 04:00:00,AAPL,AAPL_832,0.0229255941557613,-0.015754417
2023-05-01 04:00:00,AAPL,AAPL_837,0.0230556267854331,0.011064116
2023-05-02 04:00:00,AAPL,AAPL_837,0.0191646559570255,0.014584091
2023-05-03 04:00:00,AAPL,AAPL_837,0.0364885083410311,0.01923042
2023-05-04 04:00:00,AAPL,AAPL_837,0.0480125884324587,0.023613922
2023-05-05 04:00:00,AAPL,AAPL_837,-0.005761364047949,-0.016931456
2023-05-08 04:00:00,AAPL,AAPL_842,-0.0082420327134365,-0.0008170198
2023-05-09 04:00:00,AAPL,AAPL_842,0.0017465392344169,0.016869415
2023-05-10 04:00:00,AAPL,AAPL_842,-0.0050126476689641,0.007217521
2023-05-11 04:00:00,AAPL,AAPL_842,0.007482031952563,0.0013917165
2023-05-12 04:00:00,AAPL,AAPL_842,0.0150083805294429,0.011456161
2023-05-15 04:00:00,AAPL,AAPL_847,0.0123786222662851,0.017634667
2023-05-16 04:00:00,AAPL,AAPL_847,-0.0029639666642428,0.01721333
2023-05-17 04:00:00,AAPL,AAPL_847,-0.004922150046318,0.010900715
2023-05-18 04:00:00,AAPL,AAPL_847,-0.0117680521147129,-0.0035197577
2023-05-19 04:00:00,AAPL,AAPL_847,0.0015413850652383,-0.00788258
2023-05-22 04:00:00,AAPL,AAPL_852,0.0177956725477825,-0.00033342338
2023-05-23 04:00:00,AAPL,AAPL_852,0.0331662539192034,0.015501754
2023-05-24 04:00:00,AAPL,AAPL_852,0.0480097775594567,0.012274024
2023-05-25 04:00:00,AAPL,AAPL_852,0.0460141696185603,0.014290491
2023-05-26 04:00:00,AAPL,AAPL_852,0.0236562123270633,0.0028134112
2023-05-30 04:00:00,AAPL,AAPL_857,0.0107727221050966,0.010947774
2023-05-31 04:00:00,AAPL,AAPL_857,0.0032158382184415,0.010120717
2023-06-01 04:00:00,AAPL,AAPL_857,0.0026653950585211,-0.007847819
2023-06-02 04:00:00,AAPL,AAPL_857,5.531785462187244e-05,-0.013389238
2023-06-05 04:00:00,AAPL,AAPL_857,0.0234435427784369,0.0039545298
2023-06-06 04:00:00,AAPL,AAPL_862,0.0228781356571941,0.024570562
2023-06-07 04:00:00,AAPL,AAPL_862,0.0344730028767046,0.03394572
2023-06-08 04:00:00,AAPL,AAPL_862,0.0301267484186871,0.017734928
2023-06-09 04:00:00,AAPL,AAPL_862,0.0218832410928213,0.014830802
2023-06-12 04:00:00,AAPL,AAPL_862,0.0066380176574891,0.0025334407
2023-06-13 04:00:00,AAPL,AAPL_867,0.0035459558340003,0.007344837
2023-06-14 04:00:00,AAPL,AAPL_867,0.0165806094175473,0.0028744512
2023-06-15 04:00:00,AAPL,AAPL_867,0.0036019471465584,-0.006461081
2023-06-16 04:00:00,AAPL,AAPL_867,0.0018927433862281,0.003034378
2023-06-20 04:00:00,AAPL,AAPL_867,0.0164856123577961,0.00022339911
2023-06-21 04:00:00,AAPL,AAPL_872,0.0287562138131518,0.022076976
2023-06-22 04:00:00,AAPL,AAPL_872,0.0138502477962068,0.009411022
2023-06-23 04:00:00,AAPL,AAPL_872,0.0390508293922149,0.010430214
2023-06-26 04:00:00,AAPL,AAPL_872,0.038808238115181,0.025985844
2023-06-27 04:00:00,AAPL,AAPL_872,0.0173880905823269,0.01203705
2023-06-28 04:00:00,AAPL,AAPL_877,0.0135270676808121,0.01862368
2023-06-29 04:00:00,AAPL,AAPL_877,0.005749229173189,0.017938618
2023-06-30 04:00:00,AAPL,AAPL_877,-0.0276331421179546,0.002105332
2023-07-03 04:00:00,AAPL,AAPL_877,-0.0227580002598893,0.012900034
2023-07-05 04:00:00,AAPL,AAPL_877,-0.0081534393125196,0.024265613
2023-07-06 04:00:00,AAPL,AAPL_882,-0.0066211578573891,-0.008361617
2023-07-07 04:00:00,AAPL,AAPL_882,5.249510179083927e-05,0.0057203835
2023-07-10 04:00:00,AAPL,AAPL_882,0.0285244942760327,0.02300831
2023-07-11 04:00:00,AAPL,AAPL_882,0.0300403755927198,0.023963574
2023-07-12 04:00:00,AAPL,AAPL_882,0.0280866402015893,0.027479917
2023-07-13 04:00:00,AAPL,AAPL_887,0.013593007704111,0.026324593
2023-07-14 04:00:00,AAPL,AAPL_887,0.0065551417693441,0.023488209
2023-07-17 04:00:00,AAPL,AAPL_887,-0.0063921102018206,0.0038664807
2023-07-18 04:00:00,AAPL,AAPL_887,-0.0005678037102021,0.007944491
2023-07-19 04:00:00,AAPL,AAPL_887,-0.0030753771642489,0.0025007639
2023-07-20 04:00:00,AAPL,AAPL_892,0.0004659883788913,0.0114768585
2023-07-21 04:00:00,AAPL,AAPL_892,0.0202667465883561,0.02371265
2023-07-24 04:00:00,AAPL,AAPL_892,0.0191958337133186,0.018513111
2023-07-25 04:00:00,AAPL,AAPL_892,0.0102778924870834,0.01247005
2023-07-26 04:00:00,AAPL,AAPL_892,-0.0098714558814668,0.00924199
2023-07-27 04:00:00,AAPL,AAPL_897,-0.0106096834634433,0.012229424
2023-07-28 04:00:00,AAPL,AAPL_897,-0.0706735240181969,-0.0023252312
2023-07-31 04:00:00,AAPL,AAPL_897,-0.0895901813089035,-0.006182211
2023-08-01 04:00:00,AAPL,AAPL_897,-0.0808240760148391,0.0024752065
2023-08-02 04:00:00,AAPL,AAPL_897,-0.0747221894943817,0.030105317
2023-08-03 04:00:00,AAPL,AAPL_902,-0.0690484755697741,-0.06115686
2023-08-04 04:00:00,AAPL,AAPL_902,-0.0230782574880962,-0.022249252
2023-08-07 04:00:00,AAPL,AAPL_902,0.0034106826364797,-0.022082381
2023-08-08 04:00:00,AAPL,AAPL_902,-0.0130701115885918,-0.026163373
2023-08-09 04:00:00,AAPL,AAPL_902,-0.0090913917447204,-0.0210463
2023-08-10 04:00:00,AAPL,AAPL_907,-0.0223071371212717,-0.015671141
2023-08-11 04:00:00,AAPL,AAPL_907,-0.0185611559569485,-0.022915196
2023-08-14 04:00:00,AAPL,AAPL_907,-0.020171683052193,-0.036535427
2023-08-15 04:00:00,AAPL,AAPL_907,-0.0012397927556306,-0.031228771
2023-08-16 04:00:00,AAPL,AAPL_907,0.02576874669668,-0.03151089
2023-08-17 04:00:00,AAPL,AAPL_912,0.013678188981681,0.034223884
2023-08-18 04:00:00,AAPL,AAPL_912,0.0236116395637853,0.03388706
2023-08-21 04:00:00,AAPL,AAPL_912,0.024738433769964,0.02477938
2023-08-22 04:00:00,AAPL,AAPL_912,0.0388760342816947,0.013731165
2023-08-23 04:00:00,AAPL,AAPL_912,0.0360534394618987,-0.0051889806
2023-08-24 04:00:00,AAPL,AAPL_917,0.0651433831289947,0.0401711
2023-08-25 04:00:00,AAPL,AAPL_917,0.0607469126389264,0.03729973
2023-08-28 04:00:00,AAPL,AAPL_917,0.0527775924190265,0.031607103
2023-08-29 04:00:00,AAPL,AAPL_917,-0.0065717547641039,0.018919887
2023-08-30 04:00:00,AAPL,AAPL_917,-0.0537702993129683,0.00375995
2023-08-31 04:00:00,AAPL,AAPL_922,-0.0515782333169377,-0.062862396
2023-09-01 04:00:00,AAPL,AAPL_922,-0.0533094360055059,-0.045153566
2023-09-05 04:00:00,AAPL,AAPL_922,-0.0706378181974374,-0.046985462
2023-09-06 04:00:00,AAPL,AAPL_922,-0.0475643582858031,-0.030330095
2023-09-07 04:00:00,AAPL,AAPL_922,-0.0102500117732267,-0.02073795
2023-09-08 04:00:00,AAPL,AAPL_927,-0.0177909883222044,-0.012987753
2023-09-11 04:00:00,AAPL,AAPL_927,-0.0077497735555215,-0.024719175
2023-09-12 04:00:00,AAPL,AAPL_927,0.0157118787550316,-0.01937227
2023-09-13 04:00:00,AAPL,AAPL_927,0.0073474469316749,-0.016030282
2023-09-14 04:00:00,AAPL,AAPL_927,-0.0102993784044989,-0.022011295
2023-09-15 04:00:00,AAPL,AAPL_932,-0.0012570780390175,-0.0061589424
2023-09-18 04:00:00,AAPL,AAPL_932,-0.0106197638741634,-0.02280429
2023-09-19 04:00:00,AAPL,AAPL_932,-0.0397051450245289,-0.02541253
2023-09-20 04:00:00,AAPL,AAPL_932,-0.0288336239044674,-0.0077443784
2023-09-21 04:00:00,AAPL,AAPL_932,-0.0186281283896481,0.008127159
2023-09-22 04:00:00,AAPL,AAPL_937,-0.0204816448868737,-0.007379004
2023-09-25 04:00:00,AAPL,AAPL_937,-0.0132326317970525,-0.014414471
2023-09-26 04:00:00,AAPL,AAPL_937,0.0025586599525393,-0.0007224034
2023-09-27 04:00:00,AAPL,AAPL_937,0.0189521277071973,0.008462265
2023-09-28 04:00:00,AAPL,AAPL_937,0.0247231891753691,0.011836413
2023-09-29 04:00:00,AAPL,AAPL_942,0.0366800918931815,0.023974657
2023-10-02 04:00:00,AAPL,AAPL_942,0.0301583049966276,0.010903821
2023-10-03 04:00:00,AAPL,AAPL_942,0.0347448126753455,0.020257637
2023-10-04 04:00:00,AAPL,AAPL_942,0.0353564393652499,0.016526094
2023-10-05 04:00:00,AAPL,AAPL_942,0.0331599275645906,0.014606905
2023-10-06 04:00:00,AAPL,AAPL_947,0.00766240671734,0.015083027
2023-10-09 04:00:00,AAPL,AAPL_947,-0.0015084879835441,-0.004692008
2023-10-10 04:00:00,AAPL,AAPL_947,-0.006951093096063,-0.0036426256
2023-10-11 04:00:00,AAPL,AAPL_947,-0.0220245086020784,-0.014647211
2023-10-12 04:00:00,AAPL,AAPL_947,-0.0290520713017998,-0.029201023
2023-10-13 04:00:00,AAPL,AAPL_952,-0.0333799329995425,-0.018188395
2023-10-16 04:00:00,AAPL,AAPL_952,-0.0320053781425361,-0.012873774
2023-10-17 04:00:00,AAPL,AAPL_952,-0.0209426564092687,-0.004224742
2023-10-18 04:00:00,AAPL,AAPL_952,-0.0269562689552537,0.0058718035
2023-10-19 04:00:00,AAPL,AAPL_952,-0.048843081022984,0.008367246
2023-10-20 04:00:00,AAPL,AAPL_957,-0.0269551337950746,-0.030639563
2023-10-23 04:00:00,AAPL,AAPL_957,-0.0156647786928739,-0.03025415
2023-10-24 04:00:00,AAPL,AAPL_957,-0.0153943619197498,-0.030069295
2023-10-25 04:00:00,AAPL,AAPL_957,0.0167737873454612,-0.018788649
2023-10-26 04:00:00,AAPL,AAPL_957,0.063994295485825,-0.004571078
2023-10-27 04:00:00,AAPL,AAPL_962,0.0501129034277034,0.056922823
2023-10-30 04:00:00,AAPL,AAPL_962,0.0524986951311028,0.038220387
2023-10-31 04:00:00,AAPL,AAPL_962,0.0647069319862971,0.033369485
2023-11-01 04:00:00,AAPL,AAPL_962,0.0512731971394835,0.007818377
2023-11-02 04:00:00,AAPL,AAPL_962,0.0272568347032469,-0.014035798
2023-11-03 04:00:00,AAPL,AAPL_967,0.0551938881227103,0.019598069
2023-11-06 05:00:00,AAPL,AAPL_967,0.0310774282039605,-0.0016484869
2023-11-07 05:00:00,AAPL,AAPL_967,0.0309096628027629,-0.027252562
2023-11-08 05:00:00,AAPL,AAPL_967,0.0279949430492334,-0.052564908
2023-11-09 05:00:00,AAPL,AAPL_967,0.0400197516868656,-0.05723107
2023-11-10 05:00:00,AAPL,AAPL_972,0.0176502610120734,0.016733263
2023-11-13 05:00:00,AAPL,AAPL_972,0.0359848148629189,0.029758494
2023-11-14 05:00:00,AAPL,AAPL_972,0.0170721132445701,0.014811757
2023-11-15 05:00:00,AAPL,AAPL_972,0.0175522746033467,0.006683245
2023-11-16 05:00:00,AAPL,AAPL_972,0.0013704838840056,-0.004784844
2023-11-17 05:00:00,AAPL,AAPL_977,0.0005271276474227,0.0022433007
2023-11-20 05:00:00,AAPL,AAPL_977,-0.005484476722356,-0.008919559
2023-11-21 05:00:00,AAPL,AAPL_977,-0.0066617933095204,-0.008215872
2023-11-22 05:00:00,AAPL,AAPL_977,-0.0071088841550738,-0.012966871
2023-11-24 05:00:00,AAPL,AAPL_977,0.0066852885418762,0.008100314
2023-11-27 05:00:00,AAPL,AAPL_982,-0.0018968366251471,0.005815471
2023-11-28 05:00:00,AAPL,AAPL_982,0.0158613674856671,0.003466225
2023-11-29 05:00:00,AAPL,AAPL_982,0.0155780339182334,0.010004552
2023-11-30 05:00:00,AAPL,AAPL_982,0.0227428659838084,0.009109468
2023-12-01 05:00:00,AAPL,AAPL_982,0.0233737768892863,0.0027548047
2023-12-04 05:00:00,AAPL,AAPL_987,0.0197962315630677,0.027259093
2023-12-05 05:00:00,AAPL,AAPL_987,0.0066694682924932,0.00946151
2023-12-06 05:00:00,AAPL,AAPL_987,0.0293261188376534,0.016006375
2023-12-07 05:00:00,AAPL,AAPL_987,0.0197662853422555,0.008396515
2023-12-08 05:00:00,AAPL,AAPL_987,0.0095038605413311,0.0023958809
2023-12-11 05:00:00,AAPL,AAPL_992,0.0140284026121455,0.025381876
2023-12-12 05:00:00,AAPL,AAPL_992,0.0114529076608584,0.017776787
2023-12-13 05:00:00,AAPL,AAPL_992,-0.0158112991344592,0.00027616456
2023-12-14 05:00:00,AAPL,AAPL_992,-0.0173136536469785,-0.018629834
2023-12-15 05:00:00,AAPL,AAPL_992,-0.0200941492814152,-0.03002218
2023-12-18 05:00:00,AAPL,AAPL_997,-0.0144979138635941,-0.0119703105
2023-12-19 05:00:00,AAPL,AAPL_997,-0.0192444830808279,-0.023165472
2023-12-20 05:00:00,AAPL,AAPL_997,-0.0064158496548387,-0.014409827
2023-12-21 05:00:00,AAPL,AAPL_997,-0.0110437331897015,-0.025501091
2023-12-22 05:00:00,AAPL,AAPL_997,-0.0411157358621726,-0.034153245
2023-12-26 05:00:00,AMZN,AMZN_1002,-0.032201305804586,-0.0154127255
2023-12-27 05:00:00,AMZN,AMZN_1002,-0.0571930952335936,-0.017906882
2023-12-28 05:00:00,AMZN,AMZN_1002,-0.0530707988689117,-0.01824809
2023-12-29 05:00:00,AMZN,AMZN_1002,-0.0186915643823675,-0.0058250115
2024-01-02 05:00:00,AMZN,AMZN_1002,0.0096044988444721,0.012077725
2024-01-03 05:00:00,AMZN,AMZN_1007,0.0354279953094152,0.025673078
2024-01-04 05:00:00,AMZN,AMZN_1007,0.073389948219122,0.023162384
2024-01-05 05:00:00,AMZN,AMZN_1007,0.0645826856875526,0.0021785628
2024-01-08 05:00:00,AMZN,AMZN_1007,0.0272300294593885,-0.0008212027
2024-01-09 05:00:00,AMZN,AMZN_1007,0.0022462284973745,0.013490991
2024-01-10 05:00:00,AMZN,AMZN_1012,-0.0014961018274318,-0.009362549
2024-01-11 05:00:00,AMZN,AMZN_1012,0.0010310843514709,-0.017817482
2024-01-12 05:00:00,AMZN,AMZN_1012,0.0010348186985007,-0.016456543
2024-01-16 05:00:00,AMZN,AMZN_1012,0.0186732863800467,-0.010294316
2024-01-17 05:00:00,AMZN,AMZN_1012,0.0340121822883596,-0.0024929629
2024-01-18 05:00:00,AMZN,AMZN_1017,0.0276872964169381,0.0215153
2024-01-19 05:00:00,AMZN,AMZN_1017,0.0243337122982463,0.0026442932
2024-01-22 05:00:00,AMZN,AMZN_1017,0.0418658468706862,0.007487635
2024-01-23 05:00:00,AMZN,AMZN_1017,0.0191000874627271,-0.0032141102
2024-01-24 05:00:00,AMZN,AMZN_1017,-0.0106457462926403,-0.013389818
2024-01-25 05:00:00,AMZN,AMZN_1022,0.0096988829115491,-0.015961211
2024-01-26 05:00:00,AMZN,AMZN_1022,0.0797511490121678,-0.028864397
2024-01-29 05:00:00,AMZN,AMZN_1022,0.0561205714996733,-0.041411005
2024-01-30 05:00:00,AMZN,AMZN_1022,0.0638364396005306,-0.023460282
2024-01-31 05:00:00,AMZN,AMZN_1022,0.0987757869361756,-0.0054683806
2024-02-01 05:00:00,AMZN,AMZN_1027,0.066298327721775,0.072105154
2024-02-02 05:00:00,AMZN,AMZN_1027,0.0153658077362355,0.026068944
2024-02-05 05:00:00,AMZN,AMZN_1027,0.0119194340226471,0.037665825
2024-02-06 05:00:00,AMZN,AMZN_1027,-0.0030150430105723,0.040701646
2024-02-07 05:00:00,AMZN,AMZN_1027,0.0026388140002544,0.038057074
2024-02-08 05:00:00,AMZN,AMZN_1032,-0.000235476254093,0.0074227666
2024-02-09 05:00:00,AMZN,AMZN_1032,-0.028317583994409,-0.0023920431
2024-02-12 05:00:00,AMZN,AMZN_1032,-0.0305210317895282,0.008806754
2024-02-13 05:00:00,AMZN,AMZN_1032,-0.0002965076609273,0.023874128
2024-02-14 05:00:00,AMZN,AMZN_1032,0.0210551303864361,0.014246086
2024-02-15 05:00:00,AMZN,AMZN_1037,0.0305653848535223,0.023356944
2024-02-16 05:00:00,AMZN,AMZN_1037,0.0307946515831702,0.02334813
2024-02-20 05:00:00,AMZN,AMZN_1037,0.038664061433338,0.030820597
2024-02-21 05:00:00,AMZN,AMZN_1037,0.0271072271397376,0.023329888
2024-02-22 05:00:00,AMZN,AMZN_1037,0.0124870698414294,0.008534214
2024-02-23 05:00:00,AMZN,AMZN_1042,0.0184581726164083,0.013126148
2024-02-26 05:00:00,AMZN,AMZN_1042,0.0163109149728344,0.012054239
2024-02-27 05:00:00,AMZN,AMZN_1042,0.0033421796329009,0.021888774
2024-02-28 05:00:00,AMZN,AMZN_1042,0.0020211991067493,0.025653664
2024-02-29 05:00:00,AMZN,AMZN_1042,0.0003395158364325,0.010705905
2024-03-01 05:00:00,AMZN,AMZN_1047,-0.0161036645580164,-0.0006514245
2024-03-04 05:00:00,AMZN,AMZN_1047,-0.0316476802524995,0.0030175075
2024-03-05 05:00:00,AMZN,AMZN_1047,0.0072938450957695,0.01876836
2024-03-06 05:00:00,AMZN,AMZN_1047,0.0175782557104378,0.019526139
2024-03-07 05:00:00,AMZN,AMZN_1047,0.0109150129840362,0.0057891617
2024-03-08 05:00:00,AMZN,AMZN_1052,-0.0053037234228625,0.0169192
2024-03-11 04:00:00,AMZN,AMZN_1052,0.0146545063694083,0.03267229
2024-03-12 04:00:00,AMZN,AMZN_1052,0.0029077741525211,0.017423956
2024-03-13 04:00:00,AMZN,AMZN_1052,0.0090054166282085,0.014317555
2024-03-14 04:00:00,AMZN,AMZN_1052,-0.0033566775021852,0.00494652
2024-03-15 04:00:00,AMZN,AMZN_1057,0.0255131119995304,0.016130943
2024-03-18 04:00:00,AMZN,AMZN_1057,0.0299748459101012,0.01774643
2024-03-19 04:00:00,AMZN,AMZN_1057,0.0136441684965937,0.010048164
2024-03-20 04:00:00,AMZN,AMZN_1057,0.0094303002645428,0.003509832
2024-03-21 04:00:00,AMZN,AMZN_1057,0.0125176034955347,0.010770311
2024-03-22 04:00:00,AMZN,AMZN_1062,0.0117404045443161,0.007277543
2024-03-25 04:00:00,AMZN,AMZN_1062,0.0054532062262921,0.0015151028
2024-03-26 04:00:00,AMZN,AMZN_1062,0.0230510406057504,0.014552249
2024-03-27 04:00:00,AMZN,AMZN_1062,0.0009453270712025,0.0054284986
2024-03-28 04:00:00,AMZN,AMZN_1062,0.0260006780931911,0.0041656876
2024-04-01 04:00:00,AMZN,AMZN_1067,0.0233187887066244,0.0073961085
2024-04-02 04:00:00,AMZN,AMZN_1067,0.0275609920872847,0.010939825
2024-04-03 04:00:00,AMZN,AMZN_1067,0.0194067935697772,0.0010891537
2024-04-04 04:00:00,AMZN,AMZN_1067,0.0502777947319879,0.028301584
2024-04-05 04:00:00,AMZN,AMZN_1067,0.0057275491254331,-0.0069922237
2024-04-08 04:00:00,AMZN,AMZN_1072,-0.0084778190157187,0.009551978
2024-04-09 04:00:00,AMZN,AMZN_1072,-0.0126568151446215,0.01114976
2024-04-10 04:00:00,AMZN,AMZN_1072,-0.02511426859687,0.0068735937
2024-04-11 04:00:00,AMZN,AMZN_1072,-0.0519968350826391,-0.0037185117
2024-04-12 04:00:00,AMZN,AMZN_1072,-0.0617847724618091,0.016122174
2024-04-15 04:00:00,AMZN,AMZN_1077,-0.0348001283061264,-0.029086582
2024-04-16 04:00:00,AMZN,AMZN_1077,-0.0206197571844988,-0.024840511
2024-04-17 04:00:00,AMZN,AMZN_1077,-0.0258715935182468,-0.005484931
2024-04-18 04:00:00,AMZN,AMZN_1077,-0.0309675427628369,0.012912501
2024-04-19 04:00:00,AMZN,AMZN_1077,0.0285746440751897,0.03874427
2024-04-22 04:00:00,AMZN,AMZN_1082,0.0210461607868139,0.016044201
2024-04-23 04:00:00,AMZN,AMZN_1082,-0.0252868077080599,0.0053432714
2024-04-24 04:00:00,AMZN,AMZN_1082,0.0136474529253516,0.013039241
2024-04-25 04:00:00,AMZN,AMZN_1082,0.0636264361620388,0.021200044
2024-04-26 04:00:00,AMZN,AMZN_1082,0.0366886303074456,0.017308287
2024-04-29 04:00:00,AMZN,AMZN_1087,0.0427718277365751,0.027902644
2024-04-30 04:00:00,AMZN,AMZN_1087,0.0786285400390627,0.054751437
2024-05-01 04:00:00,AMZN,AMZN_1087,0.0502793296089385,0.03845264
2024-05-02 04:00:00,AMZN,AMZN_1087,0.0258769962522127,0.013756006
2024-05-03 04:00:00,AMZN,AMZN_1087,0.0068201974538528,0.0033510602
2024-05-06 04:00:00,AMZN,AMZN_1092,-0.0112877035425054,-0.011349102
2024-05-07 04:00:00,AMZN,AMZN_1092,-0.008953100401558,-0.018719416
2024-05-08 04:00:00,AMZN,AMZN_1092,-0.0106914601427442,-0.02463517
2024-05-09 04:00:00,AMZN,AMZN_1092,-0.0309762275313324,-0.031869028
2024-05-10 04:00:00,AMZN,AMZN_1092,-0.0148282421732981,-0.027509514
2024-05-13 04:00:00,AMZN,AMZN_1097,-0.0162406277490273,-0.017389663
2024-05-14 04:00:00,AMZN,AMZN_1097,-0.0209547937897944,-0.029416116
2024-05-15 04:00:00,AMZN,AMZN_1097,-0.0153771736431111,-0.027074173
2024-05-16 04:00:00,AMZN,AMZN_1097,-0.014050001429239,-0.014427025
2024-05-17 04:00:00,AMZN,AMZN_1097,-0.0213860152328485,-0.017543957
2024-05-20 04:00:00,AMZN,AMZN_1102,-0.0075732779802462,-0.014380981
2024-05-21 04:00:00,AMZN,AMZN_1102,-0.0061697497225261,-0.01110233
2024-05-22 04:00:00,AMZN,AMZN_1102,-0.0208048788129057,-0.011200156
2024-05-23 04:00:00,AMZN,AMZN_1102,-0.0254625823399388,0.0015074608
2024-05-24 04:00:00,AMZN,AMZN_1102,-0.0133333535939661,0.0020557176
2024-05-28 04:00:00,AMZN,AMZN_1107,-0.0154268331196908,-0.018524786
2024-05-29 04:00:00,AMZN,AMZN_1107,-0.0040655173925627,-0.014283862
2024-05-30 04:00:00,AMZN,AMZN_1107,0.03167517535013,-0.0056941817
2024-05-31 04:00:00,AMZN,AMZN_1107,0.0445477244479282,-0.001097386
2024-06-03 04:00:00,AMZN,AMZN_1107,0.0488953762462895,-0.00438755
2024-06-04 04:00:00,AMZN,AMZN_1112,0.0439946445341898,0.04313745
2024-06-05 04:00:00,AMZN,AMZN_1112,0.0309466055170353,0.029796107
2024-06-06 04:00:00,AMZN,AMZN_1112,-0.0063243144267314,0.0069737993
2024-06-07 04:00:00,AMZN,AMZN_1112,-0.0034725956541018,0.007090818
2024-06-10 04:00:00,AMZN,AMZN_1112,-0.0160376351927423,-0.0058573917
2024-06-11 04:00:00,AMZN,AMZN_1117,-0.0236073186444837,-0.02041442
2024-06-12 04:00:00,AMZN,AMZN_1117,-0.004227049540975,-0.020537574
2024-06-13 04:00:00,AMZN,AMZN_1117,0.0285589944389212,-0.0050214054
2024-06-14 04:00:00,AMZN,AMZN_1117,0.0103996712622491,-0.0048505305
2024-06-17 04:00:00,AMZN,AMZN_1117,0.0123872585544893,-0.007279069
2024-06-18 04:00:00,AMZN,AMZN_1122,0.0590777484600988,0.016919784
2024-06-20 04:00:00,AMZN,AMZN_1122,0.0631380957261453,-0.006786834
2024-06-21 04:00:00,AMZN,AMZN_1122,0.0220541470730006,-0.020550672
2024-06-24 04:00:00,AMZN,AMZN_1122,0.0626717096783,0.0037397398
2024-06-25 04:00:00,AMZN,AMZN_1122,0.0733068795243487,0.0036374687
2024-06-26 04:00:00,AMZN,AMZN_1127,0.0205567672898725,0.010942816
2024-06-27 04:00:00,AMZN,AMZN_1127,0.0108667871122507,-0.0053875158
2024-06-28 04:00:00,AMZN,AMZN_1127,0.0312548164871038,-0.008710107
2024-07-01 04:00:00,AMZN,AMZN_1127,0.0108519240505371,-0.0124528175
2024-07-02 04:00:00,AMZN,AMZN_1127,-0.0010500335693359,-0.009030902
2024-07-03 04:00:00,AMZN,AMZN_1132,-0.0128548678233147,0.0073595354
2024-07-05 04:00:00,AMZN,AMZN_1132,-0.0275499725341795,-0.0027363095
2024-07-08 04:00:00,AMZN,AMZN_1132,-0.0329669942634638,-0.0059478413
2024-07-09 04:00:00,AMZN,AMZN_1132,-0.0317045860416143,-0.011847848
2024-07-10 04:00:00,AMZN,AMZN_1132,-0.0593623354967836,-0.014846802
2024-07-11 04:00:00,AMZN,AMZN_1137,-0.0579338778516157,-0.033882566
2024-07-12 04:00:00,AMZN,AMZN_1137,-0.0584091741966189,-0.027921975
2024-07-15 04:00:00,AMZN,AMZN_1137,-0.05277084944234,-0.025857922
2024-07-16 04:00:00,AMZN,AMZN_1137,-0.0342451583464951,-0.017328475
2024-07-17 04:00:00,AMZN,AMZN_1137,-0.0377799772332005,-0.0097636115
2024-07-18 04:00:00,AMZN,AMZN_1142,-0.0212244565795067,-0.024085514
2024-07-19 04:00:00,AMZN,AMZN_1142,-0.0034402056791056,-0.012808394
2024-07-22 04:00:00,AMZN,AMZN_1142,0.0035606348157666,-0.0025636805
2024-07-23 04:00:00,AMZN,AMZN_1142,-0.0252132227665283,0.0037684392
2024-07-24 04:00:00,AMZN,AMZN_1142,0.0340098094022591,0.01581624
2024-07-25 04:00:00,AMZN,AMZN_1147,0.0234640037669735,0.04844319
2024-07-26 04:00:00,AMZN,AMZN_1147,-0.0800000334439212,0.04436894
2024-07-29 04:00:00,AMZN,AMZN_1147,-0.1210698310330625,0.044444732
2024-07-30 04:00:00,AMZN,AMZN_1147,-0.1088548418207527,0.0537207
2024-07-31 04:00:00,AMZN,AMZN_1147,-0.1294790459315021,0.04742779
2024-08-01 04:00:00,AMZN,AMZN_1152,-0.0992557371950356,-0.12282927
2024-08-02 04:00:00,AMZN,AMZN_1152,-0.0057176384155795,-0.029818641
2024-08-05 04:00:00,AMZN,AMZN_1152,0.0358961534339334,-0.0043881126
2024-08-06 04:00:00,AMZN,AMZN_1152,0.0512567370294161,0.007865394
2024-08-07 04:00:00,AMZN,AMZN_1152,0.0450328785319988,0.01874825
2024-08-08 04:00:00,AMZN,AMZN_1157,0.0711097290055677,0.031798072
2024-08-09 04:00:00,AMZN,AMZN_1157,0.0606205521096687,0.028246867
2024-08-12 04:00:00,AMZN,AMZN_1157,0.0684652155875662,0.028031755
2024-08-13 04:00:00,AMZN,AMZN_1157,0.0508136601795972,0.024207305
2024-08-14 04:00:00,AMZN,AMZN_1157,0.058847702220212,0.028757904
2024-08-15 04:00:00,AMZN,AMZN_1162,-0.0082211356787252,0.034085296
2024-08-16 04:00:00,AMZN,AMZN_1162,-0.0001129801916681,0.031751476
2024-08-19 04:00:00,AMZN,AMZN_1162,-0.0152620424311115,0.02749727
2024-08-20 04:00:00,AMZN,AMZN_1162,-0.0322004114959549,0.026224963
2024-08-21 04:00:00,AMZN,AMZN_1162,-0.0516906197714969,0.024317121
2024-08-22 04:00:00,AMZN,AMZN_1167,-0.0227673289868642,-0.030798413
2024-08-23 04:00:00,AMZN,AMZN_1167,0.0082467621398263,-0.03352154
2024-08-26 04:00:00,AMZN,AMZN_1167,0.0042735042735042,-0.026693905
2024-08-27 04:00:00,AMZN,AMZN_1167,0.0012130702390849,-0.016999766
2024-08-28 04:00:00,AMZN,AMZN_1167,0.0415105164590783,-0.0029285839
2024-08-29 04:00:00,AMZN,AMZN_1172,-0.0042412023486407,0.037163056
2024-08-30 04:00:00,AMZN,AMZN_1172,-0.0173669809720763,0.008930806
2024-09-03 04:00:00,AMZN,AMZN_1172,0.0187234215702571,-0.0037502814
2024-09-04 04:00:00,AMZN,AMZN_1172,0.0645589472289578,0.011950942
2024-09-05 04:00:00,AMZN,AMZN_1172,0.0512114263961354,0.007303903
2024-09-06 04:00:00,AMZN,AMZN_1177,0.0881031924691613,0.05552697
2024-09-09 04:00:00,AMZN,AMZN_1177,0.0541049362793295,0.03984625
2024-09-10 04:00:00,AMZN,AMZN_1177,0.0408242924336887,0.019650377
2024-09-11 04:00:00,AMZN,AMZN_1177,0.0103511183562519,-0.0018707017
2024-09-12 04:00:00,AMZN,AMZN_1177,0.0153475674715908,-0.010406686
2024-09-13 04:00:00,AMZN,AMZN_1182,0.0274009354916278,0.021555679
2024-09-16 04:00:00,AMZN,AMZN_1182,0.0486235357393125,0.030852374
2024-09-17 04:00:00,AMZN,AMZN_1182,0.0378852827807574,0.016675726
2024-09-18 04:00:00,AMZN,AMZN_1182,0.0327200898093906,0.0063588126
2024-09-19 04:00:00,AMZN,AMZN_1182,0.0067941674729892,-0.01386467
2024-09-20 04:00:00,AMZN,AMZN_1187,-0.018945745131403,-0.018908313
2024-09-23 04:00:00,AMZN,AMZN_1187,-0.0389416281288071,-0.024406932
2024-09-24 04:00:00,AMZN,AMZN_1187,-0.0455248583491794,-0.033966057
2024-09-25 04:00:00,AMZN,AMZN_1187,-0.040357369353998,-0.031831272
2024-09-26 04:00:00,AMZN,AMZN_1187,-0.0481272063820623,-0.026375346
2024-09-27 04:00:00,AMZN,AMZN_1192,-0.0077672325604386,-0.034079686
2024-09-30 04:00:00,AMZN,AMZN_1192,-0.0296785205010137,-0.032545168
2024-10-01 04:00:00,AMZN,AMZN_1192,-0.0130178987659774,-0.03311814
2024-10-02 04:00:00,AMZN,AMZN_1192,0.0022191149290933,-0.03521699
2024-10-03 04:00:00,AMZN,AMZN_1192,0.0257748241897586,-0.031937927
2024-10-04 04:00:00,AMZN,AMZN_1197,0.0123854639720022,-0.0065846387
2024-10-07 04:00:00,AMZN,AMZN_1197,0.0372787064192998,0.024088623
2024-10-08 04:00:00,AMZN,AMZN_1197,0.0272000940646885,0.0008138595
2024-10-09 04:00:00,AMZN,AMZN_1197,0.009288768362647,-0.029056104
2024-10-10 04:00:00,AMZN,AMZN_1197,0.0047147329846715,-0.028586546
2024-10-11 04:00:00,AMZN,AMZN_1202,0.0009003186227687,-0.0022765198
2024-10-14 04:00:00,AMZN,AMZN_1202,0.0081583347171798,0.004268879
2024-10-15 04:00:00,AMZN,AMZN_1202,0.0107091186567778,0.011524974
2024-10-16 04:00:00,AMZN,AMZN_1202,-0.0116645763973499,0.014276989
2024-10-17 04:00:00,AMZN,AMZN_1202,-0.0061323196500299,0.015229461
2024-10-18 04:00:00,AMZN,AMZN_1207,-0.0061379100925597,-0.0034871988
2024-10-21 04:00:00,AMZN,AMZN_1207,-0.0035965933687421,-0.0038302687
2024-10-22 04:00:00,AMZN,AMZN_1207,0.0059567996889362,-0.0023300506
2024-10-23 04:00:00,AMZN,AMZN_1207,0.0434193531598725,0.013109061
2024-10-24 04:00:00,AMZN,AMZN_1207,0.0001072487023727,0.0036060999
2024-10-25 04:00:00,AMZN,AMZN_1212,0.053771978631034,0.0033805678
2024-10-28 04:00:00,AMZN,AMZN_1212,0.0392271320855182,0.0052723084
2024-10-29 04:00:00,AMZN,AMZN_1212,0.0454330979707322,0.003737661
2024-10-30 04:00:00,AMZN,AMZN_1212,0.0745083844169862,0.0018644852
2024-10-31 04:00:00,AMZN,AMZN_1212,0.1268777356742148,0.032429077
2024-11-01 04:00:00,AMZN,AMZN_1217,0.0517859868604653,0.027313473
2024-11-04 05:00:00,AMZN,AMZN_1217,0.0564919686768501,0.013140172
2024-11-05 05:00:00,AMZN,AMZN_1217,0.0471679381559364,-0.0076919086
2024-11-06 05:00:00,AMZN,AMZN_1217,0.0338500646558868,-0.031501
2024-11-07 05:00:00,AMZN,AMZN_1217,0.0068078679124268,-0.050896324
2024-11-08 05:00:00,AMZN,AMZN_1222,-0.0267556550167832,-0.022132507
2024-11-11 05:00:00,AMZN,AMZN_1222,-0.0248501231901582,-0.042893074
2024-11-12 05:00:00,AMZN,AMZN_1222,-0.0205830404307135,-0.043440238
2024-11-13 05:00:00,AMZN,AMZN_1222,-0.0524054222365519,-0.041744616
2024-11-14 05:00:00,AMZN,AMZN_1222,-0.0619443498646744,-0.051433213
2024-11-15 05:00:00,AMZN,AMZN_1227,-0.0270964191136949,-0.030860048
2024-11-18 05:00:00,AMZN,AMZN_1227,-0.0012394645700671,-0.033908658
2024-11-19 05:00:00,AMZN,AMZN_1227,0.0158838765959887,-0.034797426
2024-11-20 05:00:00,AMZN,AMZN_1227,0.014097005823731,-0.037563838
2024-11-21 05:00:00,AMZN,AMZN_1227,0.0479382713618425,-0.03221692
2024-11-22 05:00:00,AMZN,AMZN_1232,0.068942836512351,0.033631444
2024-11-25 05:00:00,AMZN,AMZN_1232,0.0595185191104501,0.020684002
2024-11-26 05:00:00,AMZN,AMZN_1232,0.049552598005933,0.0102164205
2024-11-27 05:00:00,AMZN,AMZN_1232,0.071984043759957,0.013568181
2024-11-29 05:00:00,AMZN,AMZN_1232,0.0920679178692684,0.01600562
2024-12-02 05:00:00,AMZN,AMZN_1237,0.0729912635089451,0.03862471
2024-12-03 05:00:00,AMZN,AMZN_1237,0.0543477825714091,0.027801298
2024-12-04 05:00:00,AMZN,AMZN_1237,0.0554638368244042,0.018382188
2024-12-05 05:00:00,AMZN,AMZN_1237,0.0381772752320903,-0.01777728
2024-12-06 05:00:00,AMZN,AMZN_1237,0.0018940577759873,-0.041523017
2024-12-09 05:00:00,AMZN,AMZN_1242,0.0302534231884734,-0.026836284
2024-12-10 05:00:00,AMZN,AMZN_1242,0.0271507322815409,-0.042797737
2024-12-11 05:00:00,AMZN,AMZN_1242,-0.0422999672836608,-0.046598133
2024-12-12 05:00:00,AMZN,AMZN_1242,-0.0248067777625392,-0.05829227
2024-12-13 05:00:00,AMZN,AMZN_1242,-0.0111668357950814,-0.054511655
2024-12-16 05:00:00,AMZN,AMZN_1247,-0.0337869547273884,-0.028298283
2024-12-17 05:00:00,AMZN,AMZN_1247,-0.0090849703663286,-0.024050998
2024-12-18 05:00:00,AMZN,AMZN_1247,0.0296118204824122,0.023499057
2024-12-19 05:00:00,AMZN,AMZN_1247,0.0020601313435382,0.022459637
2024-12-20 05:00:00,AMZN,AMZN_1247,-0.0160945898393098,0.021933716
2020-12-31 05:00:00,AMZN,AMZN_252,-0.0227914149404233,-0.018024903
2021-01-04 05:00:00,AMZN,AMZN_252,-0.0227262171075534,0.014656808
2021-01-05 05:00:00,AMZN,AMZN_252,-0.0303494628600773,-0.0012648792
2021-01-06 05:00:00,AMZN,AMZN_252,0.0087655938771533,0.022405675
2021-01-07 05:00:00,AMZN,AMZN_252,-0.0109703307331974,0.012720727
2021-01-08 05:00:00,AMZN,AMZN_257,-0.0246488877101325,-0.01859036
2021-01-11 05:00:00,AMZN,AMZN_257,0.0021032582913482,0.00885917
2021-01-12 05:00:00,AMZN,AMZN_257,0.0456769658262743,0.015340599
2021-01-13 05:00:00,AMZN,AMZN_257,0.0445688774654453,-0.0026072285
2021-01-14 05:00:00,AMZN,AMZN_257,0.0526815035068959,0.01026349
2021-01-15 05:00:00,AMZN,AMZN_262,0.0611258978809097,0.047249652
2021-01-19 05:00:00,AMZN,AMZN_262,0.0658077473478173,0.03064799
2021-01-20 05:00:00,AMZN,AMZN_262,-0.0094381192813092,-0.03832162
2021-01-21 05:00:00,AMZN,AMZN_262,-0.0209768145993874,-0.053328454
2021-01-22 05:00:00,AMZN,AMZN_262,-0.0261312151237965,-0.0479394
2021-01-25 05:00:00,AMZN,AMZN_267,0.0148391031537702,-0.02682936
2021-01-26 05:00:00,AMZN,AMZN_267,0.0161959794158452,-0.033771552
2021-01-27 05:00:00,AMZN,AMZN_267,0.0247325517879695,-0.005781468
2021-01-28 05:00:00,AMZN,AMZN_267,0.0288422139887774,-0.008124521
2021-01-29 05:00:00,AMZN,AMZN_267,0.0455211822187464,-0.00982786
2021-02-01 05:00:00,AMZN,AMZN_272,-0.0059648807932189,-0.039519068
2021-02-02 05:00:00,AMZN,AMZN_272,-0.0221893491124259,-0.04675679
2021-02-03 05:00:00,AMZN,AMZN_272,-0.0078338952202119,-0.047223467
2021-02-04 05:00:00,AMZN,AMZN_272,-0.0206754526628946,-0.034720935
2021-02-05 05:00:00,AMZN,AMZN_272,-0.0222066444683673,-0.046435714
2021-02-08 05:00:00,AMZN,AMZN_277,-0.0162477120587476,-0.019342368
2021-02-09 05:00:00,AMZN,AMZN_277,0.0011014029406202,-0.020764198
2021-02-10 05:00:00,AMZN,AMZN_277,0.0126727743671575,-0.017349146
2021-02-11 05:00:00,AMZN,AMZN_277,-0.0037491528950128,-0.01983998
2021-02-12 05:00:00,AMZN,AMZN_277,-0.0295846523406949,-0.032858822
2021-02-16 05:00:00,AMZN,AMZN_282,-0.0227748269531572,-0.030455256
2021-02-17 05:00:00,AMZN,AMZN_282,-0.0450668858686308,-0.04668916
2021-02-18 05:00:00,AMZN,AMZN_282,-0.0814456776964928,-0.06324348
2021-02-19 05:00:00,AMZN,AMZN_282,-0.0482999213467362,-0.03335014
2021-02-22 05:00:00,AMZN,AMZN_282,-0.0108779447528166,-0.0047263578
2021-02-23 05:00:00,AMZN,AMZN_287,-0.0312944401168618,-0.005624002
2021-02-24 05:00:00,AMZN,AMZN_287,-0.0489091820188409,0.010509291
2021-02-25 05:00:00,AMZN,AMZN_287,-0.0260340145873774,0.040122844
2021-02-26 05:00:00,AMZN,AMZN_287,-0.029897247267934,0.031559154
2021-03-01 05:00:00,AMZN,AMZN_287,-0.0617232720215356,0.017444393
2021-03-02 05:00:00,AMZN,AMZN_292,-0.0102374164657821,-0.04338821
2021-03-03 05:00:00,AMZN,AMZN_292,0.0175174960677517,-0.0022965763
2021-03-04 05:00:00,AMZN,AMZN_292,0.0456816155047592,0.02146655
2021-03-05 05:00:00,AMZN,AMZN_292,0.029672168379949,0.03167335
2021-03-08 05:00:00,AMZN,AMZN_292,0.0439471929452752,0.04591623
2021-03-09 05:00:00,AMZN,AMZN_297,0.0094715736711774,0.012252168
2021-03-10 05:00:00,AMZN,AMZN_297,0.0255392730511938,0.014334486
2021-03-11 05:00:00,AMZN,AMZN_297,-0.0274923715613217,0.016244195
2021-03-12 05:00:00,AMZN,AMZN_297,-0.0047030510070438,0.024243522
2021-03-15 04:00:00,AMZN,AMZN_297,0.009472126744483,0.030382756
2021-03-16 04:00:00,AMZN,AMZN_302,0.0147613258454626,0.0076628886
2021-03-17 04:00:00,AMZN,AMZN_302,-0.0155179092101729,-0.008766865
2021-03-18 04:00:00,AMZN,AMZN_302,0.006033691596895,0.035942663
2021-03-19 04:00:00,AMZN,AMZN_302,-0.0074570051356541,0.022879211
2021-03-22 04:00:00,AMZN,AMZN_302,-0.0112958995552056,0.0073263384
2021-03-23 04:00:00,AMZN,AMZN_307,-0.0262024168949203,-0.019970976
2021-03-24 04:00:00,AMZN,AMZN_307,0.002270725211505,0.0006259593
2021-03-25 04:00:00,AMZN,AMZN_307,0.0376658550378505,0.024264226
2021-03-26 04:00:00,AMZN,AMZN_307,0.0572405941390028,0.026531558
2021-03-29 04:00:00,AMZN,AMZN_307,0.0481478887046471,0.019629268
2021-03-30 04:00:00,AMZN,AMZN_312,0.0733482067854665,0.05462039
2021-03-31 04:00:00,AMZN,AMZN_312,0.0663266750379067,0.03458359
2021-04-01 04:00:00,AMZN,AMZN_312,0.0668142825352278,0.0059984773
2021-04-05 04:00:00,AMZN,AMZN_312,0.0473110269981629,-0.011751836
2021-04-06 04:00:00,AMZN,AMZN_312,0.0546494906715975,-0.01376339
2021-04-07 04:00:00,AMZN,AMZN_317,0.0163475295938313,0.021067556
2021-04-08 04:00:00,AMZN,AMZN_317,0.0241839301772448,0.017386297
2021-04-09 04:00:00,AMZN,AMZN_317,0.0080778097787108,-0.010019569
2021-04-12 04:00:00,AMZN,AMZN_317,-0.0021838456109741,-0.031422246
2021-04-13 04:00:00,AMZN,AMZN_317,-0.0192088407628676,-0.0395422
2021-04-14 04:00:00,AMZN,AMZN_322,0.0087068951782958,0.014284831
2021-04-15 04:00:00,AMZN,AMZN_322,-0.0207304480012918,-0.005614041
2021-04-16 04:00:00,AMZN,AMZN_322,-0.017226330056193,-0.033832036
2021-04-19 04:00:00,AMZN,AMZN_322,0.0109697339276821,-0.035259612
2021-04-20 04:00:00,AMZN,AMZN_322,0.0248119539728337,-0.032741576
2021-04-21 04:00:00,AMZN,AMZN_327,0.0286970641846575,0.0025959944
2021-04-22 04:00:00,AMZN,AMZN_327,0.0490384542668851,-0.0041908734
2021-04-23 04:00:00,AMZN,AMZN_327,0.0378762218887487,-0.025431119
2021-04-26 04:00:00,AMZN,AMZN_327,-0.0066031303032573,-0.0438541
2021-04-27 04:00:00,AMZN,AMZN_327,-0.0308887070149894,-0.051599316
2021-04-28 04:00:00,AMZN,AMZN_332,-0.0543473187107208,-0.038053103
2021-04-29 04:00:00,AMZN,AMZN_332,-0.0475152550082467,-0.04558228
2021-04-30 04:00:00,AMZN,AMZN_332,-0.0507033858878536,-0.04842855
2021-05-03 04:00:00,AMZN,AMZN_332,-0.0578769650846862,-0.022191714
2021-05-04 04:00:00,AMZN,AMZN_332,-0.0265590744702338,-0.015993584
2021-05-05 04:00:00,AMZN,AMZN_337,-0.0362630815519965,-0.025230251
2021-05-06 04:00:00,AMZN,AMZN_337,-0.0438244676889065,-0.048102595
2021-05-07 04:00:00,AMZN,AMZN_337,-0.0208742893995038,-0.04986433
2021-05-10 04:00:00,AMZN,AMZN_337,0.0250431436961995,-0.03368458
2021-05-11 04:00:00,AMZN,AMZN_337,0.0025962438096998,-0.03941503
2021-05-12 04:00:00,AMZN,AMZN_342,0.0253367526839181,-0.010938322
2021-05-13 04:00:00,AMZN,AMZN_342,0.0272689670018018,-0.025773436
2021-05-14 04:00:00,AMZN,AMZN_342,-0.006149724088111,-0.059890147
2021-05-17 04:00:00,AMZN,AMZN_342,-0.0077666838925782,-0.07820414
2021-05-18 04:00:00,AMZN,AMZN_342,0.008282085646698,-0.07187946
2021-05-19 04:00:00,AMZN,AMZN_347,0.0103224166432325,-0.0012960883
2021-05-20 04:00:00,AMZN,AMZN_347,-0.0054100743112336,-0.011310483
2021-05-21 04:00:00,AMZN,AMZN_347,0.0062408457892846,-0.0032867794
2021-05-24 04:00:00,AMZN,AMZN_347,-0.0081171367030925,-0.022228224
2021-05-25 04:00:00,AMZN,AMZN_347,-0.0076893940635371,-0.022192156
2021-05-26 04:00:00,AMZN,AMZN_352,-0.023934516690662,-0.012123044
2021-05-27 04:00:00,AMZN,AMZN_352,-0.0073959622176889,0.002117053
2021-05-28 04:00:00,AMZN,AMZN_352,-0.0077752326500498,0.009333078
2021-06-01 04:00:00,AMZN,AMZN_352,0.0141239980915668,0.011447859
2021-06-02 04:00:00,AMZN,AMZN_352,0.0145826165517519,0.0038930224
2021-06-03 04:00:00,AMZN,AMZN_357,0.0510321842149059,0.028523702
2021-06-04 04:00:00,AMZN,AMZN_357,0.0438553943017332,0.025376767
2021-06-07 04:00:00,AMZN,AMZN_357,0.0581173881042316,0.029819638
2021-06-08 04:00:00,AMZN,AMZN_357,0.0364631619258186,-0.002781964
2021-06-09 04:00:00,AMZN,AMZN_357,0.0408698293623541,-0.016113063
2021-06-10 04:00:00,AMZN,AMZN_362,0.041673055528755,-0.007672015
2021-06-11 04:00:00,AMZN,AMZN_362,0.0418515070767993,-0.02119831
2021-06-14 04:00:00,AMZN,AMZN_362,0.0207129789917539,-0.028032295
2021-06-15 04:00:00,AMZN,AMZN_362,0.0361529663065676,-0.024977561
2021-06-16 04:00:00,AMZN,AMZN_362,0.0259336645551357,-0.03629863
2021-06-17 04:00:00,AMZN,AMZN_367,-0.0115097316299708,-0.0012476958
2021-06-18 04:00:00,AMZN,AMZN_367,-0.0245031583579514,-0.020604514
2021-06-21 04:00:00,AMZN,AMZN_367,-0.002915460910894,-0.013803398
2021-06-22 04:00:00,AMZN,AMZN_367,-0.0163460532274664,-0.022520903
2021-06-23 04:00:00,AMZN,AMZN_367,-0.0181687344753219,-0.034694485
2021-06-24 04:00:00,AMZN,AMZN_372,-0.00467078896597,-0.0004954834
2021-06-25 04:00:00,AMZN,AMZN_372,0.0321979267002479,-0.020095017
2021-06-28 04:00:00,AMZN,AMZN_372,0.0673221184447696,-0.041326202
2021-06-29 04:00:00,AMZN,AMZN_372,0.0720504227637024,-0.054734517
2021-06-30 04:00:00,AMZN,AMZN_372,0.0846617620811169,-0.056995362
2021-07-01 04:00:00,AMZN,AMZN_377,0.0834175470586415,0.08429993
2021-07-02 04:00:00,AMZN,AMZN_377,0.059120301224387,0.06288786
2021-07-06 04:00:00,AMZN,AMZN_377,0.0004406930371247,-0.0034458167
2021-07-07 04:00:00,AMZN,AMZN_377,-0.0040307264463093,-0.016153464
2021-07-08 04:00:00,AMZN,AMZN_377,-0.0268557899823052,-0.027919276
2021-07-09 04:00:00,AMZN,AMZN_382,-0.0391762631535028,-0.024244651
2021-07-12 04:00:00,AMZN,AMZN_382,-0.0454370536756629,-0.023807373
2021-07-13 04:00:00,AMZN,AMZN_382,-0.0283273663766715,-0.011679664
2021-07-14 04:00:00,AMZN,AMZN_382,-0.0262054558600954,-0.0102788145
2021-07-15 04:00:00,AMZN,AMZN_382,0.0018809592564446,-0.005924585
2021-07-16 04:00:00,AMZN,AMZN_387,0.0232284671886275,0.031313807
2021-07-19 04:00:00,AMZN,AMZN_387,0.0423231390274017,0.04011161
2021-07-20 04:00:00,AMZN,AMZN_387,0.0148886774019401,0.038267642
2021-07-21 04:00:00,AMZN,AMZN_387,0.0125851390830238,0.032521106
2021-07-22 04:00:00,AMZN,AMZN_387,-0.0104754621156091,0.021617519
2021-07-23 04:00:00,AMZN,AMZN_392,-0.0899869788863,-0.015172021
2021-07-26 04:00:00,AMZN,AMZN_392,-0.0995561538391744,-0.020359598
2021-07-27 04:00:00,AMZN,AMZN_392,-0.0717380483221555,0.0031934287
2021-07-28 04:00:00,AMZN,AMZN_392,-0.0759162473111383,0.007853907
2021-07-29 04:00:00,AMZN,AMZN_392,-0.0622041742531377,0.012237215
2021-07-30 04:00:00,AMZN,AMZN_397,0.0052139396306642,0.0054601794
2021-08-02 04:00:00,AMZN,AMZN_397,0.0031187383170978,-0.0049262997
2021-08-03 04:00:00,AMZN,AMZN_397,-0.0135343880759657,-0.013375994
2021-08-04 04:00:00,AMZN,AMZN_397,-0.0186632166339512,-0.012963073
2021-08-05 04:00:00,AMZN,AMZN_397,-0.0214721990909061,-0.012348112
2021-08-06 04:00:00,AMZN,AMZN_402,-0.0152378967801232,-0.010414719
2021-08-09 04:00:00,AMZN,AMZN_402,-0.012831213518114,-0.0031635733
2021-08-10 04:00:00,AMZN,AMZN_402,-0.0237059244546835,0.004618706
2021-08-11 04:00:00,AMZN,AMZN_402,-0.0276084009898044,0.011582337
2021-08-12 04:00:00,AMZN,AMZN_402,-0.0350386317335323,0.009737448
2021-08-13 04:00:00,AMZN,AMZN_407,-0.0285430892389723,-0.036997966
2021-08-16 04:00:00,AMZN,AMZN_407,-0.0100393797299385,-0.039426945
2021-08-17 04:00:00,AMZN,AMZN_407,0.0196855860091844,-0.027469777
2021-08-18 04:00:00,AMZN,AMZN_407,0.0306008012768264,-0.018767748
2021-08-19 04:00:00,AMZN,AMZN_407,0.0402321777196736,-0.012495143
2021-08-20 04:00:00,AMZN,AMZN_412,0.0467757865170468,0.03920664
2021-08-23 04:00:00,AMZN,AMZN_412,0.0476749137489027,0.0039823027
2021-08-24 04:00:00,AMZN,AMZN_412,0.0499156233440849,-0.004381313
2021-08-25 04:00:00,AMZN,AMZN_412,0.054504436462474,-0.00037278258
2021-08-26 04:00:00,AMZN,AMZN_412,0.0443667229928872,-0.00083391473
2021-08-27 04:00:00,AMZN,AMZN_417,0.0383385015471842,0.04731714
2021-08-30 04:00:00,AMZN,AMZN_417,0.0256372727271916,0.036349878
2021-08-31 04:00:00,AMZN,AMZN_417,0.0157629174493991,0.03199726
2021-09-01 04:00:00,AMZN,AMZN_417,0.0014831595860591,0.030190062
2021-09-02 04:00:00,AMZN,AMZN_417,0.0017411952394581,0.029067941
2021-09-03 04:00:00,AMZN,AMZN_422,-0.0060033128382396,-0.0049969973
2021-09-07 04:00:00,AMZN,AMZN_422,-0.0168951150775951,-0.00940156
2021-09-08 04:00:00,AMZN,AMZN_422,-0.014100065112248,-0.009170717
2021-09-09 04:00:00,AMZN,AMZN_422,0.0011710714690815,0.0017295219
2021-09-10 04:00:00,AMZN,AMZN_422,-0.0019111147354115,0.0045306673
2021-09-13 04:00:00,AMZN,AMZN_427,-0.0293419535144024,0.0058207577
2021-09-14 04:00:00,AMZN,AMZN_427,-0.0308318649513134,0.009775604
2021-09-15 04:00:00,AMZN,AMZN_427,-0.0275448311067003,0.012154521
2021-09-16 04:00:00,AMZN,AMZN_427,-0.0207095810989509,0.014136282
2021-09-17 04:00:00,AMZN,AMZN_427,-0.0106858936719999,0.017629094
2021-09-20 04:00:00,AMZN,AMZN_432,0.0149207133903284,0.018984135
2021-09-21 04:00:00,AMZN,AMZN_432,-0.008275431900257,0.022808064
2021-09-22 04:00:00,AMZN,AMZN_432,-0.0233517411194259,0.0106472615
2021-09-23 04:00:00,AMZN,AMZN_432,-0.0383372601486803,-0.006222693
2021-09-24 04:00:00,AMZN,AMZN_432,-0.0415294994700993,-0.011757951
2021-09-27 04:00:00,AMZN,AMZN_437,-0.063427067349156,-0.030602623
2021-09-28 04:00:00,AMZN,AMZN_437,-0.0286372632949551,-0.0018832847
2021-09-29 04:00:00,AMZN,AMZN_437,-0.0118475267423554,3.170302e-05
2021-09-30 04:00:00,AMZN,AMZN_437,0.0052937367079448,0.0049347663
2021-10-01 04:00:00,AMZN,AMZN_437,0.0016325565459995,0.0037852963
2021-10-04 04:00:00,AMZN,AMZN_442,0.0177191157787623,0.009425038
2021-10-05 04:00:00,AMZN,AMZN_442,0.0081744661768885,-0.00029906695
2021-10-06 04:00:00,AMZN,AMZN_442,0.0068271413648146,-0.0076535316
2021-10-07 04:00:00,AMZN,AMZN_442,-0.0007782724661488,-9.728416e-05
2021-10-08 04:00:00,AMZN,AMZN_442,0.0366111273506772,0.007722552
2021-10-11 04:00:00,AMZN,AMZN_447,0.0617441581066786,0.04801886
2021-10-12 04:00:00,AMZN,AMZN_447,0.0606098140082969,0.047988158
2021-10-13 04:00:00,AMZN,AMZN_447,0.0398199988124805,0.04117613
2021-10-14 04:00:00,AMZN,AMZN_447,0.0409563283242613,0.035206348
2021-10-15 04:00:00,AMZN,AMZN_447,-0.0215516928830723,-7.051884e-05
2021-10-18 04:00:00,AMZN,AMZN_452,-0.0366636982018682,-0.02208059
2021-10-19 04:00:00,AMZN,AMZN_452,-0.0197668909516399,-0.022550374
2021-10-20 04:00:00,AMZN,AMZN_452,-0.0066090170126024,-0.012124993
2021-10-21 04:00:00,AMZN,AMZN_452,0.0033653638142188,-0.016308613
2021-10-22 04:00:00,AMZN,AMZN_452,0.0110567039313151,0.005239305
2021-10-25 04:00:00,AMZN,AMZN_457,-0.0006805948573682,0.01692362
2021-10-26 04:00:00,AMZN,AMZN_457,-0.0187555377499862,-0.00028231493
2021-10-27 04:00:00,AMZN,AMZN_457,-0.002502583769314,-0.0063014273
2021-10-28 04:00:00,AMZN,AMZN_457,0.0088290652832667,-0.016174253
2021-10-29 04:00:00,AMZN,AMZN_457,0.0434582032633175,0.0007339174
2021-11-01 04:00:00,AMZN,AMZN_462,0.0514961992711524,0.050250687
2021-11-02 04:00:00,AMZN,AMZN_462,0.079535106569476,0.04309573
2021-11-03 04:00:00,AMZN,AMZN_462,0.0289745651673403,0.03148715
2021-11-04 04:00:00,AMZN,AMZN_462,-0.0012942542169464,0.025295388
2021-11-05 04:00:00,AMZN,AMZN_462,0.0017505814313487,0.0042644283
2021-11-08 05:00:00,AMZN,AMZN_467,0.0162511185031695,0.0060758814
2021-11-09 05:00:00,AMZN,AMZN_467,-0.0099349836456433,-0.0030826516
2021-11-10 05:00:00,AMZN,AMZN_467,0.0192272011671184,0.0077000395
2021-11-11 05:00:00,AMZN,AMZN_467,0.0643800937331264,0.012608504
2021-11-12 05:00:00,AMZN,AMZN_467,0.0429541938975754,0.0011879032
2021-11-15 05:00:00,AMZN,AMZN_472,0.0075838637811955,0.033302616
2021-11-16 05:00:00,AMZN,AMZN_472,0.0111107701786028,0.030305317
2021-11-17 05:00:00,AMZN,AMZN_472,0.0088503557761503,0.033651475
2021-11-18 05:00:00,AMZN,AMZN_472,-0.0518119146918705,0.00245729
2021-11-19 05:00:00,AMZN,AMZN_472,-0.0312791531108203,0.00063247944
2021-11-22 05:00:00,AMZN,AMZN_477,-0.0183341068288248,-0.009055603
2021-11-23 05:00:00,AMZN,AMZN_477,-0.038077755022451,-0.005430046
2021-11-24 05:00:00,AMZN,AMZN_477,-0.0399535060811246,-0.01365481
2021-11-26 05:00:00,AMZN,AMZN_477,-0.0327487329478491,-0.011314394
2021-11-29 05:00:00,AMZN,AMZN_477,-0.0376800482376455,-0.020438023
2021-11-30 05:00:00,AMZN,AMZN_482,0.0046249697723637,-0.028296608
2021-12-01 05:00:00,AMZN,AMZN_482,0.0230680776315441,-0.018291246
2021-12-02 05:00:00,AMZN,AMZN_482,0.0133998713193301,-0.018127184
2021-12-03 05:00:00,AMZN,AMZN_482,0.016062963373757,-0.0042297756
2021-12-06 05:00:00,AMZN,AMZN_482,-0.0105094861401755,-0.014876645
2021-12-07 05:00:00,AMZN,AMZN_487,-0.0401499612346933,-0.043631427
2021-12-08 05:00:00,AMZN,AMZN_487,-0.016138933471671,-0.044541076
2021-12-09 05:00:00,AMZN,AMZN_487,-0.0304298815074303,-0.03502044
2021-12-10 05:00:00,AMZN,AMZN_487,-0.0127430359825363,-0.029606778
2021-12-13 05:00:00,AMZN,AMZN_487,-0.0146756310034504,-0.015226635
2021-12-14 05:00:00,AMZN,AMZN_492,0.0078389536655465,-0.011403054
2021-12-15 05:00:00,AMZN,AMZN_492,-0.0131436970016477,-0.031628776
2021-12-16 05:00:00,AMZN,AMZN_492,0.0130128587989839,-0.022711832
2021-12-17 05:00:00,AMZN,AMZN_492,-0.0020468904577497,-0.030021587
2021-12-20 05:00:00,AMZN,AMZN_492,0.0214389650701494,-0.022580594
2021-12-21 05:00:00,AMZN,AMZN_497,-0.0071354581106114,0.0044203745
2021-12-22 05:00:00,AMZN,AMZN_497,-0.0139882118792789,0.003395054
2021-12-23 05:00:00,AMZN,AMZN_497,-0.025437187727034,0.0030547078
2021-12-27 05:00:00,AMZN,AMZN_497,0.0043319549690361,0.009446937
2021-12-28 05:00:00,AMZN,AMZN_497,-0.0183931442605213,0.0009994013
2021-12-29 05:00:00,AMZN,AMZN_502,-0.0286287272775478,-0.0015915672
2021-12-30 05:00:00,AMZN,AMZN_502,-0.0319637041603881,0.00874953
2021-12-31 05:00:00,AMZN,AMZN_502,-0.0249704259532224,0.012133695
2022-01-03 05:00:00,AMZN,AMZN_502,-0.0523372508166236,-0.018052522
2022-01-04 05:00:00,AMZN,AMZN_502,-0.0128938504864227,0.00026440213
2022-01-05 05:00:00,AMZN,AMZN_507,0.0051717062935765,-0.0025253873
2022-01-06 05:00:00,AMZN,AMZN_507,-0.0124958243815738,0.009492159
2022-01-07 05:00:00,AMZN,AMZN_507,-0.0025591518143149,0.019293796
2022-01-10 05:00:00,AMZN,AMZN_507,-0.0159053839000237,0.03207711
2022-01-11 05:00:00,AMZN,AMZN_507,-0.0548070509959985,0.01708248
2022-01-12 05:00:00,AMZN,AMZN_512,-0.0819547897174898,-0.04175461
2022-01-13 05:00:00,AMZN,AMZN_512,-0.1151947016091607,0.007418846
2022-01-14 05:00:00,AMZN,AMZN_512,-0.1085124652311019,0.03560084
2022-01-18 05:00:00,AMZN,AMZN_512,-0.1191278732982058,0.046031464
2022-01-19 05:00:00,AMZN,AMZN_512,-0.1114946280028791,0.034636375
2022-01-20 05:00:00,AMZN,AMZN_517,-0.079318239689986,-0.10133441
2022-01-21 05:00:00,AMZN,AMZN_517,0.0093589689280948,-0.016935177
2022-01-24 05:00:00,AMZN,AMZN_517,0.0347955986992702,-0.0007561628
2022-01-25 05:00:00,AMZN,AMZN_517,0.0800616124355007,-0.00032353774
2022-01-26 05:00:00,AMZN,AMZN_517,0.0845380165227507,0.0049627637
2022-01-27 05:00:00,AMZN,AMZN_522,-0.0056717730180565,0.09193896
2022-01-28 05:00:00,AMZN,AMZN_522,0.0948860195626375,0.0763409
2022-01-31 05:00:00,AMZN,AMZN_522,0.0559056211361059,0.062409624
2022-02-01 05:00:00,AMZN,AMZN_522,0.0675955080310399,0.056063086
2022-02-02 05:00:00,AMZN,AMZN_522,0.0702265458397872,0.05634646
2022-02-03 05:00:00,AMZN,AMZN_527,0.145182874567594,0.06776801
2022-02-04 05:00:00,AMZN,AMZN_527,-0.0275691889178479,0.019269168
2022-02-07 05:00:00,AMZN,AMZN_527,-0.0175292675369724,0.021232057
2022-02-08 05:00:00,AMZN,AMZN_527,-0.0303754019395191,0.010518224
2022-02-09 05:00:00,AMZN,AMZN_527,-0.0191638074294885,0.0074671875
2022-02-10 05:00:00,AMZN,AMZN_532,-0.0273641654542273,-0.0002656974
2022-02-11 05:00:00,AMZN,AMZN_532,-0.0045142248699339,0.020652175
2022-02-14 05:00:00,AMZN,AMZN_532,-0.0320268658991398,0.019090053
2022-02-15 05:00:00,AMZN,AMZN_532,-0.0746499585846721,0.014933129
2022-02-16 05:00:00,AMZN,AMZN_532,-0.0426468791386078,0.009236101
2022-02-17 05:00:00,AMZN,AMZN_537,-0.0055867084822106,-0.028146196
2022-02-18 05:00:00,AMZN,AMZN_537,0.0063007379741726,-0.008667985
2022-02-22 05:00:00,AMZN,AMZN_537,0.0062884123818502,-0.0005764539
2022-02-23 05:00:00,AMZN,AMZN_537,0.0498906270972974,0.012534105
2022-02-24 05:00:00,AMZN,AMZN_537,-0.0228564273759355,-0.0074029164
2022-02-25 05:00:00,AMZN,AMZN_542,-0.0529785488838174,-0.02023614
2022-02-28 05:00:00,AMZN,AMZN_542,-0.1049080848835516,-0.0064271223
2022-03-01 05:00:00,AMZN,AMZN_542,-0.1000880140030905,0.008107483
2022-03-02 05:00:00,AMZN,AMZN_542,-0.0840071559079341,0.00070154475
2022-03-03 05:00:00,AMZN,AMZN_542,-0.0073090238443954,0.03153134
2022-03-04 05:00:00,AMZN,AMZN_547,-0.0007999179442391,-0.004465336
2022-03-07 05:00:00,AMZN,AMZN_547,0.0320108968352996,0.046424765
2022-03-08 05:00:00,AMZN,AMZN_547,0.0834617290897778,0.039304636
2022-03-09 05:00:00,AMZN,AMZN_547,0.0992611682851125,0.0250297
2022-03-10 05:00:00,AMZN,AMZN_547,0.0709826361549443,0.0024423553
2022-03-11 05:00:00,AMZN,AMZN_552,0.1080642594064817,0.07784867
2022-03-14 04:00:00,AMZN,AMZN_552,0.1384426446230497,0.08629614
2022-03-15 04:00:00,AMZN,AMZN_552,0.1189042734425016,0.06458924
2022-03-16 04:00:00,AMZN,AMZN_552,0.0673006622400393,0.041293737
2022-03-17 04:00:00,AMZN,AMZN_552,0.0407691938186178,0.019547496
2022-03-18 04:00:00,AMZN,AMZN_557,0.0218479627522056,0.02261453
2022-03-21 04:00:00,AMZN,AMZN_557,0.0464358364387154,0.0106017655
2022-03-22 04:00:00,AMZN,AMZN_557,0.0268422676460828,0.0005604024
2022-03-23 04:00:00,AMZN,AMZN_557,0.0177040905464853,0.0059153056
2022-03-24 04:00:00,AMZN,AMZN_557,-0.0039841737021412,0.0046561603
2022-03-25 04:00:00,AMZN,AMZN_562,-0.0073646611096479,-0.006225569
2022-03-28 04:00:00,AMZN,AMZN_562,-0.0038108486341396,-0.014008599
2022-03-29 04:00:00,AMZN,AMZN_562,-0.0310664128386691,-0.019979663
2022-03-30 04:00:00,AMZN,AMZN_562,-0.0453695311606832,-0.011372863
2022-03-31 04:00:00,AMZN,AMZN_562,-0.031982070366752,0.0017947516
2022-04-01 04:00:00,AMZN,AMZN_567,-0.0556340346007694,-0.031263925
2022-04-04 04:00:00,AMZN,AMZN_567,-0.1023157767651165,-0.033375055
2022-04-05 04:00:00,AMZN,AMZN_567,-0.0808721902081084,-0.017223347
2022-04-06 04:00:00,AMZN,AMZN_567,-0.0202511804570313,-0.011827556
2022-04-07 04:00:00,AMZN,AMZN_567,-0.0385209125420129,-0.008335338
2022-04-08 04:00:00,AMZN,AMZN_572,-0.0108473777263291,-0.014948405
2022-04-11 04:00:00,AMZN,AMZN_572,0.0462771802428751,0.00467881
2022-04-12 04:00:00,AMZN,AMZN_572,0.0212915186282951,0.008940467
2022-04-13 04:00:00,AMZN,AMZN_572,-0.0465793269950022,-0.0072283186
2022-04-14 04:00:00,AMZN,AMZN_572,-0.0484916020408686,0.004158667
2022-04-18 04:00:00,AMZN,AMZN_577,-0.0439244583846587,-0.05564993
2022-04-19 04:00:00,AMZN,AMZN_577,-0.1184228493850326,-0.07420302
2022-04-20 04:00:00,AMZN,AMZN_577,-0.1027999944116436,-0.064331174
2022-04-21 04:00:00,AMZN,AMZN_577,-0.0249467857261552,-0.0397882
2022-04-22 04:00:00,AMZN,AMZN_577,-0.1390266954273952,-0.01635707
2022-04-25 04:00:00,AMZN,AMZN_582,-0.1476922954786043,-0.102920726
2022-04-26 04:00:00,AMZN,AMZN_582,-0.1085974264840704,-0.05505635
2022-04-27 04:00:00,AMZN,AMZN_582,-0.0885776594430006,0.0029619653
2022-04-28 04:00:00,AMZN,AMZN_582,-0.1949528485662511,0.012447243
2022-04-29 04:00:00,AMZN,AMZN_582,-0.0765118102864824,0.07090546
2022-05-02 04:00:00,AMZN,AMZN_587,-0.126192759318524,-0.052770965
2022-05-03 04:00:00,AMZN,AMZN_587,-0.1238959103606714,-0.035375573
2022-05-04 04:00:00,AMZN,AMZN_587,-0.1632394263799778,-0.018999584
2022-05-05 04:00:00,AMZN,AMZN_587,-0.0814083487561491,-0.0028960556
2022-05-06 04:00:00,AMZN,AMZN_587,-0.0149643755516101,0.012860291
2022-05-09 04:00:00,AMZN,AMZN_592,0.0185818382977096,0.013825179
2022-05-10 04:00:00,AMZN,AMZN_592,0.0597975227298261,0.022966292
2022-05-11 04:00:00,AMZN,AMZN_592,0.0165176837925471,0.031807486
2022-05-12 04:00:00,AMZN,AMZN_592,0.0036332388052906,0.027859231
2022-05-13 04:00:00,AMZN,AMZN_592,-0.0483304309624319,0.024975294
2022-05-16 04:00:00,AMZN,AMZN_597,-0.0293609527962868,-0.031816866
2022-05-17 04:00:00,AMZN,AMZN_597,-0.097673986448506,-0.029187063
2022-05-18 04:00:00,AMZN,AMZN_597,-0.0031509069087463,-0.0001988922
2022-05-19 04:00:00,AMZN,AMZN_597,0.0350217495220563,-0.0018106224
2022-05-20 04:00:00,AMZN,AMZN_597,0.0702242378618662,0.0017447693
2022-05-23 04:00:00,AMZN,AMZN_602,0.1176353381055976,0.05392017
2022-05-24 04:00:00,AMZN,AMZN_602,0.168914504241423,0.078256086
2022-05-25 04:00:00,AMZN,AMZN_602,0.1754717845308964,0.057405286
2022-05-26 04:00:00,AMZN,AMZN_602,0.10148319098299,0.026618157
2022-05-27 04:00:00,AMZN,AMZN_602,0.0837498431338199,0.018867385
2022-05-31 04:00:00,AMZN,AMZN_607,0.0232136125056328,0.051977642
2022-06-01 04:00:00,AMZN,AMZN_607,-0.0041418576852432,0.052503258
2022-06-02 04:00:00,AMZN,AMZN_607,-0.0745831038130377,0.042898707
2022-06-03 04:00:00,AMZN,AMZN_607,-0.1038005484808275,0.071989
2022-06-06 04:00:00,AMZN,AMZN_607,-0.1692443512431619,0.06767908
2022-06-07 04:00:00,AMZN,AMZN_612,-0.1682114019626522,-0.14566697
2022-06-08 04:00:00,AMZN,AMZN_612,-0.111487061414485,-0.11339404
2022-06-09 04:00:00,AMZN,AMZN_612,-0.1075333422271775,-0.06714096
2022-06-10 04:00:00,AMZN,AMZN_612,-0.0312813520970746,-0.036672458
2022-06-13 04:00:00,AMZN,AMZN_612,0.0483264418319553,-0.021682452
2022-06-14 04:00:00,AMZN,AMZN_617,0.0649007872944738,0.06375801
2022-06-15 04:00:00,AMZN,AMZN_617,0.0443020744272353,0.030358674
2022-06-16 04:00:00,AMZN,AMZN_617,0.1234805611630711,0.020937102
2022-06-17 04:00:00,AMZN,AMZN_617,0.0659009595137873,0.010259785
2022-06-21 04:00:00,AMZN,AMZN_617,-0.0117776847230641,-0.0034556244
2022-06-22 04:00:00,AMZN,AMZN_622,-0.0002753444711992,-0.00070491876
2022-06-23 04:00:00,AMZN,AMZN_622,-0.0554073570051735,-0.03449618
2022-06-24 04:00:00,AMZN,AMZN_622,-0.0592478239749433,-0.04949393
2022-06-27 04:00:00,AMZN,AMZN_622,0.0024730504882353,-0.03761672
2022-06-28 04:00:00,AMZN,AMZN_622,0.0645251415895551,-0.007301215
2022-06-29 04:00:00,AMZN,AMZN_627,0.0680316175787638,0.06267235
2022-06-30 04:00:00,AMZN,AMZN_627,0.0878448537000193,0.071147114
2022-07-01 04:00:00,AMZN,AMZN_627,0.0199890698266491,0.062372047
2022-07-05 04:00:00,AMZN,AMZN_627,-0.037709240346228,0.040408343
2022-07-06 04:00:00,AMZN,AMZN_627,-0.0343741821239811,0.026316684
2022-07-07 04:00:00,AMZN,AMZN_632,-0.0489985772192697,-0.041395597
2022-07-08 04:00:00,AMZN,AMZN_632,-0.0172234537649386,-0.032671086
2022-07-11 04:00:00,AMZN,AMZN_632,0.0179865962973644,-0.0047762785
2022-07-12 04:00:00,AMZN,AMZN_632,0.0823109115848044,0.023759844
2022-07-13 04:00:00,AMZN,AMZN_632,0.1120470556722577,0.013831946
2022-07-14 04:00:00,AMZN,AMZN_637,0.1265479557766822,0.11339943
2022-07-15 04:00:00,AMZN,AMZN_637,0.0781153225785864,0.08098331
2022-07-18 04:00:00,AMZN,AMZN_637,0.0648733923596469,0.07219554
2022-07-19 04:00:00,AMZN,AMZN_637,-0.0287623851807092,0.038013674
2022-07-20 04:00:00,AMZN,AMZN_637,-0.0146615253855261,0.016057372
2022-07-21 04:00:00,AMZN,AMZN_642,-0.0188558013793636,-0.011259675
2022-07-22 04:00:00,AMZN,AMZN_642,0.1023525483312364,0.011461236
2022-07-25 04:00:00,AMZN,AMZN_642,0.117632491925022,0.016547263
2022-07-26 04:00:00,AMZN,AMZN_642,0.1685393825885264,0.04704193
2022-07-27 04:00:00,AMZN,AMZN_642,0.1533438279289949,0.026091304
2022-07-28 04:00:00,AMZN,AMZN_647,0.1659307225014232,0.15143247
2022-07-29 04:00:00,AMZN,AMZN_647,0.0433494348707492,0.03744296
2022-08-01 04:00:00,AMZN,AMZN_647,0.0296920325768781,0.015293645
2022-08-02 04:00:00,AMZN,AMZN_647,0.0273553821464438,0.005986185
2022-08-03 04:00:00,AMZN,AMZN_647,0.0227207430610079,-0.019335661
2022-08-04 04:00:00,AMZN,AMZN_652,-0.0135372647500906,0.019643221
2022-08-05 04:00:00,AMZN,AMZN_652,0.0195312495766715,0.03149125
2022-08-08 04:00:00,AMZN,AMZN_652,0.0270424568871632,0.03618961
2022-08-09 04:00:00,AMZN,AMZN_652,0.0504244130879512,0.041805714
2022-08-10 04:00:00,AMZN,AMZN_652,-0.0041348120246399,0.024763696
2022-08-11 04:00:00,AMZN,AMZN_657,0.0118032115281105,0.0069620013
2022-08-12 04:00:00,AMZN,AMZN_657,-0.0370603079841147,-0.030971967
2022-08-15 04:00:00,AMZN,AMZN_657,-0.0695627319777258,-0.04320045
2022-08-16 04:00:00,AMZN,AMZN_657,-0.0770824958986339,-0.050061345
2022-08-17 04:00:00,AMZN,AMZN_657,-0.0584095896921461,-0.052003834
2022-08-18 04:00:00,AMZN,AMZN_662,-0.0352776118397906,-0.06434528
2022-08-19 04:00:00,AMZN,AMZN_662,-0.0541126814637443,-0.024300097
2022-08-22 04:00:00,AMZN,AMZN_662,-0.0257469441761066,0.00620412
2022-08-23 04:00:00,AMZN,AMZN_662,-0.0365963146859854,6.805171e-05
2022-08-24 04:00:00,AMZN,AMZN_662,-0.0525411528277169,-0.015800197
2022-08-25 04:00:00,AMZN,AMZN_667,-0.0689102503539599,-0.085893944
2022-08-26 04:00:00,AMZN,AMZN_667,-0.0247800983844704,-0.055178642
2022-08-29 04:00:00,AMZN,AMZN_667,-0.0283534391412472,-0.05184171
2022-08-30 04:00:00,AMZN,AMZN_667,0.0058261479444727,-0.046704803
2022-08-31 04:00:00,AMZN,AMZN_667,0.0240594049216547,-0.036316004
2022-09-01 04:00:00,AMZN,AMZN_672,0.042638120721709,0.0076770587
2022-09-02 04:00:00,AMZN,AMZN_672,0.0701121062052865,-0.00021182346
2022-09-06 04:00:00,AMZN,AMZN_672,0.0056299982637093,0.013041662
2022-09-07 04:00:00,AMZN,AMZN_672,-0.0071825201302772,-0.011970041
2022-09-08 04:00:00,AMZN,AMZN_672,-0.0272685899337602,-0.00515313
2022-09-09 04:00:00,AMZN,AMZN_677,-0.0730847541150468,-0.05124542
2022-09-12 04:00:00,AMZN,AMZN_677,-0.0864052293867397,-0.07288741
2022-09-13 04:00:00,AMZN,AMZN_677,-0.0365084155855501,-0.0032340912
2022-09-14 04:00:00,AMZN,AMZN_677,-0.077868548413804,-0.016673775
2022-09-15 04:00:00,AMZN,AMZN_677,-0.07103263626396,-0.008367233
2022-09-16 04:00:00,AMZN,AMZN_682,-0.0789281963599765,-0.05212895
2022-09-19 04:00:00,AMZN,AMZN_682,-0.0762875169008281,-0.07071629
2022-09-20 04:00:00,AMZN,AMZN_682,-0.0636713202704747,-0.06282442
2022-09-21 04:00:00,AMZN,AMZN_682,-0.0044710542871898,-0.049547736
2022-09-22 04:00:00,AMZN,AMZN_682,-0.0213962540198867,-0.05197475
2022-09-23 04:00:00,AMZN,AMZN_687,-0.0068553242016627,-0.0003695427
2022-09-26 04:00:00,AMZN,AMZN_687,0.0063395199119904,-0.03361404
2022-09-27 04:00:00,AMZN,AMZN_687,0.0583864387899983,-0.036677804
2022-09-28 04:00:00,AMZN,AMZN_687,0.0249130985407304,-0.08029329
2022-09-29 04:00:00,AMZN,AMZN_687,0.0479094063919172,-0.05940577
2022-09-30 04:00:00,AMZN,AMZN_692,0.0138052881291483,0.07419603
2022-10-03 04:00:00,AMZN,AMZN_692,-0.0190714457788567,0.03055499
2022-10-04 04:00:00,AMZN,AMZN_692,-0.0733338634236897,-0.030711096
2022-10-05 04:00:00,AMZN,AMZN_692,-0.0665563921081213,-0.031593744
2022-10-06 04:00:00,AMZN,AMZN_692,-0.0645885625548817,-0.038527705
2022-10-07 04:00:00,AMZN,AMZN_697,-0.066864491933993,-0.016599104
2022-10-10 04:00:00,AMZN,AMZN_697,0.0010557116962706,-0.01953697
2022-10-11 04:00:00,AMZN,AMZN_697,0.0369842399049904,-0.018670535
2022-10-12 04:00:00,AMZN,AMZN_697,0.0192205326803995,-0.026101567
2022-10-13 04:00:00,AMZN,AMZN_697,0.0241713431992283,-0.019753855
2022-10-14 04:00:00,AMZN,AMZN_702,0.1161833301371713,0.074058376
2022-10-17 04:00:00,AMZN,AMZN_702,0.0529923431828889,-0.0075200927
2022-10-18 04:00:00,AMZN,AMZN_702,0.036438620157521,-0.029636385
2022-10-19 04:00:00,AMZN,AMZN_702,0.0051273482997298,-0.016411914
2022-10-20 04:00:00,AMZN,AMZN_702,-0.0372234352757253,-0.016369093
2022-10-21 04:00:00,AMZN,AMZN_707,-0.1333388876416916,-0.03900329
2022-10-24 04:00:00,AMZN,AMZN_707,-0.1450508871447504,-0.04661921
2022-10-25 04:00:00,AMZN,AMZN_707,-0.1974295013254333,-0.054007113
2022-10-26 04:00:00,AMZN,AMZN_707,-0.2035275823118369,-0.015944583
2022-10-27 04:00:00,AMZN,AMZN_707,-0.1952054453084964,0.04210241
2022-10-28 04:00:00,AMZN,AMZN_712,-0.1202011397832517,-0.08804774
2022-10-31 04:00:00,AMZN,AMZN_712,-0.1162632114238932,0.014684372
2022-11-01 04:00:00,AMZN,AMZN_712,-0.0703584822210831,0.09129723
2022-11-02 04:00:00,AMZN,AMZN_712,-0.0649153623386695,0.05094912
2022-11-03 04:00:00,AMZN,AMZN_712,0.0820827990051884,0.0120381955
2022-11-04 04:00:00,AMZN,AMZN_717,0.1078258649882335,0.083229765
2022-11-07 05:00:00,AMZN,AMZN_717,0.0879266452204239,0.08217569
2022-11-08 05:00:00,AMZN,AMZN_717,0.0995776700399757,0.0729426
2022-11-09 05:00:00,AMZN,AMZN_717,0.1274669541993645,0.06972242
2022-11-10 05:00:00,AMZN,AMZN_717,-0.0184207681868054,-0.017898731
2022-11-11 05:00:00,AMZN,AMZN_722,-0.0659787822747646,-0.036728654
2022-11-14 05:00:00,AMZN,AMZN_722,-0.0612244787296828,-0.017588265
2022-11-15 05:00:00,AMZN,AMZN_722,-0.0580150126493411,-0.009154979
2022-11-16 05:00:00,AMZN,AMZN_722,-0.0307867113736188,0.009612418
2022-11-17 05:00:00,AMZN,AMZN_722,-0.0151818116518431,0.02242182
2022-11-18 05:00:00,AMZN,AMZN_727,-0.0020182966075855,-0.004170743
2022-11-21 05:00:00,AMZN,AMZN_727,-0.0004326294172984,0.013650278
2022-11-22 05:00:00,AMZN,AMZN_727,0.0358369536121334,0.012442788
2022-11-23 05:00:00,AMZN,AMZN_727,0.0145543693461893,0.0047565876
2022-11-25 05:00:00,AMZN,AMZN_727,0.0077078852701151,-0.008644619
2022-11-28 05:00:00,AMZN,AMZN_732,-0.0312931868814363,0.0021595357
2022-11-29 05:00:00,AMZN,AMZN_732,-0.0451200849552333,0.021800548
2022-11-30 05:00:00,AMZN,AMZN_732,-0.0836958955296126,-0.042096883
2022-12-01 05:00:00,AMZN,AMZN_732,-0.0539267175484702,-0.030294918
2022-12-02 05:00:00,AMZN,AMZN_732,-0.0535429837733721,-0.009338675
2022-12-05 05:00:00,AMZN,AMZN_737,-0.0050543794492403,-0.016524125
2022-12-06 05:00:00,AMZN,AMZN_737,0.0480453015724591,0.0016273271
2022-12-07 05:00:00,AMZN,AMZN_737,0.0352702100256936,-0.0036880951
2022-12-08 05:00:00,AMZN,AMZN_737,-0.0210293476255356,-0.024384797
2022-12-09 05:00:00,AMZN,AMZN_737,-0.0138062159400487,0.008080956
2022-12-12 05:00:00,AMZN,AMZN_742,-0.0621756454231636,-0.03754895
2022-12-13 05:00:00,AMZN,AMZN_742,-0.0789274039460524,-0.069151886
2022-12-14 05:00:00,AMZN,AMZN_742,-0.0525224403998341,-0.06064772
2022-12-15 05:00:00,AMZN,AMZN_742,-0.0526850898077668,-0.025472328
2022-12-16 05:00:00,AMZN,AMZN_742,-0.0297063577534741,-0.016651276
2022-12-19 05:00:00,AMZN,AMZN_747,-0.0221384514125611,-0.0002898191
2022-12-20 05:00:00,AMZN,AMZN_747,-0.039558664749422,0.005246769
2022-12-21 05:00:00,AMZN,AMZN_747,-0.0298489851111177,-0.021734977
2022-12-22 05:00:00,AMZN,AMZN_747,0.0025062547103247,0.0014817056
2022-12-23 05:00:00,AMZN,AMZN_747,0.006686213429023,-0.018695075
2022-12-27 05:00:00,AMZN,AMZN_752,0.0252889986869981,0.01450412
2022-12-28 05:00:00,AMZN,AMZN_752,0.0158885731680105,0.02470332
2022-12-29 05:00:00,AMZN,AMZN_752,0.0225706999167365,-0.0053287568
2022-12-30 05:00:00,AMZN,AMZN_752,0.0400000072660899,-0.006194598
2023-01-03 05:00:00,AMZN,AMZN_752,0.0471918325117644,-0.03738563
2023-01-04 05:00:00,AMZN,AMZN_757,0.1168663027903655,0.034189384
2023-01-05 05:00:00,AMZN,AMZN_757,0.1461741277069916,0.033557873
2023-01-06 05:00:00,AMZN,AMZN_757,0.1398698961363607,0.030587792
2023-01-09 05:00:00,AMZN,AMZN_757,0.0994734704749593,0.024988929
2023-01-10 05:00:00,AMZN,AMZN_757,0.0622009142878681,0.005294689
2023-01-11 05:00:00,AMZN,AMZN_762,-0.0148280164793002,0.034360737
2023-01-12 05:00:00,AMZN,AMZN_762,0.0207830736506875,0.06884472
2023-01-13 05:00:00,AMZN,AMZN_762,-0.0061150233053427,0.08645348
2023-01-17 05:00:00,AMZN,AMZN_762,0.0028110008796244,0.11781727
2023-01-18 05:00:00,AMZN,AMZN_762,0.018018030978411,0.13134295
2023-01-19 05:00:00,AMZN,AMZN_767,0.0591374989056363,0.046132598
2023-01-20 05:00:00,AMZN,AMZN_767,0.0513110320181955,0.035596304
2023-01-23 05:00:00,AMZN,AMZN_767,0.0310706164170773,0.035379533
2023-01-24 05:00:00,AMZN,AMZN_767,0.0707018021197074,0.051030435
2023-01-25 05:00:00,AMZN,AMZN_767,0.0820127721308376,0.04774241
2023-01-26 05:00:00,AMZN,AMZN_772,0.1379762373813569,0.055109177
2023-01-27 05:00:00,AMZN,AMZN_772,0.0112480589779671,0.035163112
2023-01-30 05:00:00,AMZN,AMZN_772,0.0162108125703281,0.060451224
2023-01-31 05:00:00,AMZN,AMZN_772,-0.0098903972678288,0.047021713
2023-02-01 05:00:00,AMZN,AMZN_772,-0.0485021245849999,0.042539082
2023-02-02 05:00:00,AMZN,AMZN_777,-0.1299265372644997,-0.06795553
2023-02-03 05:00:00,AMZN,AMZN_777,-0.055904814908777,0.00030969363
2023-02-06 05:00:00,AMZN,AMZN_777,-0.025836752610723,0.0043797167
2023-02-07 05:00:00,AMZN,AMZN_777,-0.0236020335687379,-0.001823754
2023-02-08 05:00:00,AMZN,AMZN_777,0.011094458535672,-0.014022546
2023-02-09 05:00:00,AMZN,AMZN_782,-0.0009160865212498,0.03652343
2023-02-10 05:00:00,AMZN,AMZN_782,-0.0042004267958777,0.049506716
2023-02-13 05:00:00,AMZN,AMZN_782,-0.049829204730286,0.038424447
2023-02-14 05:00:00,AMZN,AMZN_782,-0.0392176143670763,0.03372126
2023-02-15 05:00:00,AMZN,AMZN_782,-0.0527877004148954,0.015978903
2023-02-16 05:00:00,AMZN,AMZN_787,-0.0473764794048714,-0.031722777
2023-02-17 05:00:00,AMZN,AMZN_787,-0.0353908942388493,-0.023829194
2023-02-21 05:00:00,AMZN,AMZN_787,-0.0037005547403802,0.0024902688
2023-02-22 05:00:00,AMZN,AMZN_787,-0.0377910294601032,-0.016415538
2023-02-23 05:00:00,AMZN,AMZN_787,-0.0385097312999217,-0.024347588
2023-02-24 05:00:00,AMZN,AMZN_792,0.014973278351646,-0.016173512
2023-02-27 05:00:00,AMZN,AMZN_792,-0.0001066780717,-0.02297274
2023-02-28 05:00:00,AMZN,AMZN_792,-0.0072163884214248,-0.04177937
2023-03-01 05:00:00,AMZN,AMZN_792,0.0189866554710382,-0.025711447
2023-03-02 05:00:00,AMZN,AMZN_792,0.0013025371774619,-0.03475566
2023-03-03 05:00:00,AMZN,AMZN_797,-0.0439409705152445,-0.040972427
2023-03-06 05:00:00,AMZN,AMZN_797,-0.0140799967447916,-0.016525839
2023-03-07 05:00:00,AMZN,AMZN_797,0.0142169338137201,-0.013443755
2023-03-08 05:00:00,AMZN,AMZN_797,0.0242759670330865,-0.019401213
2023-03-09 05:00:00,AMZN,AMZN_797,0.08444445436886,-0.010656983
2023-03-10 05:00:00,AMZN,AMZN_802,0.0905984050168167,0.11393107
2023-03-13 04:00:00,AMZN,AMZN_802,0.0571242968934753,0.08335456
2023-03-14 04:00:00,AMZN,AMZN_802,0.0603921113280512,0.025732514
2023-03-15 04:00:00,AMZN,AMZN_802,0.0259875268119296,0.011415217
2023-03-16 04:00:00,AMZN,AMZN_802,-0.0132947003087068,-0.047061898
2023-03-17 04:00:00,AMZN,AMZN_807,-0.0082870108146962,-0.023332378
2023-03-20 04:00:00,AMZN,AMZN_807,0.0033773598827833,-0.0114109935
2023-03-21 04:00:00,AMZN,AMZN_807,-0.0334957034702105,-0.043617938
2023-03-22 04:00:00,AMZN,AMZN_807,0.0157041854071242,-0.03978174
2023-03-23 04:00:00,AMZN,AMZN_807,0.0333299660221035,-0.043232992
2023-03-24 04:00:00,AMZN,AMZN_812,0.0525833466476497,0.03694941
2023-03-27 04:00:00,AMZN,AMZN_812,0.0445736710095228,0.04573621
2023-03-28 04:00:00,AMZN,AMZN_812,0.0690045169876825,0.06322853
2023-03-29 04:00:00,AMZN,AMZN_812,0.0084787877717815,0.02079626
2023-03-30 04:00:00,AMZN,AMZN_812,0.0005882113587623,-0.012097126
2023-03-31 04:00:00,AMZN,AMZN_817,-0.0108432833445124,-0.018871928
2023-04-03 04:00:00,AMZN,AMZN_817,-0.0243140846023163,-0.0037459433
2023-04-04 04:00:00,AMZN,AMZN_817,-0.0588744136301874,-0.021934833
2023-04-05 04:00:00,AMZN,AMZN_817,0.0128585862648709,0.016628308
2023-04-06 04:00:00,AMZN,AMZN_817,0.0044092160337194,0.010711863
2023-04-10 04:00:00,AMZN,AMZN_822,0.0055789341787171,0.0010298551
2023-04-11 04:00:00,AMZN,AMZN_822,0.0238191045479039,0.041069217
2023-04-12 04:00:00,AMZN,AMZN_822,0.0661351436124508,0.068658054
2023-04-13 04:00:00,AMZN,AMZN_822,0.0137694923017996,0.005390454
2023-04-14 04:00:00,AMZN,AMZN_822,0.0434103683104831,-0.009241506
2023-04-17 04:00:00,AMZN,AMZN_827,0.033774589184869,0.022199804
2023-04-18 04:00:00,AMZN,AMZN_827,0.0026392632943501,0.030127723
2023-04-19 04:00:00,AMZN,AMZN_827,0.0065196575769834,0.002004585
2023-04-20 04:00:00,AMZN,AMZN_827,0.0578942517828131,0.0073459325
2023-04-21 04:00:00,AMZN,AMZN_827,-0.0141174471686178,-0.027262831
2023-04-24 04:00:00,AMZN,AMZN_832,-0.0391676496429141,-0.00038333714
2023-04-25 04:00:00,AMZN,AMZN_832,0.0103343820000734,0.04286205
2023-04-26 04:00:00,AMZN,AMZN_832,-0.0126690968615486,0.031372167
2023-04-27 04:00:00,AMZN,AMZN_832,-0.052995808696023,-0.014369274
2023-04-28 04:00:00,AMZN,AMZN_832,0.0019915288757215,0.016534176
2023-05-01 04:00:00,AMZN,AMZN_837,0.0370406532705318,0.035485946
2023-05-02 04:00:00,AMZN,AMZN_837,0.028852702619033,0.029386282
2023-05-03 04:00:00,AMZN,AMZN_837,0.0630969688301881,0.02780309
2023-05-04 04:00:00,AMZN,AMZN_837,0.0786538490882287,0.030060833
2023-05-05 04:00:00,AMZN,AMZN_837,0.0435358538206327,0.004627478
2023-05-08 04:00:00,AMZN,AMZN_842,0.0507417086296577,0.04449071
2023-05-09 04:00:00,AMZN,AMZN_842,0.0635903076781172,0.030682273
2023-05-10 04:00:00,AMZN,AMZN_842,0.0481894676553562,-0.015595026
2023-05-11 04:00:00,AMZN,AMZN_842,0.0532180531686776,-0.052891962
2023-05-12 04:00:00,AMZN,AMZN_842,0.0543261177917322,-0.04359174
2023-05-15 04:00:00,AMZN,AMZN_847,0.0342626375229275,0.053378377
2023-05-16 04:00:00,AMZN,AMZN_847,0.0140211315387659,0.04494813
2023-05-17 04:00:00,AMZN,AMZN_847,0.0108225108225108,0.03331186
2023-05-18 04:00:00,AMZN,AMZN_847,-0.0266610366923182,0.021219797
2023-05-19 04:00:00,AMZN,AMZN_847,0.0332043063256048,0.046939727
2023-05-22 04:00:00,AMZN,AMZN_852,0.0578210712317168,0.05849535
2023-05-23 04:00:00,AMZN,AMZN_852,0.0486129582670984,0.07903516
2023-05-24 04:00:00,AMZN,AMZN_852,0.0515631404117036,0.08062118
2023-05-25 04:00:00,AMZN,AMZN_852,0.0804347826086957,0.10359962
2023-05-26 04:00:00,AMZN,AMZN_852,0.0432104105822386,0.07722524
2023-05-30 04:00:00,AMZN,AMZN_857,0.0406871346312793,0.041284695
2023-05-31 04:00:00,AMZN,AMZN_857,0.0053906246144335,0.06517922
2023-06-01 04:00:00,AMZN,AMZN_857,0.0120550899845379,0.05641756
2023-06-02 04:00:00,AMZN,AMZN_857,-0.0065995951293699,0.05925042
2023-06-05 04:00:00,AMZN,AMZN_857,0.0101356473434548,0.06633817
2023-06-06 04:00:00,AMZN,AMZN_862,0.0003949376156446,0.0041374234
2023-06-07 04:00:00,AMZN,AMZN_862,0.0428111413701028,0.09879745
2023-06-08 04:00:00,AMZN,AMZN_862,0.0230181135641975,0.08524665
2023-06-09 04:00:00,AMZN,AMZN_862,0.0166896018269502,0.09409846
2023-06-12 04:00:00,AMZN,AMZN_862,-0.0062416126841442,0.07295421
2023-06-13 04:00:00,AMZN,AMZN_867,-0.0144481428876047,-0.0061962297
2023-06-14 04:00:00,AMZN,AMZN_867,0.0295047918174651,-0.0066528087
2023-06-15 04:00:00,AMZN,AMZN_867,0.0174651971524129,-0.016518664
2023-06-16 04:00:00,AMZN,AMZN_867,0.0146625547741474,0.000976106
2023-06-20 04:00:00,AMZN,AMZN_867,0.0270312762719155,-0.005688889
2023-06-21 04:00:00,AMZN,AMZN_872,0.0337257982321905,0.04139754
2023-06-22 04:00:00,AMZN,AMZN_872,-0.0172876871004313,0.0038459504
2023-06-23 04:00:00,AMZN,AMZN_872,0.0079641132352443,0.014547741
2023-06-26 04:00:00,AMZN,AMZN_872,0.0226969241191326,0.039733686
2023-06-27 04:00:00,AMZN,AMZN_872,0.0092894587015734,0.031179672
2023-06-28 04:00:00,AMZN,AMZN_877,-0.0052696273338563,0.012222679
2023-06-29 04:00:00,AMZN,AMZN_877,0.0146989619311113,0.023534024
2023-06-30 04:00:00,AMZN,AMZN_877,-0.0247775647576755,0.0019406581
2023-07-03 04:00:00,AMZN,AMZN_877,-0.0110582278291155,0.0057666306
2023-07-05 04:00:00,AMZN,AMZN_877,0.003221338803621,0.0038916348
2023-07-06 04:00:00,AMZN,AMZN_882,0.0462761172729944,0.014320372
2023-07-07 04:00:00,AMZN,AMZN_882,0.0377561561301698,-0.0007931917
2023-07-10 04:00:00,AMZN,AMZN_882,0.0505781518452987,0.029363966
2023-07-11 04:00:00,AMZN,AMZN_882,0.0314490067568544,0.016696095
2023-07-12 04:00:00,AMZN,AMZN_882,0.0348623658425248,-0.0009973046
2023-07-13 04:00:00,AMZN,AMZN_887,-0.0323156830921145,-0.006947249
2023-07-14 04:00:00,AMZN,AMZN_887,-0.0347489822563884,-0.011030831
2023-07-17 04:00:00,AMZN,AMZN_887,-0.0356393725205609,0.0018308698
2023-07-18 04:00:00,AMZN,AMZN_887,-0.0278551298444471,0.015567061
2023-07-19 04:00:00,AMZN,AMZN_887,-0.0532654157901637,-0.011550321
2023-07-20 04:00:00,AMZN,AMZN_892,-0.013157945718117,0.0056296773
2023-07-21 04:00:00,AMZN,AMZN_892,0.0170000516451322,0.013743365
2023-07-24 04:00:00,AMZN,AMZN_892,0.0378881173012273,0.030766934
2023-07-25 04:00:00,AMZN,AMZN_892,0.0198249629194777,0.03309954
2023-07-26 04:00:00,AMZN,AMZN_892,0.0004683013674686,0.043661647
2023-07-27 04:00:00,AMZN,AMZN_897,0.0051462273848683,0.009465107
2023-07-28 04:00:00,AMZN,AMZN_897,0.0556690132107797,-0.028876746
2023-07-31 04:00:00,AMZN,AMZN_897,0.0638839692760475,-0.035954095
2023-08-01 04:00:00,AMZN,AMZN_897,0.0626471246643853,-0.0291363
2023-08-02 04:00:00,AMZN,AMZN_897,0.0751891341146444,-0.018660683
2023-08-03 04:00:00,AMZN,AMZN_902,0.0748583788871677,0.06652318
2023-08-04 04:00:00,AMZN,AMZN_902,-0.0083112674732094,-0.022759719
2023-08-07 04:00:00,AMZN,AMZN_902,-0.011601700761652,-0.043228075
2023-08-08 04:00:00,AMZN,AMZN_902,-0.0162212679209534,-0.04844053
2023-08-09 04:00:00,AMZN,AMZN_902,-0.0201668382749964,-0.04747437
2023-08-10 04:00:00,AMZN,AMZN_907,-0.0330542863146191,-0.014908227
2023-08-11 04:00:00,AMZN,AMZN_907,-0.0374973073050141,-0.01727426
2023-08-14 04:00:00,AMZN,AMZN_907,-0.0419009343497609,-0.034081526
2023-08-15 04:00:00,AMZN,AMZN_907,-0.0248420005406578,-0.023672674
2023-08-16 04:00:00,AMZN,AMZN_907,0.0033315830594575,-0.008835355
2023-08-17 04:00:00,AMZN,AMZN_912,-0.0159725291677149,0.012879385
2023-08-18 04:00:00,AMZN,AMZN_912,0.0003002048173423,0.012584612
2023-08-21 04:00:00,AMZN,AMZN_912,-0.0114344622058309,0.0021691401
2023-08-22 04:00:00,AMZN,AMZN_912,0.0049162283956005,0.00096896396
2023-08-23 04:00:00,AMZN,AMZN_912,-0.0033205204697122,-0.003223903
2023-08-24 04:00:00,AMZN,AMZN_917,0.0467991378969119,0.020603234
2023-08-25 04:00:00,AMZN,AMZN_917,0.0364700646156956,0.0042079566
2023-08-28 04:00:00,AMZN,AMZN_917,0.0310200157859816,-0.011713785
2023-08-29 04:00:00,AMZN,AMZN_917,0.0033355343267889,-0.024900865
2023-08-30 04:00:00,AMZN,AMZN_917,0.0205819103320534,-0.026007198
2023-08-31 04:00:00,AMZN,AMZN_922,0.0015940962934553,-0.008354618
2023-09-01 04:00:00,AMZN,AMZN_922,0.0360556846393083,-0.003064246
2023-09-05 04:00:00,AMZN,AMZN_922,0.0288481921164518,0.0020954013
2023-09-06 04:00:00,AMZN,AMZN_922,0.0701093783272215,0.012433037
2023-09-07 04:00:00,AMZN,AMZN_922,0.0498367414799287,-0.002445383
2023-09-08 04:00:00,AMZN,AMZN_927,0.0156261573382878,0.042103305
2023-09-11 04:00:00,AMZN,AMZN_927,-0.0218030065891094,-0.001014305
2023-09-12 04:00:00,AMZN,AMZN_927,-0.0254902708605306,0.012410656
2023-09-13 04:00:00,AMZN,AMZN_927,-0.0659993953369311,-0.011907485
2023-09-14 04:00:00,AMZN,AMZN_927,-0.1063432784676262,-0.02002377
2023-09-15 04:00:00,AMZN,AMZN_932,-0.0802764037428432,-0.06130521
2023-09-18 04:00:00,AMZN,AMZN_932,-0.0622231155945417,-0.053081647
2023-09-19 04:00:00,AMZN,AMZN_932,-0.0846472506907087,-0.028925957
2023-09-20 04:00:00,AMZN,AMZN_932,-0.0688150668284014,-0.0074404497
2023-09-21 04:00:00,AMZN,AMZN_932,-0.0259027172867223,0.011051048
2023-09-22 04:00:00,AMZN,AMZN_937,-0.0154894086604502,-0.010005137
2023-09-25 04:00:00,AMZN,AMZN_937,-0.0137883560576181,0.0017437639
2023-09-26 04:00:00,AMZN,AMZN_937,-0.0100016042439732,0.023878448
2023-09-27 04:00:00,AMZN,AMZN_937,0.0080964963953564,0.033265643
2023-09-28 04:00:00,AMZN,AMZN_937,-0.0001587892675654,0.03172037
2023-09-29 04:00:00,AMZN,AMZN_942,0.0066079005643602,-0.00059107656
2023-10-02 04:00:00,AMZN,AMZN_942,-0.0092693661733196,-0.014123425
2023-10-03 04:00:00,AMZN,AMZN_942,0.0381654462816489,-0.0039258515
2023-10-04 04:00:00,AMZN,AMZN_942,0.0380315104807456,-0.015019247
2023-10-05 04:00:00,AMZN,AMZN_942,0.0505716322076987,-0.0075598657
2023-10-06 04:00:00,AMZN,AMZN_947,0.0143012989586854,0.03744883
2023-10-09 04:00:00,AMZN,AMZN_947,0.033447752445469,0.03473146
2023-10-10 04:00:00,AMZN,AMZN_947,0.0153692119155732,0.022460246
2023-10-11 04:00:00,AMZN,AMZN_947,-0.0280664256758782,-0.0037021607
2023-10-12 04:00:00,AMZN,AMZN_947,-0.0296985406195924,-0.02240688
2023-10-13 04:00:00,AMZN,AMZN_952,-0.0355959269294537,-0.014241437
2023-10-16 04:00:00,AMZN,AMZN_952,-0.0451905345549111,-0.041092627
2023-10-17 04:00:00,AMZN,AMZN_952,-0.0221343548725176,-0.027171008
2023-10-18 04:00:00,AMZN,AMZN_952,-0.0526028661227981,-0.002600432
2023-10-19 04:00:00,AMZN,AMZN_952,-0.0687694285155408,0.0020731466
2023-10-20 04:00:00,AMZN,AMZN_957,0.020532074238392,-0.041907117
2023-10-23 04:00:00,AMZN,AMZN_957,0.0485936257420211,-0.043153636
2023-10-24 04:00:00,AMZN,AMZN_957,0.0352364566375495,-0.032828197
2023-10-25 04:00:00,AMZN,AMZN_957,0.1285937942898014,-0.021396898
2023-10-26 04:00:00,AMZN,AMZN_957,0.1547211480857377,-0.00034886153
2023-10-27 04:00:00,AMZN,AMZN_962,0.0850165055688192,0.06609964
2023-10-30 04:00:00,AMZN,AMZN_962,0.0529726352471224,0.028316364
2023-10-31 04:00:00,AMZN,AMZN_962,0.0722819944449706,0.019882858
2023-11-01 04:00:00,AMZN,AMZN_962,0.0370803053361656,-0.034270324
2023-11-02 04:00:00,AMZN,AMZN_962,0.0183240287179522,-0.061787356
2023-11-03 04:00:00,AMZN,AMZN_967,0.0357863725588416,-0.0011044377
2023-11-06 05:00:00,AMZN,AMZN_967,0.0203949530033902,-0.008239427
2023-11-07 05:00:00,AMZN,AMZN_967,0.0216522751910877,-0.02271019
2023-11-08 05:00:00,AMZN,AMZN_967,0.0078828484146507,-0.029082563
2023-11-09 05:00:00,AMZN,AMZN_967,0.015860566363683,-0.02808289
2023-11-10 05:00:00,AMZN,AMZN_972,0.0112844465362038,-0.00819517
2023-11-13 05:00:00,AMZN,AMZN_972,0.0248264859796563,-0.024818499
2023-11-14 05:00:00,AMZN,AMZN_972,-0.0130316125891913,-0.050030585
2023-11-15 05:00:00,AMZN,AMZN_972,0.0245112419024258,-0.05482219
2023-11-16 05:00:00,AMZN,AMZN_972,0.0273752265769364,-0.06134376
2023-11-17 05:00:00,AMZN,AMZN_977,0.0175644247169273,0.0030029314
2023-11-20 05:00:00,AMZN,AMZN_977,0.0061588576364322,-0.0029645094
2023-11-21 05:00:00,AMZN,AMZN_977,0.0168173282166725,0.013901802
2023-11-22 05:00:00,AMZN,AMZN_977,-0.0042260946602352,-0.03180214
2023-11-24 05:00:00,AMZN,AMZN_977,0.0019762387575099,-0.04009494
2023-11-27 05:00:00,AMZN,AMZN_982,-0.0195627121994812,-0.016878685
2023-11-28 05:00:00,AMZN,AMZN_982,-0.0010201584556192,-0.012703282
2023-11-29 05:00:00,AMZN,AMZN_982,-0.0123018245055805,-0.0048396643
2023-11-30 05:00:00,AMZN,AMZN_982,0.0054076840627381,-0.006960345
2023-12-01 05:00:00,AMZN,AMZN_982,0.0026525157647172,-0.009120142
2023-12-04 05:00:00,AMZN,AMZN_987,0.0072493998778369,0.022666
2023-12-05 05:00:00,AMZN,AMZN_987,0.0040849048528099,0.011042794
2023-12-06 05:00:00,AMZN,AMZN_987,0.0298920006761505,0.026880443
2023-12-07 05:00:00,AMZN,AMZN_987,0.0036764247561378,0.015467845
2023-12-08 05:00:00,AMZN,AMZN_987,0.0172975382134754,0.013344882
2023-12-11 05:00:00,AMZN,AMZN_992,0.0560696961326516,0.024509782
2023-12-12 05:00:00,AMZN,AMZN_992,0.0427854471209174,0.014455305
2023-12-13 05:00:00,AMZN,AMZN_992,0.0220370791453847,0.007149375
2023-12-14 05:00:00,AMZN,AMZN_992,0.0435490316692848,0.018970266
2023-12-15 05:00:00,AMZN,AMZN_992,0.023004580383813,0.0027571502
2023-12-18 05:00:00,AMZN,AMZN_997,-0.004283790684325,-0.009667854
2023-12-19 05:00:00,AMZN,AMZN_997,-0.0029260482988964,-0.008233537
2023-12-20 05:00:00,AMZN,AMZN_997,0.008282998988097,-0.0012534292
2023-12-21 05:00:00,AMZN,AMZN_997,-0.0123504546393206,-0.003921372
2023-12-22 05:00:00,AMZN,AMZN_997,-0.0227480480694628,-0.0032151705
2023-12-26 05:00:00,GOOGL,GOOGL_1002,-0.0183720041338465,-0.028641045
2023-12-27 05:00:00,GOOGL,GOOGL_1002,-0.0283536073661353,-0.025945991
2023-12-28 05:00:00,GOOGL,GOOGL_1002,-0.0320901386087417,-0.039575387
2023-12-29 05:00:00,GOOGL,GOOGL_1002,-0.006084945870569,-0.050060164
2024-01-02 05:00:00,GOOGL,GOOGL_1002,0.0201201332860818,-0.04786148
2024-01-03 05:00:00,GOOGL,GOOGL_1007,0.0241865869179278,-0.021354115
2024-01-04 05:00:00,GOOGL,GOOGL_1007,0.0417186191573375,0.0015603707
2024-01-05 05:00:00,GOOGL,GOOGL_1007,0.0509835584378588,-0.013136337
2024-01-08 05:00:00,GOOGL,GOOGL_1007,0.0262893204519432,-0.105836585
2024-01-09 05:00:00,GOOGL,GOOGL_1007,0.0036892818993949,-0.12101402
2024-01-10 05:00:00,GOOGL,GOOGL_1012,0.0084340522809787,-0.011939933
2024-01-11 05:00:00,GOOGL,GOOGL_1012,0.0302646607287553,-0.015900781
2024-01-12 05:00:00,GOOGL,GOOGL_1012,0.0234140325242733,-0.024156358
2024-01-16 05:00:00,GOOGL,GOOGL_1012,0.0319319785076928,-0.024915505
2024-01-17 05:00:00,GOOGL,GOOGL_1012,0.0511062109645406,-0.015266085
2024-01-18 05:00:00,GOOGL,GOOGL_1017,0.0584750462746082,0.03350842
2024-01-19 05:00:00,GOOGL,GOOGL_1017,0.0396911966442756,0.018937107
2024-01-22 05:00:00,GOOGL,GOOGL_1017,0.0515103002309564,0.019553695
2024-01-23 05:00:00,GOOGL,GOOGL_1017,0.0300599403533243,0.009830071
2024-01-24 05:00:00,GOOGL,GOOGL_1017,-0.0578345058589339,-0.002096337
2024-01-25 05:00:00,GOOGL,GOOGL_1022,-0.0705207861948896,-0.07287238
2024-01-26 05:00:00,GOOGL,GOOGL_1022,-0.0644588829832671,-0.072348155
2024-01-29 05:00:00,GOOGL,GOOGL_1022,-0.0640349305114263,-0.06350747
2024-01-30 05:00:00,GOOGL,GOOGL_1022,-0.0485936899782118,-0.044387907
2024-01-31 05:00:00,GOOGL,GOOGL_1022,0.0388293143870226,0.012096268
2024-02-01 05:00:00,GOOGL,GOOGL_1027,0.0336497582655914,0.03637764
2024-02-02 05:00:00,GOOGL,GOOGL_1027,0.0464952583941555,0.016833965
2024-02-05 05:00:00,GOOGL,GOOGL_1027,0.0267957008614503,0.0035958237
2024-02-06 05:00:00,GOOGL,GOOGL_1027,0.007217163373232,-0.0042638397
2024-02-07 05:00:00,GOOGL,GOOGL_1027,0.0027484483559581,-0.013865005
2024-02-08 05:00:00,GOOGL,GOOGL_1032,-0.0215201104162802,-0.0020003272
2024-02-09 05:00:00,GOOGL,GOOGL_1032,-0.0569127230036178,-0.02173597
2024-02-12 05:00:00,GOOGL,GOOGL_1032,-0.0434488152589133,-0.014510713
2024-02-13 05:00:00,GOOGL,GOOGL_1032,-0.0178448143088206,0.00323116
2024-02-14 05:00:00,GOOGL,GOOGL_1032,-0.0126764839836041,0.01698247
2024-02-15 05:00:00,GOOGL,GOOGL_1037,0.0083351012523278,0.010078318
2024-02-16 05:00:00,GOOGL,GOOGL_1037,-0.0209934305333658,0.024343915
2024-02-20 05:00:00,GOOGL,GOOGL_1037,-0.0158729472213692,0.024789516
2024-02-21 05:00:00,GOOGL,GOOGL_1037,-0.0432830448043208,0.016266407
2024-02-22 05:00:00,GOOGL,GOOGL_1037,-0.0390727307038104,0.0026610391
2024-02-23 05:00:00,GOOGL,GOOGL_1042,-0.0473743192980957,-0.043751575
2024-02-26 05:00:00,GOOGL,GOOGL_1042,-0.0306752998184961,-0.009298207
2024-02-27 05:00:00,GOOGL,GOOGL_1042,-0.0447149085219806,-0.004074419
2024-02-28 05:00:00,GOOGL,GOOGL_1042,-0.036515697375193,0.016100885
2024-02-29 05:00:00,GOOGL,GOOGL_1042,-0.0294670058733,0.014895786
2024-03-01 05:00:00,GOOGL,GOOGL_1047,-0.012614815044761,-0.013879374
2024-03-04 05:00:00,GOOGL,GOOGL_1047,0.0323958895215663,0.0062830225
2024-03-05 05:00:00,GOOGL,GOOGL_1047,0.0439436339151118,0.01116861
2024-03-06 05:00:00,GOOGL,GOOGL_1047,0.0638508354593836,0.013134992
2024-03-07 05:00:00,GOOGL,GOOGL_1047,0.064890615447644,-0.0014710919
2024-03-08 05:00:00,GOOGL,GOOGL_1052,0.0426112462715075,0.056332648
2024-03-11 04:00:00,GOOGL,GOOGL_1052,0.0727100649376919,0.05185279
2024-03-12 04:00:00,GOOGL,GOOGL_1052,0.0615884388396885,0.043680027
2024-03-13 04:00:00,GOOGL,GOOGL_1052,0.0640246987401429,0.039404828
2024-03-14 04:00:00,GOOGL,GOOGL_1052,0.0314465395392422,0.021759646
2024-03-15 04:00:00,GOOGL,GOOGL_1057,0.0679275541450343,0.04605511
2024-03-18 04:00:00,GOOGL,GOOGL_1057,0.0161837402963891,0.00532165
2024-03-19 04:00:00,GOOGL,GOOGL_1057,0.0247568483973965,-0.00048839906
2024-03-20 04:00:00,GOOGL,GOOGL_1057,0.0143202201516747,-0.020041581
2024-03-21 04:00:00,GOOGL,GOOGL_1057,0.0225608837030144,-0.030402938
2024-03-22 04:00:00,GOOGL,GOOGL_1062,0.0313059699340028,-0.0037239294
2024-03-25 04:00:00,GOOGL,GOOGL_1062,0.0299193044261976,-0.0043173004
2024-03-26 04:00:00,GOOGL,GOOGL_1062,0.0282073408883598,-0.014806289
2024-03-27 04:00:00,GOOGL,GOOGL_1062,-0.002253571610621,-0.026080374
2024-03-28 04:00:00,GOOGL,GOOGL_1062,0.0104022222249182,-0.03896199
2024-04-01 04:00:00,GOOGL,GOOGL_1067,-0.0041160162520964,0.0001415107
2024-04-02 04:00:00,GOOGL,GOOGL_1067,0.0131988132579292,-0.022314955
2024-04-03 04:00:00,GOOGL,GOOGL_1067,0.0078750402473712,-0.02587359
2024-04-04 04:00:00,GOOGL,GOOGL_1067,0.0589915960594149,-0.004976609
2024-04-05 04:00:00,GOOGL,GOOGL_1067,0.0342950539510757,-0.003993037
2024-04-08 04:00:00,GOOGL,GOOGL_1072,6.454314783344017e-05,0.026649425
2024-04-09 04:00:00,GOOGL,GOOGL_1072,-0.0140486086927544,0.017198347
2024-04-10 04:00:00,GOOGL,GOOGL_1072,-0.0042910091684663,0.012157403
2024-04-11 04:00:00,GOOGL,GOOGL_1072,-0.0213287063369009,0.003762735
2024-04-12 04:00:00,GOOGL,GOOGL_1072,-0.0230774075207363,0.010585407
2024-04-15 04:00:00,GOOGL,GOOGL_1077,0.0091695606570363,-0.0019262678
2024-04-16 04:00:00,GOOGL,GOOGL_1077,0.0250000049413179,-0.008225856
2024-04-17 04:00:00,GOOGL,GOOGL_1077,0.0235415426344127,-0.014515314
2024-04-18 04:00:00,GOOGL,GOOGL_1077,-6.406324714980371e-05,-0.012936379
2024-04-19 04:00:00,GOOGL,GOOGL_1077,0.1159062952483165,-0.0071524237
2024-04-22 04:00:00,GOOGL,GOOGL_1082,0.0631558433214873,0.059210606
2024-04-23 04:00:00,GOOGL,GOOGL_1082,0.0285606244745932,0.026913915
2024-04-24 04:00:00,GOOGL,GOOGL_1082,0.0297240971683647,0.012979197
2024-04-25 04:00:00,GOOGL,GOOGL_1082,0.0680768917768428,0.045836344
2024-04-26 04:00:00,GOOGL,GOOGL_1082,-0.0273916344208825,0.001711383
2024-04-29 04:00:00,GOOGL,GOOGL_1087,0.0117364566877213,-3.998833e-05
2024-04-30 04:00:00,GOOGL,GOOGL_1087,0.0520334272282865,0.015000189
2024-05-01 04:00:00,GOOGL,GOOGL_1087,0.0336873199798597,0.014034564
2024-05-02 04:00:00,GOOGL,GOOGL_1087,0.0200456829585824,0.010423888
2024-05-03 04:00:00,GOOGL,GOOGL_1087,0.0084309277505849,0.009718204
2024-05-06 04:00:00,GOOGL,GOOGL_1092,0.0061867534108974,0.007944835
2024-05-07 04:00:00,GOOGL,GOOGL_1092,-0.0053138899977189,-0.0018859417
2024-05-08 04:00:00,GOOGL,GOOGL_1092,0.0184790974955335,0.0068399105
2024-05-09 04:00:00,GOOGL,GOOGL_1092,0.0248292880396183,0.008550677
2024-05-10 04:00:00,GOOGL,GOOGL_1092,0.0439371712438814,-0.0027957053
2024-05-13 04:00:00,GOOGL,GOOGL_1097,0.0459973915535736,0.04142251
2024-05-14 04:00:00,GOOGL,GOOGL_1097,0.0440883522782751,0.036457427
2024-05-15 04:00:00,GOOGL,GOOGL_1097,0.0224335429784225,0.025073975
2024-05-16 04:00:00,GOOGL,GOOGL_1097,-0.0036168885665077,0.017668879
2024-05-17 04:00:00,GOOGL,GOOGL_1097,-0.0060774286054025,0.010673041
2024-05-20 04:00:00,GOOGL,GOOGL_1102,-0.0029392057305154,-0.008731068
2024-05-21 04:00:00,GOOGL,GOOGL_1102,-0.010964364015238,-0.012597911
2024-05-22 04:00:00,GOOGL,GOOGL_1102,-0.0242091175544413,0.0045772754
2024-05-23 04:00:00,GOOGL,GOOGL_1102,-0.0060501471235622,0.04324586
2024-05-24 04:00:00,GOOGL,GOOGL_1102,-0.0104006358482562,0.03156369
2024-05-28 04:00:00,GOOGL,GOOGL_1107,-0.014795922339335,-0.014628714
2024-05-29 04:00:00,GOOGL,GOOGL_1107,-0.0027856182568337,-0.011631705
2024-05-30 04:00:00,GOOGL,GOOGL_1107,0.0268432694253888,0.010629751
2024-05-31 04:00:00,GOOGL,GOOGL_1107,0.0113623577615489,0.0071136467
2024-06-03 04:00:00,GOOGL,GOOGL_1107,0.0106253759735881,0.0017006311
2024-06-04 04:00:00,GOOGL,GOOGL_1112,0.0162840321099229,0.0051084943
2024-06-05 04:00:00,GOOGL,GOOGL_1112,0.0135681521825175,-0.0042367857
2024-06-06 04:00:00,GOOGL,GOOGL_1112,-0.0088835630814483,-0.008505918
2024-06-07 04:00:00,GOOGL,GOOGL_1112,0.0133554194806781,0.009050947
2024-06-10 04:00:00,GOOGL,GOOGL_1112,0.0127421921965777,0.008079184
2024-06-11 04:00:00,GOOGL,GOOGL_1117,-0.0086626589378043,0.0009642256
2024-06-12 04:00:00,GOOGL,GOOGL_1117,-0.0083806192172865,-0.006272914
2024-06-13 04:00:00,GOOGL,GOOGL_1117,0.0255195314412413,0.017849078
2024-06-14 04:00:00,GOOGL,GOOGL_1117,0.0137451667337153,0.009629784
2024-06-17 04:00:00,GOOGL,GOOGL_1117,0.0383095975834568,0.0052795447
2024-06-18 04:00:00,GOOGL,GOOGL_1122,0.0502028027229997,0.04229142
2024-06-20 04:00:00,GOOGL,GOOGL_1122,0.0516732867422413,0.036084153
2024-06-21 04:00:00,GOOGL,GOOGL_1122,0.0140287755117298,0.013050159
2024-06-24 04:00:00,GOOGL,GOOGL_1122,0.0210356224014212,0.02271112
2024-06-25 04:00:00,GOOGL,GOOGL_1122,0.0065750514692897,0.001170129
2024-06-26 04:00:00,GOOGL,GOOGL_1127,0.0105503719267499,0.0050640553
2024-06-27 04:00:00,GOOGL,GOOGL_1127,0.0279920303052501,0.0007583917
2024-06-28 04:00:00,GOOGL,GOOGL_1127,0.03777109587345,0.03233423
2024-07-01 04:00:00,GOOGL,GOOGL_1127,0.0327339748322961,0.027523383
2024-07-02 04:00:00,GOOGL,GOOGL_1127,0.032066438169245,0.01539617
2024-07-03 04:00:00,GOOGL,GOOGL_1132,-0.0013453879568726,0.02958396
2024-07-05 04:00:00,GOOGL,GOOGL_1132,-0.0290136337996415,0.016333353
2024-07-08 04:00:00,GOOGL,GOOGL_1132,-0.0132254140408628,0.022654908
2024-07-09 04:00:00,GOOGL,GOOGL_1132,-0.0267753078261729,0.02231789
2024-07-10 04:00:00,GOOGL,GOOGL_1132,-0.0531435756488938,0.013290349
2024-07-11 04:00:00,GOOGL,GOOGL_1137,-0.0424637849426009,0.0077772653
2024-07-12 04:00:00,GOOGL,GOOGL_1137,-0.0400389224015537,0.010860877
2024-07-15 04:00:00,GOOGL,GOOGL_1137,-0.0260547935568365,0.006188757
2024-07-16 04:00:00,GOOGL,GOOGL_1137,-0.0115811488909211,0.01691683
2024-07-17 04:00:00,GOOGL,GOOGL_1137,-0.0463484653166854,0.022810828
2024-07-18 04:00:00,GOOGL,GOOGL_1142,-0.0585851962354612,-0.031337693
2024-07-19 04:00:00,GOOGL,GOOGL_1142,-0.0600022708678065,-0.03096147
2024-07-22 04:00:00,GOOGL,GOOGL_1142,-0.0668244592503312,-0.040219866
2024-07-23 04:00:00,GOOGL,GOOGL_1142,-0.0632598076061277,-0.04180317
2024-07-24 04:00:00,GOOGL,GOOGL_1142,-0.0063141491389033,-0.018161587
2024-07-25 04:00:00,GOOGL,GOOGL_1147,0.0208034179395855,0.0035048155
2024-07-26 04:00:00,GOOGL,GOOGL_1147,-0.0020359062149138,0.010146208
2024-07-29 04:00:00,GOOGL,GOOGL_1147,-0.0606382283567401,0.0027896627
2024-07-30 04:00:00,GOOGL,GOOGL_1147,-0.0704680279118737,0.0031433883
2024-07-31 04:00:00,GOOGL,GOOGL_1147,-0.0734522055373377,0.0048842933
2024-08-01 04:00:00,GOOGL,GOOGL_1152,-0.0511243617262447,-0.068078786
2024-08-02 04:00:00,GOOGL,GOOGL_1152,-0.0179407501947862,-0.04776213
2024-08-05 04:00:00,GOOGL,GOOGL_1152,0.0190894397873331,-0.035103414
2024-08-06 04:00:00,GOOGL,GOOGL_1152,0.0370839005935494,-0.030965772
2024-08-07 04:00:00,GOOGL,GOOGL_1152,0.0089970596062398,-0.026986811
2024-08-08 04:00:00,GOOGL,GOOGL_1157,-0.0045053121831679,-0.008990232
2024-08-09 04:00:00,GOOGL,GOOGL_1157,-0.0043379450297619,-0.02168808
2024-08-12 04:00:00,GOOGL,GOOGL_1157,0.0269887550928056,-0.018971896
2024-08-13 04:00:00,GOOGL,GOOGL_1157,0.0183966188249355,-0.020717701
2024-08-14 04:00:00,GOOGL,GOOGL_1157,0.0341710491561948,-0.01301991
2024-08-15 04:00:00,GOOGL,GOOGL_1162,0.0154990697625578,0.039134525
2024-08-16 04:00:00,GOOGL,GOOGL_1162,0.0163229522197483,0.035019152
2024-08-19 04:00:00,GOOGL,GOOGL_1162,-0.0030599058765152,0.023425288
2024-08-20 04:00:00,GOOGL,GOOGL_1162,-0.0149539425142118,0.023352161
2024-08-21 04:00:00,GOOGL,GOOGL_1162,-0.0180886336424223,0.031485684
2024-08-22 04:00:00,GOOGL,GOOGL_1167,-0.0123321381857524,-0.007062071
2024-08-23 04:00:00,GOOGL,GOOGL_1167,-0.0135248780365562,-0.014094096
2024-08-26 04:00:00,GOOGL,GOOGL_1167,-0.0529610186435289,-0.017443422
2024-08-27 04:00:00,GOOGL,GOOGL_1167,-0.0499756867474613,-0.010641217
2024-08-28 04:00:00,GOOGL,GOOGL_1167,-0.0344488817936277,-0.0025472715
2024-08-29 04:00:00,GOOGL,GOOGL_1172,-0.0671282030677165,-0.031516947
2024-08-30 04:00:00,GOOGL,GOOGL_1172,-0.0897906581620416,-0.050548032
2024-09-03 04:00:00,GOOGL,GOOGL_1172,-0.0552872198430195,-0.03317499
2024-09-04 04:00:00,GOOGL,GOOGL_1172,-0.0338126774644993,-0.02894092
2024-09-05 04:00:00,GOOGL,GOOGL_1172,-0.0162172663614456,-0.030618247
2024-09-06 04:00:00,GOOGL,GOOGL_1177,0.043334273948246,0.01325823
2024-09-09 04:00:00,GOOGL,GOOGL_1177,0.0628739857615423,0.021135382
2024-09-10 04:00:00,GOOGL,GOOGL_1177,0.0717072743139344,0.019221153
2024-09-11 04:00:00,GOOGL,GOOGL_1177,0.0572240916044157,0.00974052
2024-09-12 04:00:00,GOOGL,GOOGL_1177,0.0481608173163234,-0.0016081318
2024-09-13 04:00:00,GOOGL,GOOGL_1182,0.0389304544814526,0.033502646
2024-09-16 04:00:00,GOOGL,GOOGL_1182,0.0239782905444934,0.033633973
2024-09-17 04:00:00,GOOGL,GOOGL_1182,0.018641638371696,0.028263174
2024-09-18 04:00:00,GOOGL,GOOGL_1182,0.0105125333848674,0.021781722
2024-09-19 04:00:00,GOOGL,GOOGL_1182,0.0036388080677907,0.013197359
2024-09-20 04:00:00,GOOGL,GOOGL_1187,0.0022006272902408,-0.0037280237
2024-09-23 04:00:00,GOOGL,GOOGL_1187,0.0247142406497142,0.002295034
2024-09-24 04:00:00,GOOGL,GOOGL_1187,0.0289605792191061,-0.00090248836
2024-09-25 04:00:00,GOOGL,GOOGL_1187,0.0270604679456307,-0.00036989897
2024-09-26 04:00:00,GOOGL,GOOGL_1187,0.0192343450192986,-0.008947726
2024-09-27 04:00:00,GOOGL,GOOGL_1192,0.0189692020020797,0.0069403565
2024-09-30 04:00:00,GOOGL,GOOGL_1192,-0.0173048554136635,-0.0071232547
2024-10-01 04:00:00,GOOGL,GOOGL_1192,-0.0156296815647353,-0.026554992
2024-10-02 04:00:00,GOOGL,GOOGL_1192,-0.0241167248600043,-0.032439906
2024-10-03 04:00:00,GOOGL,GOOGL_1192,-0.0227902976328637,-0.04105927
2024-10-04 04:00:00,GOOGL,GOOGL_1197,-0.0228659889935044,-0.04372035
2024-10-07 04:00:00,GOOGL,GOOGL_1197,0.0121487976330432,-0.007921123
2024-10-08 04:00:00,GOOGL,GOOGL_1197,0.0065701532970789,-0.016225621
2024-10-09 04:00:00,GOOGL,GOOGL_1197,0.0203880083980845,0.0027490277
2024-10-10 04:00:00,GOOGL,GOOGL_1197,0.0052442672453356,-0.01031263
2024-10-11 04:00:00,GOOGL,GOOGL_1202,0.0011026260090929,-0.00219691
2024-10-14 04:00:00,GOOGL,GOOGL_1202,-0.0053952434131031,-0.017674379
2024-10-15 04:00:00,GOOGL,GOOGL_1202,-0.0019340463630715,-0.024451844
2024-10-16 04:00:00,GOOGL,GOOGL_1202,-0.014410298074839,-0.023779046
2024-10-17 04:00:00,GOOGL,GOOGL_1202,-0.0012888446849438,-0.0021986715
2024-10-18 04:00:00,GOOGL,GOOGL_1207,0.0113205612791835,-1.1289743e-05
2024-10-21 04:00:00,GOOGL,GOOGL_1207,0.0161516046698755,-0.003849195
2024-10-22 04:00:00,GOOGL,GOOGL_1207,0.0274917845640818,-0.014331106
2024-10-23 04:00:00,GOOGL,GOOGL_1207,0.0717533359267712,0.0047322726
2024-10-24 04:00:00,GOOGL,GOOGL_1207,0.0515609594807511,0.0066558034
2024-10-25 04:00:00,GOOGL,GOOGL_1212,0.0364251761242011,0.03727666
2024-10-28 04:00:00,GOOGL,GOOGL_1212,0.0151151886636862,0.017404936
2024-10-29 04:00:00,GOOGL,GOOGL_1212,0.0003536823430767,-0.006131281
2024-10-30 04:00:00,GOOGL,GOOGL_1212,0.011750474114855,-0.026173394
2024-10-31 04:00:00,GOOGL,GOOGL_1212,0.0563380244010427,-0.008358897
2024-11-01 04:00:00,GOOGL,GOOGL_1217,0.0412167265695979,0.056567937
2024-11-04 05:00:00,GOOGL,GOOGL_1217,0.065646420761906,0.076275796
2024-11-05 05:00:00,GOOGL,GOOGL_1217,0.0699893321524718,0.07099419
2024-11-06 05:00:00,GOOGL,GOOGL_1217,0.0134270605049777,0.03047869
2024-11-07 05:00:00,GOOGL,GOOGL_1217,-0.0286030327465853,0.0054722554
2024-11-08 05:00:00,GOOGL,GOOGL_1222,-0.0328567446583117,-0.011317027
2024-11-11 05:00:00,GOOGL,GOOGL_1222,-0.0280011249284861,-0.021136414
2024-11-12 05:00:00,GOOGL,GOOGL_1222,-0.0192710059139781,-0.030051693
2024-11-13 05:00:00,GOOGL,GOOGL_1222,-0.016212036427287,-0.017096624
2024-11-14 05:00:00,GOOGL,GOOGL_1222,-0.0452784876713452,0.0025440787
2024-11-15 05:00:00,GOOGL,GOOGL_1227,-0.0448142543924637,-0.027399559
2024-11-18 05:00:00,GOOGL,GOOGL_1227,-0.0436395266520032,-0.02106854
2024-11-19 05:00:00,GOOGL,GOOGL_1227,-0.0505277354969541,-0.011554197
2024-11-20 05:00:00,GOOGL,GOOGL_1227,-0.0383566323666166,-0.0060909763
2024-11-21 05:00:00,GOOGL,GOOGL_1227,0.0078744379107575,-0.0051433677
2024-11-22 05:00:00,GOOGL,GOOGL_1232,0.0408473610749537,0.010025839
2024-11-25 05:00:00,GOOGL,GOOGL_1232,0.0220101555368064,-0.0056851776
2024-11-26 05:00:00,GOOGL,GOOGL_1232,0.0310430472538869,-0.015628893
2024-11-27 05:00:00,GOOGL,GOOGL_1232,0.0201501137398802,-0.020485345
2024-11-29 05:00:00,GOOGL,GOOGL_1232,0.0340929853191389,-0.024544857
2024-12-02 05:00:00,GOOGL,GOOGL_1237,0.0226251647311195,0.017962843
2024-12-03 05:00:00,GOOGL,GOOGL_1237,0.0807167160420692,0.01544763
2024-12-04 05:00:00,GOOGL,GOOGL_1237,0.1206056051395965,-0.010503275
2024-12-05 05:00:00,GOOGL,GOOGL_1237,0.1119092179826384,0.0032673534
2024-12-06 05:00:00,GOOGL,GOOGL_1237,0.0864861772634357,-0.00043567654
2024-12-09 05:00:00,GOOGL,GOOGL_1242,0.1214005196880754,0.08232239
2024-12-10 05:00:00,GOOGL,GOOGL_1242,0.0553545396195775,0.028202692
2024-12-11 05:00:00,GOOGL,GOOGL_1242,-0.0358239519890074,-0.0025733428
2024-12-12 05:00:00,GOOGL,GOOGL_1242,-0.0179725572325788,0.0032424666
2024-12-13 05:00:00,GOOGL,GOOGL_1242,0.00837633693257,0.004029538
2024-12-16 05:00:00,GOOGL,GOOGL_1247,-0.0103223774102264,-0.010120465
2024-12-17 05:00:00,GOOGL,GOOGL_1247,0.0035308691427258,-0.012042955
2024-12-18 05:00:00,GOOGL,GOOGL_1247,0.0382166265408012,0.0037242454
2024-12-19 05:00:00,GOOGL,GOOGL_1247,0.0225452237220551,-0.0051332116
2024-12-20 05:00:00,GOOGL,GOOGL_1247,-0.0008881362817657,-0.017825875
2020-12-31 05:00:00,GOOGL,GOOGL_252,0.0257839430644095,0.01075818
2021-01-04 05:00:00,GOOGL,GOOGL_252,0.0174725605589494,0.028814986
2021-01-05 05:00:00,GOOGL,GOOGL_252,-0.0015057536256997,0.020925097
2021-01-06 05:00:00,GOOGL,GOOGL_252,0.0141449886131213,0.032096736
2021-01-07 05:00:00,GOOGL,GOOGL_252,-0.0244711293080726,-0.007183383
2021-01-08 05:00:00,GOOGL,GOOGL_257,-0.0390526977891081,-0.025100429
2021-01-11 05:00:00,GOOGL,GOOGL_257,0.0160452343184052,-0.008730926
2021-01-12 05:00:00,GOOGL,GOOGL_257,0.0820983169338285,0.0018865861
2021-01-13 05:00:00,GOOGL,GOOGL_257,0.0783516194270816,-0.003442372
2021-01-14 05:00:00,GOOGL,GOOGL_257,0.0933838762589853,-0.0015503175
2021-01-15 05:00:00,GOOGL,GOOGL_262,0.0964679790816747,0.08829101
2021-01-19 05:00:00,GOOGL,GOOGL_262,0.0691969689183213,0.033233024
2021-01-20 05:00:00,GOOGL,GOOGL_262,-0.0325147811983336,-0.014761637
2021-01-21 05:00:00,GOOGL,GOOGL_262,-0.0164264313998298,-0.006423705
2021-01-22 05:00:00,GOOGL,GOOGL_262,-0.0344507143023574,-0.004300243
2021-01-25 05:00:00,GOOGL,GOOGL_267,-0.0006386961930275,-0.0325409
2021-01-26 05:00:00,GOOGL,GOOGL_267,0.0058544742013737,-0.03700238
2021-01-27 05:00:00,GOOGL,GOOGL_267,0.1319120128550521,0.021721888
2021-01-28 05:00:00,GOOGL,GOOGL_267,0.1081534560513628,0.009997951
2021-01-29 05:00:00,GOOGL,GOOGL_267,0.1430862241526358,0.013856834
2021-02-01 05:00:00,GOOGL,GOOGL_272,0.1011319619577726,0.09186618
2021-02-02 05:00:00,GOOGL,GOOGL_272,0.0814279393296333,0.07212556
2021-02-03 05:00:00,GOOGL,GOOGL_272,0.0134053198840649,0.013312858
2021-02-04 05:00:00,GOOGL,GOOGL_272,0.0171013926338932,0.009889578
2021-02-05 05:00:00,GOOGL,GOOGL_272,0.0029682185195563,0.0016035341
2021-02-08 05:00:00,GOOGL,GOOGL_277,0.012559301550167,0.0017073336
2021-02-09 05:00:00,GOOGL,GOOGL_277,0.0208298103795556,0.003645589
2021-02-10 05:00:00,GOOGL,GOOGL_277,0.0092644008262423,-0.0034066327
2021-02-11 05:00:00,GOOGL,GOOGL_277,2.870953489675365e-05,-0.005619163
2021-02-12 05:00:00,GOOGL,GOOGL_277,-0.0194603943236953,-0.009505956
2021-02-16 05:00:00,GOOGL,GOOGL_282,-0.0239636790661884,-0.02035999
2021-02-17 05:00:00,GOOGL,GOOGL_282,-0.0164305199405269,-0.02217472
2021-02-18 05:00:00,GOOGL,GOOGL_282,-0.0426723811859105,-0.019433323
2021-02-19 05:00:00,GOOGL,GOOGL_282,-0.0320278174987992,-0.005554719
2021-02-22 05:00:00,GOOGL,GOOGL_282,0.0074966585697862,0.014306567
2021-02-23 05:00:00,GOOGL,GOOGL_287,0.0021164041542374,0.013181227
2021-02-24 05:00:00,GOOGL,GOOGL_287,-0.0347440042464893,0.011255544
2021-02-25 05:00:00,GOOGL,GOOGL_287,0.0089188925295931,0.037276514
2021-02-26 05:00:00,GOOGL,GOOGL_287,0.037172805332573,0.031535473
2021-03-01 05:00:00,GOOGL,GOOGL_287,-0.0300339346332909,0.017259873
2021-03-02 05:00:00,GOOGL,GOOGL_292,-0.0116833419858539,-0.022360733
2021-03-03 05:00:00,GOOGL,GOOGL_292,0.0123196998447197,0.006605475
2021-03-04 05:00:00,GOOGL,GOOGL_292,0.0327493832506449,-0.014806167
2021-03-05 05:00:00,GOOGL,GOOGL_292,-0.0224456060884101,-0.034605145
2021-03-08 05:00:00,GOOGL,GOOGL_292,0.0233823175299658,0.0040308265
2021-03-09 05:00:00,GOOGL,GOOGL_297,0.0213345300893983,0.013833435
2021-03-10 05:00:00,GOOGL,GOOGL_297,0.0226059294646621,0.009162699
2021-03-11 05:00:00,GOOGL,GOOGL_297,-0.0377045813777744,-0.010558208
2021-03-12 05:00:00,GOOGL,GOOGL_297,-0.0112390285584984,0.0068070395
2021-03-15 04:00:00,GOOGL,GOOGL_297,-0.0115603278614982,0.01519868
2021-03-16 04:00:00,GOOGL,GOOGL_302,-0.0204233995475719,-0.024964835
2021-03-17 04:00:00,GOOGL,GOOGL_302,-0.0238639247423996,-0.026655555
2021-03-18 04:00:00,GOOGL,GOOGL_302,0.0055012986283591,-0.00028872938
2021-03-19 04:00:00,GOOGL,GOOGL_302,-0.0011001299695081,0.0027723832
2021-03-22 04:00:00,GOOGL,GOOGL_302,0.0074358691135549,-0.0026757019
2021-03-23 04:00:00,GOOGL,GOOGL_307,0.0025180033577365,-0.00092178176
2021-03-24 04:00:00,GOOGL,GOOGL_307,0.014754974498117,0.0009882428
2021-03-25 04:00:00,GOOGL,GOOGL_307,0.0478828342190988,0.00040829286
2021-03-26 04:00:00,GOOGL,GOOGL_307,0.0959287816188243,0.006500016
2021-03-29 04:00:00,GOOGL,GOOGL_307,0.0799055648013553,-0.0020394642
2021-03-30 04:00:00,GOOGL,GOOGL_312,0.0940937145693037,0.07968783
2021-03-31 04:00:00,GOOGL,GOOGL_312,0.0911069975869522,0.06094874
2021-04-01 04:00:00,GOOGL,GOOGL_312,0.0661523947382258,0.013968805
2021-04-05 04:00:00,GOOGL,GOOGL_312,0.0115640190298895,-0.01970606
2021-04-06 04:00:00,GOOGL,GOOGL_312,0.0204457528576991,-0.007249276
2021-04-07 04:00:00,GOOGL,GOOGL_317,0.0012862462089504,0.0112313405
2021-04-08 04:00:00,GOOGL,GOOGL_317,0.0154725747534414,0.004924962
2021-04-09 04:00:00,GOOGL,GOOGL_317,0.0053199828533756,-0.010043098
2021-04-12 04:00:00,GOOGL,GOOGL_317,0.0201102734389178,-0.008208299
2021-04-13 04:00:00,GOOGL,GOOGL_317,0.0109030126774054,-0.016336149
2021-04-14 04:00:00,GOOGL,GOOGL_322,0.0162540536615043,0.013546942
2021-04-15 04:00:00,GOOGL,GOOGL_322,-0.0143222626956935,-0.0016961491
2021-04-16 04:00:00,GOOGL,GOOGL_322,0.0075260206560994,-0.0062527405
2021-04-19 04:00:00,GOOGL,GOOGL_322,0.008808776069525,-0.009203065
2021-04-20 04:00:00,GOOGL,GOOGL_322,0.0052523078900783,-0.005817608
2021-04-21 04:00:00,GOOGL,GOOGL_327,0.0354159808912697,0.0067474907
2021-04-22 04:00:00,GOOGL,GOOGL_327,0.0622591681476534,0.02349535
2021-04-23 04:00:00,GOOGL,GOOGL_327,0.0232920566097081,0.0034426572
2021-04-26 04:00:00,GOOGL,GOOGL_327,0.014351095036271,-0.0032730093
2021-04-27 04:00:00,GOOGL,GOOGL_327,0.0069183991359627,0.008564576
2021-04-28 04:00:00,GOOGL,GOOGL_332,-0.0187661159732358,-0.0021561363
2021-04-29 04:00:00,GOOGL,GOOGL_332,-0.0231573594660404,-0.0080752745
2021-04-30 04:00:00,GOOGL,GOOGL_332,-0.0006671465280696,0.014957936
2021-05-03 04:00:00,GOOGL,GOOGL_332,-0.0219070438691164,0.035305496
2021-05-04 04:00:00,GOOGL,GOOGL_332,-0.0159396313318637,0.052535594
2021-05-05 04:00:00,GOOGL,GOOGL_337,-0.0494736447283687,-0.014129857
2021-05-06 04:00:00,GOOGL,GOOGL_337,-0.0463387752115036,-0.021778533
2021-05-07 04:00:00,GOOGL,GOOGL_337,-0.0312721719664855,-0.021011546
2021-05-10 04:00:00,GOOGL,GOOGL_337,-0.0012348849437052,0.013357783
2021-05-11 04:00:00,GOOGL,GOOGL_337,-0.0033435358385541,0.020689238
2021-05-12 04:00:00,GOOGL,GOOGL_342,0.0323826846842323,0.032211993
2021-05-13 04:00:00,GOOGL,GOOGL_342,0.0349522669984063,0.02123072
2021-05-14 04:00:00,GOOGL,GOOGL_342,0.0069127931511114,0.012060244
2021-05-17 04:00:00,GOOGL,GOOGL_342,0.0315083343632878,0.011209348
2021-05-18 04:00:00,GOOGL,GOOGL_342,0.0443763179638023,0.019106954
2021-05-19 04:00:00,GOOGL,GOOGL_347,0.0479023211765932,0.04965021
2021-05-20 04:00:00,GOOGL,GOOGL_347,0.0241574280757741,0.040620472
2021-05-21 04:00:00,GOOGL,GOOGL_347,0.0273393544713902,0.054671824
2021-05-24 04:00:00,GOOGL,GOOGL_347,0.0085301065473248,0.03236876
2021-05-25 04:00:00,GOOGL,GOOGL_347,0.0032672265738389,0.038765218
2021-05-26 04:00:00,GOOGL,GOOGL_352,-0.0137503525731429,-0.0023344727
2021-05-27 04:00:00,GOOGL,GOOGL_352,0.0130740903871464,0.005220619
2021-05-28 04:00:00,GOOGL,GOOGL_352,0.019284206530012,0.006331278
2021-06-01 04:00:00,GOOGL,GOOGL_352,0.0072484984429328,-0.003567046
2021-06-02 04:00:00,GOOGL,GOOGL_352,0.0157555735912031,-0.0020093163
2021-06-03 04:00:00,GOOGL,GOOGL_357,0.0372937452470247,0.030360218
2021-06-04 04:00:00,GOOGL,GOOGL_357,0.0153035412615945,0.0070897583
2021-06-07 04:00:00,GOOGL,GOOGL_357,0.0194022845817884,0.0016133101
2021-06-08 04:00:00,GOOGL,GOOGL_357,0.0124873269672973,0.009459533
2021-06-09 04:00:00,GOOGL,GOOGL_357,0.0031188144284819,0.0040243194
2021-06-10 04:00:00,GOOGL,GOOGL_362,-0.0001067744905215,-0.0073678927
2021-06-11 04:00:00,GOOGL,GOOGL_362,-0.0115134725586363,-0.004700508
2021-06-14 04:00:00,GOOGL,GOOGL_362,-0.0051696731863571,-0.0117069725
2021-06-15 04:00:00,GOOGL,GOOGL_362,0.0075028761150777,0.0048764283
2021-06-16 04:00:00,GOOGL,GOOGL_362,0.0112153000655152,0.011140426
2021-06-17 04:00:00,GOOGL,GOOGL_367,0.0062138861266325,0.0032056295
2021-06-18 04:00:00,GOOGL,GOOGL_367,0.0199606953838893,0.026925307
2021-06-21 04:00:00,GOOGL,GOOGL_367,0.0059394816853193,0.0115276575
2021-06-22 04:00:00,GOOGL,GOOGL_367,-0.000474114454672,0.004769327
2021-06-23 04:00:00,GOOGL,GOOGL_367,-0.0003070449160172,0.007913072
2021-06-24 04:00:00,GOOGL,GOOGL_372,-0.0004530303332271,-0.00068329717
2021-06-25 04:00:00,GOOGL,GOOGL_372,0.022439263957118,-0.0016420684
2021-06-28 04:00:00,GOOGL,GOOGL_372,0.029819801819795,-0.0016083468
2021-06-29 04:00:00,GOOGL,GOOGL_372,0.0343617736647567,0.00096345966
2021-06-30 04:00:00,GOOGL,GOOGL_372,0.0241994461495582,0.0023037824
2021-07-01 04:00:00,GOOGL,GOOGL_377,0.025105230553891,0.028782854
2021-07-02 04:00:00,GOOGL,GOOGL_377,0.0137157641140981,0.0038743953
2021-07-06 04:00:00,GOOGL,GOOGL_377,0.0091251039300179,0.004725431
2021-07-07 04:00:00,GOOGL,GOOGL_377,0.0139396279226891,0.0035995347
2021-07-08 04:00:00,GOOGL,GOOGL_377,0.0156824682132454,0.011477035
2021-07-09 04:00:00,GOOGL,GOOGL_382,0.0115640317892802,0.014015003
2021-07-12 04:00:00,GOOGL,GOOGL_382,-0.0188815877586,0.005207148
2021-07-13 04:00:00,GOOGL,GOOGL_382,-0.0088894520698548,0.004538955
2021-07-14 04:00:00,GOOGL,GOOGL_382,-0.0053650343759147,0.0015776013
2021-07-15 04:00:00,GOOGL,GOOGL_382,0.0111530751347452,0.008788594
2021-07-16 04:00:00,GOOGL,GOOGL_387,0.0476096566970785,0.007658029
2021-07-19 04:00:00,GOOGL,GOOGL_387,0.0759122839507986,0.03615492
2021-07-20 04:00:00,GOOGL,GOOGL_387,0.0450876564724191,0.01754604
2021-07-21 04:00:00,GOOGL,GOOGL_387,0.0669937851202375,0.006979188
2021-07-22 04:00:00,GOOGL,GOOGL_387,0.0572801530756463,0.00039834547
2021-07-23 04:00:00,GOOGL,GOOGL_392,0.0128669855508678,0.009290282
2021-07-26 04:00:00,GOOGL,GOOGL_392,0.0061141027477089,0.0035002874
2021-07-27 04:00:00,GOOGL,GOOGL_392,0.02827908384329,0.025119621
2021-07-28 04:00:00,GOOGL,GOOGL_392,-0.0071163360786163,0.012750425
2021-07-29 04:00:00,GOOGL,GOOGL_392,0.003490998407114,0.014407225
2021-07-30 04:00:00,GOOGL,GOOGL_397,0.0075114650584702,0.017293226
2021-08-02 04:00:00,GOOGL,GOOGL_397,0.0152645022955308,0.010875644
2021-08-03 04:00:00,GOOGL,GOOGL_397,0.0086780351747532,0.0064018047
2021-08-04 04:00:00,GOOGL,GOOGL_397,0.0085365337241978,0.01038314
2021-08-05 04:00:00,GOOGL,GOOGL_397,0.0069173911105566,0.0045942487
2021-08-06 04:00:00,GOOGL,GOOGL_402,0.0146531639012661,0.012382876
2021-08-09 04:00:00,GOOGL,GOOGL_402,0.0101999057143142,0.0071441997
2021-08-10 04:00:00,GOOGL,GOOGL_402,-0.001063599123066,0.0051125614
2021-08-11 04:00:00,GOOGL,GOOGL_402,-0.0060904599290956,0.014359707
2021-08-12 04:00:00,GOOGL,GOOGL_402,-0.0110355231691265,0.0080627315
2021-08-13 04:00:00,GOOGL,GOOGL_407,-0.0021636122497523,-0.011906892
2021-08-16 04:00:00,GOOGL,GOOGL_407,0.012522711473899,-0.021671759
2021-08-17 04:00:00,GOOGL,GOOGL_407,0.0336598539924306,-0.005612933
2021-08-18 04:00:00,GOOGL,GOOGL_407,0.04894823419197,-0.00044756135
2021-08-19 04:00:00,GOOGL,GOOGL_407,0.042456615688573,-0.0010040139
2021-08-20 04:00:00,GOOGL,GOOGL_412,0.0478390243577473,0.029348474
2021-08-23 04:00:00,GOOGL,GOOGL_412,0.0324831985146703,0.016540606
2021-08-24 04:00:00,GOOGL,GOOGL_412,0.024323607318178,0.010421675
2021-08-25 04:00:00,GOOGL,GOOGL_412,0.0220757834924896,0.0052955165
2021-08-26 04:00:00,GOOGL,GOOGL_412,0.0130549347884365,0.014414148
2021-08-27 04:00:00,GOOGL,GOOGL_417,-0.0018367257412651,0.0026799706
2021-08-30 04:00:00,GOOGL,GOOGL_417,-0.002143969063358,0.0008903399
2021-08-31 04:00:00,GOOGL,GOOGL_417,-0.0069558926888887,-0.00036533302
2021-09-01 04:00:00,GOOGL,GOOGL_417,-0.0115311348521773,-0.003532465
2021-09-02 04:00:00,GOOGL,GOOGL_417,-0.0168263376319172,0.017461093
2021-09-03 04:00:00,GOOGL,GOOGL_422,-0.0097885248073483,-0.011925428
2021-09-07 04:00:00,GOOGL,GOOGL_422,-0.0120321711008974,-0.006820457
2021-09-08 04:00:00,GOOGL,GOOGL_422,0.0051395714507047,0.00022418381
2021-09-09 04:00:00,GOOGL,GOOGL_422,0.0004807005940086,0.007933805
2021-09-10 04:00:00,GOOGL,GOOGL_422,-0.0005395100975363,0.0374401
2021-09-13 04:00:00,GOOGL,GOOGL_427,-0.0253842691117178,0.0019942978
2021-09-14 04:00:00,GOOGL,GOOGL_427,-0.0246343422613809,0.005652261
2021-09-15 04:00:00,GOOGL,GOOGL_427,-0.028706124624049,0.0039264597
2021-09-16 04:00:00,GOOGL,GOOGL_427,-0.0166701286972228,0.009603854
2021-09-17 04:00:00,GOOGL,GOOGL_427,0.0100496680075543,0.026374549
2021-09-20 04:00:00,GOOGL,GOOGL_432,0.0169587446916612,0.027336903
2021-09-21 04:00:00,GOOGL,GOOGL_432,-0.0230377163695731,0.029489886
2021-09-22 04:00:00,GOOGL,GOOGL_432,-0.0422714928691302,0.02110869
2021-09-23 04:00:00,GOOGL,GOOGL_432,-0.0533934424033024,0.017416075
2021-09-24 04:00:00,GOOGL,GOOGL_432,-0.0398832557491779,0.008248934
2021-09-27 04:00:00,GOOGL,GOOGL_437,-0.0525441319070943,-0.02828757
2021-09-28 04:00:00,GOOGL,GOOGL_437,0.0014208434179552,0.0033694562
2021-09-29 04:00:00,GOOGL,GOOGL_437,0.0239033748018595,0.0010888258
2021-09-30 04:00:00,GOOGL,GOOGL_437,0.0415109028044915,-0.00087700505
2021-10-01 04:00:00,GOOGL,GOOGL_437,0.0237471562215803,-0.013445042
2021-10-04 04:00:00,GOOGL,GOOGL_442,0.0393125916075889,0.041735455
2021-10-05 04:00:00,GOOGL,GOOGL_442,0.0031318978960228,0.029003602
2021-10-06 04:00:00,GOOGL,GOOGL_442,0.000123565519674,0.022054086
2021-10-07 04:00:00,GOOGL,GOOGL_442,0.0138336849604077,0.020562988
2021-10-08 04:00:00,GOOGL,GOOGL_442,0.0113208375127429,0.027754271
2021-10-11 04:00:00,GOOGL,GOOGL_447,0.0278157591915875,0.017460585
2021-10-12 04:00:00,GOOGL,GOOGL_447,0.0497474816943519,0.033048265
2021-10-13 04:00:00,GOOGL,GOOGL_447,0.030432734207028,0.021394907
2021-10-14 04:00:00,GOOGL,GOOGL_447,0.0052071937518431,0.011301884
2021-10-15 04:00:00,GOOGL,GOOGL_447,-0.026890799295778,0.010699063
2021-10-18 04:00:00,GOOGL,GOOGL_452,-0.0373376406512317,-0.023975885
2021-10-19 04:00:00,GOOGL,GOOGL_452,-0.027426554087596,-0.021816865
2021-10-20 04:00:00,GOOGL,GOOGL_452,0.0313785219266056,-0.003712675
2021-10-21 04:00:00,GOOGL,GOOGL_452,0.0279308557024622,-0.00047402378
2021-10-22 04:00:00,GOOGL,GOOGL_452,0.0761777584925968,0.041018337
2021-10-25 04:00:00,GOOGL,GOOGL_457,0.0440168757334675,0.07396993
2021-10-26 04:00:00,GOOGL,GOOGL_457,0.0439599365676195,0.024949087
2021-10-27 04:00:00,GOOGL,GOOGL_457,0.0026023453145365,0.002389237
2021-10-28 04:00:00,GOOGL,GOOGL_457,0.0165822379571392,0.008136997
2021-10-29 04:00:00,GOOGL,GOOGL_457,0.0054442519708899,0.0047177225
2021-11-01 04:00:00,GOOGL,GOOGL_462,0.0385653502964999,0.042873915
2021-11-02 04:00:00,GOOGL,GOOGL_462,0.023969936619878,0.029989269
2021-11-03 04:00:00,GOOGL,GOOGL_462,-0.004805751205289,0.025780406
2021-11-04 04:00:00,GOOGL,GOOGL_462,-0.0168682081318665,0.01968048
2021-11-05 04:00:00,GOOGL,GOOGL_462,-0.0011690217438659,0.015479763
2021-11-08 05:00:00,GOOGL,GOOGL_467,-0.0038851647442544,0.0021768399
2021-11-09 05:00:00,GOOGL,GOOGL_467,-0.0070004445914005,0.007840011
2021-11-10 05:00:00,GOOGL,GOOGL_467,0.0147607913420761,0.036193393
2021-11-11 05:00:00,GOOGL,GOOGL_467,0.0279351316812717,0.034367397
2021-11-12 05:00:00,GOOGL,GOOGL_467,0.0016714285171814,0.01928831
2021-11-15 05:00:00,GOOGL,GOOGL_472,-0.0144827550763443,0.0031723548
2021-11-16 05:00:00,GOOGL,GOOGL_472,-0.0141605757469507,0.008563781
2021-11-17 05:00:00,GOOGL,GOOGL_472,-0.0130161502175542,0.008359967
2021-11-18 05:00:00,GOOGL,GOOGL_472,-0.0510916905164007,-0.0006673138
2021-11-19 05:00:00,GOOGL,GOOGL_472,-0.0228031688781826,0.0099510085
2021-11-22 05:00:00,GOOGL,GOOGL_477,-0.0301055021835519,-0.0050012907
2021-11-23 05:00:00,GOOGL,GOOGL_477,-0.0324491318738839,-0.004860607
2021-11-24 05:00:00,GOOGL,GOOGL_477,-0.0215849425445796,-0.024662068
2021-11-26 05:00:00,GOOGL,GOOGL_477,-0.0012765471090956,0.008453226
2021-11-29 05:00:00,GOOGL,GOOGL_477,-0.0163230628780935,-0.007198465
2021-11-30 05:00:00,GOOGL,GOOGL_482,0.0378582692745066,-1.9721028e-05
2021-12-01 05:00:00,GOOGL,GOOGL_482,0.0505843226559725,0.0033268752
2021-12-02 05:00:00,GOOGL,GOOGL_482,0.0326825993497996,-0.004129096
2021-12-03 05:00:00,GOOGL,GOOGL_482,0.0422530761717176,0.0030784213
2021-12-06 05:00:00,GOOGL,GOOGL_482,0.0186616521381917,-0.00035801178
2021-12-07 05:00:00,GOOGL,GOOGL_487,-0.0228323110693995,-0.001195209
2021-12-08 05:00:00,GOOGL,GOOGL_487,-0.0117790671931874,-0.0044740844
2021-12-09 05:00:00,GOOGL,GOOGL_487,-0.0216305138359366,0.00053381425
2021-12-10 05:00:00,GOOGL,GOOGL_487,-0.042408282716936,-0.010954669
2021-12-13 05:00:00,GOOGL,GOOGL_487,-0.0289351573305363,0.013396945
2021-12-14 05:00:00,GOOGL,GOOGL_492,-0.0030192695668549,-0.0041398676
2021-12-15 05:00:00,GOOGL,GOOGL_492,-0.0001775525814572,-0.028714225
2021-12-16 05:00:00,GOOGL,GOOGL_492,0.017110294276103,-0.002727787
2021-12-17 05:00:00,GOOGL,GOOGL_492,0.0436160717650238,0.024885349
2021-12-20 05:00:00,GOOGL,GOOGL_492,0.0358739470770301,0.027275858
2021-12-21 05:00:00,GOOGL,GOOGL_497,0.0221819166457328,0.015221381
2021-12-22 05:00:00,GOOGL,GOOGL_497,-0.0014649647077631,-0.004502281
2021-12-23 05:00:00,GOOGL,GOOGL_497,-0.0140521918673247,-0.0051725735
2021-12-27 05:00:00,GOOGL,GOOGL_497,-0.019708352246936,-0.019754589
2021-12-28 05:00:00,GOOGL,GOOGL_497,-0.0155943669168449,-0.020964958
2021-12-29 05:00:00,GOOGL,GOOGL_502,-0.0605503048428383,-0.027122986
2021-12-30 05:00:00,GOOGL,GOOGL_502,-0.0578178795657752,-0.024902191
2021-12-31 05:00:00,GOOGL,GOOGL_502,-0.0540897360281832,-0.0099039385
2022-01-03 05:00:00,GOOGL,GOOGL_502,-0.0436025986925292,-0.009713274
2022-01-04 05:00:00,GOOGL,GOOGL_502,-0.0322959082423738,0.00075979054
2022-01-05 05:00:00,GOOGL,GOOGL_507,0.0265324077755535,0.06041958
2022-01-06 05:00:00,GOOGL,GOOGL_507,0.0060945430698915,0.049923055
2022-01-07 05:00:00,GOOGL,GOOGL_507,0.0179795281409549,0.042713597
2022-01-10 05:00:00,GOOGL,GOOGL_507,-0.0192651854499262,0.026799165
2022-01-11 05:00:00,GOOGL,GOOGL_507,-0.0330587094760737,0.017248176
2022-01-12 05:00:00,GOOGL,GOOGL_512,-0.057434579641418,-0.041009493
2022-01-13 05:00:00,GOOGL,GOOGL_512,-0.0594247932108097,-0.022262288
2022-01-14 05:00:00,GOOGL,GOOGL_512,-0.0622058170041464,-0.029503891
2022-01-18 05:00:00,GOOGL,GOOGL_512,-0.0666407113841774,-0.00043406978
2022-01-19 05:00:00,GOOGL,GOOGL_512,-0.0435438981049678,0.0058980538
2022-01-20 05:00:00,GOOGL,GOOGL_517,-0.0322749312076772,-0.032137156
2022-01-21 05:00:00,GOOGL,GOOGL_517,0.0230108316839749,-0.022605361
2022-01-24 05:00:00,GOOGL,GOOGL_517,0.0343987678554742,-0.021772282
2022-01-25 05:00:00,GOOGL,GOOGL_517,0.0843660128393331,-0.018319774
2022-01-26 05:00:00,GOOGL,GOOGL_517,0.1452183114439795,-0.019728739
2022-01-27 05:00:00,GOOGL,GOOGL_522,0.109181744288703,0.16076821
2022-01-28 05:00:00,GOOGL,GOOGL_522,0.0745551326760947,0.14216012
2022-01-31 05:00:00,GOOGL,GOOGL_522,0.0288056612816824,0.13813722
2022-02-01 05:00:00,GOOGL,GOOGL_522,0.0127503190739191,0.11696374
2022-02-02 05:00:00,GOOGL,GOOGL_522,-0.0432973294644742,0.046308823
2022-02-03 05:00:00,GOOGL,GOOGL_527,-0.0312390896296322,-0.010402206
2022-02-04 05:00:00,GOOGL,GOOGL_527,-0.0628816347827938,-0.014374396
2022-02-07 05:00:00,GOOGL,GOOGL_527,-0.0264006935683461,0.0059968075
2022-02-08 05:00:00,GOOGL,GOOGL_527,-0.0200180545386301,0.00071462267
2022-02-09 05:00:00,GOOGL,GOOGL_527,-0.0272189726611916,-0.008243422
2022-02-10 05:00:00,GOOGL,GOOGL_532,-0.0438680844506087,-0.0047155
2022-02-11 05:00:00,GOOGL,GOOGL_532,-0.0288905948839692,0.026685536
2022-02-14 05:00:00,GOOGL,GOOGL_532,-0.0421505383123661,0.02350568
2022-02-15 05:00:00,GOOGL,GOOGL_532,-0.0660318169506103,0.022328023
2022-02-16 05:00:00,GOOGL,GOOGL_532,-0.0366421182793721,0.027740352
2022-02-17 05:00:00,GOOGL,GOOGL_537,0.0144900873535991,-0.026510771
2022-02-18 05:00:00,GOOGL,GOOGL_537,0.0356894163659151,-0.010450834
2022-02-22 05:00:00,GOOGL,GOOGL_537,0.0327237583776494,-0.00718085
2022-02-23 05:00:00,GOOGL,GOOGL_537,0.054734813535245,0.01119706
2022-02-24 05:00:00,GOOGL,GOOGL_537,0.0091077119382081,-0.013560867
2022-02-25 05:00:00,GOOGL,GOOGL_542,-0.0189871966870397,-0.010629842
2022-02-28 05:00:00,GOOGL,GOOGL_542,-0.0642580873600285,-0.020458428
2022-03-01 05:00:00,GOOGL,GOOGL_542,-0.0518940446768181,-0.013287984
2022-03-02 05:00:00,GOOGL,GOOGL_542,-0.0085568229054577,-0.011642914
2022-03-03 05:00:00,GOOGL,GOOGL_542,-0.0109783916971825,0.04483702
2022-03-04 05:00:00,GOOGL,GOOGL_547,-0.0154351421183848,0.00958828
2022-03-07 05:00:00,GOOGL,GOOGL_547,-0.0033827390478887,0.024121191
2022-03-08 05:00:00,GOOGL,GOOGL_547,0.0164706854045006,0.025321826
2022-03-09 05:00:00,GOOGL,GOOGL_547,-0.0010455392858927,-0.023043454
2022-03-10 05:00:00,GOOGL,GOOGL_547,0.0106433995091543,-0.016486146
2022-03-11 05:00:00,GOOGL,GOOGL_552,0.0481634008299423,0.021574704
2022-03-14 04:00:00,GOOGL,GOOGL_552,0.0805909072268724,0.036680184
2022-03-15 04:00:00,GOOGL,GOOGL_552,0.0825864048224189,0.025890987
2022-03-16 04:00:00,GOOGL,GOOGL_552,0.0374773131123085,0.006724352
2022-03-17 04:00:00,GOOGL,GOOGL_552,0.0577783863300116,0.0010078555
2022-03-18 04:00:00,GOOGL,GOOGL_557,0.0407528381242672,0.023362337
2022-03-21 04:00:00,GOOGL,GOOGL_557,0.0393383162465184,0.002599834
2022-03-22 04:00:00,GOOGL,GOOGL_557,0.0188570439242758,-0.013536128
2022-03-23 04:00:00,GOOGL,GOOGL_557,0.0264906632878774,0.0008534797
2022-03-24 04:00:00,GOOGL,GOOGL_557,-0.0176906537496026,-0.010447611
2022-03-25 04:00:00,GOOGL,GOOGL_562,-0.0107466254633168,-0.017705303
2022-03-28 04:00:00,GOOGL,GOOGL_562,0.0107170887902909,-0.016205505
2022-03-29 04:00:00,GOOGL,GOOGL_562,-0.0134344978820546,-0.015133766
2022-03-30 04:00:00,GOOGL,GOOGL_562,-0.0379777344469765,-0.008199269
2022-03-31 04:00:00,GOOGL,GOOGL_562,-0.022859408149812,-0.00063803606
2022-04-01 04:00:00,GOOGL,GOOGL_567,-0.0489687261803417,-0.028095253
2022-04-04 04:00:00,GOOGL,GOOGL_567,-0.0989567524530992,-0.021681903
2022-04-05 04:00:00,GOOGL,GOOGL_567,-0.0915883852997447,-0.005577131
2022-04-06 04:00:00,GOOGL,GOOGL_567,-0.0487301663573145,0.030100271
2022-04-07 04:00:00,GOOGL,GOOGL_567,-0.0673971704735082,0.029515233
2022-04-08 04:00:00,GOOGL,GOOGL_572,-0.0420970266040688,-0.035962723
2022-04-11 04:00:00,GOOGL,GOOGL_572,0.009202521931396,0.0275025
2022-04-12 04:00:00,GOOGL,GOOGL_572,0.0025485975186674,0.056004994
2022-04-13 04:00:00,GOOGL,GOOGL_572,-0.0391049501963703,0.052336067
2022-04-14 04:00:00,GOOGL,GOOGL_572,-0.0559812603340426,0.04516547
2022-04-18 04:00:00,GOOGL,GOOGL_577,-0.036048144903194,-0.05569982
2022-04-19 04:00:00,GOOGL,GOOGL_577,-0.0873708814392032,-0.04362884
2022-04-20 04:00:00,GOOGL,GOOGL_577,-0.1073531064400697,-0.007808115
2022-04-21 04:00:00,GOOGL,GOOGL_577,-0.0504108086182095,0.02286927
2022-04-22 04:00:00,GOOGL,GOOGL_577,-0.046190311962402,0.053196523
2022-04-25 04:00:00,GOOGL,GOOGL_582,-0.0527406068416838,-0.04891465
2022-04-26 04:00:00,GOOGL,GOOGL_582,-0.0110914612319057,-0.030822555
2022-04-27 04:00:00,GOOGL,GOOGL_582,0.0697015094445165,-0.005126521
2022-04-28 04:00:00,GOOGL,GOOGL_582,-0.0170178515184535,0.032457814
2022-04-29 04:00:00,GOOGL,GOOGL_582,0.0143458789989141,0.03330322
2022-05-02 04:00:00,GOOGL,GOOGL_587,-0.0349278933446208,0.00080299604
2022-05-03 04:00:00,GOOGL,GOOGL_587,-0.02504817870264,-0.0034072562
2022-05-04 04:00:00,GOOGL,GOOGL_587,-0.0708198081072604,-0.004606001
2022-05-05 04:00:00,GOOGL,GOOGL_587,-0.0314276922420058,0.010491125
2022-05-06 04:00:00,GOOGL,GOOGL_587,0.0026264367342567,0.014359632
2022-05-09 04:00:00,GOOGL,GOOGL_592,0.0171894133074279,0.024525426
2022-05-10 04:00:00,GOOGL,GOOGL_592,0.0181651557381592,0.020466354
2022-05-11 04:00:00,GOOGL,GOOGL_592,-0.0149908929465718,0.015550554
2022-05-12 04:00:00,GOOGL,GOOGL_592,-0.0217999986342758,0.016662963
2022-05-13 04:00:00,GOOGL,GOOGL_592,-0.0615464982478765,-0.00030897706
2022-05-16 04:00:00,GOOGL,GOOGL_597,-0.025837745120424,-0.05393868
2022-05-17 04:00:00,GOOGL,GOOGL_597,-0.0901753916407911,-0.054818876
2022-05-18 04:00:00,GOOGL,GOOGL_597,-0.0544640305842595,-0.02057571
2022-05-19 04:00:00,GOOGL,GOOGL_597,-0.0234771277138385,-0.008604582
2022-05-20 04:00:00,GOOGL,GOOGL_597,0.0312970650564432,-0.008866284
2022-05-23 04:00:00,GOOGL,GOOGL_602,0.0203968328103385,0.007989282
2022-05-24 04:00:00,GOOGL,GOOGL_602,0.0747569781924735,0.030577078
2022-05-25 04:00:00,GOOGL,GOOGL_602,0.1116912926547186,0.029197488
2022-05-26 04:00:00,GOOGL,GOOGL_602,0.0626063668540197,0.006346808
2022-05-27 04:00:00,GOOGL,GOOGL_602,0.0401010138335995,-0.021387905
2022-05-31 04:00:00,GOOGL,GOOGL_607,0.0297770513646524,0.024082819
2022-06-01 04:00:00,GOOGL,GOOGL_607,0.0289923963287372,0.022462964
2022-06-02 04:00:00,GOOGL,GOOGL_607,-0.0236944036381619,0.0051445356
2022-06-03 04:00:00,GOOGL,GOOGL_607,-0.0295047304630523,0.016024135
2022-06-06 04:00:00,GOOGL,GOOGL_607,-0.0892651642053236,0.008949822
2022-06-07 04:00:00,GOOGL,GOOGL_612,-0.0890656664117447,-0.07493053
2022-06-08 04:00:00,GOOGL,GOOGL_612,-0.0633948559624166,-0.06560363
2022-06-09 04:00:00,GOOGL,GOOGL_612,-0.0766487867598378,-0.048739668
2022-06-10 04:00:00,GOOGL,GOOGL_612,-0.0361455879688349,-0.027861113
2022-06-13 04:00:00,GOOGL,GOOGL_612,0.0484197363399474,0.0018513418
2022-06-14 04:00:00,GOOGL,GOOGL_617,0.0447170577777993,0.06347261
2022-06-15 04:00:00,GOOGL,GOOGL_617,0.0225709879570195,0.044885635
2022-06-16 04:00:00,GOOGL,GOOGL_617,0.1126200467505342,0.06249038
2022-06-17 04:00:00,GOOGL,GOOGL_617,0.0811062018456492,0.047274813
2022-06-21 04:00:00,GOOGL,GOOGL_617,0.0041553197114012,0.014981665
2022-06-22 04:00:00,GOOGL,GOOGL_622,0.0019194697284385,0.007743729
2022-06-23 04:00:00,GOOGL,GOOGL_622,-0.0292136581949312,0.0022419079
2022-06-24 04:00:00,GOOGL,GOOGL_622,-0.0783004496023759,-0.053938508
2022-06-27 04:00:00,GOOGL,GOOGL_622,-0.0221913621900541,-0.04613161
2022-06-28 04:00:00,GOOGL,GOOGL_622,0.022895778482284,-0.026239578
2022-06-29 04:00:00,GOOGL,GOOGL_627,0.0633966168426765,0.022318255
2022-06-30 04:00:00,GOOGL,GOOGL_627,0.0953580864526097,0.047585886
2022-07-01 04:00:00,GOOGL,GOOGL_627,0.0638141870705386,0.045995355
2022-07-05 04:00:00,GOOGL,GOOGL_627,0.0066879712841672,0.011842886
2022-07-06 04:00:00,GOOGL,GOOGL_627,-0.0280914906732495,0.004808369
2022-07-07 04:00:00,GOOGL,GOOGL_632,-0.0708476552150489,-0.023061648
2022-07-08 04:00:00,GOOGL,GOOGL_632,-0.0634753401037669,-0.018283593
2022-07-11 04:00:00,GOOGL,GOOGL_632,-0.0574576489171907,0.0102375755
2022-07-12 04:00:00,GOOGL,GOOGL_632,-0.0018461822582226,0.022902835
2022-07-13 04:00:00,GOOGL,GOOGL_632,0.0228686224617387,0.039783984
2022-07-14 04:00:00,GOOGL,GOOGL_637,0.0359933496883642,0.043322507
2022-07-15 04:00:00,GOOGL,GOOGL_637,-0.034689404746466,0.027598817
2022-07-18 04:00:00,GOOGL,GOOGL_637,-0.0139410864907302,0.060649615
2022-07-19 04:00:00,GOOGL,GOOGL_637,-0.0772339961698174,0.008399042
2022-07-20 04:00:00,GOOGL,GOOGL_637,-0.0073749249871105,0.0018962891
2022-07-21 04:00:00,GOOGL,GOOGL_642,-0.0010494588160813,-0.017320134
2022-07-22 04:00:00,GOOGL,GOOGL_642,0.0780351997207882,0.0101701
2022-07-25 04:00:00,GOOGL,GOOGL_642,0.0683657178688135,0.029263455
2022-07-26 04:00:00,GOOGL,GOOGL_642,0.0962673865312775,0.055764265
2022-07-27 04:00:00,GOOGL,GOOGL_642,0.0444012416492338,-0.028342687
2022-07-28 04:00:00,GOOGL,GOOGL_647,0.0347574958700274,0.034324158
2022-07-29 04:00:00,GOOGL,GOOGL_647,0.0098865330888586,0.003358336
2022-08-01 04:00:00,GOOGL,GOOGL_647,0.0212432737980181,0.011855155
2022-08-02 04:00:00,GOOGL,GOOGL_647,0.0130287504193913,-0.013429193
2022-08-03 04:00:00,GOOGL,GOOGL_647,0.0137194706306438,-0.05565582
2022-08-04 04:00:00,GOOGL,GOOGL_652,0.0054995675019688,-0.026250774
2022-08-05 04:00:00,GOOGL,GOOGL_652,0.0358389294349532,-0.028997269
2022-08-08 04:00:00,GOOGL,GOOGL_652,0.0407502016618681,-0.036780093
2022-08-09 04:00:00,GOOGL,GOOGL_652,0.0434708035172801,-0.03621724
2022-08-10 04:00:00,GOOGL,GOOGL_652,-0.0012530818739223,-0.05123172
2022-08-11 04:00:00,GOOGL,GOOGL_657,0.0111915337600077,0.009981194
2022-08-12 04:00:00,GOOGL,GOOGL_657,-0.0367357101371818,-0.012219036
2022-08-15 04:00:00,GOOGL,GOOGL_657,-0.0642202150204327,-0.025124976
2022-08-16 04:00:00,GOOGL,GOOGL_657,-0.0644206781798434,-0.03466986
2022-08-17 04:00:00,GOOGL,GOOGL_657,-0.0490171514911174,-0.0135939345
2022-08-18 04:00:00,GOOGL,GOOGL_662,-0.0292918090763195,-0.053311717
2022-08-19 04:00:00,GOOGL,GOOGL_662,-0.0586127702435255,-0.03327611
2022-08-22 04:00:00,GOOGL,GOOGL_662,-0.0421918748683102,0.0006575233
2022-08-23 04:00:00,GOOGL,GOOGL_662,-0.0432109445158217,-0.00956306
2022-08-24 04:00:00,GOOGL,GOOGL_662,-0.0481133002307943,0.0003124268
2022-08-25 04:00:00,GOOGL,GOOGL_667,-0.0592370644811042,-0.07160039
2022-08-26 04:00:00,GOOGL,GOOGL_667,-0.0225665936778218,-0.029894263
2022-08-29 04:00:00,GOOGL,GOOGL_667,-0.0238530492965436,-0.023800574
2022-08-30 04:00:00,GOOGL,GOOGL_667,0.0046814255131879,-0.022840433
2022-08-31 04:00:00,GOOGL,GOOGL_667,0.001478433107652,-0.025804624
2022-09-01 04:00:00,GOOGL,GOOGL_672,0.0082923608513192,-0.014583523
2022-09-02 04:00:00,GOOGL,GOOGL_672,0.0279091532574544,-0.004383875
2022-09-06 04:00:00,GOOGL,GOOGL_672,-0.023312404462921,0.009999477
2022-09-07 04:00:00,GOOGL,GOOGL_672,-0.0406578078786659,-0.018817514
2022-09-08 04:00:00,GOOGL,GOOGL_672,-0.0504705086725407,-0.007447757
2022-09-09 04:00:00,GOOGL,GOOGL_677,-0.0709444045717897,-0.06593437
2022-09-12 04:00:00,GOOGL,GOOGL_677,-0.0702688153764988,-0.07194142
2022-09-13 04:00:00,GOOGL,GOOGL_677,-0.0304831318489119,0.032402337
2022-09-14 04:00:00,GOOGL,GOOGL_677,-0.0544762021019344,0.02957119
2022-09-15 04:00:00,GOOGL,GOOGL_677,-0.0269167639091323,0.04553311
2022-09-16 04:00:00,GOOGL,GOOGL_682,-0.0394942127184971,-0.023677971
2022-09-19 04:00:00,GOOGL,GOOGL_682,-0.0475405213969837,-0.027701918
2022-09-20 04:00:00,GOOGL,GOOGL_682,-0.0359897114061183,-0.00932317
2022-09-21 04:00:00,GOOGL,GOOGL_682,0.0077558851926728,0.011805929
2022-09-22 04:00:00,GOOGL,GOOGL_682,-0.0271619855929845,0.009803146
2022-09-23 04:00:00,GOOGL,GOOGL_687,-0.031294271873024,-0.015982175
2022-09-26 04:00:00,GOOGL,GOOGL_687,0.0047876258477081,-0.012520729
2022-09-27 04:00:00,GOOGL,GOOGL_687,0.0424615322015224,-0.0077290577
2022-09-28 04:00:00,GOOGL,GOOGL_687,0.0137930755754609,-0.045711398
2022-09-29 04:00:00,GOOGL,GOOGL_687,0.0410593315046385,-0.027517352
2022-09-30 04:00:00,GOOGL,GOOGL_692,0.0316779794141151,0.050141227
2022-10-03 04:00:00,GOOGL,GOOGL_692,-0.0079075302526687,0.013418111
2022-10-04 04:00:00,GOOGL,GOOGL_692,-0.0438803533181335,-0.0113395825
2022-10-05 04:00:00,GOOGL,GOOGL_692,-0.038154419155459,-0.0069618737
2022-10-06 04:00:00,GOOGL,GOOGL_692,-0.0232695785146858,-0.008135561
2022-10-07 04:00:00,GOOGL,GOOGL_697,-0.021483611066333,-0.00061678543
2022-10-10 04:00:00,GOOGL,GOOGL_697,0.0215614203677858,0.0068183066
2022-10-11 04:00:00,GOOGL,GOOGL_697,0.0369417197634998,0.0019152076
2022-10-12 04:00:00,GOOGL,GOOGL_697,0.0212177095800045,-0.0039173644
2022-10-13 04:00:00,GOOGL,GOOGL_697,0.0091863889010403,-0.021878637
2022-10-14 04:00:00,GOOGL,GOOGL_702,0.0473280842001995,0.03143839
2022-10-17 04:00:00,GOOGL,GOOGL_702,0.0255076061941188,-0.019500684
2022-10-18 04:00:00,GOOGL,GOOGL_702,0.0368165807031657,-0.03157849
2022-10-19 04:00:00,GOOGL,GOOGL_702,-0.0471745164891183,-0.019395106
2022-10-20 04:00:00,GOOGL,GOOGL_702,-0.0775232560304803,-0.022579461
2022-10-21 04:00:00,GOOGL,GOOGL_707,-0.0478591562280205,-0.053866543
2022-10-24 04:00:00,GOOGL,GOOGL_707,-0.0781310453483872,-0.048940506
2022-10-25 04:00:00,GOOGL,GOOGL_707,-0.1340926654487968,-0.047368027
2022-10-26 04:00:00,GOOGL,GOOGL_707,-0.0838512489084934,0.03241092
2022-10-27 04:00:00,GOOGL,GOOGL_707,-0.0953155584382492,0.046596747
2022-10-28 04:00:00,GOOGL,GOOGL_712,-0.1008411983814495,-0.102911584
2022-10-31 04:00:00,GOOGL,GOOGL_712,-0.0636970070509942,-0.090519205
2022-11-01 04:00:00,GOOGL,GOOGL_712,-0.0173538153381271,-0.06311765
2022-11-02 04:00:00,GOOGL,GOOGL_712,0.0040243586203121,-0.041581735
2022-11-03 04:00:00,GOOGL,GOOGL_712,0.1259738954547078,-0.021471975
2022-11-04 04:00:00,GOOGL,GOOGL_717,0.1135366322841637,0.087712064
2022-11-07 05:00:00,GOOGL,GOOGL_717,0.0814781247432334,0.066363394
2022-11-08 05:00:00,GOOGL,GOOGL_717,0.1073115945082432,0.053941153
2022-11-09 05:00:00,GOOGL,GOOGL_717,0.1320430464909896,0.029272147
2022-11-10 05:00:00,GOOGL,GOOGL_717,0.047051288631829,-0.017932996
2022-11-11 05:00:00,GOOGL,GOOGL_722,0.0105797801506284,0.019860772
2022-11-14 05:00:00,GOOGL,GOOGL_722,-0.0010449161683379,0.008832384
2022-11-15 05:00:00,GOOGL,GOOGL_722,-0.0141202697600073,-0.027656589
2022-11-16 05:00:00,GOOGL,GOOGL_722,-0.0039453656617964,-0.036430076
2022-11-17 05:00:00,GOOGL,GOOGL_722,-0.0091500764568335,-0.036966905
2022-11-18 05:00:00,GOOGL,GOOGL_727,-0.0141639869557167,-0.004771541
2022-11-21 05:00:00,GOOGL,GOOGL_727,-0.0042886614985233,-0.002100424
2022-11-22 05:00:00,GOOGL,GOOGL_727,0.0405975753541241,-0.010688497
2022-11-23 05:00:00,GOOGL,GOOGL_727,0.0256957018365018,-0.080683336
2022-11-25 05:00:00,GOOGL,GOOGL_727,0.0305766815609209,-0.08952737
2022-11-28 05:00:00,GOOGL,GOOGL_732,0.035710569455448,0.032771517
2022-11-29 05:00:00,GOOGL,GOOGL_732,0.0188045054062182,0.042890944
2022-11-30 05:00:00,GOOGL,GOOGL_732,-0.0599068774169539,0.0024871975
2022-12-01 05:00:00,GOOGL,GOOGL_732,-0.0720863346201592,-0.009625351
2022-12-02 05:00:00,GOOGL,GOOGL_732,-0.0757666310770055,-0.012897347
2022-12-05 05:00:00,GOOGL,GOOGL_737,-0.0620225732824102,-0.064440876
2022-12-06 05:00:00,GOOGL,GOOGL_737,-0.013920458411895,-0.030507121
2022-12-07 05:00:00,GOOGL,GOOGL_737,0.0013692568998848,-0.007702185
2022-12-08 05:00:00,GOOGL,GOOGL_737,-0.0304129602173193,0.0033490576
2022-12-09 05:00:00,GOOGL,GOOGL_737,-0.027685011786399,-0.030473083
2022-12-12 05:00:00,GOOGL,GOOGL_742,-0.0521915683700389,-0.031361397
2022-12-13 05:00:00,GOOGL,GOOGL_742,-0.0691205772267791,-0.047296003
2022-12-14 05:00:00,GOOGL,GOOGL_742,-0.0577469010349478,-0.050713327
2022-12-15 05:00:00,GOOGL,GOOGL_742,-0.0341184069260056,-0.012115026
2022-12-16 05:00:00,GOOGL,GOOGL_742,-0.0114114641582026,-0.00089548377
2022-12-19 05:00:00,GOOGL,GOOGL_747,-0.0118724900810972,0.0030972846
2022-12-20 05:00:00,GOOGL,GOOGL_747,-0.0337002933400319,0.0006807056
2022-12-21 05:00:00,GOOGL,GOOGL_747,-0.0126144771122427,-0.0073139635
2022-12-22 05:00:00,GOOGL,GOOGL_747,0.0053555288202196,0.0007506397
2022-12-23 05:00:00,GOOGL,GOOGL_747,-0.0012327760418381,-0.011534442
2022-12-27 05:00:00,GOOGL,GOOGL_752,0.0078956682254878,0.0030446304
2022-12-28 05:00:00,GOOGL,GOOGL_752,0.0020925402487828,0.007728965
2022-12-29 05:00:00,GOOGL,GOOGL_752,-0.0125494703069475,-0.023086522
2022-12-30 05:00:00,GOOGL,GOOGL_752,-0.0023802188130676,-0.018320553
2023-01-03 05:00:00,GOOGL,GOOGL_752,-0.0078546292197412,-0.02454023
2023-01-04 05:00:00,GOOGL,GOOGL_757,0.0390553444652503,-0.0041092522
2023-01-05 05:00:00,GOOGL,GOOGL_757,0.0571925809711562,0.0069609135
2023-01-06 05:00:00,GOOGL,GOOGL_757,0.0547287223392944,-0.005904399
2023-01-09 05:00:00,GOOGL,GOOGL_757,0.0371506975366207,-0.011452977
2023-01-10 05:00:00,GOOGL,GOOGL_757,0.0305361302143187,-0.018276036
2023-01-11 05:00:00,GOOGL,GOOGL_762,0.0167177279808969,-0.015264008
2023-01-12 05:00:00,GOOGL,GOOGL_762,0.0756062723286215,-0.009938698
2023-01-13 05:00:00,GOOGL,GOOGL_762,0.083260941600763,-0.02449898
2023-01-17 05:00:00,GOOGL,GOOGL_762,0.0702157516533072,-0.014870858
2023-01-18 05:00:00,GOOGL,GOOGL_762,0.0449955920822759,-0.012391761
2023-01-19 05:00:00,GOOGL,GOOGL_767,0.0480386184277956,0.038699243
2023-01-20 05:00:00,GOOGL,GOOGL_767,0.0137727621888379,0.007712597
2023-01-23 05:00:00,GOOGL,GOOGL_767,-0.0285599603965696,-0.0066666882
2023-01-24 05:00:00,GOOGL,GOOGL_767,0.0116683666863608,0.0042422004
2023-01-25 05:00:00,GOOGL,GOOGL_767,0.0547153856089206,0.020851444
2023-01-26 05:00:00,GOOGL,GOOGL_772,0.1047990317115104,0.027615337
2023-01-27 05:00:00,GOOGL,GOOGL_772,0.0544429494131306,0.0051885797
2023-01-30 05:00:00,GOOGL,GOOGL_772,0.0614813176642439,0.016249627
2023-01-31 05:00:00,GOOGL,GOOGL_772,0.0890328144253917,0.003684291
2023-02-01 05:00:00,GOOGL,GOOGL_772,-0.0105545908132304,-0.017142527
2023-02-02 05:00:00,GOOGL,GOOGL_777,-0.1181547798398447,-0.05501175
2023-02-03 05:00:00,GOOGL,GOOGL_777,-0.0974422523708791,-0.056991197
2023-02-06 05:00:00,GOOGL,GOOGL_777,-0.0805636617356361,-0.047765635
2023-02-07 05:00:00,GOOGL,GOOGL_777,-0.1204013299698977,-0.044658665
2023-02-08 05:00:00,GOOGL,GOOGL_777,-0.0244540629768613,-0.031149182
2023-02-09 05:00:00,GOOGL,GOOGL_782,0.0052626038181018,-0.008600335
2023-02-10 05:00:00,GOOGL,GOOGL_782,-0.0023263320441266,0.0023493199
2023-02-13 05:00:00,GOOGL,GOOGL_782,-0.0298065709399824,0.0076535866
2023-02-14 05:00:00,GOOGL,GOOGL_782,-0.0320025218581588,0.0071833516
2023-02-15 05:00:00,GOOGL,GOOGL_782,-0.0624097678913782,-0.005107172
2023-02-16 05:00:00,GOOGL,GOOGL_787,-0.0667993376621687,-0.050954916
2023-02-17 05:00:00,GOOGL,GOOGL_787,-0.047482732379353,-0.043371107
2023-02-21 05:00:00,GOOGL,GOOGL_787,-0.0188474053783449,-0.014244794
2023-02-22 05:00:00,GOOGL,GOOGL_787,-0.0140752961707598,0.004068826
2023-02-23 05:00:00,GOOGL,GOOGL_787,0.0122125714358622,0.021491572
2023-02-24 05:00:00,GOOGL,GOOGL_792,0.0507124919976098,0.041629206
2023-02-27 05:00:00,GOOGL,GOOGL_792,0.0585289234013735,0.04288429
2023-02-28 05:00:00,GOOGL,GOOGL_792,0.0421941278566602,0.045683473
2023-03-01 05:00:00,GOOGL,GOOGL_792,0.0430500150882335,0.044722125
2023-03-02 05:00:00,GOOGL,GOOGL_792,0.0034782575524372,0.017579572
2023-03-03 05:00:00,GOOGL,GOOGL_797,-0.032247776009127,-0.03849403
2023-03-06 05:00:00,GOOGL,GOOGL_797,-0.0422579287199753,-0.043528218
2023-03-07 05:00:00,GOOGL,GOOGL_797,0.0011719647308359,-0.019729221
2023-03-08 05:00:00,GOOGL,GOOGL_797,0.0197347544864887,-0.021789543
2023-03-09 05:00:00,GOOGL,GOOGL_797,0.0866551129380961,-0.0011579781
2023-03-10 05:00:00,GOOGL,GOOGL_802,0.1212623394706062,0.08558909
2023-03-13 04:00:00,GOOGL,GOOGL_802,0.1109647738187251,0.07654463
2023-03-14 04:00:00,GOOGL,GOOGL_802,0.1165265170373301,0.05028525
2023-03-15 04:00:00,GOOGL,GOOGL_802,0.0755384672783836,0.03057668
2023-03-16 04:00:00,GOOGL,GOOGL_802,0.0526315669393815,0.0042366385
2023-03-17 04:00:00,GOOGL,GOOGL_807,0.0375910213695862,0.014463488
2023-03-20 04:00:00,GOOGL,GOOGL_807,0.0122505221183093,-0.014186014
2023-03-21 04:00:00,GOOGL,GOOGL_807,-0.0370758621572282,-0.08133769
2023-03-22 04:00:00,GOOGL,GOOGL_807,-0.0191545255327864,-0.088493586
2023-03-23 04:00:00,GOOGL,GOOGL_807,-0.0446022647019915,-0.10644126
2023-03-24 04:00:00,GOOGL,GOOGL_812,-0.0162177451145536,-0.04437474
2023-03-27 04:00:00,GOOGL,GOOGL_812,0.018543837037442,-0.01036638
2023-03-28 04:00:00,GOOGL,GOOGL_812,0.0365238294169159,-0.02667204
2023-03-29 04:00:00,GOOGL,GOOGL_812,0.0303777675273282,-0.05680432
2023-03-30 04:00:00,GOOGL,GOOGL_812,0.0746357302492906,-0.07180637
2023-03-31 04:00:00,GOOGL,GOOGL_817,0.0261255085006366,0.036426622
2023-04-03 04:00:00,GOOGL,GOOGL_817,0.0094863727288185,0.03333085
2023-04-04 04:00:00,GOOGL,GOOGL_817,-0.0007639594167505,0.027683679
2023-04-05 04:00:00,GOOGL,GOOGL_817,0.0283334837741542,0.03169433
2023-04-06 04:00:00,GOOGL,GOOGL_817,0.0041505680246876,-0.0001969933
2023-04-10 04:00:00,GOOGL,GOOGL_822,-0.0044156445877745,0.020214565
2023-04-11 04:00:00,GOOGL,GOOGL_822,-0.0080683292494768,0.04116848
2023-04-12 04:00:00,GOOGL,GOOGL_822,-0.0043960157411675,0.052492417
2023-04-13 04:00:00,GOOGL,GOOGL_822,-0.0199199421350586,0.036726445
2023-04-14 04:00:00,GOOGL,GOOGL_822,-0.031781014027588,0.026104605
2023-04-17 04:00:00,GOOGL,GOOGL_827,0.0,-0.0014694866
2023-04-18 04:00:00,GOOGL,GOOGL_827,-0.0062201102954919,0.016203344
2023-04-19 04:00:00,GOOGL,GOOGL_827,-0.0045114342419498,0.017430462
2023-04-20 04:00:00,GOOGL,GOOGL_827,0.0218443860040284,0.011207303
2023-04-21 04:00:00,GOOGL,GOOGL_827,0.0183093881864175,0.0089117
2023-04-24 04:00:00,GOOGL,GOOGL_832,0.0116070181501402,0.01381266
2023-04-25 04:00:00,GOOGL,GOOGL_832,0.0141550432576023,0.028155556
2023-04-26 04:00:00,GOOGL,GOOGL_832,0.0163919062061899,0.028343868
2023-04-27 04:00:00,GOOGL,GOOGL_832,-0.0269541220856337,0.00639408
2023-04-28 04:00:00,GOOGL,GOOGL_832,-0.0164896283161284,0.005917348
2023-05-01 04:00:00,GOOGL,GOOGL_837,0.0053171614836837,-0.019713722
2023-05-02 04:00:00,GOOGL,GOOGL_837,0.0192745801859002,-0.007813975
2023-05-03 04:00:00,GOOGL,GOOGL_837,0.0601460593646634,-0.008873684
2023-05-04 04:00:00,GOOGL,GOOGL_837,0.1134778582135107,-4.901192e-05
2023-05-05 04:00:00,GOOGL,GOOGL_837,0.1131003360416951,-0.00968007
2023-05-08 04:00:00,GOOGL,GOOGL_842,0.0810986894813676,0.038165532
2023-05-09 04:00:00,GOOGL,GOOGL_842,0.1132743720070084,0.047367744
2023-05-10 04:00:00,GOOGL,GOOGL_842,0.0813422491086408,-0.01088977
2023-05-11 04:00:00,GOOGL,GOOGL_842,0.0537016569667916,-0.03291886
2023-05-12 04:00:00,GOOGL,GOOGL_842,0.0446770479496172,-0.042036373
2023-05-15 04:00:00,GOOGL,GOOGL_847,0.0732984358333617,0.048382267
2023-05-16 04:00:00,GOOGL,GOOGL_847,0.0255208381545049,0.03130722
2023-05-17 04:00:00,GOOGL,GOOGL_847,0.0004965672774475,0.022230279
2023-05-18 04:00:00,GOOGL,GOOGL_847,0.005291879151585,0.0101624755
2023-05-19 04:00:00,GOOGL,GOOGL_847,0.0150700427006189,0.010529523
2023-05-22 04:00:00,GOOGL,GOOGL_852,-0.011035624543258,0.012361551
2023-05-23 04:00:00,GOOGL,GOOGL_852,0.0025294157487238,0.044577554
2023-05-24 04:00:00,GOOGL,GOOGL_852,0.0233250592161538,0.039680533
2023-05-25 04:00:00,GOOGL,GOOGL_852,0.0096371459318147,0.024375722
2023-05-26 04:00:00,GOOGL,GOOGL_852,0.0112350655567095,0.010105342
2023-05-30 04:00:00,GOOGL,GOOGL_857,0.0294331644177421,0.016330952
2023-05-31 04:00:00,GOOGL,GOOGL_857,-0.0030113350558408,0.020599797
2023-06-01 04:00:00,GOOGL,GOOGL_857,-0.0127707873865611,0.018354062
2023-06-02 04:00:00,GOOGL,GOOGL_857,-0.0195716278803919,0.017682139
2023-06-05 04:00:00,GOOGL,GOOGL_857,-0.0188080525863321,0.019375334
2023-06-06 04:00:00,GOOGL,GOOGL_862,-0.0273348189009071,-0.026148628
2023-06-07 04:00:00,GOOGL,GOOGL_862,0.0095510054607781,-0.008005332
2023-06-08 04:00:00,GOOGL,GOOGL_862,0.024152586891958,-0.0027494044
2023-06-09 04:00:00,GOOGL,GOOGL_862,0.0106356490768233,-0.00858848
2023-06-12 04:00:00,GOOGL,GOOGL_862,-0.0043675260287372,-0.013998112
2023-06-13 04:00:00,GOOGL,GOOGL_867,-0.0264879167471214,-0.0042784233
2023-06-14 04:00:00,GOOGL,GOOGL_867,-0.0042047113347253,-0.008211561
2023-06-15 04:00:00,GOOGL,GOOGL_867,-0.0219841720401986,-0.022400733
2023-06-16 04:00:00,GOOGL,GOOGL_867,-0.0420141058260584,-0.014431007
2023-06-20 04:00:00,GOOGL,GOOGL_867,-0.0387489577757322,-0.017456174
2023-06-21 04:00:00,GOOGL,GOOGL_872,-0.0030692885708444,-0.0209792
2023-06-22 04:00:00,GOOGL,GOOGL_872,-0.0328867478812555,-0.037548512
2023-06-23 04:00:00,GOOGL,GOOGL_872,-0.0215792011498595,-0.03482432
2023-06-26 04:00:00,GOOGL,GOOGL_872,0.0131824001712326,-0.008741032
2023-06-27 04:00:00,GOOGL,GOOGL_872,0.0289022066764454,-0.013056455
2023-06-28 04:00:00,GOOGL,GOOGL_877,-0.0005824571030659,0.009088853
2023-06-29 04:00:00,GOOGL,GOOGL_877,0.0031906371761631,0.014415525
2023-06-30 04:00:00,GOOGL,GOOGL_877,-0.0271512120539592,0.0053271735
2023-07-03 04:00:00,GOOGL,GOOGL_877,-0.0230192001760296,0.00018421016
2023-07-05 04:00:00,GOOGL,GOOGL_877,-0.0231622151525603,-0.021264289
2023-07-06 04:00:00,GOOGL,GOOGL_882,0.0368828597341126,-0.023200512
2023-07-07 04:00:00,GOOGL,GOOGL_882,0.0497153887271548,-0.026133567
2023-07-10 04:00:00,GOOGL,GOOGL_882,0.0704165289182559,-0.004010284
2023-07-11 04:00:00,GOOGL,GOOGL_882,0.0565135972432577,-0.0035048411
2023-07-12 04:00:00,GOOGL,GOOGL_882,0.0260657400669843,-0.020914443
2023-07-13 04:00:00,GOOGL,GOOGL_887,-0.0428778218084898,-0.018378498
2023-07-14 04:00:00,GOOGL,GOOGL_887,-0.0430553468722342,-0.018430494
2023-07-17 04:00:00,GOOGL,GOOGL_887,-0.0250301059638116,-0.012767668
2023-07-18 04:00:00,GOOGL,GOOGL_887,-0.0125242649079113,-0.004024701
2023-07-19 04:00:00,GOOGL,GOOGL_887,0.0593297186395807,0.0054059466
2023-07-20 04:00:00,GOOGL,GOOGL_892,0.0855704463874367,0.067235775
2023-07-21 04:00:00,GOOGL,GOOGL_892,0.104649271282194,0.05769016
2023-07-24 04:00:00,GOOGL,GOOGL_892,0.0920760516234984,0.04602998
2023-07-25 04:00:00,GOOGL,GOOGL_892,0.0764258574360128,0.033019148
2023-07-26 04:00:00,GOOGL,GOOGL_892,-0.0068848097797892,-0.01866326
2023-07-27 04:00:00,GOOGL,GOOGL_897,-0.0073415532693312,-0.022552118
2023-07-28 04:00:00,GOOGL,GOOGL_897,-0.0337155012744622,-0.037562184
2023-07-31 04:00:00,GOOGL,GOOGL_897,-0.008966263038435,-0.04066632
2023-08-01 04:00:00,GOOGL,GOOGL_897,-0.0011403204241235,-0.024085902
2023-08-02 04:00:00,GOOGL,GOOGL_897,0.0099703904861607,-0.00055773254
2023-08-03 04:00:00,GOOGL,GOOGL_902,0.0096536046915105,0.026976578
2023-08-04 04:00:00,GOOGL,GOOGL_902,0.0113183743761924,0.025719546
2023-08-07 04:00:00,GOOGL,GOOGL_902,-0.0015205424625432,0.0029636347
2023-08-08 04:00:00,GOOGL,GOOGL_902,-0.0123287305360433,-0.006170492
2023-08-09 04:00:00,GOOGL,GOOGL_902,-0.0074040312104952,-0.013463277
2023-08-10 04:00:00,GOOGL,GOOGL_907,0.0017734268117002,-0.012070831
2023-08-11 04:00:00,GOOGL,GOOGL_907,-0.0162086949189032,-0.01729481
2023-08-14 04:00:00,GOOGL,GOOGL_907,-0.0225386939206396,-0.028736688
2023-08-15 04:00:00,GOOGL,GOOGL_907,-0.0053937197936995,-0.0155786695
2023-08-16 04:00:00,GOOGL,GOOGL_907,0.0285159149647939,-0.0024883328
2023-08-17 04:00:00,GOOGL,GOOGL_912,-0.0010775815241805,0.0043967776
2023-08-18 04:00:00,GOOGL,GOOGL_912,0.0189863942862262,0.032763526
2023-08-21 04:00:00,GOOGL,GOOGL_912,0.0205655487268532,0.017446436
2023-08-22 04:00:00,GOOGL,GOOGL_912,0.0425318052005423,0.0043776566
2023-08-23 04:00:00,GOOGL,GOOGL_912,0.0265166570605186,-0.009793488
2023-08-24 04:00:00,GOOGL,GOOGL_917,0.0492371663565449,0.04837977
2023-08-25 04:00:00,GOOGL,GOOGL_917,0.0445026067292808,0.05404593
2023-08-28 04:00:00,GOOGL,GOOGL_917,0.036333180407672,0.039050482
2023-08-29 04:00:00,GOOGL,GOOGL_917,-0.000817422935012,0.016625848
2023-08-30 04:00:00,GOOGL,GOOGL_917,-0.0045629257705082,0.018700212
2023-08-31 04:00:00,GOOGL,GOOGL_922,0.0015422392354491,-0.0043142387
2023-09-01 04:00:00,GOOGL,GOOGL_922,0.0092878849537276,0.0055873515
2023-09-05 04:00:00,GOOGL,GOOGL_922,-0.0031671792077679,0.009490851
2023-09-06 04:00:00,GOOGL,GOOGL_922,0.016733600235407,0.023220591
2023-09-07 04:00:00,GOOGL,GOOGL_922,0.0209966857313168,0.013520464
2023-09-08 04:00:00,GOOGL,GOOGL_927,0.0074790216831881,0.013231326
2023-09-11 04:00:00,GOOGL,GOOGL_927,0.0094216225691892,0.011711029
2023-09-12 04:00:00,GOOGL,GOOGL_927,0.0199497341606347,0.028103177
2023-09-13 04:00:00,GOOGL,GOOGL_927,-0.0217248268220724,0.017044868
2023-09-14 04:00:00,GOOGL,GOOGL_927,-0.0554670769266126,0.00309643
2023-09-15 04:00:00,GOOGL,GOOGL_932,-0.0520378035960547,-0.033881582
2023-09-18 04:00:00,GOOGL,GOOGL_932,-0.051371143612015,-0.037273213
2023-09-19 04:00:00,GOOGL,GOOGL_932,-0.0686032050312002,-0.03616682
2023-09-20 04:00:00,GOOGL,GOOGL_932,-0.0239271128727059,0.023066208
2023-09-21 04:00:00,GOOGL,GOOGL_932,0.0143360555212155,0.03925496
2023-09-22 04:00:00,GOOGL,GOOGL_937,0.0046833060295705,0.018275715
2023-09-25 04:00:00,GOOGL,GOOGL_937,0.0233391621108127,0.008295972
2023-09-26 04:00:00,GOOGL,GOOGL_937,0.0300224401623363,0.027175719
2023-09-27 04:00:00,GOOGL,GOOGL_937,0.036004385236402,0.0016756724
2023-09-28 04:00:00,GOOGL,GOOGL_937,0.0208601754708877,-0.021416545
2023-09-29 04:00:00,GOOGL,GOOGL_942,0.0513525996435884,0.023721986
2023-10-02 04:00:00,GOOGL,GOOGL_942,0.0316762320787129,-0.004451983
2023-10-03 04:00:00,GOOGL,GOOGL_942,0.0425130649715885,0.0042103585
2023-10-04 04:00:00,GOOGL,GOOGL_942,0.0392635118523576,-0.008717002
2023-10-05 04:00:00,GOOGL,GOOGL_942,0.0288738704746118,-0.001671951
2023-10-06 04:00:00,GOOGL,GOOGL_947,-0.0015990784836104,0.010605566
2023-10-09 04:00:00,GOOGL,GOOGL_947,0.0049126422739895,-0.0075009037
2023-10-10 04:00:00,GOOGL,GOOGL_947,0.0120237845245858,-0.0060372334
2023-10-11 04:00:00,GOOGL,GOOGL_947,-0.0184275793785422,-0.02202738
2023-10-12 04:00:00,GOOGL,GOOGL_947,-0.0087788818449069,-0.012719185
2023-10-13 04:00:00,GOOGL,GOOGL_952,-0.0128130059625473,0.010900489
2023-10-16 04:00:00,GOOGL,GOOGL_952,-0.0186916318435007,-0.0027100723
2023-10-17 04:00:00,GOOGL,GOOGL_952,-0.0065130522055458,-0.008866658
2023-10-18 04:00:00,GOOGL,GOOGL_952,-0.0895187409575144,0.006439379
2023-10-19 04:00:00,GOOGL,GOOGL_952,-0.1123049090432168,0.00991871
2023-10-20 04:00:00,GOOGL,GOOGL_957,-0.0990413519916656,-0.07939626
2023-10-23 04:00:00,GOOGL,GOOGL_957,-0.0882051349122882,-0.07899758
2023-10-24 04:00:00,GOOGL,GOOGL_957,-0.1061162451308402,-0.089753225
2023-10-25 04:00:00,GOOGL,GOOGL_957,0.0066873364685058,-0.022534488
2023-10-26 04:00:00,GOOGL,GOOGL_957,0.0426071241125556,0.0065383473
2023-10-27 04:00:00,GOOGL,GOOGL_962,0.0567243025164574,0.061678633
2023-10-30 04:00:00,GOOGL,GOOGL_962,0.0465209782911664,0.059566416
2023-10-31 04:00:00,GOOGL,GOOGL_962,0.055528685428533,0.06920984
2023-11-01 04:00:00,GOOGL,GOOGL_962,0.0426255398950672,0.04951214
2023-11-02 04:00:00,GOOGL,GOOGL_962,0.0215703794452415,0.032486845
2023-11-03 04:00:00,GOOGL,GOOGL_967,0.0270332305916132,0.01667397
2023-11-06 05:00:00,GOOGL,GOOGL_967,0.0141266513465692,0.0140503105
2023-11-07 05:00:00,GOOGL,GOOGL_967,0.0202335945009175,0.01206379
2023-11-08 05:00:00,GOOGL,GOOGL_967,0.0210861563752782,0.031653967
2023-11-09 05:00:00,GOOGL,GOOGL_967,0.0513666070366398,0.04432042
2023-11-10 05:00:00,GOOGL,GOOGL_972,0.0205143773725697,0.035687402
2023-11-13 05:00:00,GOOGL,GOOGL_972,0.0314937071499945,0.036667626
2023-11-14 05:00:00,GOOGL,GOOGL_972,0.0250711437354687,0.030526863
2023-11-15 05:00:00,GOOGL,GOOGL_972,0.0287476639158075,0.022334201
2023-11-16 05:00:00,GOOGL,GOOGL_972,-0.0017526491434439,0.0071504903
2023-11-17 05:00:00,GOOGL,GOOGL_977,0.0081295257066225,0.018658744
2023-11-20 05:00:00,GOOGL,GOOGL_977,0.0069724546659977,0.013458954
2023-11-21 05:00:00,GOOGL,GOOGL_977,-0.0144556889091987,0.007938592
2023-11-22 05:00:00,GOOGL,GOOGL_977,-0.0430356450102197,0.0043186094
2023-11-24 05:00:00,GOOGL,GOOGL_977,-0.0353354433008011,0.013324285
2023-11-27 05:00:00,GOOGL,GOOGL_982,-0.0523421977711721,-0.034738734
2023-11-28 05:00:00,GOOGL,GOOGL_982,-0.0452623293965582,-0.042929478
2023-11-29 05:00:00,GOOGL,GOOGL_982,-0.0368175495848454,-0.031203976
2023-11-30 05:00:00,GOOGL,GOOGL_982,0.0331999844338013,-0.015833061
2023-12-01 05:00:00,GOOGL,GOOGL_982,0.0237373340537265,-0.012509141
2023-12-04 05:00:00,GOOGL,GOOGL_987,0.0310976164679239,0.04351496
2023-12-05 05:00:00,GOOGL,GOOGL_987,0.0116802711285992,0.03949759
2023-12-06 05:00:00,GOOGL,GOOGL_987,0.0196123901550888,0.049841654
2023-12-07 05:00:00,GOOGL,GOOGL_987,-0.0364419082836742,0.012851605
2023-12-08 05:00:00,GOOGL,GOOGL_987,-0.0177050099443804,0.025692405
2023-12-11 05:00:00,GOOGL,GOOGL_992,0.0188311943285703,0.0023254105
2023-12-12 05:00:00,GOOGL,GOOGL_992,0.0311650278514343,0.0134400595
2023-12-13 05:00:00,GOOGL,GOOGL_992,0.0435240906305491,0.026269715
2023-12-14 05:00:00,GOOGL,GOOGL_992,0.0642716050524931,0.041648094
2023-12-15 05:00:00,GOOGL,GOOGL_992,0.0670437328842079,0.043717124
2023-12-18 05:00:00,GOOGL,GOOGL_997,0.0421207738745266,0.01734938
2023-12-19 05:00:00,GOOGL,GOOGL_997,0.0272228422016698,0.00016306953
2023-12-20 05:00:00,GOOGL,GOOGL_997,0.0136619881428374,-0.00065575243
2023-12-21 05:00:00,GOOGL,GOOGL_997,-0.0051986592868401,-0.022779083
2023-12-22 05:00:00,GOOGL,GOOGL_997,-0.0234646066529352,-0.03129807
2023-12-26 05:00:00,MSFT,MSFT_1002,-0.0108364851302763,-0.0034747184
2023-12-27 05:00:00,MSFT,MSFT_1002,-0.0163873199208388,-0.0027215504
2023-12-28 05:00:00,MSFT,MSFT_1002,-0.0200650149322914,-0.0063029146
2023-12-29 05:00:00,MSFT,MSFT_1002,-0.0035900597618305,-0.0071158474
2024-01-02 05:00:00,MSFT,MSFT_1002,0.01326614040637,0.014687076
2024-01-03 05:00:00,MSFT,MSFT_1007,0.0328385933883577,0.011711104
2024-01-04 05:00:00,MSFT,MSFT_1007,0.0453606629631526,0.021141697
2024-01-05 05:00:00,MSFT,MSFT_1007,0.0563426273846447,0.023896843
2024-01-08 05:00:00,MSFT,MSFT_1007,0.0415810042188193,-0.006925343
2024-01-09 05:00:00,MSFT,MSFT_1007,0.0364032900415602,-0.014268728
2024-01-10 05:00:00,MSFT,MSFT_1012,0.0289991546414554,0.0011896598
2024-01-11 05:00:00,MSFT,MSFT_1012,0.0365026346532677,-0.009780329
2024-01-12 05:00:00,MSFT,MSFT_1012,0.0206966008177142,-0.016836612
2024-01-16 05:00:00,MSFT,MSFT_1012,0.0221129093339282,-0.011396296
2024-01-17 05:00:00,MSFT,MSFT_1012,0.0336097678816418,-0.00887523
2024-01-18 05:00:00,MSFT,MSFT_1017,0.0279279968933079,0.021244537
2024-01-19 05:00:00,MSFT,MSFT_1017,0.0131938171191308,0.014145089
2024-01-22 05:00:00,MSFT,MSFT_1017,0.0333156569310482,0.022829007
2024-01-23 05:00:00,MSFT,MSFT_1017,0.0242918089487884,0.016821861
2024-01-24 05:00:00,MSFT,MSFT_1017,-0.0123708540752444,0.0113956
2024-01-25 05:00:00,MSFT,MSFT_1022,-0.0026922131820984,-0.013010256
2024-01-26 05:00:00,MSFT,MSFT_1022,0.0180477030106878,-0.011186533
2024-01-29 05:00:00,MSFT,MSFT_1022,-0.0099336310458184,-0.023618195
2024-01-30 05:00:00,MSFT,MSFT_1022,-0.007587082726695,-0.02206143
2024-01-31 05:00:00,MSFT,MSFT_1022,0.041425629500869,0.013225048
2024-02-01 05:00:00,MSFT,MSFT_1027,0.0255832052194142,0.02147751
2024-02-02 05:00:00,MSFT,MSFT_1027,0.022688552464787,0.009178184
2024-02-05 05:00:00,MSFT,MSFT_1027,0.0236904129513999,0.017101165
2024-02-06 05:00:00,MSFT,MSFT_1027,0.0020469484076883,0.015979333
2024-02-07 05:00:00,MSFT,MSFT_1027,-0.0110131570898002,0.005103505
2024-02-08 05:00:00,MSFT,MSFT_1032,-0.018231841926147,-0.008242512
2024-02-09 05:00:00,MSFT,MSFT_1032,-0.039210535520198,-0.015168933
2024-02-12 05:00:00,MSFT,MSFT_1032,-0.0300293814175395,-0.0057812454
2024-02-13 05:00:00,MSFT,MSFT_1032,-0.0101890494531666,0.010729594
2024-02-14 05:00:00,MSFT,MSFT_1032,0.0052748631556855,0.010403998
2024-02-15 05:00:00,MSFT,MSFT_1037,0.0092975177144722,0.004001762
2024-02-16 05:00:00,MSFT,MSFT_1037,0.0086126095316414,0.0087856855
2024-02-20 05:00:00,MSFT,MSFT_1037,0.0116437904166215,0.012758141
2024-02-21 05:00:00,MSFT,MSFT_1037,0.0137749481471294,0.013870811
2024-02-22 05:00:00,MSFT,MSFT_1037,0.0048342542972406,0.0010703402
2024-02-23 05:00:00,MSFT,MSFT_1042,0.012574946893211,0.0014801136
2024-02-26 05:00:00,MSFT,MSFT_1042,0.018108663512969,0.0041959668
2024-02-27 05:00:00,MSFT,MSFT_1042,-0.0118533841160758,0.0065115006
2024-02-28 05:00:00,MSFT,MSFT_1042,-0.0138085079612391,0.009930011
2024-02-29 05:00:00,MSFT,MSFT_1042,-0.0108790248540743,0.0009832123
2024-03-01 05:00:00,MSFT,MSFT_1047,-0.022334533764854,-0.014842678
2024-03-04 05:00:00,MSFT,MSFT_1047,-0.0250651308143607,-0.011759155
2024-03-05 05:00:00,MSFT,MSFT_1047,0.0313672049528441,0.01393563
2024-03-06 05:00:00,MSFT,MSFT_1047,0.0323559647942401,0.018220464
2024-03-07 05:00:00,MSFT,MSFT_1047,0.0393019162060761,0.009320101
2024-03-08 05:00:00,MSFT,MSFT_1052,0.025109576525971,0.03733374
2024-03-11 04:00:00,MSFT,MSFT_1052,0.0316424865474678,0.042246744
2024-03-12 04:00:00,MSFT,MSFT_1052,0.0147611368253501,0.021261849
2024-03-13 04:00:00,MSFT,MSFT_1052,0.0244037695347234,0.020175818
2024-03-14 04:00:00,MSFT,MSFT_1052,0.0097596394444541,0.006419356
2024-03-15 04:00:00,MSFT,MSFT_1057,0.0295854579736203,0.023585588
2024-03-18 04:00:00,MSFT,MSFT_1057,0.0132751316258834,0.02461621
2024-03-19 04:00:00,MSFT,MSFT_1057,0.0005694934441267,0.022837862
2024-03-20 04:00:00,MSFT,MSFT_1057,-0.0089363831629207,0.016045514
2024-03-21 04:00:00,MSFT,MSFT_1057,-0.0201457810160291,0.0061827386
2024-03-22 04:00:00,MSFT,MSFT_1062,-0.0097261347323271,-0.02049584
2024-03-25 04:00:00,MSFT,MSFT_1062,-0.0033580451197708,-0.0074319765
2024-03-26 04:00:00,MSFT,MSFT_1062,-0.0028459189062568,-0.0067463494
2024-03-27 04:00:00,MSFT,MSFT_1062,-0.0084236714393033,-0.006472542
2024-03-28 04:00:00,MSFT,MSFT_1062,0.0114089840726416,-0.008930343
2024-04-01 04:00:00,MSFT,MSFT_1067,4.708060703051409e-05,-0.0037252898
2024-04-02 04:00:00,MSFT,MSFT_1067,0.0114844255643802,0.004826652
2024-04-03 04:00:00,MSFT,MSFT_1067,0.0066833094946137,0.007069314
2024-04-04 04:00:00,MSFT,MSFT_1067,0.0240499370047322,0.01489718
2024-04-05 04:00:00,MSFT,MSFT_1067,-0.0085072269473835,0.0015710241
2024-04-08 04:00:00,MSFT,MSFT_1072,-0.0257895423441373,-0.003087644
2024-04-09 04:00:00,MSFT,MSFT_1072,-0.0274467773307113,-0.00477193
2024-04-10 04:00:00,MSFT,MSFT_1072,-0.0269810829377858,0.0053059426
2024-04-11 04:00:00,MSFT,MSFT_1072,-0.0552894259973857,-0.0036928556
2024-04-12 04:00:00,MSFT,MSFT_1072,-0.0539938352899954,0.013059196
2024-04-15 04:00:00,MSFT,MSFT_1077,-0.0306547305490655,-0.02855488
2024-04-16 04:00:00,MSFT,MSFT_1077,-0.0169086291550277,-0.017406022
2024-04-17 04:00:00,MSFT,MSFT_1077,-0.0067501913461947,-0.017894244
2024-04-18 04:00:00,MSFT,MSFT_1077,-0.0129368506465443,-0.014256943
2024-04-19 04:00:00,MSFT,MSFT_1077,0.0180397181176485,-0.014258525
2024-04-22 04:00:00,MSFT,MSFT_1082,0.0032172999112465,0.00985406
2024-04-23 04:00:00,MSFT,MSFT_1082,-0.0447530986681348,-0.0028916365
2024-04-24 04:00:00,MSFT,MSFT_1082,-0.0345181518639325,-0.0021041106
2024-04-25 04:00:00,MSFT,MSFT_1082,-0.0030072478481719,0.00092770014
2024-04-26 04:00:00,MSFT,MSFT_1082,0.0008367698655293,0.0056127105
2024-04-29 04:00:00,MSFT,MSFT_1087,0.0280671436791097,0.006976947
2024-04-30 04:00:00,MSFT,MSFT_1087,0.0513960148351193,0.017963033
2024-05-01 04:00:00,MSFT,MSFT_1087,0.0394996860461862,0.011564618
2024-05-02 04:00:00,MSFT,MSFT_1087,0.0363965692731158,0.0058491407
2024-05-03 04:00:00,MSFT,MSFT_1087,0.0198691449847603,0.00030273147
2024-05-06 04:00:00,MSFT,MSFT_1092,0.0004352485178267,0.011875179
2024-05-07 04:00:00,MSFT,MSFT_1092,0.0176381523557336,0.012814017
2024-05-08 04:00:00,MSFT,MSFT_1092,0.0305450815178507,0.012785478
2024-05-09 04:00:00,MSFT,MSFT_1092,0.0210273155707885,0.0141483545
2024-05-10 04:00:00,MSFT,MSFT_1092,0.0131889891245162,0.0109676365
2024-05-13 04:00:00,MSFT,MSFT_1097,0.0280866167526396,0.02034097
2024-05-14 04:00:00,MSFT,MSFT_1097,0.0299596962249661,0.013557788
2024-05-15 04:00:00,MSFT,MSFT_1097,0.0175853329808486,-0.0013054996
2024-05-16 04:00:00,MSFT,MSFT_1097,0.0142758970641536,0.0024104733
2024-05-17 04:00:00,MSFT,MSFT_1097,0.0236786664033783,0.0077602463
2024-05-20 04:00:00,MSFT,MSFT_1102,0.0117083063648029,0.0062774415
2024-05-21 04:00:00,MSFT,MSFT_1102,0.0003030134258421,-0.0016240866
2024-05-22 04:00:00,MSFT,MSFT_1102,-0.0368158877413568,-0.0059043644
2024-05-23 04:00:00,MSFT,MSFT_1102,-0.027798583412617,0.005247388
2024-05-24 04:00:00,MSFT,MSFT_1102,-0.0386833143638993,0.0011191184
2024-05-28 04:00:00,MSFT,MSFT_1107,-0.0331148906800968,-0.046950553
2024-05-29 04:00:00,MSFT,MSFT_1107,-0.0120232157435627,-0.051065244
2024-05-30 04:00:00,MSFT,MSFT_1107,0.0237537687003597,-0.010766881
2024-05-31 04:00:00,MSFT,MSFT_1107,0.0210054708600615,0.006993447
2024-06-03 04:00:00,MSFT,MSFT_1107,0.0347020857147517,0.013346045
2024-06-04 04:00:00,MSFT,MSFT_1112,0.0399211312018925,0.022441668
2024-06-05 04:00:00,MSFT,MSFT_1112,0.0402112860552354,-0.0018295072
2024-06-06 04:00:00,MSFT,MSFT_1112,0.0401865589373797,-0.009998042
2024-06-07 04:00:00,MSFT,MSFT_1112,0.0441665706054779,-0.009204111
2024-06-10 04:00:00,MSFT,MSFT_1112,0.047911749442457,-0.02294752
2024-06-11 04:00:00,MSFT,MSFT_1117,0.0315706847863084,0.031833723
2024-06-12 04:00:00,MSFT,MSFT_1117,0.0105201439126683,-0.0029940614
2024-06-13 04:00:00,MSFT,MSFT_1117,0.0185697098065591,-0.040849686
2024-06-14 04:00:00,MSFT,MSFT_1117,0.0115236143866825,-0.040451355
2024-06-17 04:00:00,MSFT,MSFT_1117,0.0057542144165321,-0.028872542
2024-06-18 04:00:00,MSFT,MSFT_1122,0.0130394035308742,0.009815868
2024-06-20 04:00:00,MSFT,MSFT_1122,0.0160421667055352,0.009013449
2024-06-21 04:00:00,MSFT,MSFT_1122,-0.0062919351237186,0.0034894152
2024-06-24 04:00:00,MSFT,MSFT_1122,0.0202381157701916,0.005377108
2024-06-25 04:00:00,MSFT,MSFT_1122,0.0184720841485226,0.0013331171
2024-06-26 04:00:00,MSFT,MSFT_1127,0.0190418995086452,0.010944173
2024-06-27 04:00:00,MSFT,MSFT_1127,0.032483142887969,0.009007681
2024-06-28 04:00:00,MSFT,MSFT_1127,0.0431591397259172,0.0057839495
2024-07-01 04:00:00,MSFT,MSFT_1127,0.0061524259212251,0.012725768
2024-07-02 04:00:00,MSFT,MSFT_1127,0.0151759302369545,0.007960345
2024-07-03 04:00:00,MSFT,MSFT_1132,-0.0131735506898659,0.009083351
2024-07-05 04:00:00,MSFT,MSFT_1132,-0.0299640898254329,-0.0028277645
2024-07-08 04:00:00,MSFT,MSFT_1132,-0.026338364440004,0.0011080927
2024-07-09 04:00:00,MSFT,MSFT_1132,-0.0218044552050585,0.01829784
2024-07-10 04:00:00,MSFT,MSFT_1132,-0.048750693804457,0.0107565075
2024-07-11 04:00:00,MSFT,MSFT_1137,-0.0315153215419733,-0.00982169
2024-07-12 04:00:00,MSFT,MSFT_1137,-0.0362473881245272,-0.0038151033
2024-07-15 04:00:00,MSFT,MSFT_1137,-0.0242752427991493,-0.006009426
2024-07-16 04:00:00,MSFT,MSFT_1137,-0.0103888214635416,-0.00044409063
2024-07-17 04:00:00,MSFT,MSFT_1137,-0.0329635540208692,0.0017929613
2024-07-18 04:00:00,MSFT,MSFT_1142,-0.0498898686656811,-0.026753815
2024-07-19 04:00:00,MSFT,MSFT_1142,-0.0270869958012234,-0.019767486
2024-07-22 04:00:00,MSFT,MSFT_1142,-0.0365963592489537,-0.020827478
2024-07-23 04:00:00,MSFT,MSFT_1142,-0.0492974988757854,-0.019180052
2024-07-24 04:00:00,MSFT,MSFT_1142,-0.0245977802357232,-0.0058785845
2024-07-25 04:00:00,MSFT,MSFT_1147,-0.0030831944640061,-0.013101507
2024-07-26 04:00:00,MSFT,MSFT_1147,-0.0394572841084194,-0.01808931
2024-07-29 04:00:00,MSFT,MSFT_1147,-0.0740046780793571,-0.015758805
2024-07-30 04:00:00,MSFT,MSFT_1147,-0.0551168715976476,-0.010426981
2024-07-31 04:00:00,MSFT,MSFT_1147,-0.0476156642455154,-0.004597306
2024-08-01 04:00:00,MSFT,MSFT_1152,-0.0345711764680057,-0.03603018
2024-08-02 04:00:00,MSFT,MSFT_1152,-0.0060466627818369,-0.022749163
2024-08-05 04:00:00,MSFT,MSFT_1152,0.0295077915784149,-0.01631049
2024-08-06 04:00:00,MSFT,MSFT_1152,0.0360351966715593,-0.017431963
2024-08-07 04:00:00,MSFT,MSFT_1152,0.0462565394537917,-0.0139987
2024-08-08 04:00:00,MSFT,MSFT_1157,0.0455437091228982,0.04175695
2024-08-09 04:00:00,MSFT,MSFT_1157,0.0306635450074159,0.03692832
2024-08-12 04:00:00,MSFT,MSFT_1157,0.0361839711635478,0.03705249
2024-08-13 04:00:00,MSFT,MSFT_1157,0.026062118723777,0.03196866
2024-08-14 04:00:00,MSFT,MSFT_1157,0.0174639676454801,0.029777657
2024-08-15 04:00:00,MSFT,MSFT_1162,-0.0130157257255216,0.0137994755
2024-08-16 04:00:00,MSFT,MSFT_1162,-0.0040146071901943,0.021898214
2024-08-19 04:00:00,MSFT,MSFT_1162,-0.0190733958868997,0.019075572
2024-08-20 04:00:00,MSFT,MSFT_1162,-0.0258003572740677,0.013713017
2024-08-21 04:00:00,MSFT,MSFT_1162,-0.031923440555697,0.008739706
2024-08-22 04:00:00,MSFT,MSFT_1167,-0.0058476543067351,-0.003837342
2024-08-23 04:00:00,MSFT,MSFT_1167,0.0008397660604617,-0.008831709
2024-08-26 04:00:00,MSFT,MSFT_1167,-0.009794645308519,-0.0044966433
2024-08-27 04:00:00,MSFT,MSFT_1167,-0.0119369864805741,-0.00573528
2024-08-28 04:00:00,MSFT,MSFT_1167,-0.0053823463765876,-0.00017052167
2024-08-29 04:00:00,MSFT,MSFT_1172,-0.0276432587266001,-0.011103996
2024-08-30 04:00:00,MSFT,MSFT_1172,-0.0273769310703962,-0.025210662
2024-09-03 04:00:00,MSFT,MSFT_1172,0.0116256587955305,-0.006575127
2024-09-04 04:00:00,MSFT,MSFT_1172,0.0345806183895838,-0.0006298916
2024-09-05 04:00:00,MSFT,MSFT_1172,0.0455691488137459,2.0086112e-05
2024-09-06 04:00:00,MSFT,MSFT_1177,0.0719193011026591,0.04820907
2024-09-09 04:00:00,MSFT,MSFT_1177,0.0631469857046824,0.042487834
2024-09-10 04:00:00,MSFT,MSFT_1177,0.0505793845292827,0.011064267
2024-09-11 04:00:00,MSFT,MSFT_1177,0.0183670311477095,-0.014273214
2024-09-12 04:00:00,MSFT,MSFT_1177,0.027377054897907,-0.026572518
2024-09-13 04:00:00,MSFT,MSFT_1182,0.0108687909974312,-0.0012965024
2024-09-16 04:00:00,MSFT,MSFT_1182,0.0050308653177493,-0.018190484
2024-09-17 04:00:00,MSFT,MSFT_1182,-0.0137423429912135,-0.026824508
2024-09-18 04:00:00,MSFT,MSFT_1182,0.003017543233295,-0.010194302
2024-09-19 04:00:00,MSFT,MSFT_1182,-0.016822824413005,-0.0015233371
2024-09-20 04:00:00,MSFT,MSFT_1187,-0.016656328676435,0.0010715132
2024-09-23 04:00:00,MSFT,MSFT_1187,-0.0074047239979341,0.0018443891
2024-09-24 04:00:00,MSFT,MSFT_1187,-0.0197590948132632,0.0029551429
2024-09-25 04:00:00,MSFT,MSFT_1187,-0.0346670546309231,0.010248678
2024-09-26 04:00:00,MSFT,MSFT_1187,-0.0342444856304666,0.02098318
2024-09-27 04:00:00,MSFT,MSFT_1192,-0.0279426002571484,-0.029194418
2024-09-30 04:00:00,MSFT,MSFT_1192,-0.0482453633208914,-0.035918303
2024-10-01 04:00:00,MSFT,MSFT_1192,-0.0142147684794603,-0.009906295
2024-10-02 04:00:00,MSFT,MSFT_1192,0.0007910880742283,-0.00827132
2024-10-03 04:00:00,MSFT,MSFT_1192,-0.0016805401466153,-0.010102866
2024-10-04 04:00:00,MSFT,MSFT_1197,0.0006249333441108,-0.009114616
2024-10-07 04:00:00,MSFT,MSFT_1197,0.0234409481447832,0.006383378
2024-10-08 04:00:00,MSFT,MSFT_1197,0.0097176312660252,-0.017461477
2024-10-09 04:00:00,MSFT,MSFT_1197,-0.0032098796658812,-0.02564516
2024-10-10 04:00:00,MSFT,MSFT_1197,0.0021162102985818,-0.02478753
2024-10-11 04:00:00,MSFT,MSFT_1202,0.0044196682972712,0.00104148
2024-10-14 04:00:00,MSFT,MSFT_1202,-0.0008589393915123,-0.010634495
2024-10-15 04:00:00,MSFT,MSFT_1202,0.0209438308634943,-0.0074114255
2024-10-16 04:00:00,MSFT,MSFT_1202,0.0203787635437706,0.0005567827
2024-10-17 04:00:00,MSFT,MSFT_1202,0.0192215630211201,0.00559669
2024-10-18 04:00:00,MSFT,MSFT_1207,0.0238903533262051,0.014327094
2024-10-21 04:00:00,MSFT,MSFT_1207,0.0186494044160636,0.014818985
2024-10-22 04:00:00,MSFT,MSFT_1207,0.0103857274449328,-0.003919296
2024-10-23 04:00:00,MSFT,MSFT_1207,0.0186763838007293,-0.0011992062
2024-10-24 04:00:00,MSFT,MSFT_1207,-0.0432745612680619,-0.0013971366
2024-10-25 04:00:00,MSFT,MSFT_1212,-0.0415274997845629,-0.03702715
2024-10-28 04:00:00,MSFT,MSFT_1212,-0.0424998359981517,-0.033714492
2024-10-29 04:00:00,MSFT,MSFT_1212,-0.0474360925405702,-0.013496156
2024-10-30 04:00:00,MSFT,MSFT_1212,-0.0285529469363287,-0.0036116892
2024-10-31 04:00:00,MSFT,MSFT_1212,0.0469545620417812,0.019144734
2024-11-01 04:00:00,MSFT,MSFT_1217,0.0296561970235154,0.036645398
2024-11-04 05:00:00,MSFT,MSFT_1217,0.0233805476921407,0.029267905
2024-11-05 05:00:00,MSFT,MSFT_1217,0.0281193981541263,0.0065564755
2024-11-06 05:00:00,MSFT,MSFT_1217,0.0119473073891063,-0.003970379
2024-11-07 05:00:00,MSFT,MSFT_1217,0.0034318736285452,-0.007461986
2024-11-08 05:00:00,MSFT,MSFT_1222,-0.0178444842912911,0.00887057
2024-11-11 05:00:00,MSFT,MSFT_1222,-0.0053826462224231,0.016658705
2024-11-12 05:00:00,MSFT,MSFT_1222,-0.0123868053081237,0.008756246
2024-11-13 05:00:00,MSFT,MSFT_1222,-0.0228363633440548,0.0054886723
2024-11-14 05:00:00,MSFT,MSFT_1222,-0.032842228794684,0.00013554044
2024-11-15 05:00:00,MSFT,MSFT_1227,0.0048192771084336,0.0053639193
2024-11-18 05:00:00,MSFT,MSFT_1227,0.0072878552725765,0.008632586
2024-11-19 05:00:00,MSFT,MSFT_1227,0.0244141350459232,0.002912602
2024-11-20 05:00:00,MSFT,MSFT_1227,0.018050976380368,0.00783789
2024-11-21 05:00:00,MSFT,MSFT_1227,0.0256497116843881,0.017360054
2024-11-22 05:00:00,MSFT,MSFT_1232,0.0335252062022257,0.017523965
2024-11-25 05:00:00,MSFT,MSFT_1232,0.0296329984213992,0.012321668
2024-11-26 05:00:00,MSFT,MSFT_1232,0.0220332797694529,-0.01639197
2024-11-27 05:00:00,MSFT,MSFT_1232,0.046407729109466,-0.012829252
2024-11-29 05:00:00,MSFT,MSFT_1232,0.0474897659163486,-0.00062155724
2024-12-02 05:00:00,MSFT,MSFT_1237,0.0348971591348834,0.008935068
2024-12-03 05:00:00,MSFT,MSFT_1237,0.0281307375274617,0.008845964
2024-12-04 05:00:00,MSFT,MSFT_1237,0.0264504971228347,-0.0015529209
2024-12-05 05:00:00,MSFT,MSFT_1237,0.0156793694771264,-0.009383773
2024-12-06 05:00:00,MSFT,MSFT_1237,0.0083413703098924,-0.012921967
2024-12-09 05:00:00,MSFT,MSFT_1242,0.0124882459562771,0.0005485802
2024-12-10 05:00:00,MSFT,MSFT_1242,0.0251054636950398,0.0046578245
2024-12-11 05:00:00,MSFT,MSFT_1242,-0.0258357109027803,0.002745462
2024-12-12 05:00:00,MSFT,MSFT_1242,-0.0278716942062082,0.006797944
2024-12-13 05:00:00,MSFT,MSFT_1242,-0.023855798896067,0.015719581
2024-12-16 05:00:00,MSFT,MSFT_1247,-0.0361832557638513,-0.014917295
2024-12-17 05:00:00,MSFT,MSFT_1247,-0.0332922703148623,-0.01349128
2024-12-18 05:00:00,MSFT,MSFT_1247,0.0016460611331141,0.006283545
2024-12-19 05:00:00,MSFT,MSFT_1247,-0.0148731208799296,-0.00028508223
2024-12-20 05:00:00,MSFT,MSFT_1247,-0.0269583586044646,-0.005968905
2020-12-31 05:00:00,MSFT,MSFT_252,-0.0125888097959203,-0.0275064
2021-01-04 05:00:00,MSFT,MSFT_252,-0.000918723625335,-0.010087343
2021-01-05 05:00:00,MSFT,MSFT_252,-0.0136301115369195,-0.010325641
2021-01-06 05:00:00,MSFT,MSFT_252,0.0192697118392963,0.009924725
2021-01-07 05:00:00,MSFT,MSFT_252,-0.0241421465745524,-0.039168067
2021-01-08 05:00:00,MSFT,MSFT_257,-0.0317366422715015,-0.028673269
2021-01-11 05:00:00,MSFT,MSFT_257,-0.0048278220848674,-0.01771942
2021-01-12 05:00:00,MSFT,MSFT_257,0.0437817148968326,-0.00034719316
2021-01-13 05:00:00,MSFT,MSFT_257,0.0398909356979635,-0.0051571876
2021-01-14 05:00:00,MSFT,MSFT_257,0.0606984903598222,0.010816626
2021-01-15 05:00:00,MSFT,MSFT_262,0.0793792869377154,0.0688186
2021-01-19 05:00:00,MSFT,MSFT_262,0.0734152615524486,0.029006166
2021-01-20 05:00:00,MSFT,MSFT_262,0.0381563595360903,-0.037785076
2021-01-21 05:00:00,MSFT,MSFT_262,0.0620526798209992,-0.045505874
2021-01-22 05:00:00,MSFT,MSFT_262,0.0265988486249093,-0.048082355
2021-01-25 05:00:00,MSFT,MSFT_267,0.0440900761164484,0.013269324
2021-01-26 05:00:00,MSFT,MSFT_267,0.0309042853664782,-0.009169631
2021-01-27 05:00:00,MSFT,MSFT_267,0.0433662789532089,-0.026228426
2021-01-28 05:00:00,MSFT,MSFT_267,0.0128908128969567,-0.057048857
2021-01-29 05:00:00,MSFT,MSFT_267,0.0441454989566649,-0.04336964
2021-02-01 05:00:00,MSFT,MSFT_272,0.0117671913041517,0.022244317
2021-02-02 05:00:00,MSFT,MSFT_272,0.0177863549051324,0.012660476
2021-02-03 05:00:00,MSFT,MSFT_272,-0.0007407105999228,-0.005077376
2021-02-04 05:00:00,MSFT,MSFT_272,0.0102475560622272,-0.033088423
2021-02-05 05:00:00,MSFT,MSFT_272,0.0115194408756253,-0.04872962
2021-02-08 05:00:00,MSFT,MSFT_277,0.0050727748642995,0.0063463715
2021-02-09 05:00:00,MSFT,MSFT_277,0.001763927752574,-0.00169869
2021-02-10 05:00:00,MSFT,MSFT_277,0.0039946706723343,-0.0016669086
2021-02-11 05:00:00,MSFT,MSFT_277,-0.014397334015191,-0.012437973
2021-02-12 05:00:00,MSFT,MSFT_277,-0.0427773000993728,-0.018527005
2021-02-16 05:00:00,MSFT,MSFT_282,-0.042798493255609,-0.023109112
2021-02-17 05:00:00,MSFT,MSFT_282,-0.0395167650167075,-0.029499914
2021-02-18 05:00:00,MSFT,MSFT_282,-0.0607079379816799,-0.038528338
2021-02-19 05:00:00,MSFT,MSFT_282,-0.0356475756084804,-0.015356138
2021-02-22 05:00:00,MSFT,MSFT_282,0.010362065547272,0.00882501
2021-02-23 05:00:00,MSFT,MSFT_287,0.0025720874254617,0.018159218
2021-02-24 05:00:00,MSFT,MSFT_287,-0.0298017710603979,0.008132705
2021-02-25 05:00:00,MSFT,MSFT_287,-0.0098694690222737,0.031668954
2021-02-26 05:00:00,MSFT,MSFT_287,-0.0033565658099122,0.01150539
2021-03-01 05:00:00,MSFT,MSFT_287,-0.0403055750542564,-0.0044299397
2021-03-02 05:00:00,MSFT,MSFT_292,-0.0003848135278984,-0.008728078
2021-03-03 05:00:00,MSFT,MSFT_292,0.0213570076572893,0.030509438
2021-03-04 05:00:00,MSFT,MSFT_292,0.0458695776970381,0.04535977
2021-03-05 05:00:00,MSFT,MSFT_292,0.0179187987353917,0.033816613
2021-03-08 05:00:00,MSFT,MSFT_292,0.0326311543553443,0.049055155
2021-03-09 05:00:00,MSFT,MSFT_297,0.0168107107327024,0.003315132
2021-03-10 05:00:00,MSFT,MSFT_297,0.0198777865656347,0.011092033
2021-03-11 05:00:00,MSFT,MSFT_297,-0.0270316009366977,0.006357384
2021-03-12 05:00:00,MSFT,MSFT_297,-0.0229055944707715,0.011703126
2021-03-15 04:00:00,MSFT,MSFT_297,0.0050253734800025,0.016626202
2021-03-16 04:00:00,MSFT,MSFT_302,-0.0005469053853041,-0.02096638
2021-03-17 04:00:00,MSFT,MSFT_302,-0.0066654852219744,-0.021451417
2021-03-18 04:00:00,MSFT,MSFT_302,0.0070214767190377,0.019790258
2021-03-19 04:00:00,MSFT,MSFT_302,0.0266116321319684,0.02514403
2021-03-22 04:00:00,MSFT,MSFT_302,-0.0031781006930046,-0.013898479
2021-03-23 04:00:00,MSFT,MSFT_307,-0.0241181735978508,-0.011605382
2021-03-24 04:00:00,MSFT,MSFT_307,0.001316561410662,-0.002959474
2021-03-25 04:00:00,MSFT,MSFT_307,0.0430834549513698,0.01246074
2021-03-26 04:00:00,MSFT,MSFT_307,0.0532392245608179,-0.0052983193
2021-03-29 04:00:00,MSFT,MSFT_307,0.0536473168784814,0.00044716336
2021-03-30 04:00:00,MSFT,MSFT_312,0.0778520048212114,0.04528918
2021-03-31 04:00:00,MSFT,MSFT_312,0.0741400322805221,0.035282504
2021-04-01 04:00:00,MSFT,MSFT_312,0.0557045581184501,-0.001371747
2021-04-05 04:00:00,MSFT,MSFT_312,0.0274621437216517,-0.01166391
2021-04-06 04:00:00,MSFT,MSFT_312,0.0428870717253579,0.0021181668
2021-04-07 04:00:00,MSFT,MSFT_317,0.022769117968699,0.031036783
2021-04-08 04:00:00,MSFT,MSFT_317,0.0246791707798617,0.007863263
2021-04-09 04:00:00,MSFT,MSFT_317,0.0191126989025005,-0.012926075
2021-04-12 04:00:00,MSFT,MSFT_317,0.0110585226515891,-0.020247439
2021-04-13 04:00:00,MSFT,MSFT_317,-0.0008897074449245,-0.029044822
2021-04-14 04:00:00,MSFT,MSFT_322,0.0195234176058212,0.011476081
2021-04-15 04:00:00,MSFT,MSFT_322,-0.0089787536503492,-0.0012418292
2021-04-16 04:00:00,MSFT,MSFT_322,0.0015724617529548,-0.009474458
2021-04-19 04:00:00,MSFT,MSFT_322,0.0108603140784242,-0.0010471896
2021-04-20 04:00:00,MSFT,MSFT_322,0.0143653346038552,-0.0056278585
2021-04-21 04:00:00,MSFT,MSFT_327,-0.0231022692604307,0.002617423
2021-04-22 04:00:00,MSFT,MSFT_327,-0.0181203821502613,0.019795755
2021-04-23 04:00:00,MSFT,MSFT_327,-0.0343480812956047,0.0062154317
2021-04-26 04:00:00,MSFT,MSFT_327,-0.0370483182369226,-0.0023920145
2021-04-27 04:00:00,MSFT,MSFT_327,-0.0541283653414347,-0.010064822
2021-04-28 04:00:00,MSFT,MSFT_332,-0.0317803127572251,-0.01054935
2021-04-29 04:00:00,MSFT,MSFT_332,-0.0110094603769107,-0.0051505896
2021-04-30 04:00:00,MSFT,MSFT_332,0.0011103737259836,-0.0072472366
2021-05-03 04:00:00,MSFT,MSFT_332,-0.0185817832257163,-0.009545376
2021-05-04 04:00:00,MSFT,MSFT_332,-0.0062956438954836,0.0041431477
2021-05-05 04:00:00,MSFT,MSFT_337,-0.030307953031631,0.0059841387
2021-05-06 04:00:00,MSFT,MSFT_337,-0.026828963532086,-0.009323069
2021-05-07 04:00:00,MSFT,MSFT_337,-0.0170720617236918,-0.021862727
2021-05-10 04:00:00,MSFT,MSFT_337,-0.008091269759941,0.011105144
2021-05-11 04:00:00,MSFT,MSFT_337,-0.0127928926253563,0.023949996
2021-05-12 04:00:00,MSFT,MSFT_342,0.0172384732936714,0.029782623
2021-05-13 04:00:00,MSFT,MSFT_342,0.0141957658131546,0.02282185
2021-05-14 04:00:00,MSFT,MSFT_342,-0.0120088486835997,0.007222555
2021-05-17 04:00:00,MSFT,MSFT_342,0.022840387759212,0.016041083
2021-05-18 04:00:00,MSFT,MSFT_342,0.035543851096617,0.02752582
2021-05-19 04:00:00,MSFT,MSFT_347,0.0344274866077638,0.038836613
2021-05-20 04:00:00,MSFT,MSFT_347,0.011481669425956,0.025768092
2021-05-21 04:00:00,MSFT,MSFT_347,0.0183953768426761,0.037376203
2021-05-24 04:00:00,MSFT,MSFT_347,-0.0134779683358524,0.016822673
2021-05-25 04:00:00,MSFT,MSFT_347,-0.0175591853945287,0.020886842
2021-05-26 04:00:00,MSFT,MSFT_352,-0.0229830158377963,-0.007161813
2021-05-27 04:00:00,MSFT,MSFT_352,0.0059363673419927,0.0067038615
2021-05-28 04:00:00,MSFT,MSFT_352,0.0165411927425656,0.0051369662
2021-06-01 04:00:00,MSFT,MSFT_352,0.0208973870464102,0.012356449
2021-06-02 04:00:00,MSFT,MSFT_352,0.0254346672402441,0.0136218015
2021-06-03 04:00:00,MSFT,MSFT_357,0.0469251687170177,0.030053396
2021-06-04 04:00:00,MSFT,MSFT_357,0.0283106246356652,-0.0009428544
2021-06-07 04:00:00,MSFT,MSFT_357,0.0239549944774739,-0.01583169
2021-06-08 04:00:00,MSFT,MSFT_357,0.0229242501462625,-0.004039717
2021-06-09 04:00:00,MSFT,MSFT_357,0.0149454181933577,-0.008832833
2021-06-10 04:00:00,MSFT,MSFT_362,0.0142279731031504,0.0066546225
2021-06-11 04:00:00,MSFT,MSFT_362,0.0059714527118976,-0.0008236741
2021-06-14 04:00:00,MSFT,MSFT_362,0.010542883835231,-0.008389686
2021-06-15 04:00:00,MSFT,MSFT_362,0.0276746586911789,-0.0068315556
2021-06-16 04:00:00,MSFT,MSFT_362,0.0306550003153964,-0.004953309
2021-06-17 04:00:00,MSFT,MSFT_367,0.0221924441562813,0.014545127
2021-06-18 04:00:00,MSFT,MSFT_367,0.021547224668339,0.019689068
2021-06-21 04:00:00,MSFT,MSFT_367,0.0231885017883164,0.0054529766
2021-06-22 04:00:00,MSFT,MSFT_367,0.0221836613092616,-0.0046996707
2021-06-23 04:00:00,MSFT,MSFT_367,0.0212236781995054,-0.006286178
2021-06-24 04:00:00,MSFT,MSFT_372,0.0184109026103749,0.013464654
2021-06-25 04:00:00,MSFT,MSFT_372,0.0476568010202465,0.019941948
2021-06-28 04:00:00,MSFT,MSFT_372,0.0332688389431188,0.00878271
2021-06-29 04:00:00,MSFT,MSFT_372,0.0314296203799855,0.0004696683
2021-06-30 04:00:00,MSFT,MSFT_372,0.0240679943822421,-0.0017014006
2021-07-01 04:00:00,MSFT,MSFT_377,0.0233431376856236,0.025859753
2021-07-02 04:00:00,MSFT,MSFT_377,-0.0011884983955327,0.0153097175
2021-07-06 04:00:00,MSFT,MSFT_377,0.0119570960182617,0.012286317
2021-07-07 04:00:00,MSFT,MSFT_377,0.0092166511533187,0.010697553
2021-07-08 04:00:00,MSFT,MSFT_377,0.0130127070032128,0.0127000455
2021-07-09 04:00:00,MSFT,MSFT_382,0.0101100868313697,0.0096832365
2021-07-12 04:00:00,MSFT,MSFT_382,-0.0011178333708585,0.0065687373
2021-07-13 04:00:00,MSFT,MSFT_382,-0.0059079066026164,-0.0064845965
2021-07-14 04:00:00,MSFT,MSFT_382,-0.0039291204940367,-0.010931846
2021-07-15 04:00:00,MSFT,MSFT_382,0.018183168670024,-0.008832788
2021-07-16 04:00:00,MSFT,MSFT_387,0.0317720870088491,0.009549064
2021-07-19 04:00:00,MSFT,MSFT_387,0.0434640540157038,0.0140516935
2021-07-20 04:00:00,MSFT,MSFT_387,0.0258484928805067,0.010404157
2021-07-21 04:00:00,MSFT,MSFT_387,0.0171286689010796,0.006888313
2021-07-22 04:00:00,MSFT,MSFT_387,0.0012580741355059,-0.0023274613
2021-07-23 04:00:00,MSFT,MSFT_392,-0.0164325250974329,-0.0011084368
2021-07-26 04:00:00,MSFT,MSFT_392,-0.0146340793889938,0.0036892667
2021-07-27 04:00:00,MSFT,MSFT_392,0.0020241032839038,0.01867463
2021-07-28 04:00:00,MSFT,MSFT_392,0.001013236474338,0.020435616
2021-07-29 04:00:00,MSFT,MSFT_392,0.0105409738697097,0.017448477
2021-07-30 04:00:00,MSFT,MSFT_397,0.0159699123740311,0.014592487
2021-08-02 04:00:00,MSFT,MSFT_397,0.0123234996060208,0.02741039
2021-08-03 04:00:00,MSFT,MSFT_397,-0.0023683222601884,0.01835211
2021-08-04 04:00:00,MSFT,MSFT_397,0.0015357314802584,0.019786358
2021-08-05 04:00:00,MSFT,MSFT_397,0.0010016874686609,0.01233881
2021-08-06 04:00:00,MSFT,MSFT_402,0.0117115136755043,-0.0005854996
2021-08-09 04:00:00,MSFT,MSFT_402,0.0217459848897072,0.0059087705
2021-08-10 04:00:00,MSFT,MSFT_402,0.023181064356462,0.017303247
2021-08-11 04:00:00,MSFT,MSFT_402,0.0131730218452461,0.014209488
2021-08-12 04:00:00,MSFT,MSFT_402,0.0240157051644536,0.0028705017
2021-08-13 04:00:00,MSFT,MSFT_407,0.0393033259626376,0.0057851346
2021-08-16 04:00:00,MSFT,MSFT_407,0.0341140108104323,0.0043670917
2021-08-17 04:00:00,MSFT,MSFT_407,0.0325508700082104,0.0142002795
2021-08-18 04:00:00,MSFT,MSFT_407,0.0387988798990115,0.025419746
2021-08-19 04:00:00,MSFT,MSFT_407,0.0078175267382305,0.010615397
2021-08-20 04:00:00,MSFT,MSFT_412,-0.0152450530758824,0.006250299
2021-08-23 04:00:00,MSFT,MSFT_412,-0.0034793946490407,0.0075322073
2021-08-24 04:00:00,MSFT,MSFT_412,-0.0024452787202261,0.0093954
2021-08-25 04:00:00,MSFT,MSFT_412,-0.0005960835321289,0.010379882
2021-08-26 04:00:00,MSFT,MSFT_412,0.0068875508503016,0.015076777
2021-08-27 04:00:00,MSFT,MSFT_417,0.004737800019855,0.0072146906
2021-08-30 04:00:00,MSFT,MSFT_417,-0.0112322662249848,-0.0013271704
2021-08-31 04:00:00,MSFT,MSFT_417,-0.0055320438608799,0.0034909034
2021-09-01 04:00:00,MSFT,MSFT_417,-0.0151740608157535,0.0040286947
2021-09-02 04:00:00,MSFT,MSFT_417,-0.0180640961370106,0.007999228
2021-09-03 04:00:00,MSFT,MSFT_422,-0.0137810460655898,-0.012513251
2021-09-07 04:00:00,MSFT,MSFT_422,-0.0012991676340021,-0.009458579
2021-09-08 04:00:00,MSFT,MSFT_422,0.0153559708216122,-0.0075002583
2021-09-09 04:00:00,MSFT,MSFT_422,0.0268124515414738,-0.0010438378
2021-09-10 04:00:00,MSFT,MSFT_422,0.0140678495225661,0.004245721
2021-09-13 04:00:00,MSFT,MSFT_427,-0.0090575525433815,0.014700423
2021-09-14 04:00:00,MSFT,MSFT_427,-0.016645053569907,0.011173461
2021-09-15 04:00:00,MSFT,MSFT_427,-0.0204711652844886,0.007570263
2021-09-16 04:00:00,MSFT,MSFT_427,-0.0185440129725205,0.008975733
2021-09-17 04:00:00,MSFT,MSFT_427,-0.0017340481613329,0.01417014
2021-09-20 04:00:00,MSFT,MSFT_432,-0.0004416390439193,0.019979922
2021-09-21 04:00:00,MSFT,MSFT_432,-0.0382632267516189,0.015941776
2021-09-22 04:00:00,MSFT,MSFT_432,-0.0488310912584786,0.0021476455
2021-09-23 04:00:00,MSFT,MSFT_432,-0.0588863141762076,-0.0010705251
2021-09-24 04:00:00,MSFT,MSFT_432,-0.0342408544880922,0.0017560641
2021-09-27 04:00:00,MSFT,MSFT_437,-0.0375974014050513,-0.026082369
2021-09-28 04:00:00,MSFT,MSFT_437,0.018482015219394,0.0034988453
2021-09-29 04:00:00,MSFT,MSFT_437,0.032077413209727,0.007972441
2021-09-30 04:00:00,MSFT,MSFT_437,0.0458640467506066,0.016397705
2021-10-01 04:00:00,MSFT,MSFT_437,0.0198893112369604,-0.0004559883
2021-10-04 04:00:00,MSFT,MSFT_442,0.0392781117238125,0.029607218
2021-10-05 04:00:00,MSFT,MSFT_442,0.0142678867497321,0.014701589
2021-10-06 04:00:00,MSFT,MSFT_442,0.0109174452149525,0.008322826
2021-10-07 04:00:00,MSFT,MSFT_442,0.0267932634660039,0.009590873
2021-10-08 04:00:00,MSFT,MSFT_442,0.0317449047237814,0.014834391
2021-10-11 04:00:00,MSFT,MSFT_447,0.0443870341941448,0.034527447
2021-10-12 04:00:00,MSFT,MSFT_447,0.0524105635332035,0.03328679
2021-10-13 04:00:00,MSFT,MSFT_447,0.0374607883465718,0.025085147
2021-10-14 04:00:00,MSFT,MSFT_447,0.0264575054190752,0.012443485
2021-10-15 04:00:00,MSFT,MSFT_447,0.0162716950332717,0.013039007
2021-10-18 04:00:00,MSFT,MSFT_452,0.0027335621547481,0.01325157
2021-10-19 04:00:00,MSFT,MSFT_452,0.0060992580158516,0.014108595
2021-10-20 04:00:00,MSFT,MSFT_452,0.0512670686636069,0.017119898
2021-10-21 04:00:00,MSFT,MSFT_452,0.0437314838165314,0.012893478
2021-10-22 04:00:00,MSFT,MSFT_452,0.0726484383135968,0.014588162
2021-10-25 04:00:00,MSFT,MSFT_457,0.0689319115236861,0.07207174
2021-10-26 04:00:00,MSFT,MSFT_457,0.0742317907150036,0.047429718
2021-10-27 04:00:00,MSFT,MSFT_457,0.033511731046443,0.022690099
2021-10-28 04:00:00,MSFT,MSFT_457,0.0372745371061657,0.01856117
2021-10-29 04:00:00,MSFT,MSFT_457,0.0133888260864281,0.015259597
2021-11-01 04:00:00,MSFT,MSFT_462,0.0231350615725527,0.026928585
2021-11-02 04:00:00,MSFT,MSFT_462,0.0084651856118778,0.020330453
2021-11-03 04:00:00,MSFT,MSFT_462,-0.009580874871351,0.018926509
2021-11-04 04:00:00,MSFT,MSFT_462,-0.0119189446454821,0.016454209
2021-11-05 04:00:00,MSFT,MSFT_462,0.001963945923062,0.013535839
2021-11-08 05:00:00,MSFT,MSFT_467,-0.0027300007027402,0.0001930799
2021-11-09 05:00:00,MSFT,MSFT_467,0.0105968073500168,0.0041767117
2021-11-10 05:00:00,MSFT,MSFT_467,0.025151171799395,0.019102465
2021-11-11 05:00:00,MSFT,MSFT_467,0.0265920540644846,0.009420541
2021-11-12 05:00:00,MSFT,MSFT_467,0.01897714453461,0.0044706464
2021-11-15 05:00:00,MSFT,MSFT_472,0.0111880833341355,0.018749792
2021-11-16 05:00:00,MSFT,MSFT_472,-0.0053901712385654,0.013864074
2021-11-17 05:00:00,MSFT,MSFT_472,-0.0035680333583987,0.015909953
2021-11-18 05:00:00,MSFT,MSFT_472,-0.0339613699153203,0.011697954
2021-11-19 05:00:00,MSFT,MSFT_472,-0.018886015404391,0.009829184
2021-11-22 05:00:00,MSFT,MSFT_477,-0.0271900379586134,-0.012994582
2021-11-23 05:00:00,MSFT,MSFT_477,-0.0225065336068419,-0.011456459
2021-11-24 05:00:00,MSFT,MSFT_477,-0.0249179170089143,-0.007062584
2021-11-26 05:00:00,MSFT,MSFT_477,-0.0202316884807618,0.0009265775
2021-11-29 05:00:00,MSFT,MSFT_477,-0.0310132854765593,-0.008162064
2021-11-30 05:00:00,MSFT,MSFT_482,0.0130978466917011,-0.023531985
2021-12-01 05:00:00,MSFT,MSFT_482,0.0148146353834357,-0.021384306
2021-12-02 05:00:00,MSFT,MSFT_482,0.0109563749313681,-0.023026904
2021-12-03 05:00:00,MSFT,MSFT_482,0.0604625187729253,-0.012951163
2021-12-06 05:00:00,MSFT,MSFT_482,0.0404978428406954,-0.019372566
2021-12-07 05:00:00,MSFT,MSFT_487,-0.0196465329811158,0.017106604
2021-12-08 05:00:00,MSFT,MSFT_487,-0.0009553312925114,0.021080516
2021-12-09 05:00:00,MSFT,MSFT_487,-0.0246172682581188,0.025500981
2021-12-10 05:00:00,MSFT,MSFT_487,-0.0547089983198137,0.021892548
2021-12-13 05:00:00,MSFT,MSFT_487,-0.0574248396725645,0.03904113
2021-12-14 05:00:00,MSFT,MSFT_492,-0.0031978674687205,-0.02424277
2021-12-15 05:00:00,MSFT,MSFT_492,-0.0043328304673498,-0.038095184
2021-12-16 05:00:00,MSFT,MSFT_492,0.0301323752811182,-0.015557259
2021-12-17 05:00:00,MSFT,MSFT_492,0.0575973598429748,-0.012586945
2021-12-20 05:00:00,MSFT,MSFT_492,0.0667062489250258,0.0036885254
2021-12-21 05:00:00,MSFT,MSFT_497,0.0447920904377294,0.051777855
2021-12-22 05:00:00,MSFT,MSFT_497,0.0183673316115753,0.033538032
2021-12-23 05:00:00,MSFT,MSFT_497,0.004870192927552,0.026087878
2021-12-27 05:00:00,MSFT,MSFT_497,-0.0224850691562427,0.030226769
2021-12-28 05:00:00,MSFT,MSFT_497,-0.0358681032509157,0.029834334
2021-12-29 05:00:00,MSFT,MSFT_502,-0.0747770329329234,-0.03323333
2021-12-30 05:00:00,MSFT,MSFT_502,-0.0749734819411884,-0.026938852
2021-12-31 05:00:00,MSFT,MSFT_502,-0.066246426897281,-0.022424184
2022-01-03 05:00:00,MSFT,MSFT_502,-0.0611800178829816,-0.01656719
2022-01-04 05:00:00,MSFT,MSFT_502,-0.0426430757814674,0.005336712
2022-01-05 05:00:00,MSFT,MSFT_507,0.0059737786892044,0.04442709
2022-01-06 05:00:00,MSFT,MSFT_507,-0.0289283068325227,0.06997243
2022-01-07 05:00:00,MSFT,MSFT_507,-0.0122277296949612,0.059783082
2022-01-10 05:00:00,MSFT,MSFT_507,-0.0369745617570947,0.05273767
2022-01-11 05:00:00,MSFT,MSFT_507,-0.0369865515515782,0.04243204
2022-01-12 05:00:00,MSFT,MSFT_512,-0.0523768607961342,-0.03867258
2022-01-13 05:00:00,MSFT,MSFT_512,-0.0287729309872176,-0.02622079
2022-01-14 05:00:00,MSFT,MSFT_512,-0.0445841926034916,-0.027055923
2022-01-18 05:00:00,MSFT,MSFT_512,-0.0467867303739398,-0.023203041
2022-01-19 05:00:00,MSFT,MSFT_512,-0.0218244005216752,-0.01863352
2022-01-20 05:00:00,MSFT,MSFT_517,-0.0058355760278762,-0.022714807
2022-01-21 05:00:00,MSFT,MSFT_517,0.0413134176832061,-0.016424924
2022-01-24 05:00:00,MSFT,MSFT_517,0.049296541855945,-0.0143606225
2022-01-25 05:00:00,MSFT,MSFT_517,0.0702624708565529,-0.009693053
2022-01-26 05:00:00,MSFT,MSFT_517,0.0564524299227582,-0.01569673
2022-01-27 05:00:00,MSFT,MSFT_522,0.0047025202752484,0.055996142
2022-01-28 05:00:00,MSFT,MSFT_522,-0.0075261378405284,0.035127014
2022-01-31 05:00:00,MSFT,MSFT_522,-0.0322528729338099,0.034880705
2022-02-01 05:00:00,MSFT,MSFT_522,-0.0136028373953591,0.03621456
2022-02-02 05:00:00,MSFT,MSFT_522,-0.0071779495352995,0.028912418
2022-02-03 05:00:00,MSFT,MSFT_527,0.0037510535529046,0.0040214714
2022-02-04 05:00:00,MSFT,MSFT_527,-0.0356278806612481,0.0060588005
2022-02-07 05:00:00,MSFT,MSFT_527,-0.0197707657939487,0.006638189
2022-02-08 05:00:00,MSFT,MSFT_527,-0.0134291974345833,0.0026470972
2022-02-09 05:00:00,MSFT,MSFT_527,-0.0376272991761205,-0.0032708254
2022-02-10 05:00:00,MSFT,MSFT_532,-0.0385276595950824,-0.02293678
2022-02-11 05:00:00,MSFT,MSFT_532,-0.0240984804203531,-0.005422632
2022-02-14 05:00:00,MSFT,MSFT_532,-0.0246779619637181,-0.0025779246
2022-02-15 05:00:00,MSFT,MSFT_532,-0.067228049805191,-0.0074318806
2022-02-16 05:00:00,MSFT,MSFT_532,-0.0163940022107157,-0.006172759
2022-02-17 05:00:00,MSFT,MSFT_537,0.0226326362040931,-0.03260424
2022-02-18 05:00:00,MSFT,MSFT_537,0.0377175568554588,-0.026454765
2022-02-22 05:00:00,MSFT,MSFT_537,0.0251286353248072,-0.023248445
2022-02-23 05:00:00,MSFT,MSFT_537,0.0710743718863264,-0.0106682
2022-02-24 05:00:00,MSFT,MSFT_537,0.0045148073810294,-0.033120096
2022-02-25 05:00:00,MSFT,MSFT_542,-0.0250580615122535,-0.0004157909
2022-02-28 05:00:00,MSFT,MSFT_542,-0.0665350390383741,-0.015936522
2022-03-01 05:00:00,MSFT,MSFT_542,-0.0647567564435595,-0.008482324
2022-03-02 05:00:00,MSFT,MSFT_542,-0.0389420112140077,-0.028760903
2022-03-03 05:00:00,MSFT,MSFT_542,-0.0349081394333148,-0.019953258
2022-03-04 05:00:00,MSFT,MSFT_547,-0.0337748517287399,-0.036047176
2022-03-07 05:00:00,MSFT,MSFT_547,-0.0088559075984074,0.004041824
2022-03-08 05:00:00,MSFT,MSFT_547,0.0409642470289752,0.03315667
2022-03-09 05:00:00,MSFT,MSFT_547,0.0204159953152078,-0.015559523
2022-03-10 05:00:00,MSFT,MSFT_547,0.0337196855852715,-0.0019848985
2022-03-11 05:00:00,MSFT,MSFT_552,0.0726960574824888,0.04136874
2022-03-14 04:00:00,MSFT,MSFT_552,0.0821878202143295,0.052751604
2022-03-15 04:00:00,MSFT,MSFT_552,0.0588890963661494,0.021020856
2022-03-16 04:00:00,MSFT,MSFT_552,0.017323874221848,-0.009145662
2022-03-17 04:00:00,MSFT,MSFT_552,0.0300792793377637,-0.021243393
2022-03-18 04:00:00,MSFT,MSFT_557,0.0108178280439108,0.01687931
2022-03-21 04:00:00,MSFT,MSFT_557,0.038574703849636,0.018158376
2022-03-22 04:00:00,MSFT,MSFT_557,0.0373281792891171,0.014799647
2022-03-23 04:00:00,MSFT,MSFT_557,0.0479815539275347,0.025580885
2022-03-24 04:00:00,MSFT,MSFT_557,0.0138441018434081,0.017158043
2022-03-25 04:00:00,MSFT,MSFT_562,0.0189015440278983,0.01435556
2022-03-28 04:00:00,MSFT,MSFT_562,0.0137431247052111,0.00962955
2022-03-29 04:00:00,MSFT,MSFT_562,-0.0143622546105092,0.037011232
2022-03-30 04:00:00,MSFT,MSFT_562,-0.0457528389147074,0.052659467
2022-03-31 04:00:00,MSFT,MSFT_562,-0.022509819650228,0.06313555
2022-04-01 04:00:00,MSFT,MSFT_567,-0.0402366093553898,-0.022863805
2022-04-04 04:00:00,MSFT,MSFT_567,-0.0943264162934043,-0.019013891
2022-04-05 04:00:00,MSFT,MSFT_567,-0.0927046026491238,-0.010945315
2022-04-06 04:00:00,MSFT,MSFT_567,-0.039666126486853,-0.0030834156
2022-04-07 04:00:00,MSFT,MSFT_567,-0.0714736333872456,-0.007791958
2022-04-08 04:00:00,MSFT,MSFT_572,-0.0553928414971648,-0.059997723
2022-04-11 04:00:00,MSFT,MSFT_572,0.0001401459229304,-0.02252262
2022-04-12 04:00:00,MSFT,MSFT_572,0.0152449401906966,-0.01600393
2022-04-13 04:00:00,MSFT,MSFT_572,-0.0236770658306254,-0.012901673
2022-04-14 04:00:00,MSFT,MSFT_572,-0.0207268272568454,-0.0034631304
2022-04-18 04:00:00,MSFT,MSFT_577,0.0007130051863131,-0.020630578
2022-04-19 04:00:00,MSFT,MSFT_577,-0.0528565973273318,-0.02069997
2022-04-20 04:00:00,MSFT,MSFT_577,-0.0109651637501113,-0.0056417435
2022-04-21 04:00:00,MSFT,MSFT_577,0.0314091642067637,0.026022509
2022-04-22 04:00:00,MSFT,MSFT_577,0.0127357962628968,0.044656526
2022-04-25 04:00:00,MSFT,MSFT_582,0.0133585066389756,0.022077596
2022-04-26 04:00:00,MSFT,MSFT_582,0.0427799478438759,0.039077073
2022-04-27 04:00:00,MSFT,MSFT_582,0.0238684052555919,0.032037623
2022-04-28 04:00:00,MSFT,MSFT_582,-0.0423989178340327,0.019045126
2022-04-29 04:00:00,MSFT,MSFT_582,-0.0100532507127127,0.049792595
2022-05-02 04:00:00,MSFT,MSFT_587,-0.0699195506137254,-0.014150862
2022-05-03 04:00:00,MSFT,MSFT_587,-0.0435800938054341,-0.012409242
2022-05-04 04:00:00,MSFT,MSFT_587,-0.1014898340518614,-0.012533959
2022-05-05 04:00:00,MSFT,MSFT_587,-0.0793221543748189,-0.009922523
2022-05-06 04:00:00,MSFT,MSFT_587,-0.0495396037013878,-0.010949355
2022-05-09 04:00:00,MSFT,MSFT_592,-0.0116410413809752,-0.020058554
2022-05-10 04:00:00,MSFT,MSFT_592,-0.0099443141958488,-0.020361068
2022-05-11 04:00:00,MSFT,MSFT_592,-0.0248320332567241,-0.010126267
2022-05-12 04:00:00,MSFT,MSFT_592,-0.0086548136324353,-0.0043411534
2022-05-13 04:00:00,MSFT,MSFT_592,-0.0327818540083542,-0.012060061
2022-05-16 04:00:00,MSFT,MSFT_597,-0.0032505013518762,-0.030861968
2022-05-17 04:00:00,MSFT,MSFT_597,-0.0269845289310796,-0.0431878
2022-05-18 04:00:00,MSFT,MSFT_597,0.0332178334453461,-0.020417754
2022-05-19 04:00:00,MSFT,MSFT_597,0.0504068678897124,-0.017614193
2022-05-20 04:00:00,MSFT,MSFT_597,0.0818815048926486,-0.015492212
2022-05-23 04:00:00,MSFT,MSFT_602,0.0430462362686994,0.042888757
2022-05-24 04:00:00,MSFT,MSFT_602,0.0493028986645238,0.04007551
2022-05-25 04:00:00,MSFT,MSFT_602,0.045939349624023,0.022439063
2022-05-26 04:00:00,MSFT,MSFT_602,0.0154945288144363,0.01808421
2022-05-27 04:00:00,MSFT,MSFT_602,-0.0164324051926793,0.017021611
2022-05-31 04:00:00,MSFT,MSFT_607,0.0023173019977469,-0.013482351
2022-06-01 04:00:00,MSFT,MSFT_607,-0.0073783483831968,-0.015327949
2022-06-02 04:00:00,MSFT,MSFT_607,-0.0356543757961295,-0.015032237
2022-06-03 04:00:00,MSFT,MSFT_607,-0.0630693438019712,-0.010821506
2022-06-06 04:00:00,MSFT,MSFT_607,-0.0985674623001451,-0.007813361
2022-06-07 04:00:00,MSFT,MSFT_612,-0.1027889706672877,-0.09467293
2022-06-08 04:00:00,MSFT,MSFT_612,-0.0689693757727154,-0.08955145
2022-06-09 04:00:00,MSFT,MSFT_612,-0.0748517945716077,-0.065439805
2022-06-10 04:00:00,MSFT,MSFT_612,-0.021107599038429,-0.034035783
2022-06-13 04:00:00,MSFT,MSFT_612,0.0473871511872925,-0.003921098
2022-06-14 04:00:00,MSFT,MSFT_617,0.0353388653749691,0.047226418
2022-06-15 04:00:00,MSFT,MSFT_617,0.0282014259598091,0.026617307
2022-06-16 04:00:00,MSFT,MSFT_617,0.0927869162471439,0.040527876
2022-06-17 04:00:00,MSFT,MSFT_617,0.0696144606373754,0.037350092
2022-06-21 04:00:00,MSFT,MSFT_617,0.0107984765265478,0.025749505
2022-06-22 04:00:00,MSFT,MSFT_622,0.0281673635889723,0.0306913
2022-06-23 04:00:00,MSFT,MSFT_622,-0.00784207252635,-0.0003949011
2022-06-24 04:00:00,MSFT,MSFT_622,-0.0303325560870196,-0.032837097
2022-06-27 04:00:00,MSFT,MSFT_622,-0.0077013418102203,-0.036164306
2022-06-28 04:00:00,MSFT,MSFT_622,0.03793660344653,-0.040354848
2022-06-29 04:00:00,MSFT,MSFT_627,0.0312763537440492,0.021536514
2022-06-30 04:00:00,MSFT,MSFT_627,0.0421680397775376,0.030672748
2022-07-01 04:00:00,MSFT,MSFT_627,0.018992308530638,0.02353501
2022-07-05 04:00:00,MSFT,MSFT_627,-0.0349248914643549,0.014449276
2022-07-06 04:00:00,MSFT,MSFT_627,-0.0506742446466416,0.001849551
2022-07-07 04:00:00,MSFT,MSFT_632,-0.0533531758236648,-0.05241449
2022-07-08 04:00:00,MSFT,MSFT_632,-0.0408727575720158,-0.04852893
2022-07-11 04:00:00,MSFT,MSFT_632,-0.0387887391283079,-0.03258358
2022-07-12 04:00:00,MSFT,MSFT_632,0.02310088166772,3.2209064e-06
2022-07-13 04:00:00,MSFT,MSFT_632,0.0377888087481792,-0.0096000675
2022-07-14 04:00:00,MSFT,MSFT_637,0.0423488445737283,0.026530888
2022-07-15 04:00:00,MSFT,MSFT_637,0.0141788100403212,0.010681479
2022-07-18 04:00:00,MSFT,MSFT_637,0.0180137131652531,0.024795499
2022-07-19 04:00:00,MSFT,MSFT_637,-0.0293993176846619,-0.0018891966
2022-07-20 04:00:00,MSFT,MSFT_637,0.0246692396832557,-0.008529663
2022-07-21 04:00:00,MSFT,MSFT_642,0.0436867825260705,0.007795091
2022-07-22 04:00:00,MSFT,MSFT_642,0.0782762560663594,0.025020974
2022-07-25 04:00:00,MSFT,MSFT_642,0.0741027863400374,0.03431105
2022-07-26 04:00:00,MSFT,MSFT_642,0.0909885430054955,0.04082045
2022-07-27 04:00:00,MSFT,MSFT_642,0.051090315863872,-0.033504926
2022-07-28 04:00:00,MSFT,MSFT_647,0.0261929385277435,0.020452311
2022-07-29 04:00:00,MSFT,MSFT_647,0.0077296199445,-0.01881374
2022-08-01 04:00:00,MSFT,MSFT_647,0.0083090445575724,-0.025229812
2022-08-02 04:00:00,MSFT,MSFT_647,0.027217743502661,-0.032860775
2022-08-03 04:00:00,MSFT,MSFT_647,0.0236839395776371,-0.033228908
2022-08-04 04:00:00,MSFT,MSFT_652,0.0118808221036568,0.018927623
2022-08-05 04:00:00,MSFT,MSFT_652,0.0318122366954158,0.015885727
2022-08-08 04:00:00,MSFT,MSFT_652,0.046910650516911,0.01597767
2022-08-09 04:00:00,MSFT,MSFT_652,0.0368756787539918,0.009112966
2022-08-10 04:00:00,MSFT,MSFT_652,0.0074699254210599,-0.00396493
2022-08-11 04:00:00,MSFT,MSFT_657,0.0109749304391215,0.011215681
2022-08-12 04:00:00,MSFT,MSFT_657,-0.0197321424184294,-0.0031870417
2022-08-15 04:00:00,MSFT,MSFT_657,-0.053565956163543,-0.0064184344
2022-08-16 04:00:00,MSFT,MSFT_657,-0.0555839892338243,-0.0049991794
2022-08-17 04:00:00,MSFT,MSFT_657,-0.0533090703997308,-0.0064917435
2022-08-18 04:00:00,MSFT,MSFT_662,-0.0390116373173685,-0.048148572
2022-08-19 04:00:00,MSFT,MSFT_662,-0.0631137443432098,-0.024766859
2022-08-22 04:00:00,MSFT,MSFT_662,-0.0450764680960283,-0.003720468
2022-08-23 04:00:00,MSFT,MSFT_662,-0.0487266716167759,-0.0075115906
2022-08-24 04:00:00,MSFT,MSFT_662,-0.0519235899798242,0.005546286
2022-08-25 04:00:00,MSFT,MSFT_667,-0.066164646954256,-0.05841646
2022-08-26 04:00:00,MSFT,MSFT_667,-0.0448729864732989,-0.019542523
2022-08-29 04:00:00,MSFT,MSFT_667,-0.0451683840066864,-0.0002607057
2022-08-30 04:00:00,MSFT,MSFT_667,-0.0185572683582141,0.011570099
2022-08-31 04:00:00,MSFT,MSFT_667,-0.0112824117231757,0.017467897
2022-09-01 04:00:00,MSFT,MSFT_672,0.0155913888393088,-0.0012861368
2022-09-02 04:00:00,MSFT,MSFT_672,0.0413574804298253,0.018901538
2022-09-06 04:00:00,MSFT,MSFT_672,-0.0049752991385425,0.030586815
2022-09-07 04:00:00,MSFT,MSFT_672,-0.0227439854332924,0.012203105
2022-09-08 04:00:00,MSFT,MSFT_672,-0.0508277297279494,0.013895426
2022-09-09 04:00:00,MSFT,MSFT_677,-0.0745669916020689,-0.066026926
2022-09-12 04:00:00,MSFT,MSFT_677,-0.0829926500302659,-0.065380536
2022-09-13 04:00:00,MSFT,MSFT_677,-0.0378586782688121,-0.017330648
2022-09-14 04:00:00,MSFT,MSFT_677,-0.0526128150354305,-0.007143164
2022-09-15 04:00:00,MSFT,MSFT_677,-0.0179314087037156,0.049522594
2022-09-16 04:00:00,MSFT,MSFT_682,-0.027866336402486,0.014385581
2022-09-19 04:00:00,MSFT,MSFT_682,-0.0289138197312512,0.0530703
2022-09-20 04:00:00,MSFT,MSFT_682,-0.024912325684303,0.06600415
2022-09-21 04:00:00,MSFT,MSFT_682,0.008872192521667,0.06543166
2022-09-22 04:00:00,MSFT,MSFT_682,-0.0144410149773329,0.051280312
2022-09-23 04:00:00,MSFT,MSFT_687,-0.0210995473734673,0.0014465487
2022-09-26 04:00:00,MSFT,MSFT_687,0.0138555847008035,0.0013056637
2022-09-27 04:00:00,MSFT,MSFT_687,0.052747350059374,-0.0046163676
2022-09-28 04:00:00,MSFT,MSFT_687,0.0337246002282203,-0.032598987
2022-09-29 04:00:00,MSFT,MSFT_687,0.0391157612047696,-0.022520686
2022-09-30 04:00:00,MSFT,MSFT_692,0.0057535922361391,0.05254145
2022-10-03 04:00:00,MSFT,MSFT_692,-0.0477278608913646,0.012689354
2022-10-04 04:00:00,MSFT,MSFT_692,-0.0943024781430482,-0.00429047
2022-10-05 04:00:00,MSFT,MSFT_692,-0.0941011125016693,-0.00045528536
2022-10-06 04:00:00,MSFT,MSFT_692,-0.050852903822636,0.004295281
2022-10-07 04:00:00,MSFT,MSFT_697,-0.024248667184804,-0.010241164
2022-10-10 04:00:00,MSFT,MSFT_697,0.0361177700296482,-0.0004344622
2022-10-11 04:00:00,MSFT,MSFT_697,0.05807194057595,-0.007371485
2022-10-12 04:00:00,MSFT,MSFT_697,0.047530435116452,-0.008689272
2022-10-13 04:00:00,MSFT,MSFT_697,0.0081539803557426,-0.038783412
2022-10-14 04:00:00,MSFT,MSFT_702,0.0593279563503563,0.021481033
2022-10-17 04:00:00,MSFT,MSFT_702,0.0409211521519627,-0.018470021
2022-10-18 04:00:00,MSFT,MSFT_702,0.0509853403023452,-0.02546074
2022-10-19 04:00:00,MSFT,MSFT_702,-0.0218199784190853,-0.021139883
2022-10-20 04:00:00,MSFT,MSFT_702,-0.0398051837367603,-0.021469552
2022-10-21 04:00:00,MSFT,MSFT_707,-0.0258136466464694,-0.04378075
2022-10-24 04:00:00,MSFT,MSFT_707,-0.061152659725733,-0.036617883
2022-10-25 04:00:00,MSFT,MSFT_707,-0.089723151538291,-0.024601879
2022-10-26 04:00:00,MSFT,MSFT_707,-0.0485042402967641,-0.0025443889
2022-10-27 04:00:00,MSFT,MSFT_707,-0.0551267916207276,0.015248427
2022-10-28 04:00:00,MSFT,MSFT_712,-0.0613897317475456,-0.06857425
2022-10-31 04:00:00,MSFT,MSFT_712,-0.0183518273209687,-0.056032065
2022-11-01 04:00:00,MSFT,MSFT_712,0.0030678746279513,-0.04488457
2022-11-02 04:00:00,MSFT,MSFT_712,0.0200362938710976,-0.017842468
2022-11-03 04:00:00,MSFT,MSFT_712,0.1340956626722942,0.0039903773
2022-11-04 04:00:00,MSFT,MSFT_717,0.1161750814924378,0.09249206
2022-11-07 05:00:00,MSFT,MSFT_717,0.0600342661504647,0.06376362
2022-11-08 05:00:00,MSFT,MSFT_717,0.0572377611001742,0.04835017
2022-11-09 05:00:00,MSFT,MSFT_717,0.0767003770078427,0.03314411
2022-11-10 05:00:00,MSFT,MSFT_717,-0.005350247240993,-0.049254056
2022-11-11 05:00:00,MSFT,MSFT_722,-0.0238355363000299,-0.026030872
2022-11-14 05:00:00,MSFT,MSFT_722,0.0020699647844462,-0.02709619
2022-11-15 05:00:00,MSFT,MSFT_722,0.0126461856558932,-0.035036284
2022-11-16 05:00:00,MSFT,MSFT_722,0.0242005800145272,-0.03743861
2022-11-17 05:00:00,MSFT,MSFT_722,0.0240401067256614,-0.0380532
2022-11-18 05:00:00,MSFT,MSFT_727,0.0022385925022809,0.015030107
2022-11-21 05:00:00,MSFT,MSFT_727,-0.0071059747945358,-0.0073181167
2022-11-22 05:00:00,MSFT,MSFT_727,0.041260256542946,-0.017704073
2022-11-23 05:00:00,MSFT,MSFT_727,0.0287179923974769,-0.030044401
2022-11-25 05:00:00,MSFT,MSFT_727,0.03042546612859,-0.031306773
2022-11-28 05:00:00,MSFT,MSFT_732,0.03491066608693,0.044693425
2022-11-29 05:00:00,MSFT,MSFT_732,0.0199309002190248,0.041788552
2022-11-30 05:00:00,MSFT,MSFT_732,-0.0422121356832529,0.016915044
2022-12-01 05:00:00,MSFT,MSFT_732,-0.0286230651970682,0.0140229855
2022-12-02 05:00:00,MSFT,MSFT_732,-0.0376441296474101,0.010605569
2022-12-05 05:00:00,MSFT,MSFT_737,0.009232604263667,-0.019612055
2022-12-06 05:00:00,MSFT,MSFT_737,0.0481397623433597,-0.004975387
2022-12-07 05:00:00,MSFT,MSFT_737,0.052584222123315,-0.0068708505
2022-12-08 05:00:00,MSFT,MSFT_737,0.0065076824982672,-0.01748045
2022-12-09 05:00:00,MSFT,MSFT_737,-0.0029744753198006,-0.017395549
2022-12-12 05:00:00,MSFT,MSFT_742,-0.0477604761037183,-0.026857663
2022-12-13 05:00:00,MSFT,MSFT_742,-0.058851041513858,-0.03358552
2022-12-14 05:00:00,MSFT,MSFT_742,-0.0497240046816873,-0.032531984
2022-12-15 05:00:00,MSFT,MSFT_742,-0.0434520392920723,-0.003317169
2022-12-16 05:00:00,MSFT,MSFT_742,-0.0243573773117045,0.011817982
2022-12-19 05:00:00,MSFT,MSFT_747,-0.0145144116392991,-0.0048006605
2022-12-20 05:00:00,MSFT,MSFT_747,-0.0300661876786857,-0.0059373905
2022-12-21 05:00:00,MSFT,MSFT_747,-0.0139917288034354,-0.011576408
2022-12-22 05:00:00,MSFT,MSFT_747,0.0068432968055134,0.0115107745
2022-12-23 05:00:00,MSFT,MSFT_747,0.0035605333168344,0.009441235
2022-12-27 05:00:00,MSFT,MSFT_752,-0.0331701569364093,0.0124594355
2022-12-28 05:00:00,MSFT,MSFT_752,-0.0521042138929218,0.025227655
2022-12-29 05:00:00,MSFT,MSFT_752,-0.0667192323868488,-0.00065178674
2022-12-30 05:00:00,MSFT,MSFT_752,-0.0529564332381233,0.007090489
2023-01-03 05:00:00,MSFT,MSFT_752,-0.0447866919005435,0.00591237
2023-01-04 05:00:00,MSFT,MSFT_757,0.0291139152826191,-0.02877532
2023-01-05 05:00:00,MSFT,MSFT_757,0.0728712029425149,-0.0147526935
2023-01-06 05:00:00,MSFT,MSFT_757,0.0635753501862692,-0.018355373
2023-01-09 05:00:00,MSFT,MSFT_757,0.0582511943939669,-0.015832838
2023-01-10 05:00:00,MSFT,MSFT_757,0.0304128960867489,-0.011875678
2023-01-11 05:00:00,MSFT,MSFT_762,-0.0162871083135837,0.0013870221
2023-01-12 05:00:00,MSFT,MSFT_762,0.0071695390266679,-0.015061311
2023-01-13 05:00:00,MSFT,MSFT_762,0.0140032862239023,-0.020021856
2023-01-17 05:00:00,MSFT,MSFT_762,0.0070313590168553,-0.028129349
2023-01-18 05:00:00,MSFT,MSFT_762,0.0203553840017542,-0.012668101
2023-01-19 05:00:00,MSFT,MSFT_767,0.0692881810533374,0.03630619
2023-01-20 05:00:00,MSFT,MSFT_767,0.033053044713422,0.010641059
2023-01-23 05:00:00,MSFT,MSFT_767,0.0005359258052237,0.0029273867
2023-01-24 05:00:00,MSFT,MSFT_767,0.0238390531834122,0.002246228
2023-01-25 05:00:00,MSFT,MSFT_767,0.0504550906398448,0.0069383318
2023-01-26 05:00:00,MSFT,MSFT_772,0.0669355084819178,0.0050912853
2023-01-27 05:00:00,MSFT,MSFT_772,0.0410622271559959,-0.009213868
2023-01-30 05:00:00,MSFT,MSFT_772,0.0579291414069305,0.02414168
2023-01-31 05:00:00,MSFT,MSFT_772,0.0796981566303844,-0.005658349
2023-02-01 05:00:00,MSFT,MSFT_772,0.0553116161674702,-0.031053621
2023-02-02 05:00:00,MSFT,MSFT_777,-0.003703745138784,0.004758278
2023-02-03 05:00:00,MSFT,MSFT_777,0.0183859101520469,0.0051637683
2023-02-06 05:00:00,MSFT,MSFT_777,0.0566655720414901,-0.0053585824
2023-02-07 05:00:00,MSFT,MSFT_777,0.0172298397040129,-0.021113351
2023-02-08 05:00:00,MSFT,MSFT_777,0.0097101796993641,-0.019353
2023-02-09 05:00:00,MSFT,MSFT_782,-0.0055762129122628,0.033730306
2023-02-10 05:00:00,MSFT,MSFT_782,-0.0191562464006137,0.023722688
2023-02-13 05:00:00,MSFT,MSFT_782,-0.068738053412284,0.0105950385
2023-02-14 05:00:00,MSFT,MSFT_782,-0.0759085053518724,0.007891173
2023-02-15 05:00:00,MSFT,MSFT_782,-0.0540249615924075,0.014835414
2023-02-16 05:00:00,MSFT,MSFT_787,-0.0493228799421102,-0.025919635
2023-02-17 05:00:00,MSFT,MSFT_787,-0.0306130123662061,-0.017235074
2023-02-21 05:00:00,MSFT,MSFT_787,-0.0128626272353352,-0.010025842
2023-02-22 05:00:00,MSFT,MSFT_787,-0.020834123290606,-0.0072508547
2023-02-23 05:00:00,MSFT,MSFT_787,-0.014365912786951,-0.011668408
2023-02-24 05:00:00,MSFT,MSFT_792,0.0243559587340433,0.00059914845
2023-02-27 05:00:00,MSFT,MSFT_792,0.0268227988361455,-0.0011118323
2023-02-28 05:00:00,MSFT,MSFT_792,0.0189639794814495,-0.0038121776
2023-03-01 05:00:00,MSFT,MSFT_792,0.030170108201895,-0.0013110184
2023-03-02 05:00:00,MSFT,MSFT_792,0.0048186321171044,-0.018353332
2023-03-03 05:00:00,MSFT,MSFT_797,-0.0262446516684761,-0.011236385
2023-03-06 05:00:00,MSFT,MSFT_797,-0.0114843967933909,-0.021255925
2023-03-07 05:00:00,MSFT,MSFT_797,0.0261263616285662,-0.012617277
2023-03-08 05:00:00,MSFT,MSFT_797,0.0462751503129075,-0.0039268504
2023-03-09 05:00:00,MSFT,MSFT_797,0.0946417413983657,0.0026563483
2023-03-10 05:00:00,MSFT,MSFT_802,0.1240596837853924,0.093884066
2023-03-13 04:00:00,MSFT,MSFT_802,0.0721093767699236,0.0732175
2023-03-14 04:00:00,MSFT,MSFT_802,0.0498101530302201,0.03302594
2023-03-15 04:00:00,MSFT,MSFT_802,0.0258062313159739,0.016968329
2023-03-16 04:00:00,MSFT,MSFT_802,0.0052859934487756,-0.0068022534
2023-03-17 04:00:00,MSFT,MSFT_807,0.0040797862731944,-0.0005484475
2023-03-20 04:00:00,MSFT,MSFT_807,0.0152444393674611,0.024557777
2023-03-21 04:00:00,MSFT,MSFT_807,0.0052962678555643,0.020096287
2023-03-22 04:00:00,MSFT,MSFT_807,0.0301884056070569,0.027364278
2023-03-23 04:00:00,MSFT,MSFT_807,0.0230137003766501,0.0046275873
2023-03-24 04:00:00,MSFT,MSFT_812,0.0275509864453096,0.00678498
2023-03-27 04:00:00,MSFT,MSFT_812,0.0392575653514302,0.025183976
2023-03-28 04:00:00,MSFT,MSFT_812,0.0434181637628416,0.02746847
2023-03-29 04:00:00,MSFT,MSFT_812,0.0136536538409652,-0.0006080422
2023-03-30 04:00:00,MSFT,MSFT_812,0.0265798930998362,-0.0221192
2023-03-31 04:00:00,MSFT,MSFT_817,0.0037808772168645,0.0035920627
2023-04-03 04:00:00,MSFT,MSFT_817,-0.0153188185278868,-0.0055106734
2023-04-04 04:00:00,MSFT,MSFT_817,-0.0128490930270764,-0.01322791
2023-04-05 04:00:00,MSFT,MSFT_817,0.0193430402716336,-0.014830347
2023-04-06 04:00:00,MSFT,MSFT_817,-0.0187242501398984,-0.045408
2023-04-10 04:00:00,MSFT,MSFT_822,-0.0020388639054652,-0.013038684
2023-04-11 04:00:00,MSFT,MSFT_822,0.0195877693594783,-0.001419278
2023-04-12 04:00:00,MSFT,MSFT_822,0.0174962860895213,-0.0116358325
2023-04-13 04:00:00,MSFT,MSFT_822,-0.0128692072642029,-0.034783334
2023-04-14 04:00:00,MSFT,MSFT_822,-0.0013280382447711,-0.030470863
2023-04-17 04:00:00,MSFT,MSFT_827,-0.0243421020652412,-0.012237234
2023-04-18 04:00:00,MSFT,MSFT_827,-0.0449075212703405,-0.016182508
2023-04-19 04:00:00,MSFT,MSFT_827,0.0239902326826373,-0.024738662
2023-04-20 04:00:00,MSFT,MSFT_827,0.0654293879247192,-0.030525016
2023-04-21 04:00:00,MSFT,MSFT_827,0.0752379593548933,-0.051566884
2023-04-24 04:00:00,MSFT,MSFT_832,0.0844305975529831,0.051828697
2023-04-25 04:00:00,MSFT,MSFT_832,0.1088882026441548,-0.026666176
2023-04-26 04:00:00,MSFT,MSFT_832,0.0305718215410277,-0.03927335
2023-04-27 04:00:00,MSFT,MSFT_832,0.0019027560128381,-0.018067371
2023-04-28 04:00:00,MSFT,MSFT_832,0.0110329493689895,-0.030351277
2023-05-01 04:00:00,MSFT,MSFT_837,0.0101125682765399,0.012990572
2023-05-02 04:00:00,MSFT,MSFT_837,0.0052061043149382,0.0076401522
2023-05-03 04:00:00,MSFT,MSFT_837,0.0259855578867036,0.007192058
2023-05-04 04:00:00,MSFT,MSFT_837,0.0153890888742889,0.00078994205
2023-05-05 04:00:00,MSFT,MSFT_837,-0.0054079919806503,-0.01226756
2023-05-08 04:00:00,MSFT,MSFT_842,0.0026243239093191,0.0090154745
2023-05-09 04:00:00,MSFT,MSFT_842,0.0154397076038272,0.017275032
2023-05-10 04:00:00,MSFT,MSFT_842,0.0054112979239135,0.0029854244
2023-05-11 04:00:00,MSFT,MSFT_842,0.0271194223319677,0.015574619
2023-05-12 04:00:00,MSFT,MSFT_842,0.030326552999216,0.021272773
2023-05-15 04:00:00,MSFT,MSFT_847,0.0378724279206361,0.030185845
2023-05-16 04:00:00,MSFT,MSFT_847,0.0112915238388362,0.022960074
2023-05-17 04:00:00,MSFT,MSFT_847,-0.0004776875684215,0.012922412
2023-05-18 04:00:00,MSFT,MSFT_847,0.0232325275314035,-0.00023067645
2023-05-19 04:00:00,MSFT,MSFT_847,0.0457059071367937,0.0013174466
2023-05-22 04:00:00,MSFT,MSFT_852,0.0312285914690264,0.028171856
2023-05-23 04:00:00,MSFT,MSFT_852,0.0416481776187656,0.04591798
2023-05-24 04:00:00,MSFT,MSFT_852,0.0596781268265209,0.036433786
2023-05-25 04:00:00,MSFT,MSFT_852,0.0290868313640764,0.021079637
2023-05-26 04:00:00,MSFT,MSFT_852,0.0091621486339559,0.017757483
2023-05-30 04:00:00,MSFT,MSFT_857,0.00745750818039,0.013307307
2023-05-31 04:00:00,MSFT,MSFT_857,-0.015256279247676,0.020975737
2023-06-01 04:00:00,MSFT,MSFT_857,-0.0220096731679014,0.014207188
2023-06-02 04:00:00,MSFT,MSFT_857,-0.0256707975797394,0.011995427
2023-06-05 04:00:00,MSFT,MSFT_857,-0.0121747821282581,0.011793718
2023-06-06 04:00:00,MSFT,MSFT_862,0.0018281463753606,-0.012876544
2023-06-07 04:00:00,MSFT,MSFT_862,0.043169000075119,0.022279685
2023-06-08 04:00:00,MSFT,MSFT_862,0.0702207331124062,0.028682135
2023-06-09 04:00:00,MSFT,MSFT_862,0.0475534062272517,0.03453447
2023-06-12 04:00:00,MSFT,MSFT_862,0.0186830844520735,0.026607722
2023-06-13 04:00:00,MSFT,MSFT_867,-0.0021837654960306,0.016463632
2023-06-14 04:00:00,MSFT,MSFT_867,0.0070255384565003,0.0101014655
2023-06-15 04:00:00,MSFT,MSFT_867,-0.0375754578009231,-0.0044157603
2023-06-16 04:00:00,MSFT,MSFT_867,-0.0401074431317795,0.006270317
2023-06-20 04:00:00,MSFT,MSFT_867,-0.0102942777530322,0.021000952
2023-06-21 04:00:00,MSFT,MSFT_872,0.0068653572421244,0.015175433
2023-06-22 04:00:00,MSFT,MSFT_872,-0.0137175937691711,0.0010902858
2023-06-23 04:00:00,MSFT,MSFT_872,0.0164766871000785,0.017751642
2023-06-26 04:00:00,MSFT,MSFT_872,0.0285757271955173,0.03613354
2023-06-27 04:00:00,MSFT,MSFT_872,0.0107002615114761,0.014430553
2023-06-28 04:00:00,MSFT,MSFT_877,0.0161381057366594,0.0061878646
2023-06-29 04:00:00,MSFT,MSFT_877,0.0064766855895999,0.004564789
2023-06-30 04:00:00,MSFT,MSFT_877,-0.0255770886066307,-0.015477643
2023-07-03 04:00:00,MSFT,MSFT_877,-0.0163318121043883,-0.00975607
2023-07-05 04:00:00,MSFT,MSFT_877,-0.0028093500121249,-0.013159543
2023-07-06 04:00:00,MSFT,MSFT_882,0.004073064415816,-0.020482393
2023-07-07 04:00:00,MSFT,MSFT_882,0.023782661125201,-0.010031426
2023-07-10 04:00:00,MSFT,MSFT_882,0.0418889942938758,0.008640592
2023-07-11 04:00:00,MSFT,MSFT_882,0.0812704572276139,0.0073911054
2023-07-12 04:00:00,MSFT,MSFT_882,0.0530248330900313,-0.01097392
2023-07-13 04:00:00,MSFT,MSFT_887,0.0122862061813011,0.021772189
2023-07-14 04:00:00,MSFT,MSFT_887,-0.0042579111988306,0.011212125
2023-07-17 04:00:00,MSFT,MSFT_887,-0.0017933810055908,0.013379388
2023-07-18 04:00:00,MSFT,MSFT_887,-0.0236723677410285,-0.011663206
2023-07-19 04:00:00,MSFT,MSFT_887,-0.048749572527853,-0.0050771385
2023-07-20 04:00:00,MSFT,MSFT_892,-0.0465592127420194,-0.0125014465
2023-07-21 04:00:00,MSFT,MSFT_892,-0.0157081597261522,0.0055098627
2023-07-24 04:00:00,MSFT,MSFT_892,-0.0266291104688446,0.012066282
2023-07-25 04:00:00,MSFT,MSFT_892,-0.041711818879075,0.0032289485
2023-07-26 04:00:00,MSFT,MSFT_892,-0.0304052738482227,0.02877387
2023-07-27 04:00:00,MSFT,MSFT_897,-0.0122762383394052,-0.009137901
2023-07-28 04:00:00,MSFT,MSFT_897,-0.0312970904356427,-0.024518006
2023-07-31 04:00:00,MSFT,MSFT_897,-0.0172958675992127,-0.017329037
2023-08-01 04:00:00,MSFT,MSFT_897,-0.0305940674821927,-0.015824627
2023-08-02 04:00:00,MSFT,MSFT_897,-0.0160915695073949,0.0014941536
2023-08-03 04:00:00,MSFT,MSFT_902,-0.0114186338838909,-0.0069704996
2023-08-04 04:00:00,MSFT,MSFT_902,-0.0206540638198924,-0.009916279
2023-08-07 04:00:00,MSFT,MSFT_902,-0.0183877406803559,-0.017204512
2023-08-08 04:00:00,MSFT,MSFT_902,-0.0128507977251229,-0.016508091
2023-08-09 04:00:00,MSFT,MSFT_902,-0.0056792261038696,-0.011312926
2023-08-10 04:00:00,MSFT,MSFT_907,-0.018734672932789,-0.0050227954
2023-08-11 04:00:00,MSFT,MSFT_907,-0.0141117056835838,-0.0035927263
2023-08-14 04:00:00,MSFT,MSFT_907,-0.0066658548486303,-0.016311446
2023-08-15 04:00:00,MSFT,MSFT_907,0.001864183591695,-0.005918782
2023-08-16 04:00:00,MSFT,MSFT_907,0.0205992703784132,-0.0034089833
2023-08-17 04:00:00,MSFT,MSFT_912,0.0097513137158444,0.030960664
2023-08-18 04:00:00,MSFT,MSFT_912,0.020538421936167,0.032752655
2023-08-21 04:00:00,MSFT,MSFT_912,0.0056543037672729,0.004571388
2023-08-22 04:00:00,MSFT,MSFT_912,0.0184519393558941,0.0053416197
2023-08-23 04:00:00,MSFT,MSFT_912,0.0054740322474675,-0.003476576
2023-08-24 04:00:00,MSFT,MSFT_917,0.0243460590530442,0.017917387
2023-08-25 04:00:00,MSFT,MSFT_917,0.0175862049742194,0.015048245
2023-08-28 04:00:00,MSFT,MSFT_917,0.0304293333780836,0.0111284545
2023-08-29 04:00:00,MSFT,MSFT_917,0.0136110385519869,-0.0005488317
2023-08-30 04:00:00,MSFT,MSFT_917,0.0034064146965537,0.0006393577
2023-08-31 04:00:00,MSFT,MSFT_922,0.0198620303090117,0.01262249
2023-09-01 04:00:00,MSFT,MSFT_922,0.0282358628244814,0.010758953
2023-09-05 04:00:00,MSFT,MSFT_922,-0.0053365277902563,-0.0037296703
2023-09-06 04:00:00,MSFT,MSFT_922,0.0095529699265075,-0.0013180064
2023-09-07 04:00:00,MSFT,MSFT_922,0.0266436556859444,0.011562765
2023-09-08 04:00:00,MSFT,MSFT_927,-0.0121159180485183,0.011547314
2023-09-11 04:00:00,MSFT,MSFT_927,-0.0262768681383087,-0.00018989094
2023-09-12 04:00:00,MSFT,MSFT_927,-0.0094040908475869,0.027248524
2023-09-13 04:00:00,MSFT,MSFT_927,-0.0454978535261577,0.015518152
2023-09-14 04:00:00,MSFT,MSFT_927,-0.0565987975696223,0.010047643
2023-09-15 04:00:00,MSFT,MSFT_932,-0.0400036079166785,-0.018071689
2023-09-18 04:00:00,MSFT,MSFT_932,-0.0350087798551707,-0.012177963
2023-09-19 04:00:00,MSFT,MSFT_932,-0.0502357509650435,-0.009213241
2023-09-20 04:00:00,MSFT,MSFT_932,-0.0248775781465325,0.020134687
2023-09-21 04:00:00,MSFT,MSFT_932,-0.0184332743509558,0.032659467
2023-09-22 04:00:00,MSFT,MSFT_937,-0.003974668707012,-0.009967206
2023-09-25 04:00:00,MSFT,MSFT_937,0.0134155669629398,-0.0090235565
2023-09-26 04:00:00,MSFT,MSFT_937,0.0040046131266056,0.010371339
2023-09-27 04:00:00,MSFT,MSFT_937,0.0197256393797826,0.012755679
2023-09-28 04:00:00,MSFT,MSFT_937,0.0182373754494833,0.0109290965
2023-09-29 04:00:00,MSFT,MSFT_942,0.0364529208729216,0.011819013
2023-10-02 04:00:00,MSFT,MSFT_942,0.024922373634177,-0.008287016
2023-10-03 04:00:00,MSFT,MSFT_942,0.0478636819900821,0.0130257495
2023-10-04 04:00:00,MSFT,MSFT_942,0.0421997188777576,0.001382911
2023-10-05 04:00:00,MSFT,MSFT_942,0.036948956825499,0.0044053653
2023-10-06 04:00:00,MSFT,MSFT_947,0.0014361706492636,0.016110186
2023-10-09 04:00:00,MSFT,MSFT_947,0.0085501402631607,0.0068251668
2023-10-10 04:00:00,MSFT,MSFT_947,0.0111756836275462,0.012495557
2023-10-11 04:00:00,MSFT,MSFT_947,-0.0069491245498491,-0.0015652601
2023-10-12 04:00:00,MSFT,MSFT_947,0.0004831611919917,-0.00079950626
2023-10-13 04:00:00,MSFT,MSFT_952,-0.0032343621977236,0.016414843
2023-10-16 04:00:00,MSFT,MSFT_952,-0.0099807815596918,-0.0073382817
2023-10-17 04:00:00,MSFT,MSFT_952,-0.0046075973936813,-0.015013414
2023-10-18 04:00:00,MSFT,MSFT_952,0.0319894233581743,-0.017100006
2023-10-19 04:00:00,MSFT,MSFT_952,-0.0103525069418001,-0.02916652
2023-10-20 04:00:00,MSFT,MSFT_957,0.0096120978412177,0.015279062
2023-10-23 04:00:00,MSFT,MSFT_957,0.0242620856816291,-0.004604242
2023-10-24 04:00:00,MSFT,MSFT_957,0.0229328248578337,-0.018149815
2023-10-25 04:00:00,MSFT,MSFT_957,0.0158510983756716,-0.040170554
2023-10-26 04:00:00,MSFT,MSFT_957,0.0623074560464618,-0.02375134
2023-10-27 04:00:00,MSFT,MSFT_962,0.0697067717915089,0.057447903
2023-10-30 04:00:00,MSFT,MSFT_962,0.0569802299363051,0.04059547
2023-10-31 04:00:00,MSFT,MSFT_962,0.066309823427493,0.029351205
2023-11-01 04:00:00,MSFT,MSFT_962,0.0494986694029342,0.0015371644
2023-11-02 04:00:00,MSFT,MSFT_962,0.0355133063191328,-0.004205232
2023-11-03 04:00:00,MSFT,MSFT_967,0.0478175346328677,0.016838701
2023-11-06 05:00:00,MSFT,MSFT_967,0.0284688355292301,-0.0023769948
2023-11-07 05:00:00,MSFT,MSFT_967,0.0270157553250858,-0.023588521
2023-11-08 05:00:00,MSFT,MSFT_967,0.0178138794142304,-0.05018337
2023-11-09 05:00:00,MSFT,MSFT_967,0.0429177711651234,-0.050223187
2023-11-10 05:00:00,MSFT,MSFT_972,0.0004869009366279,0.023348399
2023-11-13 05:00:00,MSFT,MSFT_972,0.0293444146955108,0.02881537
2023-11-14 05:00:00,MSFT,MSFT_972,0.0075620989916185,0.019083906
2023-11-15 05:00:00,MSFT,MSFT_972,0.0221278231359176,0.013597434
2023-11-16 05:00:00,MSFT,MSFT_972,0.0033494941198681,0.005815696
2023-11-17 05:00:00,MSFT,MSFT_977,0.0236852213153542,0.030253464
2023-11-20 05:00:00,MSFT,MSFT_977,0.0139360156093724,0.017497784
2023-11-21 05:00:00,MSFT,MSFT_977,0.0154930674292284,0.027479189
2023-11-22 05:00:00,MSFT,MSFT_977,0.002805339530161,0.022571474
2023-11-24 05:00:00,MSFT,MSFT_977,-0.007736488797446,0.016374804
2023-11-27 05:00:00,MSFT,MSFT_982,-0.0250124694791965,-0.010736259
2023-11-28 05:00:00,MSFT,MSFT_982,-0.0266005300983692,-0.016754597
2023-11-29 05:00:00,MSFT,MSFT_982,-0.0265276973700266,-0.008997269
2023-11-30 05:00:00,MSFT,MSFT_982,-0.0210076043866509,-0.009599722
2023-12-01 05:00:00,MSFT,MSFT_982,-0.0007476403086584,0.00027167762
2023-12-04 05:00:00,MSFT,MSFT_987,0.0058513654949827,0.012194727
2023-12-05 05:00:00,MSFT,MSFT_987,0.0049930632556536,0.0033986927
2023-12-06 05:00:00,MSFT,MSFT_987,0.0151030572358519,0.013916358
2023-12-07 05:00:00,MSFT,MSFT_987,-0.0135328733415657,0.010109769
2023-12-08 05:00:00,MSFT,MSFT_987,-0.0093525369351734,0.005641183
2023-12-11 05:00:00,MSFT,MSFT_992,0.0036358905141367,-0.0011278386
2023-12-12 05:00:00,MSFT,MSFT_992,-0.0029915997184146,-0.008901963
2023-12-13 05:00:00,MSFT,MSFT_992,-0.010016828402143,-0.007506226
2023-12-14 05:00:00,MSFT,MSFT_992,0.0207963709492464,0.006191103
2023-12-15 05:00:00,MSFT,MSFT_992,0.0103848500845524,0.0039284797
2023-12-18 05:00:00,MSFT,MSFT_997,0.0053938274481317,0.007975687
2023-12-19 05:00:00,MSFT,MSFT_997,0.002170062523179,0.0059211347
2023-12-20 05:00:00,MSFT,MSFT_997,0.0125735354905389,0.017229937
2023-12-21 05:00:00,MSFT,MSFT_997,0.0066927235177256,0.009875652
2023-12-22 05:00:00,MSFT,MSFT_997,-0.0099044038338187,0.0049042823
2023-12-26 05:00:00,NVDA,NVDA_1002,-0.0347003613663022,-0.015155073
2023-12-27 05:00:00,NVDA,NVDA_1002,-0.0287147889090708,-0.023093496
2023-12-28 05:00:00,NVDA,NVDA_1002,-0.0085820290489176,-0.030146634
2023-12-29 05:00:00,NVDA,NVDA_1002,0.0551471876794567,-0.03430371
2024-01-02 05:00:00,NVDA,NVDA_1002,0.1032220602406661,0.00359779
2024-01-03 05:00:00,NVDA,NVDA_1007,0.1425507829716414,0.074879676
2024-01-04 05:00:00,NVDA,NVDA_1007,0.1421725351340301,0.06348826
2024-01-05 05:00:00,NVDA,NVDA_1007,0.1143246827392039,0.05431075
2024-01-08 05:00:00,NVDA,NVDA_1007,0.079019419892669,-0.01529798
2024-01-09 05:00:00,NVDA,NVDA_1007,0.0548175018369985,0.000947737
2024-01-10 05:00:00,NVDA,NVDA_1012,0.0507267717918187,0.024686731
2024-01-11 05:00:00,NVDA,NVDA_1012,0.0851665873648639,0.01368884
2024-01-12 05:00:00,NVDA,NVDA_1012,0.0903673976763745,0.014860207
2024-01-16 05:00:00,NVDA,NVDA_1012,0.0619169439012441,-0.0005134416
2024-01-17 05:00:00,NVDA,NVDA_1012,0.0947138953303119,-0.0027273055
2024-01-18 05:00:00,NVDA,NVDA_1017,0.0789745960941084,0.08069382
2024-01-19 05:00:00,NVDA,NVDA_1017,0.0258862192869617,0.06449375
2024-01-22 05:00:00,NVDA,NVDA_1017,0.0471217496833662,0.06845495
2024-01-23 05:00:00,NVDA,NVDA_1017,0.0484525096225965,0.06617454
2024-01-24 05:00:00,NVDA,NVDA_1017,0.0026889755360046,0.060644574
2024-01-25 05:00:00,NVDA,NVDA_1022,0.0228832925027768,-0.001404085
2024-01-26 05:00:00,NVDA,NVDA_1022,0.084039350180731,0.01235945
2024-01-29 05:00:00,NVDA,NVDA_1022,0.1099335718091643,0.0027611963
2024-01-30 05:00:00,NVDA,NVDA_1022,0.0868034769689787,0.0061590197
2024-01-31 05:00:00,NVDA,NVDA_1022,0.1393209247430735,0.024657018
2024-02-01 05:00:00,NVDA,NVDA_1027,0.1049391271717059,0.12612727
2024-02-02 05:00:00,NVDA,NVDA_1027,0.0902811251834121,0.08622174
2024-02-05 05:00:00,NVDA,NVDA_1027,0.0420585059627065,0.060709767
2024-02-06 05:00:00,NVDA,NVDA_1027,0.0572387435872345,0.07154571
2024-02-07 05:00:00,NVDA,NVDA_1027,0.0542233491974764,0.060537282
2024-02-08 05:00:00,NVDA,NVDA_1032,0.0433221570806701,0.06286333
2024-02-09 05:00:00,NVDA,NVDA_1032,0.006654315029366,0.058861457
2024-02-12 05:00:00,NVDA,NVDA_1032,-0.0386999996831998,0.0599546
2024-02-13 05:00:00,NVDA,NVDA_1032,-0.064551884654485,0.0714811
2024-02-14 05:00:00,NVDA,NVDA_1032,0.0627604924562428,0.067777924
2024-02-15 05:00:00,NVDA,NVDA_1037,0.0847670518675574,0.07174224
2024-02-16 05:00:00,NVDA,NVDA_1037,0.0892265021253937,0.06741479
2024-02-20 05:00:00,NVDA,NVDA_1037,0.1331710023702619,0.06653135
2024-02-21 05:00:00,NVDA,NVDA_1037,0.1510404593557666,0.069012254
2024-02-22 05:00:00,NVDA,NVDA_1037,0.0073085319569894,0.043054342
2024-02-23 05:00:00,NVDA,NVDA_1042,0.0439245077440042,0.017347306
2024-02-26 05:00:00,NVDA,NVDA_1042,0.0776942853915505,0.018777624
2024-02-27 05:00:00,NVDA,NVDA_1042,0.0922860042516613,0.025425613
2024-02-28 05:00:00,NVDA,NVDA_1042,0.1421139364670667,0.03689354
2024-02-29 05:00:00,NVDA,NVDA_1042,0.1713646386163554,0.03284958
2024-03-01 05:00:00,NVDA,NVDA_1047,0.063795143258275,0.1481826
2024-03-04 05:00:00,NVDA,NVDA_1047,0.0063001110615434,0.10074079
2024-03-05 05:00:00,NVDA,NVDA_1047,0.0692034496111062,0.08851119
2024-03-06 05:00:00,NVDA,NVDA_1047,0.0246674590227526,0.06991633
2024-03-07 05:00:00,NVDA,NVDA_1047,-0.0509879090038118,0.052090786
2024-03-08 05:00:00,NVDA,NVDA_1052,0.0035302772637453,0.042891726
2024-03-11 04:00:00,NVDA,NVDA_1052,0.0312565543287699,0.07245615
2024-03-12 04:00:00,NVDA,NVDA_1052,-0.0273628250033762,0.044003524
2024-03-13 04:00:00,NVDA,NVDA_1052,-0.0056773043477675,0.0635892
2024-03-14 04:00:00,NVDA,NVDA_1052,0.0396956848080802,0.0823513
2024-03-15 04:00:00,NVDA,NVDA_1057,0.0734542803938271,0.047849797
2024-03-18 04:00:00,NVDA,NVDA_1057,0.0740150012411622,0.045323513
2024-03-19 04:00:00,NVDA,NVDA_1057,0.0353810408723647,0.04485386
2024-03-20 04:00:00,NVDA,NVDA_1057,-0.0013499938667341,0.043987956
2024-03-21 04:00:00,NVDA,NVDA_1057,-0.0118006756689101,0.050282627
2024-03-22 04:00:00,NVDA,NVDA_1062,-0.0416379688134173,-0.022701202
2024-03-25 04:00:00,NVDA,NVDA_1062,-0.0584197752315233,-0.021226184
2024-03-26 04:00:00,NVDA,NVDA_1062,-0.0388608618996377,0.0030924634
2024-03-27 04:00:00,NVDA,NVDA_1062,-0.048144057847126,0.032605164
2024-03-28 04:00:00,NVDA,NVDA_1062,-0.025986093892989,0.038965028
2024-04-01 04:00:00,NVDA,NVDA_1067,-0.0357446716535269,-0.026454791
2024-04-02 04:00:00,NVDA,NVDA_1067,-0.045812357943557,-0.020292517
2024-04-03 04:00:00,NVDA,NVDA_1067,-0.0216379152209615,-0.018119872
2024-04-04 04:00:00,NVDA,NVDA_1067,0.0548396321762314,-0.0034149769
2024-04-05 04:00:00,NVDA,NVDA_1067,0.0020224725919419,-0.014437558
2024-04-08 04:00:00,NVDA,NVDA_1072,-0.0129916764274544,0.008485109
2024-04-09 04:00:00,NVDA,NVDA_1072,0.0241465511701031,0.030472744
2024-04-10 04:00:00,NVDA,NVDA_1072,-0.0345132383434767,0.018195288
2024-04-11 04:00:00,NVDA,NVDA_1072,-0.0656065139822281,-0.016392361
2024-04-12 04:00:00,NVDA,NVDA_1072,-0.1359172710807387,-0.004126642
2024-04-15 04:00:00,NVDA,NVDA_1077,-0.0753828647387055,-0.08416203
2024-04-16 04:00:00,NVDA,NVDA_1077,-0.057106953523403,-0.09719899
2024-04-17 04:00:00,NVDA,NVDA_1077,-0.05185936239745,-0.05757108
2024-04-18 04:00:00,NVDA,NVDA_1077,-0.0240813725215459,-0.06317067
2024-04-19 04:00:00,NVDA,NVDA_1077,0.1513780068776691,-0.014007778
2024-04-22 04:00:00,NVDA,NVDA_1082,0.1036118397905778,0.1496208
2024-04-23 04:00:00,NVDA,NVDA_1082,0.0482754094633819,0.103056565
2024-04-24 04:00:00,NVDA,NVDA_1082,0.0422204441761628,0.10039191
2024-04-25 04:00:00,NVDA,NVDA_1082,0.038544358272037,0.06444382
2024-04-26 04:00:00,NVDA,NVDA_1082,0.0120134592484157,0.014673369
2024-04-29 04:00:00,NVDA,NVDA_1087,0.0499446815236288,0.016567752
2024-04-30 04:00:00,NVDA,NVDA_1087,0.0480544478914264,0.02901192
2024-05-01 04:00:00,NVDA,NVDA_1087,0.0887634080124215,0.04721833
2024-05-02 04:00:00,NVDA,NVDA_1087,0.0341424223560629,0.036674313
2024-05-03 04:00:00,NVDA,NVDA_1087,0.0122649975699773,0.01590376
2024-05-06 04:00:00,NVDA,NVDA_1092,-0.0188951305186214,0.0032999623
2024-05-07 04:00:00,NVDA,NVDA_1092,0.0088566153406486,0.0073697953
2024-05-08 04:00:00,NVDA,NVDA_1092,0.0466530390915742,0.0006772893
2024-05-09 04:00:00,NVDA,NVDA_1092,0.0632359336936361,0.0051402063
2024-05-10 04:00:00,NVDA,NVDA_1092,0.0289392061738695,-0.0072837546
2024-05-13 04:00:00,NVDA,NVDA_1097,0.0484628879028705,0.0069402056
2024-05-14 04:00:00,NVDA,NVDA_1097,0.0441131250869575,-0.013395149
2024-05-15 04:00:00,NVDA,NVDA_1097,0.0033815883346937,-0.020943
2024-05-16 04:00:00,NVDA,NVDA_1097,0.1000434757192112,-0.013105137
2024-05-17 04:00:00,NVDA,NVDA_1097,0.1512776528335362,-0.003977012
2024-05-20 04:00:00,NVDA,NVDA_1102,0.2017408993831122,0.125591
2024-05-21 04:00:00,NVDA,NVDA_1102,0.2037929574353283,0.11973828
2024-05-22 04:00:00,NVDA,NVDA_1102,0.1637704428809427,0.12255378
2024-05-23 04:00:00,NVDA,NVDA_1102,0.0562047749148979,0.035958163
2024-05-24 04:00:00,NVDA,NVDA_1102,0.080126591666634,0.029770656
2024-05-28 04:00:00,NVDA,NVDA_1107,0.0222649095412275,0.04220712
2024-05-29 04:00:00,NVDA,NVDA_1107,0.0663183600744752,0.050351676
2024-05-30 04:00:00,NVDA,NVDA_1107,0.095004534829256,0.07894641
2024-05-31 04:00:00,NVDA,NVDA_1107,0.1026606671469787,0.083750874
2024-06-03 04:00:00,NVDA,NVDA_1107,0.0590434862219768,0.06359432
2024-06-04 04:00:00,NVDA,NVDA_1112,0.0384156869220391,0.05263793
2024-06-05 04:00:00,NVDA,NVDA_1112,0.0225416077409568,0.029108228
2024-06-06 04:00:00,NVDA,NVDA_1112,0.0711747254791308,0.04275249
2024-06-07 04:00:00,NVDA,NVDA_1112,0.0909271751549636,0.04520957
2024-06-10 04:00:00,NVDA,NVDA_1112,0.0754577119872577,0.04581839
2024-06-11 04:00:00,NVDA,NVDA_1117,0.1213298959938959,0.10324803
2024-06-12 04:00:00,NVDA,NVDA_1117,0.044568705807249,0.08120774
2024-06-13 04:00:00,NVDA,NVDA_1117,-0.0234549872788485,0.052924097
2024-06-14 04:00:00,NVDA,NVDA_1117,-0.1044131313514649,0.04917258
2024-06-17 04:00:00,NVDA,NVDA_1117,-0.0373339406715241,0.06667915
2024-06-18 04:00:00,NVDA,NVDA_1122,-0.0677091029738656,-0.05001338
2024-06-20 04:00:00,NVDA,NVDA_1122,-0.0519192611936485,0.023680555
2024-06-21 04:00:00,NVDA,NVDA_1122,-0.0239393125274754,0.026457766
2024-06-24 04:00:00,NVDA,NVDA_1122,0.0524087918839932,0.021947507
2024-06-25 04:00:00,NVDA,NVDA_1122,-0.0271234694922231,-0.004387461
2024-06-26 04:00:00,NVDA,NVDA_1127,0.0148733958126816,-0.035495266
2024-06-27 04:00:00,NVDA,NVDA_1127,0.0148399386965616,-0.02036805
2024-06-28 04:00:00,NVDA,NVDA_1127,0.0377205439386485,-0.018516522
2024-07-01 04:00:00,NVDA,NVDA_1127,0.0569589835658059,-0.023831602
2024-07-02 04:00:00,NVDA,NVDA_1127,0.0997799435547939,-0.018057972
2024-07-03 04:00:00,NVDA,NVDA_1132,-0.0068599724180851,0.03694681
2024-07-05 04:00:00,NVDA,NVDA_1132,0.0271000843398843,0.04706199
2024-07-08 04:00:00,NVDA,NVDA_1132,0.0018721177759539,0.019659363
2024-07-09 04:00:00,NVDA,NVDA_1132,-0.0382098042768277,0.0036498304
2024-07-10 04:00:00,NVDA,NVDA_1132,-0.1254169842046486,0.011066623
2024-07-11 04:00:00,NVDA,NVDA_1137,-0.0495290825150148,-0.03003307
2024-07-12 04:00:00,NVDA,NVDA_1137,-0.0875116427365557,-0.0366093
2024-07-15 04:00:00,NVDA,NVDA_1137,-0.0381501201552395,-0.027788213
2024-07-16 04:00:00,NVDA,NVDA_1137,-0.0298354246142041,-0.0056174593
2024-07-17 04:00:00,NVDA,NVDA_1137,-0.0316975839603599,0.07687462
2024-07-18 04:00:00,NVDA,NVDA_1142,-0.0727557835084101,-0.041532047
2024-07-19 04:00:00,NVDA,NVDA_1142,-0.0412957070633389,-0.010405608
2024-07-22 04:00:00,NVDA,NVDA_1142,-0.0967298404490684,-0.037007794
2024-07-23 04:00:00,NVDA,NVDA_1142,-0.153846101185727,-0.03058172
2024-07-24 04:00:00,NVDA,NVDA_1142,0.0242450472040822,0.018424626
2024-07-25 04:00:00,NVDA,NVDA_1147,-0.027342355969016,0.032639734
2024-07-26 04:00:00,NVDA,NVDA_1147,-0.0512117551791619,0.024520218
2024-07-29 04:00:00,NVDA,NVDA_1147,-0.0998297316536949,0.02210715
2024-07-30 04:00:00,NVDA,NVDA_1147,0.0050129820325668,0.041920267
2024-07-31 04:00:00,NVDA,NVDA_1147,-0.1547598145656764,-0.006995352
2024-08-01 04:00:00,NVDA,NVDA_1152,-0.0388242642552348,-0.077022746
2024-08-02 04:00:00,NVDA,NVDA_1152,-0.0234920921220079,-0.07267451
2024-08-05 04:00:00,NVDA,NVDA_1152,0.0853160772044621,-0.029964017
2024-08-06 04:00:00,NVDA,NVDA_1152,0.1140527519390737,-0.050474904
2024-08-07 04:00:00,NVDA,NVDA_1152,0.1938125311817067,-0.028499525
2024-08-08 04:00:00,NVDA,NVDA_1157,0.1704296387692145,0.15136124
2024-08-09 04:00:00,NVDA,NVDA_1157,0.1893078933752237,0.15709507
2024-08-12 04:00:00,NVDA,NVDA_1157,0.1924417905241966,0.12967142
2024-08-13 04:00:00,NVDA,NVDA_1157,0.0956604156082145,0.08343409
2024-08-14 04:00:00,NVDA,NVDA_1157,0.0882452405772651,0.10263988
2024-08-15 04:00:00,NVDA,NVDA_1162,0.0071626017340571,0.05841726
2024-08-16 04:00:00,NVDA,NVDA_1162,0.038449134818834,0.032656856
2024-08-19 04:00:00,NVDA,NVDA_1162,-0.0272307762732872,-0.026037134
2024-08-20 04:00:00,NVDA,NVDA_1162,0.0082514974597862,-0.0095722545
2024-08-21 04:00:00,NVDA,NVDA_1162,-0.0224902676237233,-0.013141992
2024-08-22 04:00:00,NVDA,NVDA_1167,-0.0497009991276198,0.01718532
2024-08-23 04:00:00,NVDA,NVDA_1167,-0.077297617284032,-0.023124926
2024-08-26 04:00:00,NVDA,NVDA_1167,-0.145975005678608,0.0043893154
2024-08-27 04:00:00,NVDA,NVDA_1167,-0.1721746176293836,0.006766295
2024-08-28 04:00:00,NVDA,NVDA_1167,-0.1464851638919788,0.03049638
2024-08-29 04:00:00,NVDA,NVDA_1172,-0.1255208348201971,-0.08267902
2024-08-30 04:00:00,NVDA,NVDA_1172,-0.108067363902681,-0.10423227
2024-09-03 04:00:00,NVDA,NVDA_1172,0.0009259117974176,-0.03666946
2024-09-04 04:00:00,NVDA,NVDA_1172,0.1007438534024147,-0.023057684
2024-09-05 04:00:00,NVDA,NVDA_1172,0.111276936918691,-0.0107973395
2024-09-06 04:00:00,NVDA,NVDA_1177,0.1582222732019136,0.12066881
2024-09-09 04:00:00,NVDA,NVDA_1177,0.0968347651017869,0.10962593
2024-09-10 04:00:00,NVDA,NVDA_1177,0.0692876777936553,0.09154347
2024-09-11 04:00:00,NVDA,NVDA_1177,-0.0302797092176864,0.020984845
2024-09-12 04:00:00,NVDA,NVDA_1177,-0.0106596999292644,0.017392356
2024-09-13 04:00:00,NVDA,NVDA_1182,-0.0260285349608521,-0.007626649
2024-09-16 04:00:00,NVDA,NVDA_1182,-0.0044527885639829,0.014103895
2024-09-17 04:00:00,NVDA,NVDA_1182,0.0456787488188596,0.016620573
2024-09-18 04:00:00,NVDA,NVDA_1182,0.0894416436798943,0.03129429
2024-09-19 04:00:00,NVDA,NVDA_1182,0.0523457879458157,0.0051865606
2024-09-20 04:00:00,NVDA,NVDA_1187,0.0465517372920596,0.06780525
2024-09-23 04:00:00,NVDA,NVDA_1187,0.0445553088766157,0.06936804
2024-09-24 04:00:00,NVDA,NVDA_1187,-0.0320178924351971,0.027512398
2024-09-25 04:00:00,NVDA,NVDA_1187,-0.0377297674804462,-0.0117671285
2024-09-26 04:00:00,NVDA,NVDA_1187,-0.0095936990698399,-0.04658212
2024-09-27 04:00:00,NVDA,NVDA_1192,0.0289950296443453,0.012027893
2024-09-30 04:00:00,NVDA,NVDA_1192,0.051712768882123,0.006283201
2024-10-01 04:00:00,NVDA,NVDA_1192,0.1358119605952858,0.062478855
2024-10-02 04:00:00,NVDA,NVDA_1192,0.1161127101349366,0.041537926
2024-10-03 04:00:00,NVDA,NVDA_1192,0.0973544911113051,0.00018515298
2024-10-04 04:00:00,NVDA,NVDA_1197,0.0790906582423296,0.07208059
2024-10-07 04:00:00,NVDA,NVDA_1197,0.0810366896695418,0.022718614
2024-10-08 04:00:00,NVDA,NVDA_1197,-0.0097072262176057,-0.029436093
2024-10-09 04:00:00,NVDA,NVDA_1197,0.0231436672859139,-0.04067777
2024-10-10 04:00:00,NVDA,NVDA_1197,0.0157258004271239,-0.053784862
2024-10-11 04:00:00,NVDA,NVDA_1202,0.0237388492269805,-0.0038049198
2024-10-14 04:00:00,NVDA,NVDA_1202,0.040848838201366,-0.024733411
2024-10-15 04:00:00,NVDA,NVDA_1202,0.0911093440599368,0.008659409
2024-10-16 04:00:00,NVDA,NVDA_1202,0.0282935182976173,-0.0034028145
2024-10-17 04:00:00,NVDA,NVDA_1202,0.0254145269295966,-0.005952824
2024-10-18 04:00:00,NVDA,NVDA_1207,0.025652125261832,0.030182881
2024-10-21 04:00:00,NVDA,NVDA_1207,-0.0221974969895984,0.011535879
2024-10-22 04:00:00,NVDA,NVDA_1207,-0.0162963743824063,0.020498537
2024-10-23 04:00:00,NVDA,NVDA_1207,-0.0015763916921162,0.049144298
2024-10-24 04:00:00,NVDA,NVDA_1207,-0.0544833626931799,0.038690597
2024-10-25 04:00:00,NVDA,NVDA_1212,-0.0433799610067523,-0.054490894
2024-10-28 04:00:00,NVDA,NVDA_1212,-0.03181042616563,-0.05714903
2024-10-29 04:00:00,NVDA,NVDA_1212,-0.0094866997372787,-0.059161633
2024-10-30 04:00:00,NVDA,NVDA_1212,0.0449978788377214,-0.044897273
2024-10-31 04:00:00,NVDA,NVDA_1212,0.1214221982748464,0.001506543
2024-11-01 04:00:00,NVDA,NVDA_1217,0.0903250482838144,0.092971936
2024-11-04 05:00:00,NVDA,NVDA_1217,0.0676956357845457,0.08589129
2024-11-05 05:00:00,NVDA,NVDA_1217,0.0598955714722271,0.043098688
2024-11-06 05:00:00,NVDA,NVDA_1217,0.0045326808553178,0.0026455629
2024-11-07 05:00:00,NVDA,NVDA_1217,-0.0142397253254074,-0.008249185
2024-11-08 05:00:00,NVDA,NVDA_1222,-0.0382714148100067,-0.005374073
2024-11-11 05:00:00,NVDA,NVDA_1222,-0.03517830650965,0.019145157
2024-11-12 05:00:00,NVDA,NVDA_1222,-0.0086317272725682,0.016935539
2024-11-13 05:00:00,NVDA,NVDA_1222,-0.0025979686313856,0.04157479
2024-11-14 05:00:00,NVDA,NVDA_1222,-0.0006132211860121,0.035247747
2024-11-15 05:00:00,NVDA,NVDA_1227,-0.0002112887744724,0.045664553
2024-11-18 05:00:00,NVDA,NVDA_1227,-0.0294683539342418,0.069817424
2024-11-19 05:00:00,NVDA,NVDA_1227,-0.0686347644031878,0.0076734954
2024-11-20 05:00:00,NVDA,NVDA_1227,-0.0723147789149033,0.02170545
2024-11-21 05:00:00,NVDA,NVDA_1227,-0.0574077744191865,0.012489612
2024-11-22 05:00:00,NVDA,NVDA_1232,-0.0233884616893667,-0.043431688
2024-11-25 05:00:00,NVDA,NVDA_1232,0.0311718137126499,-0.0033219107
2024-11-26 05:00:00,NVDA,NVDA_1232,0.0600350666858795,-0.016596343
2024-11-27 05:00:00,NVDA,NVDA_1232,0.0718191331735824,-0.026079945
2024-11-29 05:00:00,NVDA,NVDA_1232,0.0303074317642404,-0.04874392
2024-12-02 05:00:00,NVDA,NVDA_1237,0.0012983673767694,0.01125288
2024-12-03 05:00:00,NVDA,NVDA_1237,-0.0370026193203952,-0.009985736
2024-12-04 05:00:00,NVDA,NVDA_1237,-0.0401681263302422,-0.034586754
2024-12-05 05:00:00,NVDA,NVDA_1237,-0.0532193668180974,-0.037761264
2024-12-06 05:00:00,NVDA,NVDA_1237,-0.0574979100044263,-0.017650098
2024-12-09 05:00:00,NVDA,NVDA_1242,-0.0490598492786454,-0.029148683
2024-12-10 05:00:00,NVDA,NVDA_1242,-0.0346487575390185,0.002484466
2024-12-11 05:00:00,NVDA,NVDA_1242,-0.0746536076286279,-0.03743501
2024-12-12 05:00:00,NVDA,NVDA_1242,-0.0484928195696474,-0.043645415
2024-12-13 05:00:00,NVDA,NVDA_1242,0.0033519325753608,-0.028586438
2024-12-16 05:00:00,NVDA,NVDA_1247,0.058106046734434,0.016424164
2024-12-17 05:00:00,NVDA,NVDA_1247,0.075389231360293,0.032157227
2024-12-18 05:00:00,NVDA,NVDA_1247,0.0854859103297891,0.037498992
2024-12-19 05:00:00,NVDA,NVDA_1247,0.0484389515291716,0.020104412
2024-12-20 05:00:00,NVDA,NVDA_1247,0.020712758783461,-0.019213606
2020-12-31 05:00:00,NVDA,NVDA_252,0.0169857756063924,-0.0019613602
2021-01-04 05:00:00,NVDA,NVDA_252,0.0387387339559481,-0.012335104
2021-01-05 05:00:00,NVDA,NVDA_252,0.0059680280855747,-0.046354942
2021-01-06 05:00:00,NVDA,NVDA_252,0.0727139146408379,0.025457785
2021-01-07 05:00:00,NVDA,NVDA_252,-0.0107726462990304,-0.033724263
2021-01-08 05:00:00,NVDA,NVDA_257,-0.0314270956215705,0.0049945544
2021-01-11 05:00:00,NVDA,NVDA_257,-0.0437726814018559,-0.034682013
2021-01-12 05:00:00,NVDA,NVDA_257,-0.0088247452135941,-0.032349803
2021-01-13 05:00:00,NVDA,NVDA_257,0.0248120595376664,-0.037211157
2021-01-14 05:00:00,NVDA,NVDA_257,0.0388060801367484,-0.0007819928
2021-01-15 05:00:00,NVDA,NVDA_262,0.0617247803960838,0.046226896
2021-01-19 05:00:00,NVDA,NVDA_262,0.0314773101263621,0.026538108
2021-01-20 05:00:00,NVDA,NVDA_262,-0.0335185039177651,-0.008811716
2021-01-21 05:00:00,NVDA,NVDA_262,-0.0588787197251822,-0.03262639
2021-01-22 05:00:00,NVDA,NVDA_262,-0.0527073640976678,-0.014993597
2021-01-25 05:00:00,NVDA,NVDA_267,-0.0304871941197795,-0.023400683
2021-01-26 05:00:00,NVDA,NVDA_267,0.0090433756503196,0.0022390955
2021-01-27 05:00:00,NVDA,NVDA_267,0.0474347340981626,0.047759686
2021-01-28 05:00:00,NVDA,NVDA_267,0.0469887939063053,0.030310009
2021-01-29 05:00:00,NVDA,NVDA_267,0.0462864719537998,0.034929685
2021-02-01 05:00:00,NVDA,NVDA_272,0.0907871692516448,0.013539633
2021-02-02 05:00:00,NVDA,NVDA_272,0.0521142632193813,-0.024724994
2021-02-03 05:00:00,NVDA,NVDA_272,0.0911828352302033,-0.030934079
2021-02-04 05:00:00,NVDA,NVDA_272,0.1161058360881364,-0.041312143
2021-02-05 05:00:00,NVDA,NVDA_272,0.1008204504379841,-0.028737485
2021-02-08 05:00:00,NVDA,NVDA_277,0.0617435375542092,-0.066905044
2021-02-09 05:00:00,NVDA,NVDA_277,0.0450633460509963,-0.060753953
2021-02-10 05:00:00,NVDA,NVDA_277,0.0043856391118188,-0.09184809
2021-02-11 05:00:00,NVDA,NVDA_277,-0.0212612019958015,-0.11548354
2021-02-12 05:00:00,NVDA,NVDA_277,-0.0404712312742318,-0.083103344
2021-02-16 05:00:00,NVDA,NVDA_282,-0.0775101257037975,-0.049670957
2021-02-17 05:00:00,NVDA,NVDA_282,-0.0273044772532746,-0.031056898
2021-02-18 05:00:00,NVDA,NVDA_282,-0.102603043963169,-0.029096007
2021-02-19 05:00:00,NVDA,NVDA_282,-0.0811978606619016,-0.03285401
2021-02-22 05:00:00,NVDA,NVDA_282,-0.0358044641317948,-0.0029816916
2021-02-23 05:00:00,NVDA,NVDA_287,-0.0520258936532442,-0.01999273
2021-02-24 05:00:00,NVDA,NVDA_287,-0.1168528312564709,-0.04450069
2021-02-25 05:00:00,NVDA,NVDA_287,-0.0704302194543828,0.014487574
2021-02-26 05:00:00,NVDA,NVDA_287,-0.0913631718520439,-0.0015329572
2021-03-01 05:00:00,NVDA,NVDA_287,-0.1624433215997076,0.0029526227
2021-03-02 05:00:00,NVDA,NVDA_292,-0.0660885541866986,-0.099328585
2021-03-03 05:00:00,NVDA,NVDA_292,-0.0262793226121519,-0.033284925
2021-03-04 05:00:00,NVDA,NVDA_292,0.0503829769256336,0.0025407015
2021-03-05 05:00:00,NVDA,NVDA_292,0.0316574869344745,0.020233708
2021-03-08 05:00:00,NVDA,NVDA_292,0.1378387885101548,0.084818274
2021-03-09 05:00:00,NVDA,NVDA_297,0.0615802311227675,0.0954054
2021-03-10 05:00:00,NVDA,NVDA_297,0.0700178554109451,0.09585134
2021-03-11 05:00:00,NVDA,NVDA_297,-0.0208565754830649,0.044369765
2021-03-12 05:00:00,NVDA,NVDA_297,-0.0007973002174327,0.040335346
2021-03-15 04:00:00,NVDA,NVDA_297,-0.0003790478156926,0.015672235
2021-03-16 04:00:00,NVDA,NVDA_302,-0.0165898608914502,-0.010570819
2021-03-17 04:00:00,NVDA,NVDA_302,-0.0523377306179752,-0.015527622
2021-03-18 04:00:00,NVDA,NVDA_302,-0.0147180302279343,0.023815326
2021-03-19 04:00:00,NVDA,NVDA_302,-0.0005060229425277,0.018293813
2021-03-22 04:00:00,NVDA,NVDA_302,-0.0180490981815367,-0.007165606
2021-03-23 04:00:00,NVDA,NVDA_307,-0.0152248612344886,-0.012862211
2021-03-24 04:00:00,NVDA,NVDA_307,0.0557819156551491,0.019412804
2021-03-25 04:00:00,NVDA,NVDA_307,0.1018328897650531,0.03837361
2021-03-26 04:00:00,NVDA,NVDA_307,0.0894328418429599,0.015926942
2021-03-29 04:00:00,NVDA,NVDA_307,0.0705307653464359,0.007902993
2021-03-30 04:00:00,NVDA,NVDA_312,0.0988016751564495,0.08230285
2021-03-31 04:00:00,NVDA,NVDA_312,0.0725750545398169,0.03287912
2021-04-01 04:00:00,NVDA,NVDA_312,0.0425904891846598,-0.028741222
2021-04-05 04:00:00,NVDA,NVDA_312,0.0873279303948324,-0.038612343
2021-04-06 04:00:00,NVDA,NVDA_312,0.1311546274068729,-0.0041187243
2021-04-07 04:00:00,NVDA,NVDA_317,0.0801428269445438,0.0929807
2021-04-08 04:00:00,NVDA,NVDA_317,0.1271390976950286,0.057809655
2021-04-09 04:00:00,NVDA,NVDA_317,0.1050347779866003,0.045798436
2021-04-12 04:00:00,NVDA,NVDA_317,0.0100433966031159,-5.765178e-06
2021-04-13 04:00:00,NVDA,NVDA_317,-0.0324148917347433,-0.03788252
2021-04-14 04:00:00,NVDA,NVDA_322,0.0054657266552369,-0.027668562
2021-04-15 04:00:00,NVDA,NVDA_322,-0.0797534018701111,-0.087918766
2021-04-16 04:00:00,NVDA,NVDA_322,-0.0406755795732646,-0.07977912
2021-04-19 04:00:00,NVDA,NVDA_322,0.0075674998488324,-0.06394309
2021-04-20 04:00:00,NVDA,NVDA_322,0.013874912002979,-0.07105523
2021-04-21 04:00:00,NVDA,NVDA_327,-0.0054523435410411,-0.020968515
2021-04-22 04:00:00,NVDA,NVDA_327,0.0319523034731914,-0.019281536
2021-04-23 04:00:00,NVDA,NVDA_327,-0.0167537808209334,-0.057064176
2021-04-26 04:00:00,NVDA,NVDA_327,-0.0414297499442232,-0.07800012
2021-04-27 04:00:00,NVDA,NVDA_327,-0.066995004133565,-0.072971106
2021-04-28 04:00:00,NVDA,NVDA_332,-0.0535617669526863,-0.053684622
2021-04-29 04:00:00,NVDA,NVDA_332,-0.0523173419402936,-0.06353229
2021-04-30 04:00:00,NVDA,NVDA_332,-0.0131416381926195,-0.040950894
2021-05-03 04:00:00,NVDA,NVDA_332,-0.0384855239865633,-0.05358798
2021-05-04 04:00:00,NVDA,NVDA_332,-0.0031356207473819,-0.02062178
2021-05-05 04:00:00,NVDA,NVDA_337,-0.0484144146140754,-0.02422566
2021-05-06 04:00:00,NVDA,NVDA_337,-0.0590614854323175,-0.05531169
2021-05-07 04:00:00,NVDA,NVDA_337,-0.0384310352265067,-0.08816312
2021-05-10 04:00:00,NVDA,NVDA_337,-0.0070273378282357,-0.03700031
2021-05-11 04:00:00,NVDA,NVDA_337,-0.0203057890740666,-0.03916447
2021-05-12 04:00:00,NVDA,NVDA_342,0.0223316510283304,0.01686487
2021-05-13 04:00:00,NVDA,NVDA_342,0.0693181887177052,0.0072177975
2021-05-14 04:00:00,NVDA,NVDA_342,0.0525696644925151,-0.04904964
2021-05-17 04:00:00,NVDA,NVDA_342,0.1021143489562768,-0.043856725
2021-05-18 04:00:00,NVDA,NVDA_342,0.1164404314772846,-0.041972846
2021-05-19 04:00:00,NVDA,NVDA_347,0.1161864580994191,0.11383039
2021-05-20 04:00:00,NVDA,NVDA_347,0.0599144372225166,0.07544175
2021-05-21 04:00:00,NVDA,NVDA_347,0.0835625902791661,0.05491415
2021-05-24 04:00:00,NVDA,NVDA_347,0.0417947206932232,0.020985402
2021-05-25 04:00:00,NVDA,NVDA_347,0.0722467988655433,0.025401885
2021-05-26 04:00:00,NVDA,NVDA_352,0.0808757743212922,0.06899921
2021-05-27 04:00:00,NVDA,NVDA_352,0.1349593866386458,0.0626819
2021-05-28 04:00:00,NVDA,NVDA_352,0.0846132747573149,-0.002634162
2021-06-01 04:00:00,NVDA,NVDA_352,0.0733192592903577,-0.010055524
2021-06-02 04:00:00,NVDA,NVDA_352,0.034568559454837,-0.031399816
2021-06-03 04:00:00,NVDA,NVDA_357,0.0268271365879602,0.024433106
2021-06-04 04:00:00,NVDA,NVDA_357,0.0140514401698077,0.0019747592
2021-06-07 04:00:00,NVDA,NVDA_357,0.0226885616453926,-0.005249085
2021-06-08 04:00:00,NVDA,NVDA_357,0.0189894647318065,-0.003640397
2021-06-09 04:00:00,NVDA,NVDA_357,0.0260394724726236,-0.014728912
2021-06-10 04:00:00,NVDA,NVDA_362,0.0707173754706531,0.021635681
2021-06-11 04:00:00,NVDA,NVDA_362,0.0456374761718525,0.0078468025
2021-06-14 04:00:00,NVDA,NVDA_362,0.0226708672179378,-0.001303951
2021-06-15 04:00:00,NVDA,NVDA_362,0.0617392948133648,0.008305876
2021-06-16 04:00:00,NVDA,NVDA_362,0.070015849727449,-0.001983511
2021-06-17 04:00:00,NVDA,NVDA_367,0.0293853710759151,0.028007321
2021-06-18 04:00:00,NVDA,NVDA_367,0.0210448693946514,0.029202435
2021-06-21 04:00:00,NVDA,NVDA_367,0.0845351699056407,0.04862538
2021-06-22 04:00:00,NVDA,NVDA_367,0.0603598470465243,0.033601545
2021-06-23 04:00:00,NVDA,NVDA_367,0.0496006250120728,0.028846046
2021-06-24 04:00:00,NVDA,NVDA_372,0.0524068762871539,0.042838633
2021-06-25 04:00:00,NVDA,NVDA_372,0.0765067187159398,0.075616166
2021-06-28 04:00:00,NVDA,NVDA_372,0.0357017286676639,0.040703453
2021-06-29 04:00:00,NVDA,NVDA_372,0.0172269241703519,0.039468378
2021-06-30 04:00:00,NVDA,NVDA_372,-0.0049869024439712,0.043913513
2021-07-01 04:00:00,NVDA,NVDA_377,-0.0080027109792112,0.006644436
2021-07-02 04:00:00,NVDA,NVDA_377,0.0012447528593007,-0.0007324428
2021-07-06 04:00:00,NVDA,NVDA_377,-0.0216682216831498,-0.007984654
2021-07-07 04:00:00,NVDA,NVDA_377,-0.0260287188137366,0.034164194
2021-07-08 04:00:00,NVDA,NVDA_377,-0.0470538266620653,0.04567977
2021-07-09 04:00:00,NVDA,NVDA_382,-0.0942257521210071,-0.060035534
2021-07-12 04:00:00,NVDA,NVDA_382,-0.0844728762714029,-0.06771443
2021-07-13 04:00:00,NVDA,NVDA_382,-0.0808889130015432,-0.06970669
2021-07-14 04:00:00,NVDA,NVDA_382,-0.0217473223194836,-0.06544101
2021-07-15 04:00:00,NVDA,NVDA_382,0.0330982885074755,-0.051255137
2021-07-16 04:00:00,NVDA,NVDA_387,0.076923149632299,0.054879464
2021-07-19 04:00:00,NVDA,NVDA_387,0.0273832068623212,0.0037954417
2021-07-20 04:00:00,NVDA,NVDA_387,0.0320223880841741,0.00491836
2021-07-21 04:00:00,NVDA,NVDA_387,0.0047913659308813,-0.022293128
2021-07-22 04:00:00,NVDA,NVDA_387,0.003470490657019,-0.018446572
2021-07-23 04:00:00,NVDA,NVDA_392,-0.0030166690640992,0.006622933
2021-07-26 04:00:00,NVDA,NVDA_392,0.0236342572615224,0.032743867
2021-07-27 04:00:00,NVDA,NVDA_392,0.0316014340465302,0.046615355
2021-07-28 04:00:00,NVDA,NVDA_392,0.0395323744138129,0.039670106
2021-07-29 04:00:00,NVDA,NVDA_392,0.0495879585792415,0.044141956
2021-07-30 04:00:00,NVDA,NVDA_397,0.0444637493235904,0.06540487
2021-08-02 04:00:00,NVDA,NVDA_397,0.0275949405718454,0.056285135
2021-08-03 04:00:00,NVDA,NVDA_397,0.0061064994527262,0.057959706
2021-08-04 04:00:00,NVDA,NVDA_397,-0.028361485556825,0.039646804
2021-08-05 04:00:00,NVDA,NVDA_397,-0.0354701979189685,0.03722737
2021-08-06 04:00:00,NVDA,NVDA_402,-0.0087400325670941,-0.009178774
2021-08-09 04:00:00,NVDA,NVDA_402,-0.0169992270045604,0.0051722955
2021-08-10 04:00:00,NVDA,NVDA_402,-0.0239767566770114,0.02903047
2021-08-11 04:00:00,NVDA,NVDA_402,-0.0334533991211614,0.038976483
2021-08-12 04:00:00,NVDA,NVDA_402,-0.0053755512314016,0.031971086
2021-08-13 04:00:00,NVDA,NVDA_407,0.0311076019389424,-0.009656775
2021-08-16 04:00:00,NVDA,NVDA_407,0.1006515961591449,-0.0005655308
2021-08-17 04:00:00,NVDA,NVDA_407,0.120002007529018,0.014994753
2021-08-18 04:00:00,NVDA,NVDA_407,0.166649069105722,0.03195207
2021-08-19 04:00:00,NVDA,NVDA_407,0.1146580674448793,0.006416162
2021-08-20 04:00:00,NVDA,NVDA_412,0.0874327294464996,0.03443233
2021-08-23 04:00:00,NVDA,NVDA_412,0.0332452653314938,-0.009112262
2021-08-24 04:00:00,NVDA,NVDA_412,0.0271647309319396,0.0049263528
2021-08-25 04:00:00,NVDA,NVDA_412,0.0102642888220334,0.0001654668
2021-08-26 04:00:00,NVDA,NVDA_412,0.0148631096246598,0.00092693564
2021-08-27 04:00:00,NVDA,NVDA_417,0.0091447577024283,-0.003258975
2021-08-30 04:00:00,NVDA,NVDA_417,-0.0011459392422695,-0.011716481
2021-08-31 04:00:00,NVDA,NVDA_417,-0.0020549263572574,-0.000990849
2021-09-01 04:00:00,NVDA,NVDA_417,-0.0117641789200281,-0.009188258
2021-09-02 04:00:00,NVDA,NVDA_417,0.0036614008196591,-0.015074883
2021-09-03 04:00:00,NVDA,NVDA_422,-0.0302499659536229,-0.015867267
2021-09-07 04:00:00,NVDA,NVDA_422,-0.0185332302591905,-0.006463728
2021-09-08 04:00:00,NVDA,NVDA_422,8.948033951305945e-05,0.012452714
2021-09-09 04:00:00,NVDA,NVDA_422,0.0029309885883324,0.0187193
2021-09-10 04:00:00,NVDA,NVDA_422,-0.0257140762460851,-0.0037079174
2021-09-13 04:00:00,NVDA,NVDA_427,-0.046903193276269,-0.008603387
2021-09-14 04:00:00,NVDA,NVDA_427,-0.0447801575376285,-0.015979044
2021-09-15 04:00:00,NVDA,NVDA_427,-0.0179042847515068,-0.016881648
2021-09-16 04:00:00,NVDA,NVDA_427,0.0107903859752509,-0.0056407484
2021-09-17 04:00:00,NVDA,NVDA_427,0.0082648291786369,0.01660943
2021-09-20 04:00:00,NVDA,NVDA_432,0.0259081587234162,0.06031667
2021-09-21 04:00:00,NVDA,NVDA_432,-0.0257460640847945,0.08919595
2021-09-22 04:00:00,NVDA,NVDA_432,-0.064901316593012,0.06560801
2021-09-23 04:00:00,NVDA,NVDA_432,-0.0785517623037431,0.05739001
2021-09-24 04:00:00,NVDA,NVDA_432,-0.0606403166746467,0.07864344
2021-09-27 04:00:00,NVDA,NVDA_437,-0.0890119810730429,-0.03909531
2021-09-28 04:00:00,NVDA,NVDA_437,-0.0119812164072715,0.0023507476
2021-09-29 04:00:00,NVDA,NVDA_437,0.008919460096793,0.018035699
2021-09-30 04:00:00,NVDA,NVDA_437,0.0173296566201552,0.031387977
2021-10-01 04:00:00,NVDA,NVDA_437,0.0042907526789961,0.040820576
2021-10-04 04:00:00,NVDA,NVDA_442,0.0488039391214383,0.046029024
2021-10-05 04:00:00,NVDA,NVDA_442,0.0107573864875294,0.004146257
2021-10-06 04:00:00,NVDA,NVDA_442,0.0115458166317476,0.0021855056
2021-10-07 04:00:00,NVDA,NVDA_442,0.0318386478143097,-0.0016465257
2021-10-08 04:00:00,NVDA,NVDA_442,0.0494935513558052,0.011784421
2021-10-11 04:00:00,NVDA,NVDA_447,0.0737859603654884,0.06320336
2021-10-12 04:00:00,NVDA,NVDA_447,0.0783223562284378,0.06869164
2021-10-13 04:00:00,NVDA,NVDA_447,0.0555901194254069,0.06061013
2021-10-14 04:00:00,NVDA,NVDA_447,0.0435022134137672,0.03724599
2021-10-15 04:00:00,NVDA,NVDA_447,0.0395206449424463,0.041153993
2021-10-18 04:00:00,NVDA,NVDA_452,0.0424804355573316,0.032428518
2021-10-19 04:00:00,NVDA,NVDA_452,0.1088828191450219,0.04243336
2021-10-20 04:00:00,NVDA,NVDA_452,0.1062299011299117,0.060340766
2021-10-21 04:00:00,NVDA,NVDA_452,0.0991098451115533,0.048259918
2021-10-22 04:00:00,NVDA,NVDA_452,0.1250109840822917,0.04620771
2021-10-25 04:00:00,NVDA,NVDA_457,0.1148665827518908,0.10511756
2021-10-26 04:00:00,NVDA,NVDA_457,0.0681312489264072,0.046696052
2021-10-27 04:00:00,NVDA,NVDA_457,0.0878082426229189,0.037112374
2021-10-28 04:00:00,NVDA,NVDA_457,0.1948598938825583,0.02285259
2021-10-29 04:00:00,NVDA,NVDA_457,0.1636876233310513,0.00921824
2021-11-01 04:00:00,NVDA,NVDA_462,0.1927053569859238,0.16570336
2021-11-02 04:00:00,NVDA,NVDA_462,0.1612060402578377,0.14745972
2021-11-03 04:00:00,NVDA,NVDA_462,0.1075644825547659,0.13806005
2021-11-04 04:00:00,NVDA,NVDA_462,0.0197643965905176,0.11813021
2021-11-05 04:00:00,NVDA,NVDA_462,0.0214438882626581,0.12231673
2021-11-08 05:00:00,NVDA,NVDA_467,-0.0252889629383419,0.026967436
2021-11-09 05:00:00,NVDA,NVDA_467,-0.0148090315139638,0.040649243
2021-11-10 05:00:00,NVDA,NVDA_467,-0.0067212042732275,0.0571032
2021-11-11 05:00:00,NVDA,NVDA_467,0.0422836417643959,0.042579755
2021-11-12 05:00:00,NVDA,NVDA_467,0.0853899727812117,0.035535082
2021-11-15 05:00:00,NVDA,NVDA_472,0.0643130651254906,0.0959909
2021-11-16 05:00:00,NVDA,NVDA_472,0.0510876806986013,0.09834284
2021-11-17 05:00:00,NVDA,NVDA_472,0.1166399010350629,0.09508605
2021-11-18 05:00:00,NVDA,NVDA_472,-0.0054301178154376,0.08984189
2021-11-19 05:00:00,NVDA,NVDA_472,0.0118538375957866,0.089268565
2021-11-22 05:00:00,NVDA,NVDA_477,0.0225309590515112,0.03005751
2021-11-23 05:00:00,NVDA,NVDA_477,-0.0097965356622701,0.033904128
2021-11-24 05:00:00,NVDA,NVDA_477,-0.0167717555021176,0.023390744
2021-11-26 05:00:00,NVDA,NVDA_477,-0.025711819803598,0.041721765
2021-11-29 05:00:00,NVDA,NVDA_477,-0.100041911838157,0.017495845
2021-11-30 05:00:00,NVDA,NVDA_482,-0.0076202888761224,-0.08267556
2021-12-01 05:00:00,NVDA,NVDA_482,0.0124383888762042,-0.073399685
2021-12-02 05:00:00,NVDA,NVDA_482,-0.0509244757373803,-0.09118761
2021-12-03 05:00:00,NVDA,NVDA_482,-0.0161274826975833,-0.00021351554
2021-12-06 05:00:00,NVDA,NVDA_482,-0.0624563477395503,0.0033265376
2021-12-07 05:00:00,NVDA,NVDA_487,-0.1261294131445484,-0.087525666
2021-12-08 05:00:00,NVDA,NVDA_487,-0.042952321078941,-0.072202906
2021-12-09 05:00:00,NVDA,NVDA_487,-0.0689734554495214,-0.05598868
2021-12-10 05:00:00,NVDA,NVDA_487,-0.0793760965217701,-0.05866439
2021-12-13 05:00:00,NVDA,NVDA_487,-0.0156954457029759,-0.026515238
2021-12-14 05:00:00,NVDA,NVDA_492,0.0260437192551343,-0.03198363
2021-12-15 05:00:00,NVDA,NVDA_492,-0.0347680497715362,-0.04625726
2021-12-16 05:00:00,NVDA,NVDA_492,0.0441399336946548,-0.00703988
2021-12-17 05:00:00,NVDA,NVDA_492,0.1130894224104437,-0.01124015
2021-12-20 05:00:00,NVDA,NVDA_492,0.0939067301766032,-0.013069438
2021-12-21 05:00:00,NVDA,NVDA_497,0.0318486212706992,0.051914554
2021-12-22 05:00:00,NVDA,NVDA_497,0.0063265587206799,0.04851566
2021-12-23 05:00:00,NVDA,NVDA_497,-0.0077260491318604,0.05098988
2021-12-27 05:00:00,NVDA,NVDA_497,-0.0266278692206627,0.047987923
2021-12-28 05:00:00,NVDA,NVDA_497,-0.0340346801291099,0.060579516
2021-12-29 05:00:00,NVDA,NVDA_502,-0.0798973168567639,-0.020927537
2021-12-30 05:00:00,NVDA,NVDA_502,-0.047590107651797,-0.0048615756
2021-12-31 05:00:00,NVDA,NVDA_502,-0.0735778997361451,-0.0057997657
2022-01-03 05:00:00,NVDA,NVDA_502,-0.0903356676470524,-0.018015072
2022-01-04 05:00:00,NVDA,NVDA_502,-0.0502902503946889,0.003199481
2022-01-05 05:00:00,NVDA,NVDA_507,0.0143095368951455,-0.0079786
2022-01-06 05:00:00,NVDA,NVDA_507,-0.0568883086864238,-0.019469697
2022-01-07 05:00:00,NVDA,NVDA_507,-0.0111939042125543,0.015075772
2022-01-10 05:00:00,NVDA,NVDA_507,-0.0546350277898614,0.018826358
2022-01-11 05:00:00,NVDA,NVDA_507,-0.0988604111088232,0.021233324
2022-01-12 05:00:00,NVDA,NVDA_512,-0.1374692258749249,-0.10184501
2022-01-13 05:00:00,NVDA,NVDA_512,-0.1204515567911872,-0.055175893
2022-01-14 05:00:00,NVDA,NVDA_512,-0.1325068580519006,-0.05509414
2022-01-18 05:00:00,NVDA,NVDA_512,-0.1381693429289594,-0.023413267
2022-01-19 05:00:00,NVDA,NVDA_512,-0.091554638687654,-0.014114238
2022-01-20 05:00:00,NVDA,NVDA_517,-0.0913457312312747,-0.079118855
2022-01-21 05:00:00,NVDA,NVDA_517,-0.0228459135868435,-0.062311802
2022-01-24 05:00:00,NVDA,NVDA_517,0.0476638855381894,-0.07356492
2022-01-25 05:00:00,NVDA,NVDA_517,0.1036553102068871,-0.051453434
2022-01-26 05:00:00,NVDA,NVDA_517,0.1084665945115062,-0.07778104
2022-01-27 05:00:00,NVDA,NVDA_522,0.0913233543468499,0.12637407
2022-01-28 05:00:00,NVDA,NVDA_522,0.064754819687913,0.08952097
2022-01-31 05:00:00,NVDA,NVDA_522,0.0098832222180329,0.06812967
2022-02-01 05:00:00,NVDA,NVDA_522,0.0190761954720328,0.08362427
2022-02-02 05:00:00,NVDA,NVDA_522,0.057958929968525,0.09041525
2022-02-03 05:00:00,NVDA,NVDA_527,0.0783363727354911,0.08263835
2022-02-04 05:00:00,NVDA,NVDA_527,-0.0152144757399123,0.08319502
2022-02-07 05:00:00,NVDA,NVDA_527,-0.0186428514460231,0.08379635
2022-02-08 05:00:00,NVDA,NVDA_527,0.055241399098119,0.07978168
2022-02-09 05:00:00,NVDA,NVDA_527,-0.0072645663619121,0.060589857
2022-02-10 05:00:00,NVDA,NVDA_532,-0.0509990499447787,0.029748857
2022-02-11 05:00:00,NVDA,NVDA_532,-0.0128188740311242,0.02133831
2022-02-14 05:00:00,NVDA,NVDA_532,-0.036139646497177,0.0041609826
2022-02-15 05:00:00,NVDA,NVDA_532,-0.1550481818781944,0.0005962875
2022-02-16 05:00:00,NVDA,NVDA_532,-0.1042209091198835,0.014313531
2022-02-17 05:00:00,NVDA,NVDA_537,-0.0142816494024391,-0.090158455
2022-02-18 05:00:00,NVDA,NVDA_537,0.0314271222520756,-0.087326854
2022-02-22 05:00:00,NVDA,NVDA_537,0.0037195337947286,-0.0883068
2022-02-23 05:00:00,NVDA,NVDA_537,0.0818778869128886,-0.063443355
2022-02-24 05:00:00,NVDA,NVDA_537,-0.0014316359498766,-0.08732859
2022-02-25 05:00:00,NVDA,NVDA_542,-0.050544305371598,-0.009981845
2022-02-28 05:00:00,NVDA,NVDA_542,-0.1243797792731862,-0.020888286
2022-03-01 05:00:00,NVDA,NVDA_542,-0.0836137242337927,0.0029136126
2022-03-02 05:00:00,NVDA,NVDA_542,-0.0497935346234579,-0.028404081
2022-03-03 05:00:00,NVDA,NVDA_542,-0.0445306453826063,-0.0073032
2022-03-04 05:00:00,NVDA,NVDA_547,-0.0364492680707887,-0.042648774
2022-03-07 05:00:00,NVDA,NVDA_547,-0.0010303184652387,0.031175684
2022-03-08 05:00:00,NVDA,NVDA_547,0.0678162888318414,0.005702872
2022-03-09 05:00:00,NVDA,NVDA_547,0.0643956007161963,-0.087000564
2022-03-10 05:00:00,NVDA,NVDA_547,0.093035559785503,-0.07923584
2022-03-11 05:00:00,NVDA,NVDA_552,0.1969682650852071,0.10022327
2022-03-14 04:00:00,NVDA,NVDA_552,0.2533520556935074,0.11250711
2022-03-15 04:00:00,NVDA,NVDA_552,0.1545727881048795,0.0679239
2022-03-16 04:00:00,NVDA,NVDA_552,0.0464565837203092,0.022567812
2022-03-17 04:00:00,NVDA,NVDA_552,0.1366388907650553,-0.006296216
2022-03-18 04:00:00,NVDA,NVDA_557,0.0468378014549004,0.06505736
2022-03-21 04:00:00,NVDA,NVDA_557,0.0555472675949419,0.026906203
2022-03-22 04:00:00,NVDA,NVDA_557,0.0803800315182816,0.013774175
2022-03-23 04:00:00,NVDA,NVDA_557,0.0802059644785533,0.021988235
2022-03-24 04:00:00,NVDA,NVDA_557,-0.0306927293834076,-0.0039185286
2022-03-25 04:00:00,NVDA,NVDA_562,-0.0353892662941003,0.0036583724
2022-03-28 04:00:00,NVDA,NVDA_562,-0.0304404570147666,-0.015800022
2022-03-29 04:00:00,NVDA,NVDA_562,-0.0950935360277296,-0.014381511
2022-03-30 04:00:00,NVDA,NVDA_562,-0.1185626898781371,0.014293233
2022-03-31 04:00:00,NVDA,NVDA_562,-0.1128050719844828,0.021269936
2022-04-01 04:00:00,NVDA,NVDA_567,-0.1345088509416894,-0.090937
2022-04-04 04:00:00,NVDA,NVDA_567,-0.1989400830421651,-0.09665127
2022-04-05 04:00:00,NVDA,NVDA_567,-0.1707223048650886,-0.056132752
2022-04-06 04:00:00,NVDA,NVDA_567,-0.0903019834566202,-0.02901877
2022-04-07 04:00:00,NVDA,NVDA_567,-0.1218605725638679,-0.014719907
2022-04-08 04:00:00,NVDA,NVDA_572,-0.0577879045432997,-0.07393686
2022-04-11 04:00:00,NVDA,NVDA_572,0.012821104150966,0.008234853
2022-04-12 04:00:00,NVDA,NVDA_572,-0.0010230356876607,0.030363135
2022-04-13 04:00:00,NVDA,NVDA_572,-0.090978634911139,0.01636639
2022-04-14 04:00:00,NVDA,NVDA_572,-0.081992665258242,0.028201565
2022-04-18 04:00:00,NVDA,NVDA_577,-0.0863517622506624,-0.08452177
2022-04-19 04:00:00,NVDA,NVDA_577,-0.1536174364557241,-0.045162465
2022-04-20 04:00:00,NVDA,NVDA_577,-0.14277066312816,0.030266754
2022-04-21 04:00:00,NVDA,NVDA_577,-0.0198682537454977,0.123286135
2022-04-22 04:00:00,NVDA,NVDA_577,-0.0496027945126218,0.090939835
2022-04-25 04:00:00,NVDA,NVDA_582,-0.0185408237001145,-0.020857504
2022-04-26 04:00:00,NVDA,NVDA_582,0.0433254828293452,0.011924858
2022-04-27 04:00:00,NVDA,NVDA_582,0.1042084508746148,0.042035636
2022-04-28 04:00:00,NVDA,NVDA_582,-0.0474168306984594,0.0483042
2022-04-29 04:00:00,NVDA,NVDA_582,0.0069012964869286,0.07256306
2022-05-02 04:00:00,NVDA,NVDA_587,-0.1322377544669334,-0.015136835
2022-05-03 04:00:00,NVDA,NVDA_587,-0.1023875136675326,0.010398514
2022-05-04 04:00:00,NVDA,NVDA_587,-0.1821579885772946,0.01661788
2022-05-05 04:00:00,NVDA,NVDA_587,-0.1416366294343655,0.046418265
2022-05-06 04:00:00,NVDA,NVDA_587,-0.0518875449669586,0.03977938
2022-05-09 04:00:00,NVDA,NVDA_592,0.0185250243004082,-0.026139788
2022-05-10 04:00:00,NVDA,NVDA_592,0.0330776217751904,-0.035681225
2022-05-11 04:00:00,NVDA,NVDA_592,0.0185207805242606,-0.014070897
2022-05-12 04:00:00,NVDA,NVDA_592,0.0586708721495012,-0.01383714
2022-05-13 04:00:00,NVDA,NVDA_592,-0.0571557193045426,-0.03250502
2022-05-16 04:00:00,NVDA,NVDA_597,-0.0212001403554049,-0.044843547
2022-05-17 04:00:00,NVDA,NVDA_597,-0.1112945322148003,-0.070552066
2022-05-18 04:00:00,NVDA,NVDA_597,0.002184476132242,-0.054665077
2022-05-19 04:00:00,NVDA,NVDA_597,0.0424549906281062,-0.045653656
2022-05-20 04:00:00,NVDA,NVDA_597,0.126812061152151,-0.039729413
2022-05-23 04:00:00,NVDA,NVDA_602,0.1049828436830904,0.09855017
2022-05-24 04:00:00,NVDA,NVDA_602,0.1340844655338284,0.14676881
2022-05-25 04:00:00,NVDA,NVDA_602,0.154167812293078,0.10246235
2022-05-26 04:00:00,NVDA,NVDA_602,0.0486807175716803,0.029400256
2022-05-27 04:00:00,NVDA,NVDA_602,-0.0013290906801216,-0.009644087
2022-05-31 04:00:00,NVDA,NVDA_607,0.0136032400409171,0.008476085
2022-06-01 04:00:00,NVDA,NVDA_607,0.0179039862337737,0.029733025
2022-06-02 04:00:00,NVDA,NVDA_607,-0.0788076149865897,-0.014965088
2022-06-03 04:00:00,NVDA,NVDA_607,-0.0932691477890597,0.006914412
2022-06-06 04:00:00,NVDA,NVDA_607,-0.1670924679321541,0.0073259226
2022-06-07 04:00:00,NVDA,NVDA_612,-0.1632674656783578,-0.12409346
2022-06-08 04:00:00,NVDA,NVDA_612,-0.1137387499113986,-0.1334709
2022-06-09 04:00:00,NVDA,NVDA_612,-0.135582915449122,-0.11316179
2022-06-10 04:00:00,NVDA,NVDA_612,-0.0644515586399551,-0.07708463
2022-06-13 04:00:00,NVDA,NVDA_612,0.0587332813679275,-0.026729986
2022-06-14 04:00:00,NVDA,NVDA_617,0.0330891736047334,0.074269675
2022-06-15 04:00:00,NVDA,NVDA_617,-0.0182731311169143,0.040762093
2022-06-16 04:00:00,NVDA,NVDA_617,0.0977501208215696,0.06641679
2022-06-17 04:00:00,NVDA,NVDA_617,0.0622795566519474,0.07055028
2022-06-21 04:00:00,NVDA,NVDA_617,-0.0352529056095001,0.038183484
2022-06-22 04:00:00,NVDA,NVDA_622,-0.0500000466344391,-0.0034814007
2022-06-23 04:00:00,NVDA,NVDA_622,-0.065701076097272,0.020149773
2022-06-24 04:00:00,NVDA,NVDA_622,-0.1519911112160478,-0.053004213
2022-06-27 04:00:00,NVDA,NVDA_622,-0.1129290290804813,-0.027045522
2022-06-28 04:00:00,NVDA,NVDA_622,-0.0533099873483904,0.025698204
2022-06-29 04:00:00,NVDA,NVDA_627,0.0203320028609002,-0.025977217
2022-06-30 04:00:00,NVDA,NVDA_627,0.0447918650997865,-4.6324472e-05
2022-07-01 04:00:00,NVDA,NVDA_627,0.0433106571645514,0.03900624
2022-07-05 04:00:00,NVDA,NVDA_627,0.0078855942597524,0.0146668125
2022-07-06 04:00:00,NVDA,NVDA_627,0.0022471541835447,3.2058168e-05
2022-07-07 04:00:00,NVDA,NVDA_632,-0.0306469962866959,-0.074674
2022-07-08 04:00:00,NVDA,NVDA_632,-0.004798599077866,-0.08033702
2022-07-11 04:00:00,NVDA,NVDA_632,0.0626319547352143,-0.033597093
2022-07-12 04:00:00,NVDA,NVDA_632,0.1266410840144591,-0.033946715
2022-07-13 04:00:00,NVDA,NVDA_632,0.1742943633720628,-0.05211042
2022-07-14 04:00:00,NVDA,NVDA_637,0.1742128247235665,0.15816596
2022-07-15 04:00:00,NVDA,NVDA_637,0.0987818901108474,0.14080164
2022-07-18 04:00:00,NVDA,NVDA_637,0.057325653395148,0.13365537
2022-07-19 04:00:00,NVDA,NVDA_637,-0.0270126893906654,0.08535504
2022-07-20 04:00:00,NVDA,NVDA_637,-0.0009545848134467,0.06306102
2022-07-21 04:00:00,NVDA,NVDA_642,-0.0036565090044823,0.0038838303
2022-07-22 04:00:00,NVDA,NVDA_642,0.0487325971922911,0.031064056
2022-07-25 04:00:00,NVDA,NVDA_642,0.0832354207544492,0.04482398
2022-07-26 04:00:00,NVDA,NVDA_642,0.1205466647992732,0.02057909
2022-07-27 04:00:00,NVDA,NVDA_642,0.0620010498458039,-0.022184364
2022-07-28 04:00:00,NVDA,NVDA_647,0.0684497860012864,0.049373608
2022-07-29 04:00:00,NVDA,NVDA_647,0.0454770802601756,0.038816184
2022-08-01 04:00:00,NVDA,NVDA_647,-0.035139131158791,0.029641047
2022-08-02 04:00:00,NVDA,NVDA_647,-0.0777285274240321,0.023589265
2022-08-03 04:00:00,NVDA,NVDA_647,-0.0421319823089952,0.01477224
2022-08-04 04:00:00,NVDA,NVDA_652,-0.0662503620637046,-0.059086233
2022-08-05 04:00:00,NVDA,NVDA_652,-0.0147454148149227,-0.047852576
2022-08-08 04:00:00,NVDA,NVDA_652,0.0696341466552092,0.015553037
2022-08-09 04:00:00,NVDA,NVDA_652,0.1049396711425616,0.012022218
2022-08-10 04:00:00,NVDA,NVDA_652,0.0131512936286102,-0.022440242
2022-08-11 04:00:00,NVDA,NVDA_657,0.0463159797061163,0.017623082
2022-08-12 04:00:00,NVDA,NVDA_657,-0.0459671131453626,-0.01611738
2022-08-15 04:00:00,NVDA,NVDA_657,-0.1049810442693901,-0.024765512
2022-08-16 04:00:00,NVDA,NVDA_657,-0.0899412034694165,-0.016825482
2022-08-17 04:00:00,NVDA,NVDA_657,-0.0607035188425456,0.0028905254
2022-08-18 04:00:00,NVDA,NVDA_662,-0.0458105032492389,-0.10188871
2022-08-19 04:00:00,NVDA,NVDA_662,-0.089024629897552,-0.03845966
2022-08-22 04:00:00,NVDA,NVDA_662,-0.0723846851351996,0.014020498
2022-08-23 04:00:00,NVDA,NVDA_662,-0.0997031236955737,0.004044625
2022-08-24 04:00:00,NVDA,NVDA_662,-0.1235628988686594,-0.0006587461
2022-08-25 04:00:00,NVDA,NVDA_667,-0.221961693096927,-0.15284926
2022-08-26 04:00:00,NVDA,NVDA_667,-0.1607010995876443,-0.0054500485
2022-08-29 04:00:00,NVDA,NVDA_667,-0.1478387153878109,0.047775656
2022-08-30 04:00:00,NVDA,NVDA_667,-0.1133954368399174,0.061841257
2022-08-31 04:00:00,NVDA,NVDA_667,-0.0731416524179946,0.04309489
2022-09-01 04:00:00,NVDA,NVDA_672,0.0322881395133052,-0.012923608
2022-09-02 04:00:00,NVDA,NVDA_672,0.0628709446742423,-0.0004936203
2022-09-06 04:00:00,NVDA,NVDA_672,-0.0248050934777884,-0.005224885
2022-09-07 04:00:00,NVDA,NVDA_672,-0.042730020387101,-0.010717751
2022-09-08 04:00:00,NVDA,NVDA_672,-0.0758398776024775,-0.01137093
2022-09-09 04:00:00,NVDA,NVDA_677,-0.0826440621925308,-0.09510371
2022-09-12 04:00:00,NVDA,NVDA_677,-0.0774215881487968,-0.07279789
2022-09-13 04:00:00,NVDA,NVDA_677,0.003427010721519,0.016520439
2022-09-14 04:00:00,NVDA,NVDA_677,0.0101309733042387,0.051193282
2022-09-15 04:00:00,NVDA,NVDA_677,-0.0284631474468727,0.055995584
2022-09-16 04:00:00,NVDA,NVDA_682,-0.0516745084545201,-0.033333264
2022-09-19 04:00:00,NVDA,NVDA_682,-0.0862352626602368,-0.054686885
2022-09-20 04:00:00,NVDA,NVDA_682,-0.0579082844089081,-0.0419012
2022-09-21 04:00:00,NVDA,NVDA_682,-0.0395897467171553,-0.02511276
2022-09-22 04:00:00,NVDA,NVDA_682,-0.0271474887980657,0.0033642296
2022-09-23 04:00:00,NVDA,NVDA_687,-0.0301214334648711,0.010841878
2022-09-26 04:00:00,NVDA,NVDA_687,0.0232254174021546,0.010571009
2022-09-27 04:00:00,NVDA,NVDA_687,0.0607427457983551,-0.001909354
2022-09-28 04:00:00,NVDA,NVDA_687,0.0371387853711631,-0.0321469
2022-09-29 04:00:00,NVDA,NVDA_687,0.0744680709923886,-0.01533475
2022-09-30 04:00:00,NVDA,NVDA_692,-0.0051898612454533,0.06820884
2022-10-03 04:00:00,NVDA,NVDA_692,-0.0672953965778246,0.037636347
2022-10-04 04:00:00,NVDA,NVDA_692,-0.1200728637028666,-0.012552111
2022-10-05 04:00:00,NVDA,NVDA_692,-0.1293814581853257,-0.00051629834
2022-10-06 04:00:00,NVDA,NVDA_692,-0.0891089159250753,0.024112416
2022-10-07 04:00:00,NVDA,NVDA_697,-0.0703047335287435,-0.015332757
2022-10-10 04:00:00,NVDA,NVDA_697,0.0186803304959548,0.011598894
2022-10-11 04:00:00,NVDA,NVDA_697,0.0328844770043992,0.0068467134
2022-10-12 04:00:00,NVDA,NVDA_697,0.047913012297257,0.003635508
2022-10-13 04:00:00,NVDA,NVDA_697,0.0195652345524495,-0.028258795
2022-10-14 04:00:00,NVDA,NVDA_702,0.1103588973598588,0.05868376
2022-10-17 04:00:00,NVDA,NVDA_702,0.0598082495238245,-0.059268393
2022-10-18 04:00:00,NVDA,NVDA_702,0.1081306652553741,-0.08540888
2022-10-19 04:00:00,NVDA,NVDA_702,0.0701186865963054,-0.09717511
2022-10-20 04:00:00,NVDA,NVDA_702,0.0805313578495043,-0.10076511
2022-10-21 04:00:00,NVDA,NVDA_707,0.1097384946297101,0.03627146
2022-10-24 04:00:00,NVDA,NVDA_707,0.0712754794126626,0.023161154
2022-10-25 04:00:00,NVDA,NVDA_707,0.0212654059649484,-0.031912424
2022-10-26 04:00:00,NVDA,NVDA_707,0.0250465226827474,-0.012768909
2022-10-27 04:00:00,NVDA,NVDA_707,0.0185944059067013,-0.026741967
2022-10-28 04:00:00,NVDA,NVDA_712,0.023276023714325,-0.029428747
2022-10-31 04:00:00,NVDA,NVDA_712,0.0595687868615231,-0.022466917
2022-11-01 04:00:00,NVDA,NVDA_712,0.0781953775351009,-0.015168331
2022-11-02 04:00:00,NVDA,NVDA_712,0.0421363314928382,0.0069083385
2022-11-03 04:00:00,NVDA,NVDA_712,0.1735340552200257,-0.003904515
2022-11-04 04:00:00,NVDA,NVDA_717,0.153362496885872,0.0600148
2022-11-07 05:00:00,NVDA,NVDA_717,0.1394308429391522,0.038145248
2022-11-08 05:00:00,NVDA,NVDA_717,0.1413505065243614,0.025147991
2022-11-09 05:00:00,NVDA,NVDA_717,0.1549070717899523,0.11130714
2022-11-10 05:00:00,NVDA,NVDA_717,-0.0046349177284846,0.034408875
2022-11-11 05:00:00,NVDA,NVDA_722,-0.0562258398023376,0.005271647
2022-11-14 05:00:00,NVDA,NVDA_722,-0.0600183910779862,0.013236752
2022-11-15 05:00:00,NVDA,NVDA_722,-0.0376815219968815,0.010506751
2022-11-16 05:00:00,NVDA,NVDA_722,0.0382777660691426,0.035885863
2022-11-17 05:00:00,NVDA,NVDA_722,0.0378261408595879,0.04455957
2022-11-18 05:00:00,NVDA,NVDA_727,0.0271269554686279,0.057621084
2022-11-21 05:00:00,NVDA,NVDA_727,0.0210223634971562,0.05769752
2022-11-22 05:00:00,NVDA,NVDA_727,0.0551814579740503,0.013635243
2022-11-23 05:00:00,NVDA,NVDA_727,0.0372904632678625,-0.007291247
2022-11-25 05:00:00,NVDA,NVDA_727,0.037246402942217,-0.003167707
2022-11-28 05:00:00,NVDA,NVDA_732,0.0494724813706011,0.06847812
2022-11-29 05:00:00,NVDA,NVDA_732,0.0222520959004017,0.085941575
2022-11-30 05:00:00,NVDA,NVDA_732,-0.0474501849867783,0.037343033
2022-12-01 05:00:00,NVDA,NVDA_732,0.0019842659045434,0.030278265
2022-12-02 05:00:00,NVDA,NVDA_732,0.0074069687170401,0.044788644
2022-12-05 05:00:00,NVDA,NVDA_737,0.0556892957899155,0.011380322
2022-12-06 05:00:00,NVDA,NVDA_737,0.1304184635923639,0.026843756
2022-12-07 05:00:00,NVDA,NVDA_737,0.0964019147791468,0.019432437
2022-12-08 05:00:00,NVDA,NVDA_737,-0.0126391142988263,-0.008796782
2022-12-09 05:00:00,NVDA,NVDA_737,-0.0252926486129903,0.037620034
2022-12-12 05:00:00,NVDA,NVDA_742,-0.0730539006829906,-0.031130165
2022-12-13 05:00:00,NVDA,NVDA_742,-0.1099491679782854,-0.042049687
2022-12-14 05:00:00,NVDA,NVDA_742,-0.0663686969486954,-0.019647345
2022-12-15 05:00:00,NVDA,NVDA_742,-0.0951510115631325,0.030000469
2022-12-16 05:00:00,NVDA,NVDA_742,-0.0823727528713247,0.05302412
2022-12-19 05:00:00,NVDA,NVDA_747,-0.1312292025477784,-0.038616993
2022-12-20 05:00:00,NVDA,NVDA_747,-0.1273856978133495,-0.020721018
2022-12-21 05:00:00,NVDA,NVDA_747,-0.1150233214152455,-0.04484263
2022-12-22 05:00:00,NVDA,NVDA_747,-0.0472651046153821,-0.01062119
2022-12-23 05:00:00,NVDA,NVDA_747,-0.0585953392383036,-0.008721945
2022-12-27 05:00:00,NVDA,NVDA_752,0.0444727209710147,-0.01151365
2022-12-28 05:00:00,NVDA,NVDA_752,0.0163151957427369,-0.015867382
2022-12-29 05:00:00,NVDA,NVDA_752,0.0175306802905235,-0.07227717
2022-12-30 05:00:00,NVDA,NVDA_752,0.069385515035673,-0.087654054
2023-01-03 05:00:00,NVDA,NVDA_752,0.1113517892469637,-0.073419586
2023-01-04 05:00:00,NVDA,NVDA_757,0.0848871034894755,0.095544785
2023-01-05 05:00:00,NVDA,NVDA_757,0.1574482497151845,0.13006605
2023-01-06 05:00:00,NVDA,NVDA_757,0.1372905265207651,0.076894246
2023-01-09 05:00:00,NVDA,NVDA_757,0.1327104792988358,0.03144034
2023-01-10 05:00:00,NVDA,NVDA_757,0.0922748365943331,0.034342673
2023-01-11 05:00:00,NVDA,NVDA_762,0.0477470136362141,0.099482656
2023-01-12 05:00:00,NVDA,NVDA_762,0.0804312911460138,0.068628356
2023-01-13 05:00:00,NVDA,NVDA_762,0.1357477130496212,0.04964381
2023-01-17 05:00:00,NVDA,NVDA_762,0.0882950940561448,0.030215856
2023-01-18 05:00:00,NVDA,NVDA_762,0.111987055011919,0.042125314
2023-01-19 05:00:00,NVDA,NVDA_767,0.1811512536053612,0.12809236
2023-01-20 05:00:00,NVDA,NVDA_767,0.1415998077148019,0.054438323
2023-01-23 05:00:00,NVDA,NVDA_767,-0.0016151792865902,-0.030118715
2023-01-24 05:00:00,NVDA,NVDA_767,0.0141189346014536,-0.037969835
2023-01-25 05:00:00,NVDA,NVDA_767,0.0838379569979397,-0.04459759
2023-01-26 05:00:00,NVDA,NVDA_772,0.0963033826686332,0.018196104
2023-01-27 05:00:00,NVDA,NVDA_772,0.0360913635458983,-0.0022855813
2023-01-30 05:00:00,NVDA,NVDA_772,0.1005636144344939,0.039935924
2023-01-31 05:00:00,NVDA,NVDA_772,0.1349234575952491,-0.005242116
2023-02-01 05:00:00,NVDA,NVDA_772,0.0602587538765357,-0.04391051
2023-02-02 05:00:00,NVDA,NVDA_777,0.0289281067756785,0.03441284
2023-02-03 05:00:00,NVDA,NVDA_777,0.0078198580661457,0.045712836
2023-02-06 05:00:00,NVDA,NVDA_777,0.0331452122738138,0.028962955
2023-02-07 05:00:00,NVDA,NVDA_777,0.0359897318185109,0.017879475
2023-02-08 05:00:00,NVDA,NVDA_777,0.0251745110191152,0.0060706018
2023-02-09 05:00:00,NVDA,NVDA_782,-0.0149974968023711,0.02061988
2023-02-10 05:00:00,NVDA,NVDA_782,0.0057842041929558,0.06894471
2023-02-13 05:00:00,NVDA,NVDA_782,-0.0520010746563108,0.061242335
2023-02-14 05:00:00,NVDA,NVDA_782,-0.0965130336731593,0.035056036
2023-02-15 05:00:00,NVDA,NVDA_782,0.0395360929952279,0.019252297
2023-02-16 05:00:00,NVDA,NVDA_787,0.0583582602574599,0.045401365
2023-02-17 05:00:00,NVDA,NVDA_787,0.0987936653339842,0.061511733
2023-02-21 05:00:00,NVDA,NVDA_787,0.1239892922531729,0.045616098
2023-02-22 05:00:00,NVDA,NVDA_787,0.0936687034449639,0.0259048
2023-02-23 05:00:00,NVDA,NVDA_787,-0.0147904153150169,0.020995857
2023-02-24 05:00:00,NVDA,NVDA_792,0.025938336758523,0.0026503713
2023-02-27 05:00:00,NVDA,NVDA_792,0.0022552829687012,0.009158811
2023-02-28 05:00:00,NVDA,NVDA_792,0.0031013311841154,0.027394438
2023-03-01 05:00:00,NVDA,NVDA_792,0.065336144357502,0.045642152
2023-03-02 05:00:00,NVDA,NVDA_792,0.0052329781359294,0.033408917
2023-03-03 05:00:00,NVDA,NVDA_797,-0.0387190983965178,-0.009021295
2023-03-06 05:00:00,NVDA,NVDA_797,-0.0249639649269419,0.005703915
2023-03-07 05:00:00,NVDA,NVDA_797,0.0332789254111862,0.02027938
2023-03-08 05:00:00,NVDA,NVDA_797,0.001943711405,-0.026964217
2023-03-09 05:00:00,NVDA,NVDA_797,0.0898190590641621,0.018507099
2023-03-10 05:00:00,NVDA,NVDA_802,0.1201828961699709,0.100724295
2023-03-13 04:00:00,NVDA,NVDA_802,0.1277540741070486,0.09916705
2023-03-14 04:00:00,NVDA,NVDA_802,0.0887669743567303,0.04644423
2023-03-15 04:00:00,NVDA,NVDA_802,0.0924549988388065,0.039167657
2023-03-16 04:00:00,NVDA,NVDA_802,0.0646019965887128,-0.0063347826
2023-03-17 04:00:00,NVDA,NVDA_807,0.0409717757634231,0.051507063
2023-03-20 04:00:00,NVDA,NVDA_807,0.024362954752608,0.037650634
2023-03-21 04:00:00,NVDA,NVDA_807,0.0080537595823357,0.027031358
2023-03-22 04:00:00,NVDA,NVDA_807,0.0194951954171171,0.017104998
2023-03-23 04:00:00,NVDA,NVDA_807,0.0070611391832793,-0.007184401
2023-03-24 04:00:00,NVDA,NVDA_812,0.0372680504744047,0.028338503
2023-03-27 04:00:00,NVDA,NVDA_812,0.0540499795648921,0.047155164
2023-03-28 04:00:00,NVDA,NVDA_812,0.0394925889285957,0.053182878
2023-03-29 04:00:00,NVDA,NVDA_812,-0.0038170299575461,0.03339623
2023-03-30 04:00:00,NVDA,NVDA_812,-0.0126355319491873,0.008042754
2023-03-31 04:00:00,NVDA,NVDA_817,-0.0071281978319522,-0.029388169
2023-04-03 04:00:00,NVDA,NVDA_817,-0.0284641345479799,-0.041473556
2023-04-04 04:00:00,NVDA,NVDA_817,-0.0348959423975553,-0.0041397936
2023-04-05 04:00:00,NVDA,NVDA_817,-0.0155500601487817,0.034591887
2023-04-06 04:00:00,NVDA,NVDA_817,-0.0103192376813689,0.01864785
2023-04-10 04:00:00,NVDA,NVDA_822,-0.0209217032673485,-0.022361591
2023-04-11 04:00:00,NVDA,NVDA_822,0.0183296838240987,-0.005150484
2023-04-12 04:00:00,NVDA,NVDA_822,0.0541988628473477,0.026301235
2023-04-13 04:00:00,NVDA,NVDA_822,0.0242225281930899,0.018417377
2023-04-14 04:00:00,NVDA,NVDA_822,0.013491294897147,-0.0018994897
2023-04-17 04:00:00,NVDA,NVDA_827,0.0014813349744733,-0.0056843795
2023-04-18 04:00:00,NVDA,NVDA_827,-0.0515415695424265,-0.0355978
2023-04-19 04:00:00,NVDA,NVDA_827,-0.034907464465721,-0.042832218
2023-04-20 04:00:00,NVDA,NVDA_827,0.0045011710518187,0.00026220563
2023-04-21 04:00:00,NVDA,NVDA_827,0.0232309849244973,-0.00048241497
2023-04-24 04:00:00,NVDA,NVDA_832,0.0690777325333218,0.021251388
2023-04-25 04:00:00,NVDA,NVDA_832,0.0750352471728665,0.064591706
2023-04-26 04:00:00,NVDA,NVDA_832,0.0313845040444127,0.03125593
2023-04-27 04:00:00,NVDA,NVDA_832,0.0123411608233419,0.011886813
2023-04-28 04:00:00,NVDA,NVDA_832,0.0335507491235502,-0.010684619
2023-05-01 04:00:00,NVDA,NVDA_837,0.0083361889683071,-0.0246812
2023-05-02 04:00:00,NVDA,NVDA_837,0.0127968831177258,0.012709511
2023-05-03 04:00:00,NVDA,NVDA_837,0.0389540386059383,0.033673115
2023-05-04 04:00:00,NVDA,NVDA_837,0.0368623042670159,0.04546134
2023-05-05 04:00:00,NVDA,NVDA_837,-0.0118549563797086,0.014772063
2023-05-08 04:00:00,NVDA,NVDA_842,-0.0067922184674877,-0.013992381
2023-05-09 04:00:00,NVDA,NVDA_842,0.0224703446699447,0.007626091
2023-05-10 04:00:00,NVDA,NVDA_842,0.0447636924816523,-0.0010533844
2023-05-11 04:00:00,NVDA,NVDA_842,0.1084750674459802,0.012252701
2023-05-12 04:00:00,NVDA,NVDA_842,0.1031757152658288,0.025480416
2023-05-15 04:00:00,NVDA,NVDA_847,0.0767796617985454,0.07489921
2023-05-16 04:00:00,NVDA,NVDA_847,0.0504912338547371,0.07127142
2023-05-17 04:00:00,NVDA,NVDA_847,0.0119292403856587,0.03705165
2023-05-18 04:00:00,NVDA,NVDA_847,0.1989393315850207,0.021693021
2023-05-19 04:00:00,NVDA,NVDA_847,0.2457138952642066,0.042734362
2023-05-22 04:00:00,NVDA,NVDA_852,0.2865986430391842,0.24376987
2023-05-23 04:00:00,NVDA,NVDA_852,0.232859748840071,0.25284576
2023-05-24 04:00:00,NVDA,NVDA_852,0.3023118841660146,0.24942559
2023-05-25 04:00:00,NVDA,NVDA_852,0.035466038396666,0.15589258
2023-05-26 04:00:00,NVDA,NVDA_852,0.005777288906563,0.1758998
2023-05-30 04:00:00,NVDA,NVDA_857,-0.0363242185486482,0.00927891
2023-05-31 04:00:00,NVDA,NVDA_857,-0.0094888503235951,0.038100988
2023-06-01 04:00:00,NVDA,NVDA_857,-0.0316822258417776,0.028619483
2023-06-02 04:00:00,NVDA,NVDA_857,-0.0141632774251146,0.03867685
2023-06-05 04:00:00,NVDA,NVDA_857,0.0079394704727875,0.0410155
2023-06-06 04:00:00,NVDA,NVDA_862,0.0612614495691958,0.03858614
2023-06-07 04:00:00,NVDA,NVDA_862,0.1473516584034402,0.06881504
2023-06-08 04:00:00,NVDA,NVDA_862,0.1075824912222831,0.055881478
2023-06-09 04:00:00,NVDA,NVDA_862,0.1011607128888849,0.054326244
2023-06-12 04:00:00,NVDA,NVDA_862,0.1095689272112794,0.047073394
2023-06-13 04:00:00,NVDA,NVDA_867,0.0493149734634805,0.07869753
2023-06-14 04:00:00,NVDA,NVDA_867,0.0006512053598282,0.056772582
2023-06-15 04:00:00,NVDA,NVDA_867,-0.0104095900736483,0.069179095
2023-06-16 04:00:00,NVDA,NVDA_867,-0.048252630668478,0.071821705
2023-06-20 04:00:00,NVDA,NVDA_867,-0.0441015172060196,0.062212367
2023-06-21 04:00:00,NVDA,NVDA_872,-0.0447902815919336,-0.027724616
2023-06-22 04:00:00,NVDA,NVDA_872,-0.0512028553528911,-0.017191056
2023-06-23 04:00:00,NVDA,NVDA_872,0.0022032861580594,0.013032654
2023-06-26 04:00:00,NVDA,NVDA_872,0.0438324038028679,0.04961791
2023-06-27 04:00:00,NVDA,NVDA_872,0.0105311371161229,0.03531842
2023-06-28 04:00:00,NVDA,NVDA_877,0.0239803499071074,0.03293091
2023-06-29 04:00:00,NVDA,NVDA_877,0.0411787715855784,0.039401274
2023-06-30 04:00:00,NVDA,NVDA_877,-0.0028839733019874,0.009449875
2023-07-03 04:00:00,NVDA,NVDA_877,-0.0001886077501144,0.0078475345
2023-07-05 04:00:00,NVDA,NVDA_877,0.0374553733529923,0.016099103
2023-07-06 04:00:00,NVDA,NVDA_882,0.0920124573153566,0.054963354
2023-07-07 04:00:00,NVDA,NVDA_882,0.0697833925362501,0.049062066
2023-07-10 04:00:00,NVDA,NVDA_882,0.1014935561642269,0.06628738
2023-07-11 04:00:00,NVDA,NVDA_882,0.1200094528569792,0.058928583
2023-07-12 04:00:00,NVDA,NVDA_882,0.0723201495640755,0.039510805
2023-07-13 04:00:00,NVDA,NVDA_887,-0.0099397681578116,0.051073603
2023-07-14 04:00:00,NVDA,NVDA_887,-0.025511966767527,0.09004007
2023-07-17 04:00:00,NVDA,NVDA_887,-0.0397967990730632,0.10500411
2023-07-18 04:00:00,NVDA,NVDA_887,-0.0382153250207405,0.104953796
2023-07-19 04:00:00,NVDA,NVDA_887,-0.0345179177005211,0.110376656
2023-07-20 04:00:00,NVDA,NVDA_892,0.0083480022911648,0.017653193
2023-07-21 04:00:00,NVDA,NVDA_892,0.0550904330119363,0.067373104
2023-07-24 04:00:00,NVDA,NVDA_892,0.0474536134449183,0.073974594
2023-07-25 04:00:00,NVDA,NVDA_892,0.0181264716719127,0.051522035
2023-07-26 04:00:00,NVDA,NVDA_892,-0.026027428187182,0.066728465
2023-07-27 04:00:00,NVDA,NVDA_897,-0.0301743374768646,-0.035319567
2023-07-28 04:00:00,NVDA,NVDA_897,-0.0442780683384859,-0.047650155
2023-07-31 04:00:00,NVDA,NVDA_897,-0.0280767889766032,-0.050427705
2023-08-01 04:00:00,NVDA,NVDA_897,-0.0396284109026175,-0.04625976
2023-08-02 04:00:00,NVDA,NVDA_897,-0.0387404304044178,0.023564396
2023-08-03 04:00:00,NVDA,NVDA_902,-0.0477816226110474,-0.044505067
2023-08-04 04:00:00,NVDA,NVDA_902,-0.0856087899913545,-0.053162716
2023-08-07 04:00:00,NVDA,NVDA_902,-0.0366382956063241,-0.064715624
2023-08-08 04:00:00,NVDA,NVDA_902,-0.0162099859929625,-0.05937634
2023-08-09 04:00:00,NVDA,NVDA_902,0.0219015647842331,-0.03434624
2023-08-10 04:00:00,NVDA,NVDA_907,0.0225535828707603,0.013754105
2023-08-11 04:00:00,NVDA,NVDA_907,0.0598213259460203,0.0040510893
2023-08-14 04:00:00,NVDA,NVDA_907,0.0734578388444011,-0.025679294
2023-08-15 04:00:00,NVDA,NVDA_907,0.0393263699334478,-0.03103258
2023-08-16 04:00:00,NVDA,NVDA_907,0.0834751658699421,-0.031217793
2023-08-17 04:00:00,NVDA,NVDA_912,0.088108994866388,0.08417407
2023-08-18 04:00:00,NVDA,NVDA_912,0.0627959487155405,0.082466796
2023-08-21 04:00:00,NVDA,NVDA_912,-0.0028104833636652,0.026052393
2023-08-22 04:00:00,NVDA,NVDA_912,0.0682316102987807,0.052929617
2023-08-23 04:00:00,NVDA,NVDA_912,0.0455895822721998,0.054490834
2023-08-24 04:00:00,NVDA,NVDA_917,0.0464771415401321,0.04321093
2023-08-25 04:00:00,NVDA,NVDA_917,0.0541309320310301,0.066449866
2023-08-28 04:00:00,NVDA,NVDA_917,0.0365752382770649,0.052640513
2023-08-29 04:00:00,NVDA,NVDA_917,-0.0353189479899532,0.0359746
2023-08-30 04:00:00,NVDA,NVDA_917,-0.0613632432112652,0.033879668
2023-08-31 04:00:00,NVDA,NVDA_922,-0.0766487890007486,-0.06648484
2023-09-01 04:00:00,NVDA,NVDA_922,-0.068667619299039,-0.038578264
2023-09-05 04:00:00,NVDA,NVDA_922,-0.0757601008975947,-0.035438757
2023-09-06 04:00:00,NVDA,NVDA_922,-0.0334884551120759,-0.012111388
2023-09-07 04:00:00,NVDA,NVDA_922,-0.0142730440798359,-0.0136359595
2023-09-08 04:00:00,NVDA,NVDA_927,-0.036689131962982,-0.0017324579
2023-09-11 04:00:00,NVDA,NVDA_927,-0.0268272558076224,0.0029599287
2023-09-12 04:00:00,NVDA,NVDA_927,-0.0300868844719712,-0.004675973
2023-09-13 04:00:00,NVDA,NVDA_927,-0.0713642333452424,-0.011919915
2023-09-14 04:00:00,NVDA,NVDA_927,-0.1001295026959224,-0.010654865
2023-09-15 04:00:00,NVDA,NVDA_932,-0.0521640281533337,-0.046127517
2023-09-18 04:00:00,NVDA,NVDA_932,-0.039667003978943,-0.024449687
2023-09-19 04:00:00,NVDA,NVDA_932,-0.0369715336108397,-0.027156629
2023-09-20 04:00:00,NVDA,NVDA_932,0.005421532236943,-0.0013727387
2023-09-21 04:00:00,NVDA,NVDA_932,0.0505157007391865,0.02125919
2023-09-22 04:00:00,NVDA,NVDA_937,0.0453977387949113,0.06427613
2023-09-25 04:00:00,NVDA,NVDA_937,0.0606319304128097,0.06475448
2023-09-26 04:00:00,NVDA,NVDA_937,0.0383192722630427,0.06678568
2023-09-27 04:00:00,NVDA,NVDA_937,0.0370396985250069,0.054528527
2023-09-28 04:00:00,NVDA,NVDA_937,0.0371092157485757,0.042319752
2023-09-29 04:00:00,NVDA,NVDA_942,0.0520241950321502,0.03293696
2023-10-02 04:00:00,NVDA,NVDA_942,0.0109641663627737,0.01804177
2023-10-03 04:00:00,NVDA,NVDA_942,0.0524163461235023,0.034347158
2023-10-04 04:00:00,NVDA,NVDA_942,0.0627823929215241,0.032872725
2023-10-05 04:00:00,NVDA,NVDA_942,0.0505057282347438,0.030840378
2023-10-06 04:00:00,NVDA,NVDA_947,-0.0065775642589165,0.025789786
2023-10-09 04:00:00,NVDA,NVDA_947,0.0181565708589745,0.041575108
2023-10-10 04:00:00,NVDA,NVDA_947,-0.0406131402401415,0.03414949
2023-10-11 04:00:00,NVDA,NVDA_947,-0.0984916599238853,0.014365429
2023-10-12 04:00:00,NVDA,NVDA_947,-0.1031845348133281,0.0064194035
2023-10-13 04:00:00,NVDA,NVDA_952,-0.0896152224726885,-0.050294682
2023-10-16 04:00:00,NVDA,NVDA_952,-0.0676863578252975,-0.0615436
2023-10-17 04:00:00,NVDA,NVDA_952,-0.0062588540124255,-0.008720886
2023-10-18 04:00:00,NVDA,NVDA_952,-0.0098824491738318,0.021192774
2023-10-19 04:00:00,NVDA,NVDA_952,-0.0421605532538548,0.026461715
2023-10-20 04:00:00,NVDA,NVDA_957,-0.0214318751144076,0.0010591659
2023-10-23 04:00:00,NVDA,NVDA_957,-0.0422105698762909,0.023813777
2023-10-24 04:00:00,NVDA,NVDA_957,-0.066028434579682,0.027332198
2023-10-25 04:00:00,NVDA,NVDA_957,0.0130688011465183,0.058408406
2023-10-26 04:00:00,NVDA,NVDA_957,0.0788573200498448,0.058299646
2023-10-27 04:00:00,NVDA,NVDA_962,0.1112345942744501,0.089772195
2023-10-30 04:00:00,NVDA,NVDA_962,0.1115133313296465,0.07866646
2023-10-31 04:00:00,NVDA,NVDA_962,0.1269005200261321,0.08093838
2023-11-01 04:00:00,NVDA,NVDA_962,0.1003898516887189,0.063164644
2023-11-02 04:00:00,NVDA,NVDA_962,0.0791614996338834,0.04871649
2023-11-03 04:00:00,NVDA,NVDA_967,0.0739917328591428,0.051430337
2023-11-06 05:00:00,NVDA,NVDA_967,0.0627090012381859,0.033020653
2023-11-07 05:00:00,NVDA,NVDA_967,0.0805352247081141,0.015076471
2023-11-08 05:00:00,NVDA,NVDA_967,0.0496843541638425,-0.009126066
2023-11-09 05:00:00,NVDA,NVDA_967,0.0538870870752776,-0.0301658
2023-11-10 05:00:00,NVDA,NVDA_972,0.0199234771792944,0.00017470459
2023-11-13 05:00:00,NVDA,NVDA_972,0.0367955883205612,-0.02876462
2023-11-14 05:00:00,NVDA,NVDA_972,0.0057999441039588,-0.066624254
2023-11-15 05:00:00,NVDA,NVDA_972,-0.0035182638539489,-0.07337557
2023-11-16 05:00:00,NVDA,NVDA_972,-0.0344381281616481,-0.08868709
2023-11-17 05:00:00,NVDA,NVDA_977,-0.0214207421937719,-0.052700933
2023-11-20 05:00:00,NVDA,NVDA_977,-0.0513400629025103,-0.07228465
2023-11-21 05:00:00,NVDA,NVDA_977,-0.0361204718419373,-0.06781523
2023-11-22 05:00:00,NVDA,NVDA_977,-0.0399457911436788,-0.0413479
2023-11-24 05:00:00,NVDA,NVDA_977,-0.0211612852948916,-0.022800189
2023-11-27 05:00:00,NVDA,NVDA_982,-0.0566311974102252,-0.033670884
2023-11-28 05:00:00,NVDA,NVDA_982,-0.0262436435006161,-0.035187967
2023-11-29 05:00:00,NVDA,NVDA_982,-0.0547777538643818,-0.041622404
2023-11-30 05:00:00,NVDA,NVDA_982,-0.0037203289432098,-0.029204542
2023-12-01 05:00:00,NVDA,NVDA_982,0.0158452077156321,-0.034711704
2023-12-04 05:00:00,NVDA,NVDA_987,0.0245440698973937,0.023347149
2023-12-05 05:00:00,NVDA,NVDA_987,0.0234291018971251,-0.006957967
2023-12-06 05:00:00,NVDA,NVDA_987,0.0568095069069973,-0.015648862
2023-12-07 05:00:00,NVDA,NVDA_987,0.0376426684149193,-0.043094117
2023-12-08 05:00:00,NVDA,NVDA_987,0.02913313804015,-0.056050237
2023-12-11 05:00:00,NVDA,NVDA_992,0.0739914822791285,0.046302903
2023-12-12 05:00:00,NVDA,NVDA_992,0.0408544082736912,0.031454798
2023-12-13 05:00:00,NVDA,NVDA_992,0.0004782650394286,0.028581947
2023-12-14 05:00:00,NVDA,NVDA_992,0.0132368815831145,0.02206593
2023-12-15 05:00:00,NVDA,NVDA_992,-0.0012271949139449,0.005713557
2023-12-18 05:00:00,NVDA,NVDA_997,-0.0159354662029033,-0.02972811
2023-12-19 05:00:00,NVDA,NVDA_997,-0.0037698627996343,-0.016073324
2023-12-20 05:00:00,NVDA,NVDA_997,0.0293279976784031,0.028875887
2023-12-21 05:00:00,NVDA,NVDA_997,0.0108593113377641,0.007777241
2023-12-22 05:00:00,NVDA,NVDA_997,-0.0135572913916121,0.0038996823
