Date,Ticker,window_id,Actual_Return,Predicted_Return
2023-12-26 05:00:00,AAPL,AAPL_1002,-0.0455840606715685,-0.042765703
2023-12-27 05:00:00,AAPL,AAPL_1002,-0.0581930654390752,-0.042891316
2023-12-28 05:00:00,AAPL,AAPL_1002,-0.064056250841941,-0.075848885
2023-12-29 05:00:00,AAPL,AAPL_1002,-0.0362021568840973,-0.068838626
2024-01-02 05:00:00,AAPL,AAPL_1002,-0.0026933850551815,-0.068316765
2024-01-03 05:00:00,AAPL,AAPL_1007,0.0105291855707259,-0.014860758
2024-01-04 05:00:00,AAPL,AAPL_1007,0.020229743288977,-0.0029707022
2024-01-05 05:00:00,AAPL,AAPL_1007,0.0261618593927543,-0.012416556
2024-01-08 05:00:00,AAPL,AAPL_1007,-0.0104009091462278,-0.017640514
2024-01-09 05:00:00,AAPL,AAPL_1007,-0.0132872783946046,-0.015594098
2024-01-10 05:00:00,AAPL,AAPL_1012,0.0131049057919965,-0.014119752
2024-01-11 05:00:00,AAPL,AAPL_1012,0.0321676886605131,-0.0034456544
2024-01-12 05:00:00,AAPL,AAPL_1012,0.0428679071600506,-0.0038795248
2024-01-16 05:00:00,AAPL,AAPL_1012,0.0628981510964923,0.00925645
2024-01-17 05:00:00,AAPL,AAPL_1012,0.0647033490153285,0.011466728
2024-01-18 05:00:00,AAPL,AAPL_1017,0.0293696291296527,-0.0005769446
2024-01-19 05:00:00,AAPL,AAPL_1017,0.0044894582444781,0.0009269249
2024-01-22 05:00:00,AAPL,AAPL_1017,-0.0111403562272883,-0.030461011
2024-01-23 05:00:00,AAPL,AAPL_1017,-0.0365816152145721,-0.015657771
2024-01-24 05:00:00,AAPL,AAPL_1017,-0.0519280519460956,-0.005133225
2024-01-25 05:00:00,AAPL,AAPL_1022,-0.0376474101433186,-0.029735759
2024-01-26 05:00:00,AAPL,AAPL_1022,-0.0341440189582646,-0.010923463
2024-01-29 05:00:00,AAPL,AAPL_1022,-0.0211234712460595,-0.011970555
2024-01-30 05:00:00,AAPL,AAPL_1022,0.0067007541513133,-0.010891382
2024-01-31 05:00:00,AAPL,AAPL_1022,0.0271692512551673,-0.0075458144
2024-02-01 05:00:00,AAPL,AAPL_1027,0.0078133720919311,-0.00361224
2024-02-02 05:00:00,AAPL,AAPL_1027,0.0161420495102326,0.0059361216
2024-02-05 05:00:00,AAPL,AAPL_1027,-0.002823949275256,0.0005082971
2024-02-06 05:00:00,AAPL,AAPL_1027,-0.0225040131904289,-0.0060648657
2024-02-07 05:00:00,AAPL,AAPL_1027,-0.0277704960874627,-0.016327308
2024-02-08 05:00:00,AAPL,AAPL_1032,-0.0236831273386085,-0.009061049
2024-02-09 05:00:00,AAPL,AAPL_1032,-0.0346307033812701,-0.017717605
2024-02-12 05:00:00,AAPL,AAPL_1032,-0.0298690703724127,-0.01023822
2024-02-13 05:00:00,AAPL,AAPL_1032,-0.0146994490953534,0.0038400122
2024-02-14 05:00:00,AAPL,AAPL_1032,0.0011946849198745,0.018570395
2024-02-15 05:00:00,AAPL,AAPL_1037,-0.0072881340881233,0.007008282
2024-02-16 05:00:00,AAPL,AAPL_1037,-0.0063079036360295,0.036797173
2024-02-20 05:00:00,AAPL,AAPL_1037,0.005893409003123,0.051562186
2024-02-21 05:00:00,AAPL,AAPL_1037,-0.0049364256204365,0.044509463
2024-02-22 05:00:00,AAPL,AAPL_1037,-0.019634404800448,0.04421725
2024-02-23 05:00:00,AAPL,AAPL_1042,-0.0156695186467462,0.0053929286
2024-02-26 05:00:00,AAPL,AAPL_1042,-0.0334510788037767,0.012268691
2024-02-27 05:00:00,AAPL,AAPL_1042,-0.0684992029302756,0.006818236
2024-02-28 05:00:00,AAPL,AAPL_1042,-0.0677984961740743,-0.00319212
2024-02-29 05:00:00,AAPL,AAPL_1042,-0.0650069156293222,-0.0013878
2024-03-01 05:00:00,AAPL,AAPL_1047,-0.0497050414813815,-0.051625293
2024-03-04 05:00:00,AAPL,AAPL_1047,-0.0134209367310149,0.0063408394
2024-03-05 05:00:00,AAPL,AAPL_1047,0.0182812173737085,0.016893154
2024-03-06 05:00:00,AAPL,AAPL_1047,0.011885110120966,0.015457838
2024-03-07 05:00:00,AAPL,AAPL_1047,0.0236686390532543,0.003679202
2024-03-08 05:00:00,AAPL,AAPL_1052,0.0110701074031807,0.03582271
2024-03-11 04:00:00,AAPL,AAPL_1052,0.0056150577175289,0.04151317
2024-03-12 04:00:00,AAPL,AAPL_1052,0.016452151323713,0.043153472
2024-03-13 04:00:00,AAPL,AAPL_1052,0.0440600308011216,0.042768553
2024-03-14 04:00:00,AAPL,AAPL_1052,-0.0094219935422688,0.029560786
2024-03-15 04:00:00,AAPL,AAPL_1057,-0.001969623146263,0.0047744196
2024-03-18 04:00:00,AAPL,AAPL_1057,-0.0165208099068644,0.028106824
2024-03-19 04:00:00,AAPL,AAPL_1057,-0.036176709739584,0.031397592
2024-03-20 04:00:00,AAPL,AAPL_1057,-0.0299994440324743,-0.014406529
2024-03-21 04:00:00,AAPL,AAPL_1057,0.0006418895575992,0.021137444
2024-03-22 04:00:00,AAPL,AAPL_1062,-0.0130601347570382,0.0036099032
2024-03-25 04:00:00,AAPL,AAPL_1062,-0.0117647626211213,0.02925441
2024-03-26 04:00:00,AAPL,AAPL_1062,-0.0003536197926383,0.037431557
2024-03-27 04:00:00,AAPL,AAPL_1062,-0.0259072776967583,0.028833017
2024-03-28 04:00:00,AAPL,AAPL_1062,-0.0110799740134308,0.03700573
2024-04-01 04:00:00,AAPL,AAPL_1067,-0.009292488633759,-0.014063768
2024-04-02 04:00:00,AAPL,AAPL_1067,0.004915907658477,0.008426326
2024-04-03 04:00:00,AAPL,AAPL_1067,-0.0110226653961951,0.013864202
2024-04-04 04:00:00,AAPL,AAPL_1067,0.0368438910796193,0.018116243
2024-04-05 04:00:00,AAPL,AAPL_1067,0.0411015517481068,0.022641348
2024-04-08 04:00:00,AAPL,AAPL_1072,0.0251707068565092,0.028389795
2024-04-09 04:00:00,AAPL,AAPL_1072,-0.0017091606604725,0.019959914
2024-04-10 04:00:00,AAPL,AAPL_1072,0.0013112481958741,0.035676856
2024-04-11 04:00:00,AAPL,AAPL_1072,-0.0457038408755113,0.0029964445
2024-04-12 04:00:00,AAPL,AAPL_1072,-0.0654205769023509,0.0014817708
2024-04-15 04:00:00,AAPL,AAPL_1077,-0.0396664891231316,-0.02923958
2024-04-16 04:00:00,AAPL,AAPL_1077,-0.0146416986352311,-0.028218195
2024-04-17 04:00:00,AAPL,AAPL_1077,0.0060714540027437,-0.02501152
2024-04-18 04:00:00,AAPL,AAPL_1077,0.0170618188342097,0.001318194
2024-04-19 04:00:00,AAPL,AAPL_1077,0.0260606245561079,0.017376427
2024-04-22 04:00:00,AAPL,AAPL_1082,0.046189121027852,0.02812978
2024-04-23 04:00:00,AAPL,AAPL_1082,0.0205512765728301,0.023101773
2024-04-24 04:00:00,AAPL,AAPL_1082,0.0016566014212466,0.010308567
2024-04-25 04:00:00,AAPL,AAPL_1082,0.0184825440045282,0.00929068
2024-04-26 04:00:00,AAPL,AAPL_1082,0.0831659868709524,0.01033443
2024-04-29 04:00:00,AAPL,AAPL_1087,0.0473199234228656,0.023804538
2024-04-30 04:00:00,AAPL,AAPL_1087,0.0708623961467551,-0.010568857
2024-05-01 04:00:00,AAPL,AAPL_1087,0.0793857188372137,-0.009563006
2024-05-02 04:00:00,AAPL,AAPL_1087,0.066693686796134,-0.023269985
2024-05-03 04:00:00,AAPL,AAPL_1087,-0.0017995518718934,0.008519444
2024-05-06 04:00:00,AAPL,AAPL_1092,0.0251499196333524,0.0073152734
2024-05-07 04:00:00,AAPL,AAPL_1092,0.0275767486162936,-0.0069047892
2024-05-08 04:00:00,AAPL,AAPL_1092,0.0381963200050365,-0.0067809355
2024-05-09 04:00:00,AAPL,AAPL_1092,0.0285527919192989,-0.017910777
2024-05-10 04:00:00,AAPL,AAPL_1092,0.0372575359285916,0.0114246
2024-05-13 04:00:00,AAPL,AAPL_1097,0.0255529017502063,0.014235462
2024-05-14 04:00:00,AAPL,AAPL_1097,0.0262498725924034,0.013637477
2024-05-15 04:00:00,AAPL,AAPL_1097,0.0062196535325158,0.008462988
2024-05-16 04:00:00,AAPL,AAPL_1097,-0.0155920328285813,0.007857558
2024-05-17 04:00:00,AAPL,AAPL_1097,0.0005793469909958,0.008116475
2024-05-20 04:00:00,AAPL,AAPL_1102,-0.0054961674511582,-0.005880187
2024-05-21 04:00:00,AAPL,AAPL_1102,-0.0107097101742443,-0.012468819
2024-05-22 04:00:00,AAPL,AAPL_1102,0.002042951294487,-0.0071483226
2024-05-23 04:00:00,AAPL,AAPL_1102,0.0287349902444344,-0.00075071154
2024-05-24 04:00:00,AAPL,AAPL_1102,0.0213180500202041,-0.007785327
2024-05-28 04:00:00,AAPL,AAPL_1107,0.0229485787898899,0.014077182
2024-05-29 04:00:00,AAPL,AAPL_1107,0.0293236745384934,0.007933713
2024-05-30 04:00:00,AAPL,AAPL_1107,0.0166762640669582,0.0072939983
2024-05-31 04:00:00,AAPL,AAPL_1107,0.024135237397391,0.008642089
2024-06-03 04:00:00,AAPL,AAPL_1107,-0.0046900152957506,0.005454354
2024-06-04 04:00:00,AAPL,AAPL_1112,0.06586049596598,0.00024259067
2024-06-05 04:00:00,AAPL,AAPL_1112,0.0878134100975527,-0.0033920833
2024-06-06 04:00:00,AAPL,AAPL_1112,0.1016043305210077,0.0052869725
2024-06-07 04:00:00,AAPL,AAPL_1112,0.0792320897550666,-0.004931802
2024-06-10 04:00:00,AAPL,AAPL_1112,0.1219449236080778,0.016893895
2024-06-11 04:00:00,AAPL,AAPL_1117,0.0344677750423509,-0.011293271
2024-06-12 04:00:00,AAPL,AAPL_1117,-0.0159103324349122,-0.012300614
2024-06-13 04:00:00,AAPL,AAPL_1117,-0.0315067206260661,-0.009835787
2024-06-14 04:00:00,AAPL,AAPL_1117,-0.0204715797969876,0.012899728
2024-06-17 04:00:00,AAPL,AAPL_1117,-0.035076341482223,-0.014309558
2024-06-18 04:00:00,AAPL,AAPL_1122,-0.0048532050899089,-0.018943576
2024-06-20 04:00:00,AAPL,AAPL_1122,0.0210798053325422,-0.013850389
2024-06-21 04:00:00,AAPL,AAPL_1122,0.0150850139339677,-0.0125108715
2024-06-24 04:00:00,AAPL,AAPL_1122,0.0413663910617834,-0.019692136
2024-06-25 04:00:00,AAPL,AAPL_1122,0.0535705579752221,-0.019137539
2024-06-26 04:00:00,AAPL,AAPL_1127,0.0389214680035536,0.046678945
2024-06-27 04:00:00,AAPL,AAPL_1127,0.0571694996984593,0.042861316
2024-06-28 04:00:00,AAPL,AAPL_1127,0.0816637195222669,0.043442026
2024-07-01 04:00:00,AAPL,AAPL_1127,0.055040335297722,0.046040982
2024-07-02 04:00:00,AAPL,AAPL_1127,0.0577018713785315,0.04022647
2024-07-03 04:00:00,AAPL,AAPL_1132,0.0271722148026987,0.039890885
2024-07-05 04:00:00,AAPL,AAPL_1132,0.0185561412750585,0.021431662
2024-07-08 04:00:00,AAPL,AAPL_1132,0.0288823911892051,0.019737866
2024-07-09 04:00:00,AAPL,AAPL_1132,0.0268498112869135,0.01728988
2024-07-10 04:00:00,AAPL,AAPL_1132,-0.0175980381144882,-0.019878034
2024-07-11 04:00:00,AAPL,AAPL_1137,-0.0148965792474038,0.02040184
2024-07-12 04:00:00,AAPL,AAPL_1137,-0.0270234922745348,0.019566914
2024-07-15 04:00:00,AAPL,AAPL_1137,-0.0445391956248416,0.01619534
2024-07-16 04:00:00,AAPL,AAPL_1137,-0.0417767332910349,0.020816457
2024-07-17 04:00:00,AAPL,AAPL_1137,-0.0451765614124912,0.025205579
2024-07-18 04:00:00,AAPL,AAPL_1142,-0.0298420349771912,0.04141334
2024-07-19 04:00:00,AAPL,AAPL_1142,-0.0283089960939783,0.043598097
2024-07-22 04:00:00,AAPL,AAPL_1142,-0.0255402797340107,0.05728782
2024-07-23 04:00:00,AAPL,AAPL_1142,-0.0275987360858742,0.06407849
2024-07-24 04:00:00,AAPL,AAPL_1142,0.0161984472118426,0.066540934
2024-07-25 04:00:00,AAPL,AAPL_1147,0.0040001613647246,-0.013804496
2024-07-26 04:00:00,AAPL,AAPL_1147,0.0087171675443131,-0.0288427
2024-07-29 04:00:00,AAPL,AAPL_1147,-0.041101544148303,-0.022778064
2024-07-30 04:00:00,AAPL,AAPL_1147,-0.0528793746016623,-0.022973143
2024-07-31 04:00:00,AAPL,AAPL_1147,-0.055205306221866,-0.027542792
2024-08-01 04:00:00,AAPL,AAPL_1152,-0.0231269602383327,-0.03267901
2024-08-02 04:00:00,AAPL,AAPL_1152,-0.0164650009421362,-0.04784888
2024-08-05 04:00:00,AAPL,AAPL_1152,0.0394705133951343,-0.01054927
2024-08-06 04:00:00,AAPL,AAPL_1152,0.0677508509114739,-0.0019164317
2024-08-07 04:00:00,AAPL,AAPL_1152,0.0567152486945452,-0.00331186
2024-08-08 04:00:00,AAPL,AAPL_1157,0.0534902432736432,0.022946713
2024-08-09 04:00:00,AAPL,AAPL_1157,0.0453662472687268,0.00955651
2024-08-12 04:00:00,AAPL,AAPL_1157,0.0384314837367949,0.0054896725
2024-08-13 04:00:00,AAPL,AAPL_1157,0.0236814305292045,-0.0033294673
2024-08-14 04:00:00,AAPL,AAPL_1157,0.0211076702598551,-0.015774876
2024-08-15 04:00:00,AAPL,AAPL_1162,-0.000845507477635,0.0220475
2024-08-16 04:00:00,AAPL,AAPL_1162,0.0034947722869613,-0.00085743255
2024-08-19 04:00:00,AAPL,AAPL_1162,0.0057107144611021,-0.036319856
2024-08-20 04:00:00,AAPL,AAPL_1162,0.0067105395316895,-0.041025493
2024-08-21 04:00:00,AAPL,AAPL_1162,0.0003975777345686,-0.049258437
2024-08-22 04:00:00,AAPL,AAPL_1167,0.0234266892416736,-0.004228955
2024-08-23 04:00:00,AAPL,AAPL_1167,0.0095221464335235,-0.002743452
2024-08-26 04:00:00,AAPL,AAPL_1167,-0.0194118696430016,-0.0056659942
2024-08-27 04:00:00,AAPL,AAPL_1167,-0.0314870530816893,-0.007527546
2024-08-28 04:00:00,AAPL,AAPL_1167,-0.018146498788776,-0.010770584
2024-08-29 04:00:00,AAPL,AAPL_1172,-0.0390355812872351,-0.02778523
2024-08-30 04:00:00,AAPL,AAPL_1172,-0.0353274949252868,-0.02408679
2024-09-03 04:00:00,AAPL,AAPL_1172,-0.0119405827135326,-0.018158874
2024-09-04 04:00:00,AAPL,AAPL_1172,0.0081955965975628,-0.019387743
2024-09-05 04:00:00,AAPL,AAPL_1172,0.0017537520509269,-0.019534213
2024-09-06 04:00:00,AAPL,AAPL_1177,0.0076079731005289,0.0053816778
2024-09-09 04:00:00,AAPL,AAPL_1177,-0.02077767535105,-0.0012745647
2024-09-10 04:00:00,AAPL,AAPL_1177,-0.015083400640646,0.0068494366
2024-09-11 04:00:00,AAPL,AAPL_1177,-0.0088475756233822,-0.0077743037
2024-09-12 04:00:00,AAPL,AAPL_1177,0.0273824605096562,-0.0030584466
2024-09-13 04:00:00,AAPL,AAPL_1182,0.0256179638123243,0.0050212024
2024-09-16 04:00:00,AAPL,AAPL_1182,0.0469211980067643,0.01856287
2024-09-17 04:00:00,AAPL,AAPL_1182,0.0488029990253773,0.016386406
2024-09-18 04:00:00,AAPL,AAPL_1182,0.0257374263126817,0.011998396
2024-09-19 04:00:00,AAPL,AAPL_1182,-0.0058985051493332,0.005862795
2024-09-20 04:00:00,AAPL,AAPL_1187,-0.0017966856599141,-0.01037211
2024-09-23 04:00:00,AAPL,AAPL_1187,0.0288338355813102,-0.011762961
2024-09-24 04:00:00,AAPL,AAPL_1187,-0.0051017655285714,-0.014880003
2024-09-25 04:00:00,AAPL,AAPL_1187,0.0018112102794238,-0.015895875
2024-09-26 04:00:00,AAPL,AAPL_1187,-0.008131179978795,-0.01573271
2024-09-27 04:00:00,AAPL,AAPL_1192,-0.004346065514526,-0.002899324
2024-09-30 04:00:00,AAPL,AAPL_1192,-0.0485407620540504,-0.014747636
2024-10-01 04:00:00,AAPL,AAPL_1192,-0.0019451060003849,0.0062473705
2024-10-02 04:00:00,AAPL,AAPL_1192,0.0121703612386114,-0.003905191
2024-10-03 04:00:00,AAPL,AAPL_1192,0.0149332881842121,0.005215145
2024-10-04 04:00:00,AAPL,AAPL_1197,0.0033068782623819,0.008220742
2024-10-07 04:00:00,AAPL,AAPL_1197,0.0433488227007057,0.019579973
2024-10-08 04:00:00,AAPL,AAPL_1197,0.035788641883993,-0.013158942
2024-10-09 04:00:00,AAPL,AAPL_1197,0.0097586719468609,-0.012210617
2024-10-10 04:00:00,AAPL,AAPL_1197,0.0135784173136364,0.01533818
2024-10-11 04:00:00,AAPL,AAPL_1202,0.0327400432798397,0.016746558
2024-10-14 04:00:00,AAPL,AAPL_1202,0.0223951258427874,-0.0056580203
2024-10-15 04:00:00,AAPL,AAPL_1202,0.0085952296530891,-0.012519468
2024-10-16 04:00:00,AAPL,AAPL_1202,-0.0044007432817019,0.0015473961
2024-10-17 04:00:00,AAPL,AAPL_1202,-0.006805886770646,-0.0058638398
2024-10-18 04:00:00,AAPL,AAPL_1207,-0.0152765801612368,-0.020893998
2024-10-21 04:00:00,AAPL,AAPL_1207,-0.0130243652177804,-0.024377273
2024-10-22 04:00:00,AAPL,AAPL_1207,-0.009285179495205,-0.022849133
2024-10-23 04:00:00,AAPL,AAPL_1207,-0.0028600642183705,-0.0084769465
2024-10-24 04:00:00,AAPL,AAPL_1207,-0.0202107972159479,-0.021624902
2024-10-25 04:00:00,AAPL,AAPL_1212,-0.0367313420573259,-0.01722542
2024-10-28 04:00:00,AAPL,AAPL_1212,-0.0488003414203173,-0.019158807
2024-10-29 04:00:00,AAPL,AAPL_1212,-0.043736899476988,-0.0100169685
2024-10-30 04:00:00,AAPL,AAPL_1212,-0.0320730321036689,0.018309318
2024-10-31 04:00:00,AAPL,AAPL_1212,0.006949634987293,0.007832266
2024-11-01 04:00:00,AAPL,AAPL_1217,0.0181687810561295,0.0127615
2024-11-04 05:00:00,AAPL,AAPL_1217,0.0099995553156715,0.019441755
2024-11-05 05:00:00,AAPL,AAPL_1217,0.0034907083909136,0.030131714
2024-11-06 05:00:00,AAPL,AAPL_1217,0.01077583460547,0.03761867
2024-11-07 05:00:00,AAPL,AAPL_1217,0.0032530574426878,0.016290352
2024-11-08 05:00:00,AAPL,AAPL_1222,-0.0086359123012285,0.020341922
2024-11-11 05:00:00,AAPL,AAPL_1222,0.0169023262593603,0.029443426
2024-11-12 05:00:00,AAPL,AAPL_1222,0.0180618254868942,0.024412718
2024-11-13 05:00:00,AAPL,AAPL_1222,0.0172352743735302,0.008575572
2024-11-14 05:00:00,AAPL,AAPL_1222,0.0013145344411231,-0.001410863
2024-11-15 05:00:00,AAPL,AAPL_1227,0.0216444227430554,0.011813938
2024-11-18 05:00:00,AAPL,AAPL_1227,0.021270023479744,0.0033502814
2024-11-19 05:00:00,AAPL,AAPL_1227,0.0297003627805858,-0.014159681
2024-11-20 05:00:00,AAPL,AAPL_1227,0.0258951645230622,-0.009165932
2024-11-21 05:00:00,AAPL,AAPL_1227,0.0385524128911258,-0.008743992
2024-11-22 05:00:00,AAPL,AAPL_1232,0.042284775861016,0.018232726
2024-11-25 05:00:00,AAPL,AAPL_1232,0.0419976767482443,-0.012675101
2024-11-26 05:00:00,AAPL,AAPL_1232,0.0338211394146747,-0.006260452
2024-11-27 05:00:00,AAPL,AAPL_1232,0.0345209247996864,0.0014486832
2024-11-29 05:00:00,AAPL,AAPL_1232,0.0232165948861295,-0.0020487397
2024-12-02 05:00:00,AAPL,AAPL_1237,0.0298844015674664,-0.00049430534
2024-12-03 05:00:00,AAPL,AAPL_1237,0.0211003935906164,0.0010253871
2024-12-04 05:00:00,AAPL,AAPL_1237,0.0143204438705923,-0.0047509638
2024-12-05 05:00:00,AAPL,AAPL_1237,0.0202436371117817,-0.0058712997
2024-12-06 05:00:00,AAPL,AAPL_1237,0.0217839261435388,0.051748175
2024-12-09 05:00:00,AAPL,AAPL_1242,0.0173859910278939,0.06613236
2024-12-10 05:00:00,AAPL,AAPL_1242,0.0230455315680551,0.066304
2024-12-11 05:00:00,AAPL,AAPL_1242,0.0063288471087197,0.06632043
2024-12-12 05:00:00,AAPL,AAPL_1242,0.007380168263898,0.06507488
2024-12-13 05:00:00,AAPL,AAPL_1242,0.0256317272606967,0.063272126
2024-12-16 05:00:00,AAPL,AAPL_1247,0.0168499486116013,0.06768842
2024-12-17 05:00:00,AAPL,AAPL_1247,0.0186208638119342,0.066266
2024-12-18 05:00:00,AAPL,AAPL_1247,0.0442248975083667,0.06221319
2024-12-19 05:00:00,AAPL,AAPL_1247,0.0232195172250715,0.060680103
2024-12-20 05:00:00,AAPL,AAPL_1247,-0.0089984223171523,0.070343904
2020-12-31 05:00:00,AAPL,AAPL_252,-0.0048232676002176,0.012009903
2021-01-04 05:00:00,AAPL,AAPL_252,-0.0033228338026561,-0.027213275
2021-01-05 05:00:00,AAPL,AAPL_252,-0.0168688767860593,-0.018795373
2021-01-06 05:00:00,AAPL,AAPL_252,0.0338862635642471,-0.013704062
2021-01-07 05:00:00,AAPL,AAPL_252,-0.0153528455159474,-0.010195476
2021-01-08 05:00:00,AAPL,AAPL_257,-0.0371829121441584,-0.0026684576
2021-01-11 05:00:00,AAPL,AAPL_257,-0.0089160639988984,0.007906155
2021-01-12 05:00:00,AAPL,AAPL_257,0.0250776059860891,0.0038640925
2021-01-13 05:00:00,AAPL,AAPL_257,0.0456871858463161,0.010869022
2021-01-14 05:00:00,AAPL,AAPL_257,0.0788147030756443,0.03028767
2021-01-15 05:00:00,AAPL,AAPL_262,0.1241151396496047,0.050126478
2021-01-19 05:00:00,AAPL,AAPL_262,0.1199249128644732,0.046618417
2021-01-20 05:00:00,AAPL,AAPL_262,0.0759675745817671,0.023952466
2021-01-21 05:00:00,AAPL,AAPL_262,0.0016073736286374,0.017196707
2021-01-22 05:00:00,AAPL,AAPL_262,-0.0511253342625902,0.025399277
2021-01-25 05:00:00,AAPL,AAPL_267,-0.0614329617393225,-0.052987337
2021-01-26 05:00:00,AAPL,AAPL_267,-0.0570689994408522,-0.0576025
2021-01-27 05:00:00,AAPL,AAPL_267,-0.0571589135346728,-0.059227988
2021-01-28 05:00:00,AAPL,AAPL_267,0.0021883657434667,-0.031508252
2021-01-29 05:00:00,AAPL,AAPL_267,0.0363745646313637,-0.01971821
2021-02-01 05:00:00,AAPL,AAPL_272,0.0206500990388009,-0.013440904
2021-02-02 05:00:00,AAPL,AAPL_272,0.007556033574082,-0.012078426
2021-02-03 05:00:00,AAPL,AAPL_272,0.0108257198881007,-0.006740568
2021-02-04 05:00:00,AAPL,AAPL_272,-0.0164494833457741,-0.0061993795
2021-02-05 05:00:00,AAPL,AAPL_272,-0.0101637865273456,0.004569469
2021-02-08 05:00:00,AAPL,AAPL_277,-0.0271711425111345,-0.011523968
2021-02-09 05:00:00,AAPL,AAPL_277,-0.0380118989614801,0.008900618
2021-02-10 05:00:00,AAPL,AAPL_277,-0.0419528229661513,0.008900618
2021-02-11 05:00:00,AAPL,AAPL_277,-0.0389255500300365,0.033131592
2021-02-12 05:00:00,AAPL,AAPL_277,-0.0692176660645962,0.029399289
2021-02-16 05:00:00,AAPL,AAPL_282,-0.0550341744627518,0.02030131
2021-02-17 05:00:00,AAPL,AAPL_282,-0.0419596302157618,0.024359213
2021-02-18 05:00:00,AAPL,AAPL_282,-0.0672269555064746,0.06762651
2021-02-19 05:00:00,AAPL,AAPL_282,-0.0662970147429961,0.06671481
2021-02-22 05:00:00,AAPL,AAPL_282,0.0142063564724392,0.09059418
2021-02-23 05:00:00,AAPL,AAPL_287,-0.0058795317033285,-0.030605322
2021-02-24 05:00:00,AAPL,AAPL_287,-0.0262465173959021,-0.030268304
2021-02-25 05:00:00,AAPL,AAPL_287,-0.0071080306267952,0.0357365
2021-02-26 05:00:00,AAPL,AAPL_287,0.0013194460654477,0.025460616
2021-03-01 05:00:00,AAPL,AAPL_287,-0.0894436201837992,-0.023109106
2021-03-02 05:00:00,AAPL,AAPL_292,-0.0322091297972059,0.005328191
2021-03-03 05:00:00,AAPL,AAPL_292,-0.0170407524435816,0.0057488955
2021-03-04 05:00:00,AAPL,AAPL_292,0.0152335126354348,0.043527626
2021-03-05 05:00:00,AAPL,AAPL_292,-0.003211986456348,0.006450183
2021-03-08 05:00:00,AAPL,AAPL_292,0.0655723376881727,0.041725993
2021-03-09 05:00:00,AAPL,AAPL_297,0.0369973035958524,0.026504079
2021-03-10 05:00:00,AAPL,AAPL_297,0.0398399620399798,0.028917324
2021-03-11 05:00:00,AAPL,AAPL_297,-0.0117251583790626,0.0064742365
2021-03-12 05:00:00,AAPL,AAPL_297,-0.008592918499684,0.027366199
2021-03-15 04:00:00,AAPL,AAPL_297,-0.0048390877043187,0.038259
2021-03-16 04:00:00,AAPL,AAPL_302,-0.0241299576862368,0.0076952726
2021-03-17 04:00:00,AAPL,AAPL_302,-0.0374319150238591,-0.0076549826
2021-03-18 04:00:00,AAPL,AAPL_302,0.0004977811267019,0.030932983
2021-03-19 04:00:00,AAPL,AAPL_302,0.010167524313887,0.011609572
2021-03-22 04:00:00,AAPL,AAPL_302,-0.0162087690241757,0.005101829
2021-03-23 04:00:00,AAPL,AAPL_307,-0.021543980495547,-0.014320023
2021-03-24 04:00:00,AAPL,AAPL_307,0.0171538450396164,-0.0017530652
2021-03-25 04:00:00,AAPL,AAPL_307,0.0199851043643504,-0.0046545225
2021-03-26 04:00:00,AAPL,AAPL_307,0.0386931975648126,-0.010296228
2021-03-29 04:00:00,AAPL,AAPL_307,0.0397067280588128,0.00019911116
2021-03-30 04:00:00,AAPL,AAPL_312,0.0667222677080059,0.03410252
2021-03-31 04:00:00,AAPL,AAPL_312,0.0672124353820271,0.013340884
2021-04-01 04:00:00,AAPL,AAPL_312,0.08130081300813,0.0060807406
2021-04-05 04:00:00,AAPL,AAPL_312,0.0424146457709733,-0.026728056
2021-04-06 04:00:00,AAPL,AAPL_312,0.0651294956892198,-0.022478951
2021-04-07 04:00:00,AAPL,AAPL_317,0.0322908303686166,0.024827631
2021-04-08 04:00:00,AAPL,AAPL_317,0.0317582032085361,-0.025737925
2021-04-09 04:00:00,AAPL,AAPL_317,0.0087218320459352,-0.04068789
2021-04-12 04:00:00,AAPL,AAPL_317,0.027430590475814,-0.022336211
2021-04-13 04:00:00,AAPL,AAPL_317,-0.0098191782886818,-0.039634228
2021-04-14 04:00:00,AAPL,AAPL_322,0.011133842568312,0.014799224
2021-04-15 04:00:00,AAPL,AAPL_322,-0.0190334390973513,-0.0034903623
2021-04-16 04:00:00,AAPL,AAPL_322,0.0011926331077953,0.012455542
2021-04-19 04:00:00,AAPL,AAPL_322,-0.0008899074491726,0.007728692
2021-04-20 04:00:00,AAPL,AAPL_322,0.009616097764463,0.013192994
2021-04-21 04:00:00,AAPL,AAPL_327,0.0005992646520951,-0.039716136
2021-04-22 04:00:00,AAPL,AAPL_327,0.0116719210067979,-0.025161533
2021-04-23 04:00:00,AAPL,AAPL_327,-0.021292439356768,-0.034835003
2021-04-26 04:00:00,AAPL,AAPL_327,-0.0161817689639042,-0.03360927
2021-04-27 04:00:00,AAPL,AAPL_327,-0.0486643421774662,-0.023206616
2021-04-28 04:00:00,AAPL,AAPL_332,-0.041024072858375,-0.02365676
2021-04-29 04:00:00,AAPL,AAPL_332,-0.0280191066383393,-0.025650509
2021-04-30 04:00:00,AAPL,AAPL_332,-0.0095085952849578,-0.0065707467
2021-05-03 04:00:00,AAPL,AAPL_332,-0.0429303991266086,-0.015675478
2021-05-04 04:00:00,AAPL,AAPL_332,-0.0151739916712193,-0.0015988061
2021-05-05 04:00:00,AAPL,AAPL_337,-0.0416081905268772,-0.022307018
2021-05-06 04:00:00,AAPL,AAPL_337,-0.0367658707453366,-0.023571232
2021-05-07 04:00:00,AAPL,AAPL_337,-0.0211966025905369,-0.026106374
2021-05-10 04:00:00,AAPL,AAPL_337,-0.0045723440128618,-0.03470595
2021-05-11 04:00:00,AAPL,AAPL_337,-0.0084187527373352,-0.030426761
2021-05-12 04:00:00,AAPL,AAPL_342,0.0156390474125525,0.012154179
2021-05-13 04:00:00,AAPL,AAPL_342,0.018724464391723,0.013525226
2021-05-14 04:00:00,AAPL,AAPL_342,-0.0158493267276165,0.012127189
2021-05-17 04:00:00,AAPL,AAPL_342,0.0065732308000363,0.037370488
2021-05-18 04:00:00,AAPL,AAPL_342,0.0164197282884448,0.031025024
2021-05-19 04:00:00,AAPL,AAPL_347,0.0173229287867715,0.011588388
2021-05-20 04:00:00,AAPL,AAPL_347,-0.0159453210134781,0.006291458
2021-05-21 04:00:00,AAPL,AAPL_347,-0.0065375085133471,0.007884403
2021-05-24 04:00:00,AAPL,AAPL_347,-0.0221872519959031,0.012393123
2021-05-25 04:00:00,AAPL,AAPL_347,-0.0144996370777025,0.0070852414
2021-05-26 04:00:00,AAPL,AAPL_352,-0.0260937926559694,-0.0052954257
2021-05-27 04:00:00,AAPL,AAPL_352,0.004869098150505,-0.0013069883
2021-05-28 04:00:00,AAPL,AAPL_352,0.0103523064698562,-0.0024216105
2021-06-01 04:00:00,AAPL,AAPL_352,0.0197940063456327,0.008952968
2021-06-02 04:00:00,AAPL,AAPL_352,0.0165520528964855,0.0034280024
2021-06-03 04:00:00,AAPL,AAPL_357,0.0208029761678689,0.02769827
2021-06-04 04:00:00,AAPL,AAPL_357,0.0115974191083578,0.016322436
2021-06-07 04:00:00,AAPL,AAPL_357,0.03637803134354,0.016367657
2021-06-08 04:00:00,AAPL,AAPL_357,0.0228815020889938,0.020048859
2021-06-09 04:00:00,AAPL,AAPL_357,0.0237551853088333,0.011438855
2021-06-10 04:00:00,AAPL,AAPL_362,0.0450399861096741,0.020077448
2021-06-11 04:00:00,AAPL,AAPL_362,0.0244209523125991,0.013818504
2021-06-14 04:00:00,AAPL,AAPL_362,0.0139485544436956,0.008348444
2021-06-15 04:00:00,AAPL,AAPL_362,0.0334772937235694,0.00350971
2021-06-16 04:00:00,AAPL,AAPL_362,0.0272762444735981,0.0048350524
2021-06-17 04:00:00,AAPL,AAPL_367,0.0122923625351381,0.0043912437
2021-06-18 04:00:00,AAPL,AAPL_367,0.0203126917070952,0.019111075
2021-06-21 04:00:00,AAPL,AAPL_367,0.0187452431620038,0.0016799008
2021-06-22 04:00:00,AAPL,AAPL_367,0.0175399774477869,-0.0010611926
2021-06-23 04:00:00,AAPL,AAPL_367,0.0243830204939123,0.007326583
2021-06-24 04:00:00,AAPL,AAPL_372,0.0289333670968774,-0.00505348
2021-06-25 04:00:00,AAPL,AAPL_372,0.0514612431230274,-0.010865995
2021-06-28 04:00:00,AAPL,AAPL_372,0.0537172099624339,-0.009496161
2021-06-29 04:00:00,AAPL,AAPL_372,0.0604416150699931,-0.026369918
2021-06-30 04:00:00,AAPL,AAPL_372,0.0458527925777403,-0.026736759
2021-07-01 04:00:00,AAPL,AAPL_377,0.0571136890352925,0.05092312
2021-07-02 04:00:00,AAPL,AAPL_377,0.0324377898567433,0.03851823
2021-07-06 04:00:00,AAPL,AAPL_377,0.0254893325467211,0.03381942
2021-07-07 04:00:00,AAPL,AAPL_377,0.0316800604567608,0.037399273
2021-07-08 04:00:00,AAPL,AAPL_377,0.0365818907667179,0.043585278
2021-07-09 04:00:00,AAPL,AAPL_382,0.0088208860444698,0.011098597
2021-07-12 04:00:00,AAPL,AAPL_382,-0.0141868723305038,0.02335321
2021-07-13 04:00:00,AAPL,AAPL_382,0.0035017475211016,0.02933877
2021-07-14 04:00:00,AAPL,AAPL_382,-0.0251424750483237,0.013648136
2021-07-15 04:00:00,AAPL,AAPL_382,-0.0113146061700057,0.024885392
2021-07-16 04:00:00,AAPL,AAPL_387,0.0148234044538069,0.0052274023
2021-07-19 04:00:00,AAPL,AAPL_387,0.0459109068798233,-0.005508846
2021-07-20 04:00:00,AAPL,AAPL_387,0.0042422880730033,-0.02801216
2021-07-21 04:00:00,AAPL,AAPL_387,-0.0028885707467383,-0.025157483
2021-07-22 04:00:00,AAPL,AAPL_387,-0.0079019321389277,-0.02859076
2021-07-23 04:00:00,AAPL,AAPL_392,-0.0181744547160299,-0.003961733
2021-07-26 04:00:00,AAPL,AAPL_392,-0.0232901610360859,-7.745649e-05
2021-07-27 04:00:00,AAPL,AAPL_392,0.0040198700055589,-0.0023682688
2021-07-28 04:00:00,AAPL,AAPL_392,0.0135880899348717,-0.0051771784
2021-07-29 04:00:00,AAPL,AAPL_392,0.009750056130845,-0.002375397
2021-07-30 04:00:00,AAPL,AAPL_397,0.0019196406014343,0.0075220377
2021-08-02 04:00:00,AAPL,AAPL_397,0.0039169327150545,0.009869049
2021-08-03 04:00:00,AAPL,AAPL_397,-0.0119435023041951,0.008310393
2021-08-04 04:00:00,AAPL,AAPL_397,-0.0074174641750727,0.0055666035
2021-08-05 04:00:00,AAPL,AAPL_397,0.0124439131064553,0.003317887
2021-08-06 04:00:00,AAPL,AAPL_402,0.0202545964570248,0.034557562
2021-08-09 04:00:00,AAPL,AAPL_402,0.0344308228173475,0.032759618
2021-08-10 04:00:00,AAPL,AAPL_402,0.0315246988013677,0.025645928
2021-08-11 04:00:00,AAPL,AAPL_402,0.0034279445900708,0.02033982
2021-08-12 04:00:00,AAPL,AAPL_402,-0.0147088619140561,0.011057937
2021-08-13 04:00:00,AAPL,AAPL_407,-0.0061033106965642,0.0075108367
2021-08-16 04:00:00,AAPL,AAPL_407,-0.0093302570730426,0.0026879392
2021-08-17 04:00:00,AAPL,AAPL_407,-0.0037952414605034,0.019312605
2021-08-18 04:00:00,AAPL,AAPL_407,0.0136649357178162,0.016514575
2021-08-19 04:00:00,AAPL,AAPL_407,0.0057259465260042,0.0013619282
2021-08-20 04:00:00,AAPL,AAPL_412,0.0027667430687268,0.0032341212
2021-08-23 04:00:00,AAPL,AAPL_412,0.0227772910987682,-0.0004916373
2021-08-24 04:00:00,AAPL,AAPL_412,0.0147707979280191,0.005961895
2021-08-25 04:00:00,AAPL,AAPL_412,0.027972458070985,0.007705652
2021-08-26 04:00:00,AAPL,AAPL_412,0.0414125043268918,0.006827361
2021-08-27 04:00:00,AAPL,AAPL_417,0.0383579859631468,0.025156312
2021-08-30 04:00:00,AAPL,AAPL_417,0.0233150955986285,0.0069540506
2021-08-31 04:00:00,AAPL,AAPL_417,0.0216031004395733,0.013529331
2021-09-01 04:00:00,AAPL,AAPL_417,0.0102289218646118,0.017656026
2021-09-02 04:00:00,AAPL,AAPL_417,-0.0304587885563745,0.014167998
2021-09-03 04:00:00,AAPL,AAPL_422,-0.0307841860405322,-0.0048376517
2021-09-07 04:00:00,AAPL,AAPL_422,-0.0546940276385755,-0.021988621
2021-09-08 04:00:00,AAPL,AAPL_422,-0.0391980001749089,-0.015499652
2021-09-09 04:00:00,AAPL,AAPL_422,-0.0342702264365762,-0.004069374
2021-09-10 04:00:00,AAPL,AAPL_422,-0.0195341588122707,-0.01369991
2021-09-13 04:00:00,AAPL,AAPL_427,-0.0441992676393587,-0.028712757
2021-09-14 04:00:00,AAPL,AAPL_427,-0.031663533594473,-0.028872058
2021-09-15 04:00:00,AAPL,AAPL_427,-0.0213379366693184,-0.018212534
2021-09-16 04:00:00,AAPL,AAPL_427,-0.0131728714531825,-0.028139839
2021-09-17 04:00:00,AAPL,AAPL_427,0.0058879955136694,-0.029689407
2021-09-20 04:00:00,AAPL,AAPL_432,0.0170000883886745,4.1182946e-05
2021-09-21 04:00:00,AAPL,AAPL_432,-0.010597427952937,-0.0110964365
2021-09-22 04:00:00,AAPL,AAPL_432,-0.0207062334321571,-0.021958562
2021-09-23 04:00:00,AAPL,AAPL_432,-0.0363004955702955,-0.032452367
2021-09-24 04:00:00,AAPL,AAPL_432,-0.0290634653258762,-0.029028097
2021-09-27 04:00:00,AAPL,AAPL_437,-0.0428561321923197,-0.030260192
2021-09-28 04:00:00,AAPL,AAPL_437,-0.0056373971609685,-0.00088476314
2021-09-29 04:00:00,AAPL,AAPL_437,-0.0058111168551019,-0.022591382
2021-09-30 04:00:00,AAPL,AAPL_437,0.0126501292306204,-0.02386111
2021-10-01 04:00:00,AAPL,AAPL_437,0.0017525412597032,-0.026733946
2021-10-04 04:00:00,AAPL,AAPL_442,0.0263762985844768,0.0020114526
2021-10-05 04:00:00,AAPL,AAPL_442,0.0028346247236501,-0.00434259
2021-10-06 04:00:00,AAPL,AAPL_442,-0.0076760305485255,-0.030494025
2021-10-07 04:00:00,AAPL,AAPL_442,0.0032800700867128,-0.03771249
2021-10-08 04:00:00,AAPL,AAPL_442,0.0135759448864047,-0.017019631
2021-10-11 04:00:00,AAPL,AAPL_447,0.0261886811644931,0.0047428147
2021-10-12 04:00:00,AAPL,AAPL_447,0.0512331303895978,-0.003889063
2021-10-13 04:00:00,AAPL,AAPL_447,0.0592576156959667,0.01491205
2021-10-14 04:00:00,AAPL,AAPL_447,0.0397885464612419,-0.020651435
2021-10-15 04:00:00,AAPL,AAPL_447,0.0265810977689762,-0.0011768679
2021-10-18 04:00:00,AAPL,AAPL_452,0.014261318965326,0.024798319
2021-10-19 04:00:00,AAPL,AAPL_452,0.0037645391103928,0.016088406
2021-10-20 04:00:00,AAPL,AAPL_452,-0.0027468070374445,0.01981299
2021-10-21 04:00:00,AAPL,AAPL_452,0.0206717399317559,0.019340724
2021-10-22 04:00:00,AAPL,AAPL_452,0.0074652000277488,0.020094024
2021-10-25 04:00:00,AAPL,AAPL_457,0.0021529018133259,0.012345068
2021-10-26 04:00:00,AAPL,AAPL_457,0.0046878978965108,0.009872131
2021-10-27 04:00:00,AAPL,AAPL_457,0.0177359709868771,0.012123118
2021-10-28 04:00:00,AAPL,AAPL_457,-0.0105525367573079,0.0046203467
2021-10-29 04:00:00,AAPL,AAPL_457,0.0098798110640072,0.010190579
2021-11-01 04:00:00,AAPL,AAPL_462,0.0099355240388914,0.021701619
2021-11-02 04:00:00,AAPL,AAPL_462,0.0052659196349444,0.019863253
2021-11-03 04:00:00,AAPL,AAPL_462,-0.0235659594347288,0.020422876
2021-11-04 04:00:00,AAPL,AAPL_462,-0.0204690743193762,0.021498095
2021-11-05 04:00:00,AAPL,AAPL_462,-0.0085271899559887,0.018272717
2021-11-08 05:00:00,AAPL,AAPL_467,-0.0029247702357464,0.0005469425
2021-11-09 05:00:00,AAPL,AAPL_467,0.0012598796133023,0.024461705
2021-11-10 05:00:00,AAPL,AAPL_467,0.037655539434614,0.018955614
2021-11-11 05:00:00,AAPL,AAPL_467,0.0676269718685995,0.015319369
2021-11-12 05:00:00,AAPL,AAPL_467,0.0704046747906481,0.0058357143
2021-11-15 05:00:00,AAPL,AAPL_472,0.0734666951497395,0.024286998
2021-11-16 05:00:00,AAPL,AAPL_472,0.0689404216033733,0.018688114
2021-11-17 05:00:00,AAPL,AAPL_472,0.0550524245607544,-0.021360232
2021-11-18 05:00:00,AAPL,AAPL_472,-0.0067143699966982,-0.038562536
2021-11-19 05:00:00,AAPL,AAPL_472,-0.0019308474163891,-0.04739467
2021-11-22 05:00:00,AAPL,AAPL_477,0.026580540713778,-0.035989128
2021-11-23 05:00:00,AAPL,AAPL_477,0.020816557425928,-0.036207628
2021-11-24 05:00:00,AAPL,AAPL_477,0.0112386812275626,-0.04071245
2021-11-26 05:00:00,AAPL,AAPL_477,0.0320770286181362,-0.008446766
2021-11-29 05:00:00,AAPL,AAPL_477,0.0317024566706682,-0.022122974
2021-11-30 05:00:00,AAPL,AAPL_482,0.0355716244129913,-0.025475789
2021-12-01 05:00:00,AAPL,AAPL_482,0.0625720537188632,-0.026478862
2021-12-02 05:00:00,AAPL,AAPL_482,0.0659501918297083,-0.013759916
2021-12-03 05:00:00,AAPL,AAPL_482,0.1088111777609366,-0.0020009377
2021-12-06 05:00:00,AAPL,AAPL_482,0.0630292626863369,-0.018712422
2021-12-07 05:00:00,AAPL,AAPL_487,0.0184017367101985,0.06143092
2021-12-08 05:00:00,AAPL,AAPL_487,0.0241032737980848,0.056717787
2021-12-09 05:00:00,AAPL,AAPL_487,-0.013176003001408,0.06108255
2021-12-10 05:00:00,AAPL,AAPL_487,-0.0463081510165227,0.023832578
2021-12-13 05:00:00,AAPL,AAPL_487,-0.0340844731189965,0.06428178
2021-12-14 05:00:00,AAPL,AAPL_492,-0.0076865503574606,-0.023592228
2021-12-15 05:00:00,AAPL,AAPL_492,-0.0204127361952852,-0.011441993
2021-12-16 05:00:00,AAPL,AAPL_492,0.0233368419868456,0.009279573
2021-12-17 05:00:00,AAPL,AAPL_492,0.0536987406461455,-0.0075196438
2021-12-20 05:00:00,AAPL,AAPL_492,0.0562002549993096,-0.0071722087
2021-12-21 05:00:00,AAPL,AAPL_497,0.0369385466601477,0.054870646
2021-12-22 05:00:00,AAPL,AAPL_497,0.0145752537433943,0.053908892
2021-12-23 05:00:00,AAPL,AAPL_497,0.0073179518598531,0.05705196
2021-12-27 05:00:00,AAPL,AAPL_497,0.0093162128249477,0.04156019
2021-12-28 05:00:00,AAPL,AAPL_497,0.0022868184364033,0.0520372
2021-12-29 05:00:00,AAPL,AAPL_502,-0.0248634551926836,0.007426004
2021-12-30 05:00:00,AAPL,AAPL_502,-0.0347923515960719,0.017435698
2021-12-31 05:00:00,AAPL,AAPL_502,-0.0304105926256664,0.01187267
2022-01-03 05:00:00,AAPL,AAPL_502,-0.0539530375353146,0.006202892
2022-01-04 05:00:00,AAPL,AAPL_502,-0.0257094891243552,0.037168797
2022-01-05 05:00:00,AAPL,AAPL_507,0.0034873120097016,-0.007008029
2022-01-06 05:00:00,AAPL,AAPL_507,0.001104665357013,-0.009672442
2022-01-07 05:00:00,AAPL,AAPL_507,0.0052274447629969,-0.017412009
2022-01-10 05:00:00,AAPL,AAPL_507,-0.0138800125196683,-0.003682059
2022-01-11 05:00:00,AAPL,AAPL_507,-0.0505483551002903,-0.0075567802
2022-01-12 05:00:00,AAPL,AAPL_512,-0.0627813157243678,-0.02530888
2022-01-13 05:00:00,AAPL,AAPL_512,-0.0567977155504417,0.008085062
2022-01-14 05:00:00,AAPL,AAPL_512,-0.0661582696161877,-0.0073007457
2022-01-18 05:00:00,AAPL,AAPL_512,-0.059010624807861,0.0146495635
2022-01-19 05:00:00,AAPL,AAPL_512,-0.0393430394888071,0.01822173
2022-01-20 05:00:00,AAPL,AAPL_517,-0.0321560601955585,-0.0152396215
2022-01-21 05:00:00,AAPL,AAPL_517,0.0487654577326572,0.0013206785
2022-01-24 05:00:00,AAPL,AAPL_517,0.081425591261572,-0.004186827
2022-01-25 05:00:00,AAPL,AAPL_517,0.092815132960035,0.0009195333
2022-01-26 05:00:00,AAPL,AAPL_517,0.1011334062845303,0.01735926
2022-01-27 05:00:00,AAPL,AAPL_522,0.0859188077559345,0.09547407
2022-01-28 05:00:00,AAPL,AAPL_522,0.0120941556769136,-0.039651647
2022-01-31 05:00:00,AAPL,AAPL_522,-0.017850984889451,0.03809644
2022-02-01 05:00:00,AAPL,AAPL_522,0.001259957734002,0.038882487
2022-02-02 05:00:00,AAPL,AAPL_522,0.0025022887316303,0.007549649
2022-02-03 05:00:00,AAPL,AAPL_527,-0.0045112712945719,0.004872516
2022-02-04 05:00:00,AAPL,AAPL_527,-0.0217530019912812,0.0035569125
2022-02-07 05:00:00,AAPL,AAPL_527,-0.0161947962250365,0.0015668805
2022-02-08 05:00:00,AAPL,AAPL_527,-0.0116685267034042,0.012899206
2022-02-09 05:00:00,AAPL,AAPL_527,-0.021159494856867,-0.002492151
2022-02-10 05:00:00,AAPL,AAPL_532,-0.0188240200225956,-0.010663749
2022-02-11 05:00:00,AAPL,AAPL_532,-0.0079458986168193,-0.007595351
2022-02-14 05:00:00,AAPL,AAPL_532,-0.0270014058902827,-0.011317352
2022-02-15 05:00:00,AAPL,AAPL_532,-0.0736152928766558,-0.0021245354
2022-02-16 05:00:00,AAPL,AAPL_532,-0.0568530709075163,-0.008376852
2022-02-17 05:00:00,AAPL,AAPL_537,-0.0238630901396131,-0.037156686
2022-02-18 05:00:00,AAPL,AAPL_537,-0.0130305313496968,-0.020568581
2022-02-22 05:00:00,AAPL,AAPL_537,-0.0068160316824151,0.00680703
2022-02-23 05:00:00,AAPL,AAPL_537,0.0405446988031283,0.009727157
2022-02-24 05:00:00,AAPL,AAPL_537,0.0214451893607783,0.0045246673
2022-02-25 05:00:00,AAPL,AAPL_542,-0.0101911305572859,-0.00014545223
2022-02-28 05:00:00,AAPL,AAPL_542,-0.0352470460121996,-0.008524367
2022-03-01 05:00:00,AAPL,AAPL_542,-0.0352940846479469,0.0167407
2022-03-02 05:00:00,AAPL,AAPL_542,-0.021673875259764,-0.00056861073
2022-03-03 05:00:00,AAPL,AAPL_542,-0.0463814693691941,0.009959098
2022-03-04 05:00:00,AAPL,AAPL_547,-0.0517252101251328,-0.02196415
2022-03-07 05:00:00,AAPL,AAPL_547,-0.0544884354569039,-0.011262728
2022-03-08 05:00:00,AAPL,AAPL_547,-0.0149263596739984,0.021904849
2022-03-09 05:00:00,AAPL,AAPL_547,-0.0206198261631069,-0.0027340285
2022-03-10 05:00:00,AAPL,AAPL_547,0.0132474816308807,0.000704158
2022-03-11 05:00:00,AAPL,AAPL_552,0.0597815566174262,0.008045695
2022-03-14 04:00:00,AAPL,AAPL_552,0.0979950222023391,0.042723533
2022-03-15 04:00:00,AAPL,AAPL_552,0.0885293140146505,0.013498938
2022-03-16 04:00:00,AAPL,AAPL_552,0.0665455894459163,-0.0037552773
2022-03-17 04:00:00,AAPL,AAPL_552,0.0837380937362013,0.0065364465
2022-03-18 04:00:00,AAPL,AAPL_557,0.0654958273752435,0.042217743
2022-03-21 04:00:00,AAPL,AAPL_557,0.0617970789633546,0.038708743
2022-03-22 04:00:00,AAPL,AAPL_557,0.0600639672415994,0.038325347
2022-03-23 04:00:00,AAPL,AAPL_557,0.0444157056600234,0.043009765
2022-03-24 04:00:00,AAPL,AAPL_557,0.0031021615638071,-0.012852605
2022-03-25 04:00:00,AAPL,AAPL_562,-0.0023466326650917,-0.0017721459
2022-03-28 04:00:00,AAPL,AAPL_562,0.0161730993119468,-0.003392027
2022-03-29 04:00:00,AAPL,AAPL_562,-0.0217926296879784,0.0009207143
2022-03-30 04:00:00,AAPL,AAPL_562,-0.0334139747912828,-0.0021013191
2022-03-31 04:00:00,AAPL,AAPL_562,-0.0141458176053445,0.015351092
2022-04-01 04:00:00,AAPL,AAPL_567,-0.0242097486077044,-0.02441886
2022-04-04 04:00:00,AAPL,AAPL_567,-0.0711163543363726,-0.04017978
2022-04-05 04:00:00,AAPL,AAPL_567,-0.0422711870197961,-0.019450007
2022-04-06 04:00:00,AAPL,AAPL_567,-0.0083222249859271,-0.016847415
2022-04-07 04:00:00,AAPL,AAPL_567,-0.0397932271860316,-0.03582625
2022-04-08 04:00:00,AAPL,AAPL_572,-0.0295137228629217,-0.0360764
2022-04-11 04:00:00,AAPL,AAPL_572,0.0099547143075979,-0.04537813
2022-04-12 04:00:00,AAPL,AAPL_572,-0.0025647615720975,-0.046991955
2022-04-13 04:00:00,AAPL,AAPL_572,-0.0233567832752203,-0.044215128
2022-04-14 04:00:00,AAPL,AAPL_572,-0.0211749055730262,-0.02892212
2022-04-18 04:00:00,AAPL,AAPL_577,-0.0132671130080269,-0.030391123
2022-04-19 04:00:00,AAPL,AAPL_577,-0.0633213335197688,-0.020717569
2022-04-20 04:00:00,AAPL,AAPL_577,-0.0637444757260425,-0.03819535
2022-04-21 04:00:00,AAPL,AAPL_577,-0.0167047158387461,-0.04398903
2022-04-22 04:00:00,AAPL,AAPL_577,-0.0255887234158336,-0.022740036
2022-04-25 04:00:00,AAPL,AAPL_582,-0.0302062746896717,-0.027319148
2022-04-26 04:00:00,AAPL,AAPL_582,0.0170917896914619,0.07343224
2022-04-27 04:00:00,AAPL,AAPL_582,0.0603563677982943,0.07857636
2022-04-28 04:00:00,AAPL,AAPL_582,-0.0419823707089433,0.0031562003
2022-04-29 04:00:00,AAPL,AAPL_582,-0.0023469402569749,0.012450265
2022-05-02 04:00:00,AAPL,AAPL_587,-0.0373512845309057,0.04692417
2022-05-03 04:00:00,AAPL,AAPL_587,-0.0311637907815977,0.046201784
2022-05-04 04:00:00,AAPL,AAPL_587,-0.1175762183479167,0.014603026
2022-05-05 04:00:00,AAPL,AAPL_587,-0.0906423826408187,0.045135815
2022-05-06 04:00:00,AAPL,AAPL_587,-0.0646617386055321,0.06933463
2022-05-09 04:00:00,AAPL,AAPL_592,-0.0428778401758724,0.009782121
2022-05-10 04:00:00,AAPL,AAPL_592,-0.0341077548445496,-0.0010265625
2022-05-11 04:00:00,AAPL,AAPL_592,-0.0387712810633532,0.048071112
2022-05-12 04:00:00,AAPL,AAPL_592,-0.0365459563994223,0.06199347
2022-05-13 04:00:00,AAPL,AAPL_592,-0.0647135084831959,0.0039139413
2022-05-16 04:00:00,AAPL,AAPL_597,-0.0166963912867844,-0.041405223
2022-05-17 04:00:00,AAPL,AAPL_597,-0.0595015046633675,-0.06381011
2022-05-18 04:00:00,AAPL,AAPL_597,-0.0021304007680321,-0.040475477
2022-05-19 04:00:00,AAPL,AAPL_597,0.0468146515474867,-0.038969688
2022-05-20 04:00:00,AAPL,AAPL_597,0.0875790636854563,-0.047245342
2022-05-23 04:00:00,AAPL,AAPL_602,0.040039100713445,-0.012895632
2022-05-24 04:00:00,AAPL,AAPL_602,0.0594899263836268,-0.00044440356
2022-05-25 04:00:00,AAPL,AAPL_602,0.0760745951920047,-0.001709833
2022-05-26 04:00:00,AAPL,AAPL_602,0.011128154938794,-0.012948698
2022-05-27 04:00:00,AAPL,AAPL_602,-0.0233894681520703,-0.029456032
2022-05-31 04:00:00,AAPL,AAPL_607,-0.0008733514325567,0.0072386684
2022-06-01 04:00:00,AAPL,AAPL_607,-0.0050433727801726,0.0196596
2022-06-02 04:00:00,AAPL,AAPL_607,-0.0566761916784758,0.00035391815
2022-06-03 04:00:00,AAPL,AAPL_607,-0.0567478313585843,0.0011598888
2022-06-06 04:00:00,AAPL,AAPL_607,-0.0975776280716613,0.0040638866
2022-06-07 04:00:00,AAPL,AAPL_612,-0.1072558098778158,-0.07474661
2022-06-08 04:00:00,AAPL,AAPL_612,-0.0846851410483991,-0.07859971
2022-06-09 04:00:00,AAPL,AAPL_612,-0.0881940681778188,-0.051582318
2022-06-10 04:00:00,AAPL,AAPL_612,-0.0406184432719791,-0.029340262
2022-06-13 04:00:00,AAPL,AAPL_612,0.0302547019005683,-0.018096438
2022-06-14 04:00:00,AAPL,AAPL_617,0.0195089763772648,0.028593378
2022-06-15 04:00:00,AAPL,AAPL_617,0.0209703296926158,-0.026968827
2022-06-16 04:00:00,AAPL,AAPL_617,0.0891896534004597,-0.010172032
2022-06-17 04:00:00,AAPL,AAPL_617,0.0767711028499928,0.007411765
2022-06-21 04:00:00,AAPL,AAPL_617,0.0115552173448201,-0.035865534
2022-06-22 04:00:00,AAPL,AAPL_622,0.0286663424385515,0.024730094
2022-06-23 04:00:00,AAPL,AAPL_622,-0.0112099732687035,-0.0051246984
2022-06-24 04:00:00,AAPL,AAPL_622,-0.0192715721851864,-0.010637012
2022-06-27 04:00:00,AAPL,AAPL_622,-0.0007059586399147,-0.02045891
2022-06-28 04:00:00,AAPL,AAPL_622,0.0398719123268009,-0.02119773
2022-06-29 04:00:00,AAPL,AAPL_627,0.0511384801728342,-0.00048341532
2022-06-30 04:00:00,AAPL,AAPL_627,0.0754826797344041,0.0064081196
2022-07-01 04:00:00,AAPL,AAPL_627,0.0427553642449858,-0.004699594
2022-07-05 04:00:00,AAPL,AAPL_627,0.0303758344583042,-0.0063382313
2022-07-06 04:00:00,AAPL,AAPL_627,0.0179821393586974,-0.0016612815
2022-07-07 04:00:00,AAPL,AAPL_632,0.0144857876923352,0.021627523
2022-07-08 04:00:00,AAPL,AAPL_632,0.0212867588800935,0.017919078
2022-07-11 04:00:00,AAPL,AAPL_632,0.015186113627267,0.036187656
2022-07-12 04:00:00,AAPL,AAPL_632,0.0352392662014267,0.034255818
2022-07-13 04:00:00,AAPL,AAPL_632,0.0518935150725765,0.02572009
2022-07-14 04:00:00,AAPL,AAPL_637,0.0463393603168713,0.030154167
2022-07-15 04:00:00,AAPL,AAPL_637,0.0261037372094472,0.015359113
2022-07-18 04:00:00,AAPL,AAPL_637,0.0399808889045669,0.033108
2022-07-19 04:00:00,AAPL,AAPL_637,0.003973550354408,0.015777132
2022-07-20 04:00:00,AAPL,AAPL_637,0.02450339887946,0.013743908
2022-07-21 04:00:00,AAPL,AAPL_642,0.0128741546277593,0.0019382909
2022-07-22 04:00:00,AAPL,AAPL_642,0.054643379642127,0.019745836
2022-07-25 04:00:00,AAPL,AAPL_642,0.055965987115975,0.006973353
2022-07-26 04:00:00,AAPL,AAPL_642,0.0554748553082364,0.016231481
2022-07-27 04:00:00,AAPL,AAPL_642,0.059570202159743,0.005577376
2022-07-28 04:00:00,AAPL,AAPL_647,0.0537654345530342,0.046428613
2022-07-29 04:00:00,AAPL,AAPL_647,0.0174759195906577,0.018732276
2022-08-01 04:00:00,AAPL,AAPL_647,0.020803669894307,0.02176673
2022-08-02 04:00:00,AAPL,AAPL_647,0.0306856060913096,0.046187617
2022-08-03 04:00:00,AAPL,AAPL_647,0.0187202824230658,0.02272414
2022-08-04 04:00:00,AAPL,AAPL_652,0.0161631263134374,0.020756554
2022-08-05 04:00:00,AAPL,AAPL_652,0.0408224962252148,0.024694106
2022-08-08 04:00:00,AAPL,AAPL_652,0.0504640478596787,0.035376757
2022-08-09 04:00:00,AAPL,AAPL_652,0.049175361996085,0.04575307
2022-08-10 04:00:00,AAPL,AAPL_652,0.0313755458889313,0.02892939
2022-08-11 04:00:00,AAPL,AAPL_657,0.0335924281488015,0.034911215
2022-08-12 04:00:00,AAPL,AAPL_657,-0.0033701441631898,0.0332764
2022-08-15 04:00:00,AAPL,AAPL_657,-0.0324498818520939,0.031913746
2022-08-16 04:00:00,AAPL,AAPL_657,-0.0335202166830956,0.023100827
2022-08-17 04:00:00,AAPL,AAPL_657,-0.0402177264378469,-0.008241039
2022-08-18 04:00:00,AAPL,AAPL_662,-0.0236577390845987,-0.039752513
2022-08-19 04:00:00,AAPL,AAPL_662,-0.0460588208867124,-0.025234438
2022-08-22 04:00:00,AAPL,AAPL_662,-0.0369397993128309,0.005723134
2022-08-23 04:00:00,AAPL,AAPL_662,-0.0497517926089354,0.005407022
2022-08-24 04:00:00,AAPL,AAPL_662,-0.0615412023740064,-0.014204587
2022-08-25 04:00:00,AAPL,AAPL_667,-0.0709874266428528,-0.034071315
2022-08-26 04:00:00,AAPL,AAPL_667,-0.0477325375361372,-0.02295616
2022-08-29 04:00:00,AAPL,AAPL_667,-0.0424464363381933,-0.036361597
2022-08-30 04:00:00,AAPL,AAPL_667,-0.018563947393235,-0.02376667
2022-08-31 04:00:00,AAPL,AAPL_667,-0.0175549833698417,-0.023129517
2022-09-01 04:00:00,AAPL,AAPL_672,-0.0037351960724365,-0.030440573
2022-09-02 04:00:00,AAPL,AAPL_672,0.048905687931366,0.013081595
2022-09-06 04:00:00,AAPL,AAPL_672,-0.0044651682317795,0.057847254
2022-09-07 04:00:00,AAPL,AAPL_672,-0.0041677938400321,0.058691368
2022-09-08 04:00:00,AAPL,AAPL_672,-0.0135310857557541,0.0073976596
2022-09-09 04:00:00,AAPL,AAPL_677,-0.042384179804914,0.029435355
2022-09-12 04:00:00,AAPL,AAPL_677,-0.0547634910930794,0.03576997
2022-09-13 04:00:00,AAPL,AAPL_677,0.0198907802355432,0.04187826
2022-09-14 04:00:00,AAPL,AAPL_677,-0.0102375659190309,0.033649627
2022-09-15 04:00:00,AAPL,AAPL_677,0.0024283677090886,0.049471162
2022-09-16 04:00:00,AAPL,AAPL_682,-0.0017916674049679,0.0074604684
2022-09-19 04:00:00,AAPL,AAPL_682,-0.0240159992082181,-0.01426461
2022-09-20 04:00:00,AAPL,AAPL_682,-0.0327597169509106,-0.010857629
2022-09-21 04:00:00,AAPL,AAPL_682,-0.0252407289357342,0.006336914
2022-09-22 04:00:00,AAPL,AAPL_682,-0.0671730352012078,0.0064103217
2022-09-23 04:00:00,AAPL,AAPL_687,-0.081300248108754,0.0057608476
2022-09-26 04:00:00,AAPL,AAPL_687,-0.0551834389364572,0.010708367
2022-09-27 04:00:00,AAPL,AAPL_687,-0.0372956550355262,0.00041272247
2022-09-28 04:00:00,AAPL,AAPL_687,-0.0229578385309687,0.06033515
2022-09-29 04:00:00,AAPL,AAPL_687,0.0207046395052075,0.047267057
2022-09-30 04:00:00,AAPL,AAPL_692,0.013675828012907,0.060143284
2022-10-03 04:00:00,AAPL,AAPL_692,-0.0142506059865655,0.039421614
2022-10-04 04:00:00,AAPL,AAPL_692,-0.0487338129947225,0.02514396
2022-10-05 04:00:00,AAPL,AAPL_692,-0.0550546304277359,0.01787057
2022-10-06 04:00:00,AAPL,AAPL_692,-0.0167777439696146,0.0019765042
2022-10-07 04:00:00,AAPL,AAPL_697,-0.0122063780411108,-0.0064322846
2022-10-10 04:00:00,AAPL,AAPL_697,0.0141718097074021,-0.03235519
2022-10-11 04:00:00,AAPL,AAPL_697,0.0343215169024195,0.025724985
2022-10-12 04:00:00,AAPL,AAPL_697,0.0399017234247898,0.030964864
2022-10-13 04:00:00,AAPL,AAPL_697,0.002797355627093,0.01919936
2022-10-14 04:00:00,AAPL,AAPL_702,0.0642433810952454,0.028106112
2022-10-17 04:00:00,AAPL,AAPL_702,0.0494346822912548,0.014119501
2022-10-18 04:00:00,AAPL,AAPL_702,0.059756496263587,0.019755054
2022-10-19 04:00:00,AAPL,AAPL_702,0.03816214006584,0.022589907
2022-10-20 04:00:00,AAPL,AAPL_702,0.0098333472913814,0.024033813
2022-10-21 04:00:00,AAPL,AAPL_707,0.0575134173625266,0.026397709
2022-10-24 04:00:00,AAPL,AAPL_707,0.0260287686121241,0.03523541
2022-10-25 04:00:00,AAPL,AAPL_707,-0.0110936226994374,0.024425756
2022-10-26 04:00:00,AAPL,AAPL_707,-0.0289253910122007,0.023128318
2022-10-27 04:00:00,AAPL,AAPL_707,-0.04088396439349,0.020811047
2022-10-28 04:00:00,AAPL,AAPL_712,-0.1114678309878032,-0.07397879
2022-10-31 04:00:00,AAPL,AAPL_712,-0.0940393798964902,-0.072400846
2022-11-01 04:00:00,AAPL,AAPL_712,-0.0740125744986477,-0.0735808
2022-11-02 04:00:00,AAPL,AAPL_712,-0.0700544973290017,-0.070766926
2022-11-03 04:00:00,AAPL,AAPL_712,0.0575316096879243,-0.05510705
2022-11-04 04:00:00,AAPL,AAPL_717,0.0818036686370697,-0.031815503
2022-11-07 05:00:00,AAPL,AAPL_717,0.0673769128543217,-0.01820891
2022-11-08 05:00:00,AAPL,AAPL_717,0.0755555074274754,-0.028733604
2022-11-09 05:00:00,AAPL,AAPL_717,0.1032104891592109,-0.0023657517
2022-11-10 05:00:00,AAPL,AAPL_717,0.0262137007660667,-0.04508154
2022-11-11 05:00:00,AAPL,AAPL_722,0.0106212182385037,0.008127431
2022-11-14 05:00:00,AAPL,AAPL_722,-0.0018209082457764,-0.0051383087
2022-11-15 05:00:00,AAPL,AAPL_722,0.0009330804846241,-0.01143375
2022-11-16 05:00:00,AAPL,AAPL_722,0.0153237054974613,-0.007477039
2022-11-17 05:00:00,AAPL,AAPL_722,-0.0173168828902122,-0.04347765
2022-11-18 05:00:00,AAPL,AAPL_727,-0.0467313925519072,-0.014430729
2022-11-21 05:00:00,AAPL,AAPL_727,-0.0462130706827011,-0.0062248553
2022-11-22 05:00:00,AAPL,AAPL_727,-0.0143161140054516,-0.0529492
2022-11-23 05:00:00,AAPL,AAPL_727,-0.0182697400662833,-0.052114617
2022-11-25 05:00:00,AAPL,AAPL_727,-0.0020255421681285,-0.04325086
2022-11-28 05:00:00,AAPL,AAPL_732,0.0167106063077984,-0.0503041
2022-11-29 05:00:00,AAPL,AAPL_732,0.0123256039932913,-0.051866274
2022-11-30 05:00:00,AAPL,AAPL_732,-0.0478956724742081,-0.052696873
2022-12-01 05:00:00,AAPL,AAPL_732,-0.0381633319080411,-0.06885057
2022-12-02 05:00:00,AAPL,AAPL_732,-0.038224707325664,-0.05337042
2022-12-05 05:00:00,AAPL,AAPL_737,-0.0145945530818111,-0.02809905
2022-12-06 05:00:00,AAPL,AAPL_737,0.0179133545097829,-0.010910666
2022-12-07 05:00:00,AAPL,AAPL_737,0.0161061744936796,0.067343295
2022-12-08 05:00:00,AAPL,AAPL_737,-0.0431124722020471,0.020645043
2022-12-09 05:00:00,AAPL,AAPL_737,-0.0538126685298646,0.026115017
2022-12-12 05:00:00,AAPL,AAPL_742,-0.0838813060779485,0.03171258
2022-12-13 05:00:00,AAPL,AAPL_742,-0.0905341174017325,0.038136862
2022-12-14 05:00:00,AAPL,AAPL_742,-0.0541862258349687,0.027149295
2022-12-15 05:00:00,AAPL,AAPL_742,-0.0312820825821313,0.048863634
2022-12-16 05:00:00,AAPL,AAPL_742,-0.0197010928905339,0.08130255
2022-12-19 05:00:00,AAPL,AAPL_747,-0.0176776945244956,0.05218781
2022-12-20 05:00:00,AAPL,AAPL_747,-0.0473167195149758,0.009161822
2022-12-21 05:00:00,AAPL,AAPL_747,-0.0431155147247599,0.0048155477
2022-12-22 05:00:00,AAPL,AAPL_747,-0.0173939584517343,0.008433486
2022-12-23 05:00:00,AAPL,AAPL_747,-0.0514940155020315,0.014431704
2022-12-27 05:00:00,AAPL,AAPL_752,-0.0282242421241154,-0.0008539136
2022-12-28 05:00:00,AAPL,AAPL_752,-0.0080927028328454,0.006365226
2022-12-29 05:00:00,AAPL,AAPL_752,7.711215792660653e-05,0.039142426
2022-12-30 05:00:00,AAPL,AAPL_752,0.0016932289163757,-0.009761669
2023-01-03 05:00:00,AAPL,AAPL_752,0.0452546257817658,0.0018120426
2023-01-04 05:00:00,AAPL,AAPL_757,0.0564261225733833,0.022488054
2023-01-05 05:00:00,AAPL,AAPL_757,0.0671093204633219,0.03830481
2023-01-06 05:00:00,AAPL,AAPL_757,0.0396543711099621,0.0044091702
2023-01-09 05:00:00,AAPL,AAPL_757,0.0444871979750303,0.03286478
2023-01-10 05:00:00,AAPL,AAPL_757,0.0342691894189697,0.045271806
2023-01-11 05:00:00,AAPL,AAPL_762,0.0133343224664712,0.025702396
2023-01-12 05:00:00,AAPL,AAPL_762,0.0334307123352912,0.030421374
2023-01-13 05:00:00,AAPL,AAPL_762,0.0471208545737473,0.03868772
2023-01-17 05:00:00,AAPL,AAPL_762,0.0484772415737677,0.03548043
2023-01-18 05:00:00,AAPL,AAPL_762,0.0491827051717936,0.027661035
2023-01-19 05:00:00,AAPL,AAPL_767,0.0642419026165095,0.020963168
2023-01-20 05:00:00,AAPL,AAPL_767,0.0584608532969255,0.02150931
2023-01-23 05:00:00,AAPL,AAPL_767,0.0133938018671497,0.011729088
2023-01-24 05:00:00,AAPL,AAPL_767,0.0123482391209532,0.015919184
2023-01-25 05:00:00,AAPL,AAPL_767,0.0251656002401652,0.01597734
2023-01-26 05:00:00,AAPL,AAPL_772,0.0476521276078181,0.012393471
2023-01-27 05:00:00,AAPL,AAPL_772,0.0587268399530389,0.012388157
2023-01-30 05:00:00,AAPL,AAPL_772,0.0610489211716018,0.024349147
2023-01-31 05:00:00,AAPL,AAPL_772,0.0717998551001888,0.02231662
2023-02-01 05:00:00,AAPL,AAPL_772,0.0446263207042356,0.023555567
2023-02-02 05:00:00,AAPL,AAPL_777,0.0003314400645884,0.028086815
2023-02-03 05:00:00,AAPL,AAPL_777,-0.0225890323182139,0.02028034
2023-02-06 05:00:00,AAPL,AAPL_777,0.0139722562161239,0.038253363
2023-02-07 05:00:00,AAPL,AAPL_777,-0.009375990982662,0.034902103
2023-02-08 05:00:00,AAPL,AAPL_777,0.022446048599324,0.025579382
2023-02-09 05:00:00,AAPL,AAPL_782,0.0188242307191282,0.03921946
2023-02-10 05:00:00,AAPL,AAPL_782,0.0101980570885469,0.03500487
2023-02-13 05:00:00,AAPL,AAPL_782,-0.0349041934542624,0.03877738
2023-02-14 05:00:00,AAPL,AAPL_782,-0.0280025676996727,0.04580422
2023-02-15 05:00:00,AAPL,AAPL_782,-0.0381768355415337,0.043228954
2023-02-16 05:00:00,AAPL,AAPL_787,-0.0455403011791586,-0.021791691
2023-02-17 05:00:00,AAPL,AAPL_787,-0.0303507360877706,-0.023340696
2023-02-21 05:00:00,AAPL,AAPL_787,-0.0072063045273326,-0.045707032
2023-02-22 05:00:00,AAPL,AAPL_787,-0.0241757169765731,-0.048240248
2023-02-23 05:00:00,AAPL,AAPL_787,-0.0233600426837575,-0.048319366
2023-02-24 05:00:00,AAPL,AAPL_792,0.0294457901147471,-0.025164353
2023-02-27 05:00:00,AAPL,AAPL_792,0.0399540544569188,-0.03213726
2023-02-28 05:00:00,AAPL,AAPL_792,0.0284241390496842,-0.02680998
2023-03-01 05:00:00,AAPL,AAPL_792,0.0520266856074049,-0.030526614
2023-03-02 05:00:00,AAPL,AAPL_792,0.0320745155117596,-0.027595842
2023-03-03 05:00:00,AAPL,AAPL_797,-0.0167516308001433,0.013663658
2023-03-06 05:00:00,AAPL,AAPL_797,-0.0218422971485219,-0.0027281258
2023-03-07 05:00:00,AAPL,AAPL_797,0.0065302783279508,0.009010029
2023-03-08 05:00:00,AAPL,AAPL_797,0.0007850486021443,0.006395256
2023-03-09 05:00:00,AAPL,AAPL_797,0.0349293438710411,0.013309869
2023-03-10 05:00:00,AAPL,AAPL_802,0.0437710437710436,0.009568524
2023-03-13 04:00:00,AAPL,AAPL_802,0.0460556431153118,-0.007127062
2023-03-14 04:00:00,AAPL,AAPL_802,0.0438429949666694,-0.0042592175
2023-03-15 04:00:00,AAPL,AAPL_802,0.0316360295712707,0.003011707
2023-03-16 04:00:00,AAPL,AAPL_802,0.0197625053041057,-0.0031793034
2023-03-17 04:00:00,AAPL,AAPL_807,0.0338709677419355,0.028799016
2023-03-20 04:00:00,AAPL,AAPL_807,0.0055908825726591,0.012616934
2023-03-21 04:00:00,AAPL,AAPL_807,-0.0102335817133643,0.02395434
2023-03-22 04:00:00,AAPL,AAPL_807,0.01862765258378,0.027605567
2023-03-23 04:00:00,AAPL,AAPL_807,0.0215818793974751,0.02682001
2023-03-24 04:00:00,AAPL,AAPL_812,0.0290171225989663,-0.0001451855
2023-03-27 04:00:00,AAPL,AAPL_812,0.0498483665055502,0.005547441
2023-03-28 04:00:00,AAPL,AAPL_812,0.0506185302586685,0.01363398
2023-03-29 04:00:00,AAPL,AAPL_812,0.0185979359016983,0.0009437865
2023-03-30 04:00:00,AAPL,AAPL_812,0.0141660694944045,-0.0022862074
2023-03-31 04:00:00,AAPL,AAPL_817,-0.017404458601673,0.011129826
2023-04-03 04:00:00,AAPL,AAPL_817,-0.0323162735533512,0.029350718
2023-04-04 04:00:00,AAPL,AAPL_817,-0.033387662961246,0.03372353
2023-04-05 04:00:00,AAPL,AAPL_817,0.010991714167911,0.021161333
2023-04-06 04:00:00,AAPL,AAPL_817,0.0033402346624893,0.017199436
2023-04-10 04:00:00,AAPL,AAPL_822,0.0197494104323294,-0.0038408015
2023-04-11 04:00:00,AAPL,AAPL_822,0.0352611819734871,0.0025208183
2023-04-12 04:00:00,AAPL,AAPL_822,0.0470330948921278,0.0073812227
2023-04-13 04:00:00,AAPL,AAPL_822,0.0065836938509549,-0.0033720934
2023-04-14 04:00:00,AAPL,AAPL_822,-0.0011500661805269,-0.015794234
2023-04-17 04:00:00,AAPL,AAPL_827,0.0006052539254466,-0.015036978
2023-04-18 04:00:00,AAPL,AAPL_827,-0.0162191201324169,-0.019307956
2023-04-19 04:00:00,AAPL,AAPL_827,-0.02308662091063,-0.022682508
2023-04-20 04:00:00,AAPL,AAPL_827,0.0105611150920188,0.0015096556
2023-04-21 04:00:00,AAPL,AAPL_827,0.0282389303276608,-0.0018796147
2023-04-24 04:00:00,AAPL,AAPL_832,0.0257666150103179,-0.022754813
2023-04-25 04:00:00,AAPL,AAPL_832,0.0291261457484981,-0.008142421
2023-04-26 04:00:00,AAPL,AAPL_832,0.0225329907497782,-0.014015548
2023-04-27 04:00:00,AAPL,AAPL_832,-0.0155573322190125,-0.042054478
2023-04-28 04:00:00,AAPL,AAPL_832,0.0229255941557613,-0.0350069
2023-05-01 04:00:00,AAPL,AAPL_837,0.0230556267854331,0.014151073
2023-05-02 04:00:00,AAPL,AAPL_837,0.0191646559570255,0.008697814
2023-05-03 04:00:00,AAPL,AAPL_837,0.0364885083410311,0.008239058
2023-05-04 04:00:00,AAPL,AAPL_837,0.0480125884324587,0.009533509
2023-05-05 04:00:00,AAPL,AAPL_837,-0.005761364047949,-0.04404674
2023-05-08 04:00:00,AAPL,AAPL_842,-0.0082420327134365,-0.00016678988
2023-05-09 04:00:00,AAPL,AAPL_842,0.0017465392344169,0.003216439
2023-05-10 04:00:00,AAPL,AAPL_842,-0.0050126476689641,-0.015624474
2023-05-11 04:00:00,AAPL,AAPL_842,0.007482031952563,-0.004102231
2023-05-12 04:00:00,AAPL,AAPL_842,0.0150083805294429,-0.0051756995
2023-05-15 04:00:00,AAPL,AAPL_847,0.0123786222662851,0.009919242
2023-05-16 04:00:00,AAPL,AAPL_847,-0.0029639666642428,0.012083379
2023-05-17 04:00:00,AAPL,AAPL_847,-0.004922150046318,0.010546312
2023-05-18 04:00:00,AAPL,AAPL_847,-0.0117680521147129,0.006208979
2023-05-19 04:00:00,AAPL,AAPL_847,0.0015413850652383,0.006695868
2023-05-22 04:00:00,AAPL,AAPL_852,0.0177956725477825,0.0051131235
2023-05-23 04:00:00,AAPL,AAPL_852,0.0331662539192034,0.013920499
2023-05-24 04:00:00,AAPL,AAPL_852,0.0480097775594567,0.010801521
2023-05-25 04:00:00,AAPL,AAPL_852,0.0460141696185603,0.008432599
2023-05-26 04:00:00,AAPL,AAPL_852,0.0236562123270633,0.00750625
2023-05-30 04:00:00,AAPL,AAPL_857,0.0107727221050966,0.013385374
2023-05-31 04:00:00,AAPL,AAPL_857,0.0032158382184415,0.01668513
2023-06-01 04:00:00,AAPL,AAPL_857,0.0026653950585211,0.006675177
2023-06-02 04:00:00,AAPL,AAPL_857,5.531785462187244e-05,0.0052659707
2023-06-05 04:00:00,AAPL,AAPL_857,0.0234435427784369,0.0083991205
2023-06-06 04:00:00,AAPL,AAPL_862,0.0228781356571941,0.004281174
2023-06-07 04:00:00,AAPL,AAPL_862,0.0344730028767046,0.01874186
2023-06-08 04:00:00,AAPL,AAPL_862,0.0301267484186871,-0.011344692
2023-06-09 04:00:00,AAPL,AAPL_862,0.0218832410928213,-0.01155325
2023-06-12 04:00:00,AAPL,AAPL_862,0.0066380176574891,-0.015797576
2023-06-13 04:00:00,AAPL,AAPL_867,0.0035459558340003,0.006874906
2023-06-14 04:00:00,AAPL,AAPL_867,0.0165806094175473,0.0015469699
2023-06-15 04:00:00,AAPL,AAPL_867,0.0036019471465584,-0.008123549
2023-06-16 04:00:00,AAPL,AAPL_867,0.0018927433862281,0.0018296218
2023-06-20 04:00:00,AAPL,AAPL_867,0.0164856123577961,-0.0026786083
2023-06-21 04:00:00,AAPL,AAPL_872,0.0287562138131518,0.017451523
2023-06-22 04:00:00,AAPL,AAPL_872,0.0138502477962068,0.017194264
2023-06-23 04:00:00,AAPL,AAPL_872,0.0390508293922149,0.018019311
2023-06-26 04:00:00,AAPL,AAPL_872,0.038808238115181,0.019435914
2023-06-27 04:00:00,AAPL,AAPL_872,0.0173880905823269,0.013270459
2023-06-28 04:00:00,AAPL,AAPL_877,0.0135270676808121,0.024605697
2023-06-29 04:00:00,AAPL,AAPL_877,0.005749229173189,0.019612975
2023-06-30 04:00:00,AAPL,AAPL_877,-0.0276331421179546,-0.0043308632
2023-07-03 04:00:00,AAPL,AAPL_877,-0.0227580002598893,-0.00695358
2023-07-05 04:00:00,AAPL,AAPL_877,-0.0081534393125196,-0.013128948
2023-07-06 04:00:00,AAPL,AAPL_882,-0.0066211578573891,-0.0089200605
2023-07-07 04:00:00,AAPL,AAPL_882,5.249510179083927e-05,-0.009406373
2023-07-10 04:00:00,AAPL,AAPL_882,0.0285244942760327,0.0020727273
2023-07-11 04:00:00,AAPL,AAPL_882,0.0300403755927198,-0.0010338778
2023-07-12 04:00:00,AAPL,AAPL_882,0.0280866402015893,0.016712807
2023-07-13 04:00:00,AAPL,AAPL_887,0.013593007704111,0.013941663
2023-07-14 04:00:00,AAPL,AAPL_887,0.0065551417693441,0.014922048
2023-07-17 04:00:00,AAPL,AAPL_887,-0.0063921102018206,0.004529873
2023-07-18 04:00:00,AAPL,AAPL_887,-0.0005678037102021,0.0129598705
2023-07-19 04:00:00,AAPL,AAPL_887,-0.0030753771642489,0.00795944
2023-07-20 04:00:00,AAPL,AAPL_892,0.0004659883788913,0.013889227
2023-07-21 04:00:00,AAPL,AAPL_892,0.0202667465883561,0.030984439
2023-07-24 04:00:00,AAPL,AAPL_892,0.0191958337133186,0.014412687
2023-07-25 04:00:00,AAPL,AAPL_892,0.0102778924870834,0.0073786075
2023-07-26 04:00:00,AAPL,AAPL_892,-0.0098714558814668,0.01569716
2023-07-27 04:00:00,AAPL,AAPL_897,-0.0106096834634433,0.025903022
2023-07-28 04:00:00,AAPL,AAPL_897,-0.0706735240181969,-0.0005253734
2023-07-31 04:00:00,AAPL,AAPL_897,-0.0895901813089035,-0.00084380404
2023-08-01 04:00:00,AAPL,AAPL_897,-0.0808240760148391,0.008185906
2023-08-02 04:00:00,AAPL,AAPL_897,-0.0747221894943817,0.031428665
2023-08-03 04:00:00,AAPL,AAPL_902,-0.0690484755697741,-0.064499624
2023-08-04 04:00:00,AAPL,AAPL_902,-0.0230782574880962,-0.006200494
2023-08-07 04:00:00,AAPL,AAPL_902,0.0034106826364797,0.012495854
2023-08-08 04:00:00,AAPL,AAPL_902,-0.0130701115885918,-0.0046718493
2023-08-09 04:00:00,AAPL,AAPL_902,-0.0090913917447204,-0.0031242375
2023-08-10 04:00:00,AAPL,AAPL_907,-0.0223071371212717,-0.010104496
2023-08-11 04:00:00,AAPL,AAPL_907,-0.0185611559569485,-0.016876617
2023-08-14 04:00:00,AAPL,AAPL_907,-0.020171683052193,-0.021661405
2023-08-15 04:00:00,AAPL,AAPL_907,-0.0012397927556306,-0.014379203
2023-08-16 04:00:00,AAPL,AAPL_907,0.02576874669668,-0.023597559
2023-08-17 04:00:00,AAPL,AAPL_912,0.013678188981681,-0.0051377304
2023-08-18 04:00:00,AAPL,AAPL_912,0.0236116395637853,-0.012345674
2023-08-21 04:00:00,AAPL,AAPL_912,0.024738433769964,-0.01221508
2023-08-22 04:00:00,AAPL,AAPL_912,0.0388760342816947,-0.003117836
2023-08-23 04:00:00,AAPL,AAPL_912,0.0360534394618987,-0.005125517
2023-08-24 04:00:00,AAPL,AAPL_917,0.0651433831289947,0.014634814
2023-08-25 04:00:00,AAPL,AAPL_917,0.0607469126389264,0.036908224
2023-08-28 04:00:00,AAPL,AAPL_917,0.0527775924190265,0.013244733
2023-08-29 04:00:00,AAPL,AAPL_917,-0.0065717547641039,-0.0008125691
2023-08-30 04:00:00,AAPL,AAPL_917,-0.0537702993129683,-0.004903334
2023-08-31 04:00:00,AAPL,AAPL_922,-0.0515782333169377,-0.017277945
2023-09-01 04:00:00,AAPL,AAPL_922,-0.0533094360055059,-0.0039448007
2023-09-05 04:00:00,AAPL,AAPL_922,-0.0706378181974374,-0.0062364712
2023-09-06 04:00:00,AAPL,AAPL_922,-0.0475643582858031,0.0041648587
2023-09-07 04:00:00,AAPL,AAPL_922,-0.0102500117732267,-0.005657272
2023-09-08 04:00:00,AAPL,AAPL_927,-0.0177909883222044,-0.014630022
2023-09-11 04:00:00,AAPL,AAPL_927,-0.0077497735555215,-0.019879643
2023-09-12 04:00:00,AAPL,AAPL_927,0.0157118787550316,-0.008773927
2023-09-13 04:00:00,AAPL,AAPL_927,0.0073474469316749,-0.006519937
2023-09-14 04:00:00,AAPL,AAPL_927,-0.0102993784044989,-0.007290444
2023-09-15 04:00:00,AAPL,AAPL_932,-0.0012570780390175,0.01382639
2023-09-18 04:00:00,AAPL,AAPL_932,-0.0106197638741634,-0.005984347
2023-09-19 04:00:00,AAPL,AAPL_932,-0.0397051450245289,-0.004311689
2023-09-20 04:00:00,AAPL,AAPL_932,-0.0288336239044674,-0.019004539
2023-09-21 04:00:00,AAPL,AAPL_932,-0.0186281283896481,0.0062984754
2023-09-22 04:00:00,AAPL,AAPL_937,-0.0204816448868737,-0.00737438
2023-09-25 04:00:00,AAPL,AAPL_937,-0.0132326317970525,0.0006394396
2023-09-26 04:00:00,AAPL,AAPL_937,0.0025586599525393,0.009272184
2023-09-27 04:00:00,AAPL,AAPL_937,0.0189521277071973,0.023105986
2023-09-28 04:00:00,AAPL,AAPL_937,0.0247231891753691,0.015309725
2023-09-29 04:00:00,AAPL,AAPL_942,0.0366800918931815,0.019521188
2023-10-02 04:00:00,AAPL,AAPL_942,0.0301583049966276,0.015832804
2023-10-03 04:00:00,AAPL,AAPL_942,0.0347448126753455,0.022095723
2023-10-04 04:00:00,AAPL,AAPL_942,0.0353564393652499,0.028307155
2023-10-05 04:00:00,AAPL,AAPL_942,0.0331599275645906,0.025818389
2023-10-06 04:00:00,AAPL,AAPL_947,0.00766240671734,0.033243082
2023-10-09 04:00:00,AAPL,AAPL_947,-0.0015084879835441,-0.0014023187
2023-10-10 04:00:00,AAPL,AAPL_947,-0.006951093096063,-0.028276348
2023-10-11 04:00:00,AAPL,AAPL_947,-0.0220245086020784,-0.02785989
2023-10-12 04:00:00,AAPL,AAPL_947,-0.0290520713017998,-0.029070651
2023-10-13 04:00:00,AAPL,AAPL_952,-0.0333799329995425,-0.026195537
2023-10-16 04:00:00,AAPL,AAPL_952,-0.0320053781425361,-0.027317299
2023-10-17 04:00:00,AAPL,AAPL_952,-0.0209426564092687,-0.020917935
2023-10-18 04:00:00,AAPL,AAPL_952,-0.0269562689552537,-0.00451376
2023-10-19 04:00:00,AAPL,AAPL_952,-0.048843081022984,-0.0064746314
2023-10-20 04:00:00,AAPL,AAPL_957,-0.0269551337950746,-0.0034508663
2023-10-23 04:00:00,AAPL,AAPL_957,-0.0156647786928739,-0.011600561
2023-10-24 04:00:00,AAPL,AAPL_957,-0.0153943619197498,0.0009129521
2023-10-25 04:00:00,AAPL,AAPL_957,0.0167737873454612,0.016203389
2023-10-26 04:00:00,AAPL,AAPL_957,0.063994295485825,0.007825885
2023-10-27 04:00:00,AAPL,AAPL_962,0.0501129034277034,0.019479424
2023-10-30 04:00:00,AAPL,AAPL_962,0.0524986951311028,0.011082404
2023-10-31 04:00:00,AAPL,AAPL_962,0.0647069319862971,0.011001147
2023-11-01 04:00:00,AAPL,AAPL_962,0.0512731971394835,0.004143585
2023-11-02 04:00:00,AAPL,AAPL_962,0.0272568347032469,0.0063714166
2023-11-03 04:00:00,AAPL,AAPL_967,0.0551938881227103,0.012242586
2023-11-06 05:00:00,AAPL,AAPL_967,0.0310774282039605,-0.012685284
2023-11-07 05:00:00,AAPL,AAPL_967,0.0309096628027629,-0.029789628
2023-11-08 05:00:00,AAPL,AAPL_967,0.0279949430492334,-0.028964074
2023-11-09 05:00:00,AAPL,AAPL_967,0.0400197516868656,-0.030079452
2023-11-10 05:00:00,AAPL,AAPL_972,0.0176502610120734,-0.0057017887
2023-11-13 05:00:00,AAPL,AAPL_972,0.0359848148629189,0.0052860556
2023-11-14 05:00:00,AAPL,AAPL_972,0.0170721132445701,-0.0018776373
2023-11-15 05:00:00,AAPL,AAPL_972,0.0175522746033467,-0.002942148
2023-11-16 05:00:00,AAPL,AAPL_972,0.0013704838840056,-0.007501724
2023-11-17 05:00:00,AAPL,AAPL_977,0.0005271276474227,-0.0019664408
2023-11-20 05:00:00,AAPL,AAPL_977,-0.005484476722356,-0.017145008
2023-11-21 05:00:00,AAPL,AAPL_977,-0.0066617933095204,-0.025279665
2023-11-22 05:00:00,AAPL,AAPL_977,-0.0071088841550738,-0.02484849
2023-11-24 05:00:00,AAPL,AAPL_977,0.0066852885418762,-0.019082224
2023-11-27 05:00:00,AAPL,AAPL_982,-0.0018968366251471,-0.012157459
2023-11-28 05:00:00,AAPL,AAPL_982,0.0158613674856671,0.001451627
2023-11-29 05:00:00,AAPL,AAPL_982,0.0155780339182334,0.002031292
2023-11-30 05:00:00,AAPL,AAPL_982,0.0227428659838084,0.008943954
2023-12-01 05:00:00,AAPL,AAPL_982,0.0233737768892863,0.011109917
2023-12-04 05:00:00,AAPL,AAPL_987,0.0197962315630677,0.028940178
2023-12-05 05:00:00,AAPL,AAPL_987,0.0066694682924932,0.0063673086
2023-12-06 05:00:00,AAPL,AAPL_987,0.0293261188376534,0.014347051
2023-12-07 05:00:00,AAPL,AAPL_987,0.0197662853422555,0.0049886936
2023-12-08 05:00:00,AAPL,AAPL_987,0.0095038605413311,0.009385677
2023-12-11 05:00:00,AAPL,AAPL_992,0.0140284026121455,0.022515764
2023-12-12 05:00:00,AAPL,AAPL_992,0.0114529076608584,0.0201692
2023-12-13 05:00:00,AAPL,AAPL_992,-0.0158112991344592,0.013329142
2023-12-14 05:00:00,AAPL,AAPL_992,-0.0173136536469785,-0.04107745
2023-12-15 05:00:00,AAPL,AAPL_992,-0.0200941492814152,-0.075282164
2023-12-18 05:00:00,AAPL,AAPL_997,-0.0144979138635941,-0.03618643
2023-12-19 05:00:00,AAPL,AAPL_997,-0.0192444830808279,-0.035962734
2023-12-20 05:00:00,AAPL,AAPL_997,-0.0064158496548387,-0.031183435
2023-12-21 05:00:00,AAPL,AAPL_997,-0.0110437331897015,-0.03344045
2023-12-22 05:00:00,AAPL,AAPL_997,-0.0411157358621726,-0.03191794
2023-12-26 05:00:00,AMZN,AMZN_1002,-0.032201305804586,-0.011697162
2023-12-27 05:00:00,AMZN,AMZN_1002,-0.0571930952335936,-0.009871428
2023-12-28 05:00:00,AMZN,AMZN_1002,-0.0530707988689117,-0.006311151
2023-12-29 05:00:00,AMZN,AMZN_1002,-0.0186915643823675,0.007150748
2024-01-02 05:00:00,AMZN,AMZN_1002,0.0096044988444721,0.02524268
2024-01-03 05:00:00,AMZN,AMZN_1007,0.0354279953094152,0.018165903
2024-01-04 05:00:00,AMZN,AMZN_1007,0.073389948219122,-0.01771136
2024-01-05 05:00:00,AMZN,AMZN_1007,0.0645826856875526,-0.00070446363
2024-01-08 05:00:00,AMZN,AMZN_1007,0.0272300294593885,0.0033411286
2024-01-09 05:00:00,AMZN,AMZN_1007,0.0022462284973745,0.018954406
2024-01-10 05:00:00,AMZN,AMZN_1012,-0.0014961018274318,0.0149984555
2024-01-11 05:00:00,AMZN,AMZN_1012,0.0010310843514709,0.0025980114
2024-01-12 05:00:00,AMZN,AMZN_1012,0.0010348186985007,-0.027935313
2024-01-16 05:00:00,AMZN,AMZN_1012,0.0186732863800467,-0.023187656
2024-01-17 05:00:00,AMZN,AMZN_1012,0.0340121822883596,-0.019137288
2024-01-18 05:00:00,AMZN,AMZN_1017,0.0276872964169381,0.023331461
2024-01-19 05:00:00,AMZN,AMZN_1017,0.0243337122982463,0.013620422
2024-01-22 05:00:00,AMZN,AMZN_1017,0.0418658468706862,-0.0023797725
2024-01-23 05:00:00,AMZN,AMZN_1017,0.0191000874627271,-0.0014169464
2024-01-24 05:00:00,AMZN,AMZN_1017,-0.0106457462926403,-0.016492814
2024-01-25 05:00:00,AMZN,AMZN_1022,0.0096988829115491,-0.030060878
2024-01-26 05:00:00,AMZN,AMZN_1022,0.0797511490121678,-0.027368871
2024-01-29 05:00:00,AMZN,AMZN_1022,0.0561205714996733,-0.019455146
2024-01-30 05:00:00,AMZN,AMZN_1022,0.0638364396005306,-0.011766735
2024-01-31 05:00:00,AMZN,AMZN_1022,0.0987757869361756,0.005535982
2024-02-01 05:00:00,AMZN,AMZN_1027,0.066298327721775,0.036014963
2024-02-02 05:00:00,AMZN,AMZN_1027,0.0153658077362355,0.01876955
2024-02-05 05:00:00,AMZN,AMZN_1027,0.0119194340226471,0.052126966
2024-02-06 05:00:00,AMZN,AMZN_1027,-0.0030150430105723,0.053762093
2024-02-07 05:00:00,AMZN,AMZN_1027,0.0026388140002544,0.051117707
2024-02-08 05:00:00,AMZN,AMZN_1032,-0.000235476254093,-0.0012330972
2024-02-09 05:00:00,AMZN,AMZN_1032,-0.028317583994409,0.00407528
2024-02-12 05:00:00,AMZN,AMZN_1032,-0.0305210317895282,0.01640027
2024-02-13 05:00:00,AMZN,AMZN_1032,-0.0002965076609273,0.032644037
2024-02-14 05:00:00,AMZN,AMZN_1032,0.0210551303864361,0.015052415
2024-02-15 05:00:00,AMZN,AMZN_1037,0.0305653848535223,0.020121412
2024-02-16 05:00:00,AMZN,AMZN_1037,0.0307946515831702,0.012588165
2024-02-20 05:00:00,AMZN,AMZN_1037,0.038664061433338,0.016637096
2024-02-21 05:00:00,AMZN,AMZN_1037,0.0271072271397376,0.018242445
2024-02-22 05:00:00,AMZN,AMZN_1037,0.0124870698414294,0.012695726
2024-02-23 05:00:00,AMZN,AMZN_1042,0.0184581726164083,0.018252246
2024-02-26 05:00:00,AMZN,AMZN_1042,0.0163109149728344,0.017638627
2024-02-27 05:00:00,AMZN,AMZN_1042,0.0033421796329009,0.026829448
2024-02-28 05:00:00,AMZN,AMZN_1042,0.0020211991067493,0.021842439
2024-02-29 05:00:00,AMZN,AMZN_1042,0.0003395158364325,0.0045863385
2024-03-01 05:00:00,AMZN,AMZN_1047,-0.0161036645580164,0.0032966866
2024-03-04 05:00:00,AMZN,AMZN_1047,-0.0316476802524995,0.0015496707
2024-03-05 05:00:00,AMZN,AMZN_1047,0.0072938450957695,0.0018501373
2024-03-06 05:00:00,AMZN,AMZN_1047,0.0175782557104378,0.0056590843
2024-03-07 05:00:00,AMZN,AMZN_1047,0.0109150129840362,-0.0011779227
2024-03-08 05:00:00,AMZN,AMZN_1052,-0.0053037234228625,0.0011139482
2024-03-11 04:00:00,AMZN,AMZN_1052,0.0146545063694083,-0.0075112977
2024-03-12 04:00:00,AMZN,AMZN_1052,0.0029077741525211,0.006899523
2024-03-13 04:00:00,AMZN,AMZN_1052,0.0090054166282085,0.008570408
2024-03-14 04:00:00,AMZN,AMZN_1052,-0.0033566775021852,0.0040570614
2024-03-15 04:00:00,AMZN,AMZN_1057,0.0255131119995304,0.0082812
2024-03-18 04:00:00,AMZN,AMZN_1057,0.0299748459101012,0.0101910485
2024-03-19 04:00:00,AMZN,AMZN_1057,0.0136441684965937,0.013138825
2024-03-20 04:00:00,AMZN,AMZN_1057,0.0094303002645428,0.012436349
2024-03-21 04:00:00,AMZN,AMZN_1057,0.0125176034955347,0.045745105
2024-03-22 04:00:00,AMZN,AMZN_1062,0.0117404045443161,0.017435126
2024-03-25 04:00:00,AMZN,AMZN_1062,0.0054532062262921,0.016066147
2024-03-26 04:00:00,AMZN,AMZN_1062,0.0230510406057504,0.01655557
2024-03-27 04:00:00,AMZN,AMZN_1062,0.0009453270712025,0.018822767
2024-03-28 04:00:00,AMZN,AMZN_1062,0.0260006780931911,0.016629845
2024-04-01 04:00:00,AMZN,AMZN_1067,0.0233187887066244,0.021068659
2024-04-02 04:00:00,AMZN,AMZN_1067,0.0275609920872847,0.016432768
2024-04-03 04:00:00,AMZN,AMZN_1067,0.0194067935697772,-0.0036738112
2024-04-04 04:00:00,AMZN,AMZN_1067,0.0502777947319879,0.0336054
2024-04-05 04:00:00,AMZN,AMZN_1067,0.0057275491254331,-0.00871924
2024-04-08 04:00:00,AMZN,AMZN_1072,-0.0084778190157187,0.0045882836
2024-04-09 04:00:00,AMZN,AMZN_1072,-0.0126568151446215,0.016122151
2024-04-10 04:00:00,AMZN,AMZN_1072,-0.02511426859687,0.016028449
2024-04-11 04:00:00,AMZN,AMZN_1072,-0.0519968350826391,0.01944244
2024-04-12 04:00:00,AMZN,AMZN_1072,-0.0617847724618091,0.0060172835
2024-04-15 04:00:00,AMZN,AMZN_1077,-0.0348001283061264,-0.024914999
2024-04-16 04:00:00,AMZN,AMZN_1077,-0.0206197571844988,-0.020649115
2024-04-17 04:00:00,AMZN,AMZN_1077,-0.0258715935182468,0.01652249
2024-04-18 04:00:00,AMZN,AMZN_1077,-0.0309675427628369,0.021605432
2024-04-19 04:00:00,AMZN,AMZN_1077,0.0285746440751897,0.050835837
2024-04-22 04:00:00,AMZN,AMZN_1082,0.0210461607868139,0.027909389
2024-04-23 04:00:00,AMZN,AMZN_1082,-0.0252868077080599,0.023705052
2024-04-24 04:00:00,AMZN,AMZN_1082,0.0136474529253516,0.022481043
2024-04-25 04:00:00,AMZN,AMZN_1082,0.0636264361620388,0.018114975
2024-04-26 04:00:00,AMZN,AMZN_1082,0.0366886303074456,0.007518629
2024-04-29 04:00:00,AMZN,AMZN_1087,0.0427718277365751,0.019739885
2024-04-30 04:00:00,AMZN,AMZN_1087,0.0786285400390627,0.038986787
2024-05-01 04:00:00,AMZN,AMZN_1087,0.0502793296089385,0.033844132
2024-05-02 04:00:00,AMZN,AMZN_1087,0.0258769962522127,0.0022035085
2024-05-03 04:00:00,AMZN,AMZN_1087,0.0068201974538528,-0.035531197
2024-05-06 04:00:00,AMZN,AMZN_1092,-0.0112877035425054,-0.017471774
2024-05-07 04:00:00,AMZN,AMZN_1092,-0.008953100401558,-0.026653169
2024-05-08 04:00:00,AMZN,AMZN_1092,-0.0106914601427442,-0.032262236
2024-05-09 04:00:00,AMZN,AMZN_1092,-0.0309762275313324,-0.031082883
2024-05-10 04:00:00,AMZN,AMZN_1092,-0.0148282421732981,-0.039318632
2024-05-13 04:00:00,AMZN,AMZN_1097,-0.0162406277490273,-0.014127725
2024-05-14 04:00:00,AMZN,AMZN_1097,-0.0209547937897944,-0.015020824
2024-05-15 04:00:00,AMZN,AMZN_1097,-0.0153771736431111,-0.020436626
2024-05-16 04:00:00,AMZN,AMZN_1097,-0.014050001429239,-0.0043248865
2024-05-17 04:00:00,AMZN,AMZN_1097,-0.0213860152328485,0.008099637
2024-05-20 04:00:00,AMZN,AMZN_1102,-0.0075732779802462,-0.009112912
2024-05-21 04:00:00,AMZN,AMZN_1102,-0.0061697497225261,-0.007613508
2024-05-22 04:00:00,AMZN,AMZN_1102,-0.0208048788129057,-0.007201478
2024-05-23 04:00:00,AMZN,AMZN_1102,-0.0254625823399388,-0.0004656562
2024-05-24 04:00:00,AMZN,AMZN_1102,-0.0133333535939661,0.010313359
2024-05-28 04:00:00,AMZN,AMZN_1107,-0.0154268331196908,-0.010719307
2024-05-29 04:00:00,AMZN,AMZN_1107,-0.0040655173925627,-0.011094713
2024-05-30 04:00:00,AMZN,AMZN_1107,0.03167517535013,-0.0027823078
2024-05-31 04:00:00,AMZN,AMZN_1107,0.0445477244479282,-0.0030730471
2024-06-03 04:00:00,AMZN,AMZN_1107,0.0488953762462895,-0.0058638398
2024-06-04 04:00:00,AMZN,AMZN_1112,0.0439946445341898,0.017870972
2024-06-05 04:00:00,AMZN,AMZN_1112,0.0309466055170353,0.014552893
2024-06-06 04:00:00,AMZN,AMZN_1112,-0.0063243144267314,0.017070642
2024-06-07 04:00:00,AMZN,AMZN_1112,-0.0034725956541018,0.02413727
2024-06-10 04:00:00,AMZN,AMZN_1112,-0.0160376351927423,-0.0010478641
2024-06-11 04:00:00,AMZN,AMZN_1117,-0.0236073186444837,-0.014700343
2024-06-12 04:00:00,AMZN,AMZN_1117,-0.004227049540975,-0.014776825
2024-06-13 04:00:00,AMZN,AMZN_1117,0.0285589944389212,-0.0013711964
2024-06-14 04:00:00,AMZN,AMZN_1117,0.0103996712622491,-0.011139511
2024-06-17 04:00:00,AMZN,AMZN_1117,0.0123872585544893,0.01191816
2024-06-18 04:00:00,AMZN,AMZN_1122,0.0590777484600988,-0.011246638
2024-06-20 04:00:00,AMZN,AMZN_1122,0.0631380957261453,0.013628994
2024-06-21 04:00:00,AMZN,AMZN_1122,0.0220541470730006,0.0036776029
2024-06-24 04:00:00,AMZN,AMZN_1122,0.0626717096783,0.006841779
2024-06-25 04:00:00,AMZN,AMZN_1122,0.0733068795243487,-0.008704469
2024-06-26 04:00:00,AMZN,AMZN_1127,0.0205567672898725,0.0050220788
2024-06-27 04:00:00,AMZN,AMZN_1127,0.0108667871122507,-0.02838763
2024-06-28 04:00:00,AMZN,AMZN_1127,0.0312548164871038,-0.0020902022
2024-07-01 04:00:00,AMZN,AMZN_1127,0.0108519240505371,-0.020070793
2024-07-02 04:00:00,AMZN,AMZN_1127,-0.0010500335693359,-0.021304706
2024-07-03 04:00:00,AMZN,AMZN_1132,-0.0128548678233147,2.0714533e-05
2024-07-05 04:00:00,AMZN,AMZN_1132,-0.0275499725341795,-0.0021819384
2024-07-08 04:00:00,AMZN,AMZN_1132,-0.0329669942634638,-0.0049643083
2024-07-09 04:00:00,AMZN,AMZN_1132,-0.0317045860416143,-0.0071360194
2024-07-10 04:00:00,AMZN,AMZN_1132,-0.0593623354967836,-0.0072102263
2024-07-11 04:00:00,AMZN,AMZN_1137,-0.0579338778516157,-0.005241417
2024-07-12 04:00:00,AMZN,AMZN_1137,-0.0584091741966189,-0.01501552
2024-07-15 04:00:00,AMZN,AMZN_1137,-0.05277084944234,-0.019824477
2024-07-16 04:00:00,AMZN,AMZN_1137,-0.0342451583464951,-0.02239364
2024-07-17 04:00:00,AMZN,AMZN_1137,-0.0377799772332005,-0.011667167
2024-07-18 04:00:00,AMZN,AMZN_1142,-0.0212244565795067,-0.017448682
2024-07-19 04:00:00,AMZN,AMZN_1142,-0.0034402056791056,-0.016674262
2024-07-22 04:00:00,AMZN,AMZN_1142,0.0035606348157666,-0.008472441
2024-07-23 04:00:00,AMZN,AMZN_1142,-0.0252132227665283,-0.01241755
2024-07-24 04:00:00,AMZN,AMZN_1142,0.0340098094022591,0.0035075957
2024-07-25 04:00:00,AMZN,AMZN_1147,0.0234640037669735,0.022246532
2024-07-26 04:00:00,AMZN,AMZN_1147,-0.0800000334439212,0.0032644551
2024-07-29 04:00:00,AMZN,AMZN_1147,-0.1210698310330625,0.0076946616
2024-07-30 04:00:00,AMZN,AMZN_1147,-0.1088548418207527,0.005621267
2024-07-31 04:00:00,AMZN,AMZN_1147,-0.1294790459315021,0.021791399
2024-08-01 04:00:00,AMZN,AMZN_1152,-0.0992557371950356,-0.027372058
2024-08-02 04:00:00,AMZN,AMZN_1152,-0.0057176384155795,-0.003061804
2024-08-05 04:00:00,AMZN,AMZN_1152,0.0358961534339334,7.42186e-05
2024-08-06 04:00:00,AMZN,AMZN_1152,0.0512567370294161,0.008154752
2024-08-07 04:00:00,AMZN,AMZN_1152,0.0450328785319988,0.043588724
2024-08-08 04:00:00,AMZN,AMZN_1157,0.0711097290055677,0.04286792
2024-08-09 04:00:00,AMZN,AMZN_1157,0.0606205521096687,0.04831209
2024-08-12 04:00:00,AMZN,AMZN_1157,0.0684652155875662,0.04841628
2024-08-13 04:00:00,AMZN,AMZN_1157,0.0508136601795972,0.04510047
2024-08-14 04:00:00,AMZN,AMZN_1157,0.058847702220212,0.048076183
2024-08-15 04:00:00,AMZN,AMZN_1162,-0.0082211356787252,0.02169881
2024-08-16 04:00:00,AMZN,AMZN_1162,-0.0001129801916681,0.015871929
2024-08-19 04:00:00,AMZN,AMZN_1162,-0.0152620424311115,0.013254463
2024-08-20 04:00:00,AMZN,AMZN_1162,-0.0322004114959549,0.014441759
2024-08-21 04:00:00,AMZN,AMZN_1162,-0.0516906197714969,0.015233113
2024-08-22 04:00:00,AMZN,AMZN_1167,-0.0227673289868642,-0.026046718
2024-08-23 04:00:00,AMZN,AMZN_1167,0.0082467621398263,-0.029100465
2024-08-26 04:00:00,AMZN,AMZN_1167,0.0042735042735042,-0.014955846
2024-08-27 04:00:00,AMZN,AMZN_1167,0.0012130702390849,0.0039840234
2024-08-28 04:00:00,AMZN,AMZN_1167,0.0415105164590783,0.0011239647
2024-08-29 04:00:00,AMZN,AMZN_1172,-0.0042412023486407,0.049952906
2024-08-30 04:00:00,AMZN,AMZN_1172,-0.0173669809720763,-0.0059779147
2024-09-03 04:00:00,AMZN,AMZN_1172,0.0187234215702571,0.014293415
2024-09-04 04:00:00,AMZN,AMZN_1172,0.0645589472289578,0.012806587
2024-09-05 04:00:00,AMZN,AMZN_1172,0.0512114263961354,0.016204981
2024-09-06 04:00:00,AMZN,AMZN_1177,0.0881031924691613,0.04174633
2024-09-09 04:00:00,AMZN,AMZN_1177,0.0541049362793295,0.038187973
2024-09-10 04:00:00,AMZN,AMZN_1177,0.0408242924336887,-0.004041733
2024-09-11 04:00:00,AMZN,AMZN_1177,0.0103511183562519,0.012646037
2024-09-12 04:00:00,AMZN,AMZN_1177,0.0153475674715908,0.0054531116
2024-09-13 04:00:00,AMZN,AMZN_1182,0.0274009354916278,0.002533501
2024-09-16 04:00:00,AMZN,AMZN_1182,0.0486235357393125,0.008524535
2024-09-17 04:00:00,AMZN,AMZN_1182,0.0378852827807574,0.010224711
2024-09-18 04:00:00,AMZN,AMZN_1182,0.0327200898093906,0.0017663889
2024-09-19 04:00:00,AMZN,AMZN_1182,0.0067941674729892,-0.0109162675
2024-09-20 04:00:00,AMZN,AMZN_1187,-0.018945745131403,-0.0034840214
2024-09-23 04:00:00,AMZN,AMZN_1187,-0.0389416281288071,0.00076955673
2024-09-24 04:00:00,AMZN,AMZN_1187,-0.0455248583491794,-0.0012963848
2024-09-25 04:00:00,AMZN,AMZN_1187,-0.040357369353998,-0.00461649
2024-09-26 04:00:00,AMZN,AMZN_1187,-0.0481272063820623,-0.014481782
2024-09-27 04:00:00,AMZN,AMZN_1192,-0.0077672325604386,-0.04861699
2024-09-30 04:00:00,AMZN,AMZN_1192,-0.0296785205010137,-0.04763867
2024-10-01 04:00:00,AMZN,AMZN_1192,-0.0130178987659774,-0.041329585
2024-10-02 04:00:00,AMZN,AMZN_1192,0.0022191149290933,-0.040264636
2024-10-03 04:00:00,AMZN,AMZN_1192,0.0257748241897586,-0.034603342
2024-10-04 04:00:00,AMZN,AMZN_1197,0.0123854639720022,0.015226375
2024-10-07 04:00:00,AMZN,AMZN_1197,0.0372787064192998,0.009834667
2024-10-08 04:00:00,AMZN,AMZN_1197,0.0272000940646885,-0.0039939545
2024-10-09 04:00:00,AMZN,AMZN_1197,0.009288768362647,-0.005711709
2024-10-10 04:00:00,AMZN,AMZN_1197,0.0047147329846715,-0.010642237
2024-10-11 04:00:00,AMZN,AMZN_1202,0.0009003186227687,0.00784637
2024-10-14 04:00:00,AMZN,AMZN_1202,0.0081583347171798,0.011497575
2024-10-15 04:00:00,AMZN,AMZN_1202,0.0107091186567778,0.004126933
2024-10-16 04:00:00,AMZN,AMZN_1202,-0.0116645763973499,0.008320156
2024-10-17 04:00:00,AMZN,AMZN_1202,-0.0061323196500299,0.021518653
2024-10-18 04:00:00,AMZN,AMZN_1207,-0.0061379100925597,0.012149317
2024-10-21 04:00:00,AMZN,AMZN_1207,-0.0035965933687421,0.009901696
2024-10-22 04:00:00,AMZN,AMZN_1207,0.0059567996889362,0.008886936
2024-10-23 04:00:00,AMZN,AMZN_1207,0.0434193531598725,0.02241765
2024-10-24 04:00:00,AMZN,AMZN_1207,0.0001072487023727,-0.0074552004
2024-10-25 04:00:00,AMZN,AMZN_1212,0.053771978631034,-0.0028342723
2024-10-28 04:00:00,AMZN,AMZN_1212,0.0392271320855182,-0.00087910466
2024-10-29 04:00:00,AMZN,AMZN_1212,0.0454330979707322,-0.003137306
2024-10-30 04:00:00,AMZN,AMZN_1212,0.0745083844169862,0.0013144552
2024-10-31 04:00:00,AMZN,AMZN_1212,0.1268777356742148,0.03078909
2024-11-01 04:00:00,AMZN,AMZN_1217,0.0517859868604653,-0.00086405926
2024-11-04 05:00:00,AMZN,AMZN_1217,0.0564919686768501,0.003405257
2024-11-05 05:00:00,AMZN,AMZN_1217,0.0471679381559364,0.00049067347
2024-11-06 05:00:00,AMZN,AMZN_1217,0.0338500646558868,-0.0017352994
2024-11-07 05:00:00,AMZN,AMZN_1217,0.0068078679124268,-0.03719967
2024-11-08 05:00:00,AMZN,AMZN_1222,-0.0267556550167832,-0.013591232
2024-11-11 05:00:00,AMZN,AMZN_1222,-0.0248501231901582,-0.02745053
2024-11-12 05:00:00,AMZN,AMZN_1222,-0.0205830404307135,-0.02324713
2024-11-13 05:00:00,AMZN,AMZN_1222,-0.0524054222365519,-0.02144076
2024-11-14 05:00:00,AMZN,AMZN_1222,-0.0619443498646744,-0.028720984
2024-11-15 05:00:00,AMZN,AMZN_1227,-0.0270964191136949,-0.046097014
2024-11-18 05:00:00,AMZN,AMZN_1227,-0.0012394645700671,-0.047458414
2024-11-19 05:00:00,AMZN,AMZN_1227,0.0158838765959887,-0.047081396
2024-11-20 05:00:00,AMZN,AMZN_1227,0.014097005823731,-0.048146974
2024-11-21 05:00:00,AMZN,AMZN_1227,0.0479382713618425,-0.04423607
2024-11-22 05:00:00,AMZN,AMZN_1232,0.068942836512351,0.019484589
2024-11-25 05:00:00,AMZN,AMZN_1232,0.0595185191104501,0.018262303
2024-11-26 05:00:00,AMZN,AMZN_1232,0.049552598005933,0.012011545
2024-11-27 05:00:00,AMZN,AMZN_1232,0.071984043759957,0.016589439
2024-11-29 05:00:00,AMZN,AMZN_1232,0.0920679178692684,0.012873242
2024-12-02 05:00:00,AMZN,AMZN_1237,0.0729912635089451,-0.019069584
2024-12-03 05:00:00,AMZN,AMZN_1237,0.0543477825714091,-0.021715445
2024-12-04 05:00:00,AMZN,AMZN_1237,0.0554638368244042,-0.021121703
2024-12-05 05:00:00,AMZN,AMZN_1237,0.0381772752320903,-0.028586652
2024-12-06 05:00:00,AMZN,AMZN_1237,0.0018940577759873,-0.028444294
2024-12-09 05:00:00,AMZN,AMZN_1242,0.0302534231884734,0.004229098
2024-12-10 05:00:00,AMZN,AMZN_1242,0.0271507322815409,0.0039129597
2024-12-11 05:00:00,AMZN,AMZN_1242,-0.0422999672836608,-0.0044972855
2024-12-12 05:00:00,AMZN,AMZN_1242,-0.0248067777625392,0.0039129597
2024-12-13 05:00:00,AMZN,AMZN_1242,-0.0111668357950814,0.0025872132
2024-12-16 05:00:00,AMZN,AMZN_1247,-0.0337869547273884,-0.033853617
2024-12-17 05:00:00,AMZN,AMZN_1247,-0.0090849703663286,-0.017095009
2024-12-18 05:00:00,AMZN,AMZN_1247,0.0296118204824122,0.0009995416
2024-12-19 05:00:00,AMZN,AMZN_1247,0.0020601313435382,-0.0015927228
2024-12-20 05:00:00,AMZN,AMZN_1247,-0.0160945898393098,-0.011463736
2020-12-31 05:00:00,AMZN,AMZN_252,-0.0227914149404233,-0.029187584
2021-01-04 05:00:00,AMZN,AMZN_252,-0.0227262171075534,0.0068171825
2021-01-05 05:00:00,AMZN,AMZN_252,-0.0303494628600773,-0.026409259
2021-01-06 05:00:00,AMZN,AMZN_252,0.0087655938771533,0.02219528
2021-01-07 05:00:00,AMZN,AMZN_252,-0.0109703307331974,0.0036362943
2021-01-08 05:00:00,AMZN,AMZN_257,-0.0246488877101325,-0.008252325
2021-01-11 05:00:00,AMZN,AMZN_257,0.0021032582913482,0.0110962875
2021-01-12 05:00:00,AMZN,AMZN_257,0.0456769658262743,0.015872745
2021-01-13 05:00:00,AMZN,AMZN_257,0.0445688774654453,0.005778038
2021-01-14 05:00:00,AMZN,AMZN_257,0.0526815035068959,0.012896433
2021-01-15 05:00:00,AMZN,AMZN_262,0.0611258978809097,0.014006105
2021-01-19 05:00:00,AMZN,AMZN_262,0.0658077473478173,0.014551518
2021-01-20 05:00:00,AMZN,AMZN_262,-0.0094381192813092,-0.007998265
2021-01-21 05:00:00,AMZN,AMZN_262,-0.0209768145993874,-0.007931994
2021-01-22 05:00:00,AMZN,AMZN_262,-0.0261312151237965,-0.04549289
2021-01-25 05:00:00,AMZN,AMZN_267,0.0148391031537702,-0.03363398
2021-01-26 05:00:00,AMZN,AMZN_267,0.0161959794158452,-0.043465577
2021-01-27 05:00:00,AMZN,AMZN_267,0.0247325517879695,-0.034495067
2021-01-28 05:00:00,AMZN,AMZN_267,0.0288422139887774,-0.03462771
2021-01-29 05:00:00,AMZN,AMZN_267,0.0455211822187464,-0.017225666
2021-02-01 05:00:00,AMZN,AMZN_272,-0.0059648807932189,-0.056851152
2021-02-02 05:00:00,AMZN,AMZN_272,-0.0221893491124259,-0.059404273
2021-02-03 05:00:00,AMZN,AMZN_272,-0.0078338952202119,-0.054609507
2021-02-04 05:00:00,AMZN,AMZN_272,-0.0206754526628946,-0.06273876
2021-02-05 05:00:00,AMZN,AMZN_272,-0.0222066444683673,-0.06367693
2021-02-08 05:00:00,AMZN,AMZN_277,-0.0162477120587476,-0.04452998
2021-02-09 05:00:00,AMZN,AMZN_277,0.0011014029406202,-0.040851053
2021-02-10 05:00:00,AMZN,AMZN_277,0.0126727743671575,-0.036224682
2021-02-11 05:00:00,AMZN,AMZN_277,-0.0037491528950128,-0.040999953
2021-02-12 05:00:00,AMZN,AMZN_277,-0.0295846523406949,-0.03195052
2021-02-16 05:00:00,AMZN,AMZN_282,-0.0227748269531572,-0.017647149
2021-02-17 05:00:00,AMZN,AMZN_282,-0.0450668858686308,-0.011561096
2021-02-18 05:00:00,AMZN,AMZN_282,-0.0814456776964928,-0.026445279
2021-02-19 05:00:00,AMZN,AMZN_282,-0.0482999213467362,-0.016551465
2021-02-22 05:00:00,AMZN,AMZN_282,-0.0108779447528166,-0.028026763
2021-02-23 05:00:00,AMZN,AMZN_287,-0.0312944401168618,-0.007873767
2021-02-24 05:00:00,AMZN,AMZN_287,-0.0489091820188409,0.017641159
2021-02-25 05:00:00,AMZN,AMZN_287,-0.0260340145873774,0.028171854
2021-02-26 05:00:00,AMZN,AMZN_287,-0.029897247267934,0.025134923
2021-03-01 05:00:00,AMZN,AMZN_287,-0.0617232720215356,0.01836609
2021-03-02 05:00:00,AMZN,AMZN_292,-0.0102374164657821,-0.005823378
2021-03-03 05:00:00,AMZN,AMZN_292,0.0175174960677517,0.056928612
2021-03-04 05:00:00,AMZN,AMZN_292,0.0456816155047592,0.05530832
2021-03-05 05:00:00,AMZN,AMZN_292,0.029672168379949,0.047649976
2021-03-08 05:00:00,AMZN,AMZN_292,0.0439471929452752,0.06304339
2021-03-09 05:00:00,AMZN,AMZN_297,0.0094715736711774,0.01119769
2021-03-10 05:00:00,AMZN,AMZN_297,0.0255392730511938,0.042129755
2021-03-11 05:00:00,AMZN,AMZN_297,-0.0274923715613217,0.0038155308
2021-03-12 05:00:00,AMZN,AMZN_297,-0.0047030510070438,0.032245602
2021-03-15 04:00:00,AMZN,AMZN_297,0.009472126744483,0.033321653
2021-03-16 04:00:00,AMZN,AMZN_302,0.0147613258454626,0.009904755
2021-03-17 04:00:00,AMZN,AMZN_302,-0.0155179092101729,0.014180428
2021-03-18 04:00:00,AMZN,AMZN_302,0.006033691596895,0.03394091
2021-03-19 04:00:00,AMZN,AMZN_302,-0.0074570051356541,0.0116573125
2021-03-22 04:00:00,AMZN,AMZN_302,-0.0112958995552056,0.013589409
2021-03-23 04:00:00,AMZN,AMZN_307,-0.0262024168949203,-0.0017331705
2021-03-24 04:00:00,AMZN,AMZN_307,0.002270725211505,0.016273398
2021-03-25 04:00:00,AMZN,AMZN_307,0.0376658550378505,0.030155767
2021-03-26 04:00:00,AMZN,AMZN_307,0.0572405941390028,0.02721154
2021-03-29 04:00:00,AMZN,AMZN_307,0.0481478887046471,0.021200223
2021-03-30 04:00:00,AMZN,AMZN_312,0.0733482067854665,0.05475849
2021-03-31 04:00:00,AMZN,AMZN_312,0.0663266750379067,0.03932444
2021-04-01 04:00:00,AMZN,AMZN_312,0.0668142825352278,0.043437872
2021-04-05 04:00:00,AMZN,AMZN_312,0.0473110269981629,0.021991387
2021-04-06 04:00:00,AMZN,AMZN_312,0.0546494906715975,0.039657563
2021-04-07 04:00:00,AMZN,AMZN_317,0.0163475295938313,0.03763832
2021-04-08 04:00:00,AMZN,AMZN_317,0.0241839301772448,0.030228747
2021-04-09 04:00:00,AMZN,AMZN_317,0.0080778097787108,0.0012225123
2021-04-12 04:00:00,AMZN,AMZN_317,-0.0021838456109741,-0.014139373
2021-04-13 04:00:00,AMZN,AMZN_317,-0.0192088407628676,-0.028713107
2021-04-14 04:00:00,AMZN,AMZN_322,0.0087068951782958,0.0025621597
2021-04-15 04:00:00,AMZN,AMZN_322,-0.0207304480012918,-0.032125473
2021-04-16 04:00:00,AMZN,AMZN_322,-0.017226330056193,-0.045154
2021-04-19 04:00:00,AMZN,AMZN_322,0.0109697339276821,-0.037827615
2021-04-20 04:00:00,AMZN,AMZN_322,0.0248119539728337,-0.040858258
2021-04-21 04:00:00,AMZN,AMZN_327,0.0286970641846575,-0.051239405
2021-04-22 04:00:00,AMZN,AMZN_327,0.0490384542668851,-0.027248042
2021-04-23 04:00:00,AMZN,AMZN_327,0.0378762218887487,-0.06290363
2021-04-26 04:00:00,AMZN,AMZN_327,-0.0066031303032573,-0.05908012
2021-04-27 04:00:00,AMZN,AMZN_327,-0.0308887070149894,-0.042243794
2021-04-28 04:00:00,AMZN,AMZN_332,-0.0543473187107208,-0.029202715
2021-04-29 04:00:00,AMZN,AMZN_332,-0.0475152550082467,-0.02591241
2021-04-30 04:00:00,AMZN,AMZN_332,-0.0507033858878536,-0.023407876
2021-05-03 04:00:00,AMZN,AMZN_332,-0.0578769650846862,-0.0012394408
2021-05-04 04:00:00,AMZN,AMZN_332,-0.0265590744702338,-0.044182565
2021-05-05 04:00:00,AMZN,AMZN_337,-0.0362630815519965,-0.01932827
2021-05-06 04:00:00,AMZN,AMZN_337,-0.0438244676889065,-0.023398561
2021-05-07 04:00:00,AMZN,AMZN_337,-0.0208742893995038,-0.026447145
2021-05-10 04:00:00,AMZN,AMZN_337,0.0250431436961995,-0.033960875
2021-05-11 04:00:00,AMZN,AMZN_337,0.0025962438096998,-0.033926167
2021-05-12 04:00:00,AMZN,AMZN_342,0.0253367526839181,-0.025686942
2021-05-13 04:00:00,AMZN,AMZN_342,0.0272689670018018,-0.02705792
2021-05-14 04:00:00,AMZN,AMZN_342,-0.006149724088111,-0.04067101
2021-05-17 04:00:00,AMZN,AMZN_342,-0.0077666838925782,-0.029931849
2021-05-18 04:00:00,AMZN,AMZN_342,0.008282085646698,-0.045230635
2021-05-19 04:00:00,AMZN,AMZN_347,0.0103224166432325,-0.007704033
2021-05-20 04:00:00,AMZN,AMZN_347,-0.0054100743112336,-0.025768362
2021-05-21 04:00:00,AMZN,AMZN_347,0.0062408457892846,-0.018521074
2021-05-24 04:00:00,AMZN,AMZN_347,-0.0081171367030925,-0.02737683
2021-05-25 04:00:00,AMZN,AMZN_347,-0.0076893940635371,-0.022772463
2021-05-26 04:00:00,AMZN,AMZN_352,-0.023934516690662,-0.0031977121
2021-05-27 04:00:00,AMZN,AMZN_352,-0.0073959622176889,-0.0028796461
2021-05-28 04:00:00,AMZN,AMZN_352,-0.0077752326500498,-0.00031126477
2021-06-01 04:00:00,AMZN,AMZN_352,0.0141239980915668,-0.004515195
2021-06-02 04:00:00,AMZN,AMZN_352,0.0145826165517519,-0.007157352
2021-06-03 04:00:00,AMZN,AMZN_357,0.0510321842149059,0.0049955538
2021-06-04 04:00:00,AMZN,AMZN_357,0.0438553943017332,0.012749169
2021-06-07 04:00:00,AMZN,AMZN_357,0.0581173881042316,0.016022505
2021-06-08 04:00:00,AMZN,AMZN_357,0.0364631619258186,-0.0109323375
2021-06-09 04:00:00,AMZN,AMZN_357,0.0408698293623541,-0.0020524883
2021-06-10 04:00:00,AMZN,AMZN_362,0.041673055528755,-0.018981015
2021-06-11 04:00:00,AMZN,AMZN_362,0.0418515070767993,-0.009820641
2021-06-14 04:00:00,AMZN,AMZN_362,0.0207129789917539,-0.031704966
2021-06-15 04:00:00,AMZN,AMZN_362,0.0361529663065676,-0.032956842
2021-06-16 04:00:00,AMZN,AMZN_362,0.0259336645551357,-0.033803467
2021-06-17 04:00:00,AMZN,AMZN_367,-0.0115097316299708,-0.005426664
2021-06-18 04:00:00,AMZN,AMZN_367,-0.0245031583579514,-0.017868998
2021-06-21 04:00:00,AMZN,AMZN_367,-0.002915460910894,-0.011611337
2021-06-22 04:00:00,AMZN,AMZN_367,-0.0163460532274664,-0.019353822
2021-06-23 04:00:00,AMZN,AMZN_367,-0.0181687344753219,-0.016544709
2021-06-24 04:00:00,AMZN,AMZN_372,-0.00467078896597,0.0034260657
2021-06-25 04:00:00,AMZN,AMZN_372,0.0321979267002479,0.003612846
2021-06-28 04:00:00,AMZN,AMZN_372,0.0673221184447696,-0.009567234
2021-06-29 04:00:00,AMZN,AMZN_372,0.0720504227637024,-0.008426678
2021-06-30 04:00:00,AMZN,AMZN_372,0.0846617620811169,-0.011884816
2021-07-01 04:00:00,AMZN,AMZN_377,0.0834175470586415,0.065807916
2021-07-02 04:00:00,AMZN,AMZN_377,0.059120301224387,0.018416706
2021-07-06 04:00:00,AMZN,AMZN_377,0.0004406930371247,-0.0127919745
2021-07-07 04:00:00,AMZN,AMZN_377,-0.0040307264463093,-0.0049673575
2021-07-08 04:00:00,AMZN,AMZN_377,-0.0268557899823052,-0.03159387
2021-07-09 04:00:00,AMZN,AMZN_382,-0.0391762631535028,-0.029238792
2021-07-12 04:00:00,AMZN,AMZN_382,-0.0454370536756629,-0.02731405
2021-07-13 04:00:00,AMZN,AMZN_382,-0.0283273663766715,-0.026038583
2021-07-14 04:00:00,AMZN,AMZN_382,-0.0262054558600954,-0.028490633
2021-07-15 04:00:00,AMZN,AMZN_382,0.0018809592564446,-0.026369825
2021-07-16 04:00:00,AMZN,AMZN_387,0.0232284671886275,-0.016412126
2021-07-19 04:00:00,AMZN,AMZN_387,0.0423231390274017,-0.027791675
2021-07-20 04:00:00,AMZN,AMZN_387,0.0148886774019401,-0.024017286
2021-07-21 04:00:00,AMZN,AMZN_387,0.0125851390830238,-0.026300704
2021-07-22 04:00:00,AMZN,AMZN_387,-0.0104754621156091,-0.020620422
2021-07-23 04:00:00,AMZN,AMZN_392,-0.0899869788863,-0.012067345
2021-07-26 04:00:00,AMZN,AMZN_392,-0.0995561538391744,-0.027765766
2021-07-27 04:00:00,AMZN,AMZN_392,-0.0717380483221555,-0.01452723
2021-07-28 04:00:00,AMZN,AMZN_392,-0.0759162473111383,-0.01740505
2021-07-29 04:00:00,AMZN,AMZN_392,-0.0622041742531377,0.0061192084
2021-07-30 04:00:00,AMZN,AMZN_397,0.0052139396306642,0.057871737
2021-08-02 04:00:00,AMZN,AMZN_397,0.0031187383170978,0.013936079
2021-08-03 04:00:00,AMZN,AMZN_397,-0.0135343880759657,0.013104859
2021-08-04 04:00:00,AMZN,AMZN_397,-0.0186632166339512,0.01258344
2021-08-05 04:00:00,AMZN,AMZN_397,-0.0214721990909061,0.0053711366
2021-08-06 04:00:00,AMZN,AMZN_402,-0.0152378967801232,-0.0151310945
2021-08-09 04:00:00,AMZN,AMZN_402,-0.012831213518114,-0.015800333
2021-08-10 04:00:00,AMZN,AMZN_402,-0.0237059244546835,-0.00732218
2021-08-11 04:00:00,AMZN,AMZN_402,-0.0276084009898044,-0.0042064846
2021-08-12 04:00:00,AMZN,AMZN_402,-0.0350386317335323,-0.011149665
2021-08-13 04:00:00,AMZN,AMZN_407,-0.0285430892389723,-0.023955204
2021-08-16 04:00:00,AMZN,AMZN_407,-0.0100393797299385,-0.025684802
2021-08-17 04:00:00,AMZN,AMZN_407,0.0196855860091844,-0.02866923
2021-08-18 04:00:00,AMZN,AMZN_407,0.0306008012768264,-0.028380297
2021-08-19 04:00:00,AMZN,AMZN_407,0.0402321777196736,-0.028855016
2021-08-20 04:00:00,AMZN,AMZN_412,0.0467757865170468,0.023728298
2021-08-23 04:00:00,AMZN,AMZN_412,0.0476749137489027,-0.016725788
2021-08-24 04:00:00,AMZN,AMZN_412,0.0499156233440849,-0.004620462
2021-08-25 04:00:00,AMZN,AMZN_412,0.054504436462474,-0.0013263006
2021-08-26 04:00:00,AMZN,AMZN_412,0.0443667229928872,-0.011001412
2021-08-27 04:00:00,AMZN,AMZN_417,0.0383385015471842,0.0052719093
2021-08-30 04:00:00,AMZN,AMZN_417,0.0256372727271916,0.0025288258
2021-08-31 04:00:00,AMZN,AMZN_417,0.0157629174493991,0.00077708176
2021-09-01 04:00:00,AMZN,AMZN_417,0.0014831595860591,0.005133339
2021-09-02 04:00:00,AMZN,AMZN_417,0.0017411952394581,0.0055794576
2021-09-03 04:00:00,AMZN,AMZN_422,-0.0060033128382396,0.039713014
2021-09-07 04:00:00,AMZN,AMZN_422,-0.0168951150775951,0.012074576
2021-09-08 04:00:00,AMZN,AMZN_422,-0.014100065112248,0.02771408
2021-09-09 04:00:00,AMZN,AMZN_422,0.0011710714690815,0.034835182
2021-09-10 04:00:00,AMZN,AMZN_422,-0.0019111147354115,0.04219586
2021-09-13 04:00:00,AMZN,AMZN_427,-0.0293419535144024,0.009299962
2021-09-14 04:00:00,AMZN,AMZN_427,-0.0308318649513134,0.0075472654
2021-09-15 04:00:00,AMZN,AMZN_427,-0.0275448311067003,0.007150533
2021-09-16 04:00:00,AMZN,AMZN_427,-0.0207095810989509,0.007493688
2021-09-17 04:00:00,AMZN,AMZN_427,-0.0106858936719999,0.014003736
2021-09-20 04:00:00,AMZN,AMZN_432,0.0149207133903284,0.016911611
2021-09-21 04:00:00,AMZN,AMZN_432,-0.008275431900257,0.010857951
2021-09-22 04:00:00,AMZN,AMZN_432,-0.0233517411194259,-0.0034332268
2021-09-23 04:00:00,AMZN,AMZN_432,-0.0383372601486803,-0.0059084403
2021-09-24 04:00:00,AMZN,AMZN_432,-0.0415294994700993,-0.0040798644
2021-09-27 04:00:00,AMZN,AMZN_437,-0.063427067349156,-0.020361606
2021-09-28 04:00:00,AMZN,AMZN_437,-0.0286372632949551,0.0005198261
2021-09-29 04:00:00,AMZN,AMZN_437,-0.0118475267423554,-0.0050183535
2021-09-30 04:00:00,AMZN,AMZN_437,0.0052937367079448,0.0025450885
2021-10-01 04:00:00,AMZN,AMZN_437,0.0016325565459995,-0.00914834
2021-10-04 04:00:00,AMZN,AMZN_442,0.0177191157787623,0.0084743025
2021-10-05 04:00:00,AMZN,AMZN_442,0.0081744661768885,0.015591905
2021-10-06 04:00:00,AMZN,AMZN_442,0.0068271413648146,0.032554176
2021-10-07 04:00:00,AMZN,AMZN_442,-0.0007782724661488,0.028042903
2021-10-08 04:00:00,AMZN,AMZN_442,0.0366111273506772,0.030782608
2021-10-11 04:00:00,AMZN,AMZN_447,0.0617441581066786,0.030778851
2021-10-12 04:00:00,AMZN,AMZN_447,0.0606098140082969,0.03075053
2021-10-13 04:00:00,AMZN,AMZN_447,0.0398199988124805,0.032946575
2021-10-14 04:00:00,AMZN,AMZN_447,0.0409563283242613,0.02693919
2021-10-15 04:00:00,AMZN,AMZN_447,-0.0215516928830723,0.010815171
2021-10-18 04:00:00,AMZN,AMZN_452,-0.0366636982018682,0.009578292
2021-10-19 04:00:00,AMZN,AMZN_452,-0.0197668909516399,0.0035049585
2021-10-20 04:00:00,AMZN,AMZN_452,-0.0066090170126024,-0.0048550875
2021-10-21 04:00:00,AMZN,AMZN_452,0.0033653638142188,-0.0031245078
2021-10-22 04:00:00,AMZN,AMZN_452,0.0110567039313151,-0.0056259376
2021-10-25 04:00:00,AMZN,AMZN_457,-0.0006805948573682,-0.0026713465
2021-10-26 04:00:00,AMZN,AMZN_457,-0.0187555377499862,-0.010024828
2021-10-27 04:00:00,AMZN,AMZN_457,-0.002502583769314,-0.0067077386
2021-10-28 04:00:00,AMZN,AMZN_457,0.0088290652832667,-0.009486668
2021-10-29 04:00:00,AMZN,AMZN_457,0.0434582032633175,0.0152425645
2021-11-01 04:00:00,AMZN,AMZN_462,0.0514961992711524,0.016962191
2021-11-02 04:00:00,AMZN,AMZN_462,0.079535106569476,0.013617607
2021-11-03 04:00:00,AMZN,AMZN_462,0.0289745651673403,-0.0009522006
2021-11-04 04:00:00,AMZN,AMZN_462,-0.0012942542169464,0.0028868117
2021-11-05 04:00:00,AMZN,AMZN_462,0.0017505814313487,-0.0060972646
2021-11-08 05:00:00,AMZN,AMZN_467,0.0162511185031695,-0.004359908
2021-11-09 05:00:00,AMZN,AMZN_467,-0.0099349836456433,-0.010978824
2021-11-10 05:00:00,AMZN,AMZN_467,0.0192272011671184,-0.008402156
2021-11-11 05:00:00,AMZN,AMZN_467,0.0643800937331264,-0.011698512
2021-11-12 05:00:00,AMZN,AMZN_467,0.0429541938975754,-0.011532173
2021-11-15 05:00:00,AMZN,AMZN_472,0.0075838637811955,0.016667167
2021-11-16 05:00:00,AMZN,AMZN_472,0.0111107701786028,0.03321258
2021-11-17 05:00:00,AMZN,AMZN_472,0.0088503557761503,0.037627023
2021-11-18 05:00:00,AMZN,AMZN_472,-0.0518119146918705,-0.004952585
2021-11-19 05:00:00,AMZN,AMZN_472,-0.0312791531108203,-0.002432273
2021-11-22 05:00:00,AMZN,AMZN_477,-0.0183341068288248,0.0037556663
2021-11-23 05:00:00,AMZN,AMZN_477,-0.038077755022451,0.009032795
2021-11-24 05:00:00,AMZN,AMZN_477,-0.0399535060811246,0.02364101
2021-11-26 05:00:00,AMZN,AMZN_477,-0.0327487329478491,0.030969422
2021-11-29 05:00:00,AMZN,AMZN_477,-0.0376800482376455,-0.00056888646
2021-11-30 05:00:00,AMZN,AMZN_482,0.0046249697723637,-0.032836273
2021-12-01 05:00:00,AMZN,AMZN_482,0.0230680776315441,-0.0289249
2021-12-02 05:00:00,AMZN,AMZN_482,0.0133998713193301,-0.02446382
2021-12-03 05:00:00,AMZN,AMZN_482,0.016062963373757,-0.01785149
2021-12-06 05:00:00,AMZN,AMZN_482,-0.0105094861401755,-0.030708365
2021-12-07 05:00:00,AMZN,AMZN_487,-0.0401499612346933,-0.018376304
2021-12-08 05:00:00,AMZN,AMZN_487,-0.016138933471671,0.00046899592
2021-12-09 05:00:00,AMZN,AMZN_487,-0.0304298815074303,-0.011531972
2021-12-10 05:00:00,AMZN,AMZN_487,-0.0127430359825363,-0.011240615
2021-12-13 05:00:00,AMZN,AMZN_487,-0.0146756310034504,-0.010368476
2021-12-14 05:00:00,AMZN,AMZN_492,0.0078389536655465,-0.024137892
2021-12-15 05:00:00,AMZN,AMZN_492,-0.0131436970016477,-0.028428277
2021-12-16 05:00:00,AMZN,AMZN_492,0.0130128587989839,-0.017799867
2021-12-17 05:00:00,AMZN,AMZN_492,-0.0020468904577497,-0.02027119
2021-12-20 05:00:00,AMZN,AMZN_492,0.0214389650701494,-0.021839717
2021-12-21 05:00:00,AMZN,AMZN_497,-0.0071354581106114,-0.011410381
2021-12-22 05:00:00,AMZN,AMZN_497,-0.0139882118792789,-0.010736175
2021-12-23 05:00:00,AMZN,AMZN_497,-0.025437187727034,-0.02123102
2021-12-27 05:00:00,AMZN,AMZN_497,0.0043319549690361,0.0011671755
2021-12-28 05:00:00,AMZN,AMZN_497,-0.0183931442605213,-0.0052875928
2021-12-29 05:00:00,AMZN,AMZN_502,-0.0286287272775478,-0.009429606
2021-12-30 05:00:00,AMZN,AMZN_502,-0.0319637041603881,0.0029579331
2021-12-31 05:00:00,AMZN,AMZN_502,-0.0249704259532224,0.0068562627
2022-01-03 05:00:00,AMZN,AMZN_502,-0.0523372508166236,-0.014770044
2022-01-04 05:00:00,AMZN,AMZN_502,-0.0128938504864227,0.01404671
2022-01-05 05:00:00,AMZN,AMZN_507,0.0051717062935765,0.013866861
2022-01-06 05:00:00,AMZN,AMZN_507,-0.0124958243815738,0.02616325
2022-01-07 05:00:00,AMZN,AMZN_507,-0.0025591518143149,0.01696984
2022-01-10 05:00:00,AMZN,AMZN_507,-0.0159053839000237,0.024063963
2022-01-11 05:00:00,AMZN,AMZN_507,-0.0548070509959985,0.026025763
2022-01-12 05:00:00,AMZN,AMZN_512,-0.0819547897174898,0.021294989
2022-01-13 05:00:00,AMZN,AMZN_512,-0.1151947016091607,0.00728441
2022-01-14 05:00:00,AMZN,AMZN_512,-0.1085124652311019,0.03437069
2022-01-18 05:00:00,AMZN,AMZN_512,-0.1191278732982058,0.025199123
2022-01-19 05:00:00,AMZN,AMZN_512,-0.1114946280028791,0.03501462
2022-01-20 05:00:00,AMZN,AMZN_517,-0.079318239689986,0.00047238122
2022-01-21 05:00:00,AMZN,AMZN_517,0.0093589689280948,0.03722691
2022-01-24 05:00:00,AMZN,AMZN_517,0.0347955986992702,0.03924479
2022-01-25 05:00:00,AMZN,AMZN_517,0.0800616124355007,0.049051974
2022-01-26 05:00:00,AMZN,AMZN_517,0.0845380165227507,0.050882846
2022-01-27 05:00:00,AMZN,AMZN_522,-0.0056717730180565,0.048348736
2022-01-28 05:00:00,AMZN,AMZN_522,0.0948860195626375,0.04066866
2022-01-31 05:00:00,AMZN,AMZN_522,0.0559056211361059,0.032162942
2022-02-01 05:00:00,AMZN,AMZN_522,0.0675955080310399,0.037410747
2022-02-02 05:00:00,AMZN,AMZN_522,0.0702265458397872,0.043087784
2022-02-03 05:00:00,AMZN,AMZN_527,0.145182874567594,0.07059787
2022-02-04 05:00:00,AMZN,AMZN_527,-0.0275691889178479,0.04456354
2022-02-07 05:00:00,AMZN,AMZN_527,-0.0175292675369724,0.053494237
2022-02-08 05:00:00,AMZN,AMZN_527,-0.0303754019395191,0.06290232
2022-02-09 05:00:00,AMZN,AMZN_527,-0.0191638074294885,0.05395399
2022-02-10 05:00:00,AMZN,AMZN_532,-0.0273641654542273,-0.021083537
2022-02-11 05:00:00,AMZN,AMZN_532,-0.0045142248699339,-0.013513706
2022-02-14 05:00:00,AMZN,AMZN_532,-0.0320268658991398,0.00875206
2022-02-15 05:00:00,AMZN,AMZN_532,-0.0746499585846721,0.0075032157
2022-02-16 05:00:00,AMZN,AMZN_532,-0.0426468791386078,-0.0075261835
2022-02-17 05:00:00,AMZN,AMZN_537,-0.0055867084822106,-0.024296127
2022-02-18 05:00:00,AMZN,AMZN_537,0.0063007379741726,0.04285268
2022-02-22 05:00:00,AMZN,AMZN_537,0.0062884123818502,0.0555029
2022-02-23 05:00:00,AMZN,AMZN_537,0.0498906270972974,0.024179086
2022-02-24 05:00:00,AMZN,AMZN_537,-0.0228564273759355,0.019637106
2022-02-25 05:00:00,AMZN,AMZN_542,-0.0529785488838174,0.0007992269
2022-02-28 05:00:00,AMZN,AMZN_542,-0.1049080848835516,0.006061532
2022-03-01 05:00:00,AMZN,AMZN_542,-0.1000880140030905,0.011192794
2022-03-02 05:00:00,AMZN,AMZN_542,-0.0840071559079341,0.010570079
2022-03-03 05:00:00,AMZN,AMZN_542,-0.0073090238443954,0.015314286
2022-03-04 05:00:00,AMZN,AMZN_547,-0.0007999179442391,0.002327194
2022-03-07 05:00:00,AMZN,AMZN_547,0.0320108968352996,0.02304056
2022-03-08 05:00:00,AMZN,AMZN_547,0.0834617290897778,0.026139103
2022-03-09 05:00:00,AMZN,AMZN_547,0.0992611682851125,0.01870677
2022-03-10 05:00:00,AMZN,AMZN_547,0.0709826361549443,-0.005327321
2022-03-11 05:00:00,AMZN,AMZN_552,0.1080642594064817,0.055241834
2022-03-14 04:00:00,AMZN,AMZN_552,0.1384426446230497,0.048314944
2022-03-15 04:00:00,AMZN,AMZN_552,0.1189042734425016,0.012369394
2022-03-16 04:00:00,AMZN,AMZN_552,0.0673006622400393,0.0029958712
2022-03-17 04:00:00,AMZN,AMZN_552,0.0407691938186178,-0.00040287402
2022-03-18 04:00:00,AMZN,AMZN_557,0.0218479627522056,0.038202304
2022-03-21 04:00:00,AMZN,AMZN_557,0.0464358364387154,0.03129721
2022-03-22 04:00:00,AMZN,AMZN_557,0.0268422676460828,-0.001138455
2022-03-23 04:00:00,AMZN,AMZN_557,0.0177040905464853,0.0015896072
2022-03-24 04:00:00,AMZN,AMZN_557,-0.0039841737021412,0.0008087405
2022-03-25 04:00:00,AMZN,AMZN_562,-0.0073646611096479,0.0066502662
2022-03-28 04:00:00,AMZN,AMZN_562,-0.0038108486341396,-0.014238767
2022-03-29 04:00:00,AMZN,AMZN_562,-0.0310664128386691,-0.01727687
2022-03-30 04:00:00,AMZN,AMZN_562,-0.0453695311606832,0.004116487
2022-03-31 04:00:00,AMZN,AMZN_562,-0.031982070366752,-0.011947919
2022-04-01 04:00:00,AMZN,AMZN_567,-0.0556340346007694,-0.009399488
2022-04-04 04:00:00,AMZN,AMZN_567,-0.1023157767651165,-0.015572825
2022-04-05 04:00:00,AMZN,AMZN_567,-0.0808721902081084,-0.031015247
2022-04-06 04:00:00,AMZN,AMZN_567,-0.0202511804570313,-0.01860409
2022-04-07 04:00:00,AMZN,AMZN_567,-0.0385209125420129,-0.012283455
2022-04-08 04:00:00,AMZN,AMZN_572,-0.0108473777263291,-0.018550111
2022-04-11 04:00:00,AMZN,AMZN_572,0.0462771802428751,0.009649105
2022-04-12 04:00:00,AMZN,AMZN_572,0.0212915186282951,0.027713254
2022-04-13 04:00:00,AMZN,AMZN_572,-0.0465793269950022,-0.029898807
2022-04-14 04:00:00,AMZN,AMZN_572,-0.0484916020408686,0.0056962366
2022-04-18 04:00:00,AMZN,AMZN_577,-0.0439244583846587,-0.01629048
2022-04-19 04:00:00,AMZN,AMZN_577,-0.1184228493850326,-0.03438431
2022-04-20 04:00:00,AMZN,AMZN_577,-0.1027999944116436,-0.03969825
2022-04-21 04:00:00,AMZN,AMZN_577,-0.0249467857261552,-0.0025617587
2022-04-22 04:00:00,AMZN,AMZN_577,-0.1390266954273952,0.0077544698
2022-04-25 04:00:00,AMZN,AMZN_582,-0.1476922954786043,-0.0790535
2022-04-26 04:00:00,AMZN,AMZN_582,-0.1085974264840704,-0.046553493
2022-04-27 04:00:00,AMZN,AMZN_582,-0.0885776594430006,0.067259565
2022-04-28 04:00:00,AMZN,AMZN_582,-0.1949528485662511,0.0624962
2022-04-29 04:00:00,AMZN,AMZN_582,-0.0765118102864824,0.1294918
2022-05-02 04:00:00,AMZN,AMZN_587,-0.126192759318524,0.016319616
2022-05-03 04:00:00,AMZN,AMZN_587,-0.1238959103606714,0.01727264
2022-05-04 04:00:00,AMZN,AMZN_587,-0.1632394263799778,0.009466925
2022-05-05 04:00:00,AMZN,AMZN_587,-0.0814083487561491,0.008908232
2022-05-06 04:00:00,AMZN,AMZN_587,-0.0149643755516101,0.012632925
2022-05-09 04:00:00,AMZN,AMZN_592,0.0185818382977096,-0.024483474
2022-05-10 04:00:00,AMZN,AMZN_592,0.0597975227298261,-0.02151035
2022-05-11 04:00:00,AMZN,AMZN_592,0.0165176837925471,-0.020917164
2022-05-12 04:00:00,AMZN,AMZN_592,0.0036332388052906,-0.058876913
2022-05-13 04:00:00,AMZN,AMZN_592,-0.0483304309624319,-0.026142668
2022-05-16 04:00:00,AMZN,AMZN_597,-0.0293609527962868,0.024255985
2022-05-17 04:00:00,AMZN,AMZN_597,-0.097673986448506,-0.010356568
2022-05-18 04:00:00,AMZN,AMZN_597,-0.0031509069087463,0.010385815
2022-05-19 04:00:00,AMZN,AMZN_597,0.0350217495220563,0.01232373
2022-05-20 04:00:00,AMZN,AMZN_597,0.0702242378618662,0.009002464
2022-05-23 04:00:00,AMZN,AMZN_602,0.1176353381055976,0.059534125
2022-05-24 04:00:00,AMZN,AMZN_602,0.168914504241423,0.039933838
2022-05-25 04:00:00,AMZN,AMZN_602,0.1754717845308964,-0.00072198024
2022-05-26 04:00:00,AMZN,AMZN_602,0.10148319098299,-0.014186954
2022-05-27 04:00:00,AMZN,AMZN_602,0.0837498431338199,0.004373
2022-05-31 04:00:00,AMZN,AMZN_607,0.0232136125056328,0.092081025
2022-06-01 04:00:00,AMZN,AMZN_607,-0.0041418576852432,0.15805238
2022-06-02 04:00:00,AMZN,AMZN_607,-0.0745831038130377,0.11046404
2022-06-03 04:00:00,AMZN,AMZN_607,-0.1038005484808275,0.15781762
2022-06-06 04:00:00,AMZN,AMZN_607,-0.1692443512431619,0.13987139
2022-06-07 04:00:00,AMZN,AMZN_612,-0.1682114019626522,0.07795674
2022-06-08 04:00:00,AMZN,AMZN_612,-0.111487061414485,0.079580896
2022-06-09 04:00:00,AMZN,AMZN_612,-0.1075333422271775,0.10661665
2022-06-10 04:00:00,AMZN,AMZN_612,-0.0312813520970746,-0.058222696
2022-06-13 04:00:00,AMZN,AMZN_612,0.0483264418319553,-0.030699724
2022-06-14 04:00:00,AMZN,AMZN_617,0.0649007872944738,-0.009114332
2022-06-15 04:00:00,AMZN,AMZN_617,0.0443020744272353,0.021887843
2022-06-16 04:00:00,AMZN,AMZN_617,0.1234805611630711,-0.022964682
2022-06-17 04:00:00,AMZN,AMZN_617,0.0659009595137873,-0.022838082
2022-06-21 04:00:00,AMZN,AMZN_617,-0.0117776847230641,-0.025403526
2022-06-22 04:00:00,AMZN,AMZN_622,-0.0002753444711992,0.024371656
2022-06-23 04:00:00,AMZN,AMZN_622,-0.0554073570051735,0.04671012
2022-06-24 04:00:00,AMZN,AMZN_622,-0.0592478239749433,0.03187486
2022-06-27 04:00:00,AMZN,AMZN_622,0.0024730504882353,0.006113427
2022-06-28 04:00:00,AMZN,AMZN_622,0.0645251415895551,0.0036955345
2022-06-29 04:00:00,AMZN,AMZN_627,0.0680316175787638,0.029878866
2022-06-30 04:00:00,AMZN,AMZN_627,0.0878448537000193,0.055091657
2022-07-01 04:00:00,AMZN,AMZN_627,0.0199890698266491,0.013263295
2022-07-05 04:00:00,AMZN,AMZN_627,-0.037709240346228,-0.016757
2022-07-06 04:00:00,AMZN,AMZN_627,-0.0343741821239811,-0.017529255
2022-07-07 04:00:00,AMZN,AMZN_632,-0.0489985772192697,-0.041076876
2022-07-08 04:00:00,AMZN,AMZN_632,-0.0172234537649386,-0.025829019
2022-07-11 04:00:00,AMZN,AMZN_632,0.0179865962973644,-0.021439498
2022-07-12 04:00:00,AMZN,AMZN_632,0.0823109115848044,0.027437188
2022-07-13 04:00:00,AMZN,AMZN_632,0.1120470556722577,0.023298027
2022-07-14 04:00:00,AMZN,AMZN_637,0.1265479557766822,0.061405703
2022-07-15 04:00:00,AMZN,AMZN_637,0.0781153225785864,0.02558839
2022-07-18 04:00:00,AMZN,AMZN_637,0.0648733923596469,0.025086978
2022-07-19 04:00:00,AMZN,AMZN_637,-0.0287623851807092,0.017214844
2022-07-20 04:00:00,AMZN,AMZN_637,-0.0146615253855261,0.029357309
2022-07-21 04:00:00,AMZN,AMZN_642,-0.0188558013793636,0.050889272
2022-07-22 04:00:00,AMZN,AMZN_642,0.1023525483312364,0.0544197
2022-07-25 04:00:00,AMZN,AMZN_642,0.117632491925022,0.047055766
2022-07-26 04:00:00,AMZN,AMZN_642,0.1685393825885264,0.043472998
2022-07-27 04:00:00,AMZN,AMZN_642,0.1533438279289949,0.010222526
2022-07-28 04:00:00,AMZN,AMZN_647,0.1659307225014232,0.14068131
2022-07-29 04:00:00,AMZN,AMZN_647,0.0433494348707492,-0.03574997
2022-08-01 04:00:00,AMZN,AMZN_647,0.0296920325768781,-0.012258424
2022-08-02 04:00:00,AMZN,AMZN_647,0.0273553821464438,-0.036530603
2022-08-03 04:00:00,AMZN,AMZN_647,0.0227207430610079,-0.049598705
2022-08-04 04:00:00,AMZN,AMZN_652,-0.0135372647500906,-0.009241679
2022-08-05 04:00:00,AMZN,AMZN_652,0.0195312495766715,-0.00473122
2022-08-08 04:00:00,AMZN,AMZN_652,0.0270424568871632,-0.0017748065
2022-08-09 04:00:00,AMZN,AMZN_652,0.0504244130879512,0.0071815364
2022-08-10 04:00:00,AMZN,AMZN_652,-0.0041348120246399,0.0029523303
2022-08-11 04:00:00,AMZN,AMZN_657,0.0118032115281105,0.01663704
2022-08-12 04:00:00,AMZN,AMZN_657,-0.0370603079841147,-0.016384585
2022-08-15 04:00:00,AMZN,AMZN_657,-0.0695627319777258,-0.0035375394
2022-08-16 04:00:00,AMZN,AMZN_657,-0.0770824958986339,-0.008296573
2022-08-17 04:00:00,AMZN,AMZN_657,-0.0584095896921461,-0.0049897176
2022-08-18 04:00:00,AMZN,AMZN_662,-0.0352776118397906,-0.062066086
2022-08-19 04:00:00,AMZN,AMZN_662,-0.0541126814637443,-0.04911704
2022-08-22 04:00:00,AMZN,AMZN_662,-0.0257469441761066,-0.026683966
2022-08-23 04:00:00,AMZN,AMZN_662,-0.0365963146859854,-0.10575968
2022-08-24 04:00:00,AMZN,AMZN_662,-0.0525411528277169,-0.11532937
2022-08-25 04:00:00,AMZN,AMZN_667,-0.0689102503539599,-0.070895985
2022-08-26 04:00:00,AMZN,AMZN_667,-0.0247800983844704,-0.041635215
2022-08-29 04:00:00,AMZN,AMZN_667,-0.0283534391412472,0.0064283824
2022-08-30 04:00:00,AMZN,AMZN_667,0.0058261479444727,0.011478243
2022-08-31 04:00:00,AMZN,AMZN_667,0.0240594049216547,0.01927396
2022-09-01 04:00:00,AMZN,AMZN_672,0.042638120721709,-0.028333459
2022-09-02 04:00:00,AMZN,AMZN_672,0.0701121062052865,-0.038809635
2022-09-06 04:00:00,AMZN,AMZN_672,0.0056299982637093,-0.026857017
2022-09-07 04:00:00,AMZN,AMZN_672,-0.0071825201302772,-0.043545455
2022-09-08 04:00:00,AMZN,AMZN_672,-0.0272685899337602,-0.034070395
2022-09-09 04:00:00,AMZN,AMZN_677,-0.0730847541150468,-0.0137212
2022-09-12 04:00:00,AMZN,AMZN_677,-0.0864052293867397,-0.0092024505
2022-09-13 04:00:00,AMZN,AMZN_677,-0.0365084155855501,0.018494885
2022-09-14 04:00:00,AMZN,AMZN_677,-0.077868548413804,0.015377964
2022-09-15 04:00:00,AMZN,AMZN_677,-0.07103263626396,0.019851115
2022-09-16 04:00:00,AMZN,AMZN_682,-0.0789281963599765,-0.039647404
2022-09-19 04:00:00,AMZN,AMZN_682,-0.0762875169008281,-0.05605748
2022-09-20 04:00:00,AMZN,AMZN_682,-0.0636713202704747,-0.039579697
2022-09-21 04:00:00,AMZN,AMZN_682,-0.0044710542871898,-0.004798295
2022-09-22 04:00:00,AMZN,AMZN_682,-0.0213962540198867,0.03260474
2022-09-23 04:00:00,AMZN,AMZN_687,-0.0068553242016627,-0.009582061
2022-09-26 04:00:00,AMZN,AMZN_687,0.0063395199119904,0.029519785
2022-09-27 04:00:00,AMZN,AMZN_687,0.0583864387899983,0.043550216
2022-09-28 04:00:00,AMZN,AMZN_687,0.0249130985407304,0.042563967
2022-09-29 04:00:00,AMZN,AMZN_687,0.0479094063919172,0.026297545
2022-09-30 04:00:00,AMZN,AMZN_692,0.0138052881291483,0.039605036
2022-10-03 04:00:00,AMZN,AMZN_692,-0.0190714457788567,-0.0005207034
2022-10-04 04:00:00,AMZN,AMZN_692,-0.0733338634236897,0.07618587
2022-10-05 04:00:00,AMZN,AMZN_692,-0.0665563921081213,0.0413431
2022-10-06 04:00:00,AMZN,AMZN_692,-0.0645885625548817,0.02384235
2022-10-07 04:00:00,AMZN,AMZN_697,-0.066864491933993,-0.015630234
2022-10-10 04:00:00,AMZN,AMZN_697,0.0010557116962706,-0.011187224
2022-10-11 04:00:00,AMZN,AMZN_697,0.0369842399049904,-0.01859461
2022-10-12 04:00:00,AMZN,AMZN_697,0.0192205326803995,0.012595239
2022-10-13 04:00:00,AMZN,AMZN_697,0.0241713431992283,0.009712193
2022-10-14 04:00:00,AMZN,AMZN_702,0.1161833301371713,0.07570522
2022-10-17 04:00:00,AMZN,AMZN_702,0.0529923431828889,0.06381228
2022-10-18 04:00:00,AMZN,AMZN_702,0.036438620157521,0.06185592
2022-10-19 04:00:00,AMZN,AMZN_702,0.0051273482997298,0.15426214
2022-10-20 04:00:00,AMZN,AMZN_702,-0.0372234352757253,0.15854701
2022-10-21 04:00:00,AMZN,AMZN_707,-0.1333388876416916,0.059967414
2022-10-24 04:00:00,AMZN,AMZN_707,-0.1450508871447504,0.062487602
2022-10-25 04:00:00,AMZN,AMZN_707,-0.1974295013254333,0.061951067
2022-10-26 04:00:00,AMZN,AMZN_707,-0.2035275823118369,0.08573876
2022-10-27 04:00:00,AMZN,AMZN_707,-0.1952054453084964,0.0198284
2022-10-28 04:00:00,AMZN,AMZN_712,-0.1202011397832517,0.042092983
2022-10-31 04:00:00,AMZN,AMZN_712,-0.1162632114238932,0.059783988
2022-11-01 04:00:00,AMZN,AMZN_712,-0.0703584822210831,0.08376739
2022-11-02 04:00:00,AMZN,AMZN_712,-0.0649153623386695,0.08830375
2022-11-03 04:00:00,AMZN,AMZN_712,0.0820827990051884,0.10086304
2022-11-04 04:00:00,AMZN,AMZN_717,0.1078258649882335,0.022754492
2022-11-07 05:00:00,AMZN,AMZN_717,0.0879266452204239,0.016866434
2022-11-08 05:00:00,AMZN,AMZN_717,0.0995776700399757,0.016866434
2022-11-09 05:00:00,AMZN,AMZN_717,0.1274669541993645,0.05474257
2022-11-10 05:00:00,AMZN,AMZN_717,-0.0184207681868054,0.029582173
2022-11-11 05:00:00,AMZN,AMZN_722,-0.0659787822747646,-0.022408107
2022-11-14 05:00:00,AMZN,AMZN_722,-0.0612244787296828,0.024341183
2022-11-15 05:00:00,AMZN,AMZN_722,-0.0580150126493411,0.02062226
2022-11-16 05:00:00,AMZN,AMZN_722,-0.0307867113736188,0.040510915
2022-11-17 05:00:00,AMZN,AMZN_722,-0.0151818116518431,0.068647936
2022-11-18 05:00:00,AMZN,AMZN_727,-0.0020182966075855,-0.027019985
2022-11-21 05:00:00,AMZN,AMZN_727,-0.0004326294172984,-0.025212329
2022-11-22 05:00:00,AMZN,AMZN_727,0.0358369536121334,-0.024311638
2022-11-23 05:00:00,AMZN,AMZN_727,0.0145543693461893,-0.0076657226
2022-11-25 05:00:00,AMZN,AMZN_727,0.0077078852701151,-0.024677018
2022-11-28 05:00:00,AMZN,AMZN_732,-0.0312931868814363,0.0078727435
2022-11-29 05:00:00,AMZN,AMZN_732,-0.0451200849552333,0.018762592
2022-11-30 05:00:00,AMZN,AMZN_732,-0.0836958955296126,-0.034965537
2022-12-01 05:00:00,AMZN,AMZN_732,-0.0539267175484702,-0.0140664
2022-12-02 05:00:00,AMZN,AMZN_732,-0.0535429837733721,0.013160208
2022-12-05 05:00:00,AMZN,AMZN_737,-0.0050543794492403,-0.004689371
2022-12-06 05:00:00,AMZN,AMZN_737,0.0480453015724591,0.0097987335
2022-12-07 05:00:00,AMZN,AMZN_737,0.0352702100256936,0.013064974
2022-12-08 05:00:00,AMZN,AMZN_737,-0.0210293476255356,-0.01021092
2022-12-09 05:00:00,AMZN,AMZN_737,-0.0138062159400487,0.034528024
2022-12-12 05:00:00,AMZN,AMZN_742,-0.0621756454231636,0.0039006139
2022-12-13 05:00:00,AMZN,AMZN_742,-0.0789274039460524,-0.012595707
2022-12-14 05:00:00,AMZN,AMZN_742,-0.0525224403998341,-0.02265186
2022-12-15 05:00:00,AMZN,AMZN_742,-0.0526850898077668,-0.011479443
2022-12-16 05:00:00,AMZN,AMZN_742,-0.0297063577534741,-0.023541188
2022-12-19 05:00:00,AMZN,AMZN_747,-0.0221384514125611,-0.0057916543
2022-12-20 05:00:00,AMZN,AMZN_747,-0.039558664749422,-0.0058695977
2022-12-21 05:00:00,AMZN,AMZN_747,-0.0298489851111177,-0.03378895
2022-12-22 05:00:00,AMZN,AMZN_747,0.0025062547103247,0.024483336
2022-12-23 05:00:00,AMZN,AMZN_747,0.006686213429023,0.004636629
2022-12-27 05:00:00,AMZN,AMZN_752,0.0252889986869981,0.012437924
2022-12-28 05:00:00,AMZN,AMZN_752,0.0158885731680105,0.005984619
2022-12-29 05:00:00,AMZN,AMZN_752,0.0225706999167365,0.0073465835
2022-12-30 05:00:00,AMZN,AMZN_752,0.0400000072660899,0.0029512136
2023-01-03 05:00:00,AMZN,AMZN_752,0.0471918325117644,-0.052604266
2023-01-04 05:00:00,AMZN,AMZN_757,0.1168663027903655,0.030234594
2023-01-05 05:00:00,AMZN,AMZN_757,0.1461741277069916,0.010523344
2023-01-06 05:00:00,AMZN,AMZN_757,0.1398698961363607,0.027382042
2023-01-09 05:00:00,AMZN,AMZN_757,0.0994734704749593,-0.0029579843
2023-01-10 05:00:00,AMZN,AMZN_757,0.0622009142878681,-0.030196575
2023-01-11 05:00:00,AMZN,AMZN_762,-0.0148280164793002,0.04574081
2023-01-12 05:00:00,AMZN,AMZN_762,0.0207830736506875,0.051165372
2023-01-13 05:00:00,AMZN,AMZN_762,-0.0061150233053427,0.033634353
2023-01-17 05:00:00,AMZN,AMZN_762,0.0028110008796244,0.045032367
2023-01-18 05:00:00,AMZN,AMZN_762,0.018018030978411,0.04841587
2023-01-19 05:00:00,AMZN,AMZN_767,0.0591374989056363,0.013691592
2023-01-20 05:00:00,AMZN,AMZN_767,0.0513110320181955,-0.008863163
2023-01-23 05:00:00,AMZN,AMZN_767,0.0310706164170773,0.067548975
2023-01-24 05:00:00,AMZN,AMZN_767,0.0707018021197074,0.105223514
2023-01-25 05:00:00,AMZN,AMZN_767,0.0820127721308376,0.086001635
2023-01-26 05:00:00,AMZN,AMZN_772,0.1379762373813569,0.09485618
2023-01-27 05:00:00,AMZN,AMZN_772,0.0112480589779671,0.08767736
2023-01-30 05:00:00,AMZN,AMZN_772,0.0162108125703281,0.1089534
2023-01-31 05:00:00,AMZN,AMZN_772,-0.0098903972678288,0.089238614
2023-02-01 05:00:00,AMZN,AMZN_772,-0.0485021245849999,0.07974265
2023-02-02 05:00:00,AMZN,AMZN_777,-0.1299265372644997,-0.013065393
2023-02-03 05:00:00,AMZN,AMZN_777,-0.055904814908777,0.061275247
2023-02-06 05:00:00,AMZN,AMZN_777,-0.025836752610723,0.08936317
2023-02-07 05:00:00,AMZN,AMZN_777,-0.0236020335687379,0.088030785
2023-02-08 05:00:00,AMZN,AMZN_777,0.011094458535672,0.085936174
2023-02-09 05:00:00,AMZN,AMZN_782,-0.0009160865212498,0.01439367
2023-02-10 05:00:00,AMZN,AMZN_782,-0.0042004267958777,0.07820488
2023-02-13 05:00:00,AMZN,AMZN_782,-0.049829204730286,0.07465852
2023-02-14 05:00:00,AMZN,AMZN_782,-0.0392176143670763,0.075318016
2023-02-15 05:00:00,AMZN,AMZN_782,-0.0527877004148954,0.08094489
2023-02-16 05:00:00,AMZN,AMZN_787,-0.0473764794048714,-0.0059834407
2023-02-17 05:00:00,AMZN,AMZN_787,-0.0353908942388493,-0.0053075915
2023-02-21 05:00:00,AMZN,AMZN_787,-0.0037005547403802,0.023505153
2023-02-22 05:00:00,AMZN,AMZN_787,-0.0377910294601032,0.047886346
2023-02-23 05:00:00,AMZN,AMZN_787,-0.0385097312999217,0.042718686
2023-02-24 05:00:00,AMZN,AMZN_792,0.014973278351646,-0.021770893
2023-02-27 05:00:00,AMZN,AMZN_792,-0.0001066780717,-0.01688941
2023-02-28 05:00:00,AMZN,AMZN_792,-0.0072163884214248,-0.008407218
2023-03-01 05:00:00,AMZN,AMZN_792,0.0189866554710382,0.011139877
2023-03-02 05:00:00,AMZN,AMZN_792,0.0013025371774619,-0.028623596
2023-03-03 05:00:00,AMZN,AMZN_797,-0.0439409705152445,-0.010600918
2023-03-06 05:00:00,AMZN,AMZN_797,-0.0140799967447916,-0.028183773
2023-03-07 05:00:00,AMZN,AMZN_797,0.0142169338137201,-0.033918567
2023-03-08 05:00:00,AMZN,AMZN_797,0.0242759670330865,-0.032255087
2023-03-09 05:00:00,AMZN,AMZN_797,0.08444445436886,-0.03976474
2023-03-10 05:00:00,AMZN,AMZN_802,0.0905984050168167,0.026392959
2023-03-13 04:00:00,AMZN,AMZN_802,0.0571242968934753,-0.012621518
2023-03-14 04:00:00,AMZN,AMZN_802,0.0603921113280512,-0.003548678
2023-03-15 04:00:00,AMZN,AMZN_802,0.0259875268119296,-0.0057598334
2023-03-16 04:00:00,AMZN,AMZN_802,-0.0132947003087068,-0.03291108
2023-03-17 04:00:00,AMZN,AMZN_807,-0.0082870108146962,0.017769722
2023-03-20 04:00:00,AMZN,AMZN_807,0.0033773598827833,0.01863963
2023-03-21 04:00:00,AMZN,AMZN_807,-0.0334957034702105,-0.01485395
2023-03-22 04:00:00,AMZN,AMZN_807,0.0157041854071242,0.013972296
2023-03-23 04:00:00,AMZN,AMZN_807,0.0333299660221035,0.014281316
2023-03-24 04:00:00,AMZN,AMZN_812,0.0525833466476497,0.024230093
2023-03-27 04:00:00,AMZN,AMZN_812,0.0445736710095228,0.024958683
2023-03-28 04:00:00,AMZN,AMZN_812,0.0690045169876825,0.02807389
2023-03-29 04:00:00,AMZN,AMZN_812,0.0084787877717815,-0.015543591
2023-03-30 04:00:00,AMZN,AMZN_812,0.0005882113587623,0.0060865753
2023-03-31 04:00:00,AMZN,AMZN_817,-0.0108432833445124,0.014340029
2023-04-03 04:00:00,AMZN,AMZN_817,-0.0243140846023163,0.05781351
2023-04-04 04:00:00,AMZN,AMZN_817,-0.0588744136301874,0.037018813
2023-04-05 04:00:00,AMZN,AMZN_817,0.0128585862648709,0.032326266
2023-04-06 04:00:00,AMZN,AMZN_817,0.0044092160337194,0.043491676
2023-04-10 04:00:00,AMZN,AMZN_822,0.0055789341787171,0.0032507083
2023-04-11 04:00:00,AMZN,AMZN_822,0.0238191045479039,0.023360452
2023-04-12 04:00:00,AMZN,AMZN_822,0.0661351436124508,0.01853649
2023-04-13 04:00:00,AMZN,AMZN_822,0.0137694923017996,-0.009422237
2023-04-14 04:00:00,AMZN,AMZN_822,0.0434103683104831,0.028974507
2023-04-17 04:00:00,AMZN,AMZN_827,0.033774589184869,0.030984493
2023-04-18 04:00:00,AMZN,AMZN_827,0.0026392632943501,0.04309003
2023-04-19 04:00:00,AMZN,AMZN_827,0.0065196575769834,0.027585173
2023-04-20 04:00:00,AMZN,AMZN_827,0.0578942517828131,0.027055498
2023-04-21 04:00:00,AMZN,AMZN_827,-0.0141174471686178,-0.0063107433
2023-04-24 04:00:00,AMZN,AMZN_832,-0.0391676496429141,0.05796759
2023-04-25 04:00:00,AMZN,AMZN_832,0.0103343820000734,0.058877982
2023-04-26 04:00:00,AMZN,AMZN_832,-0.0126690968615486,0.0375027
2023-04-27 04:00:00,AMZN,AMZN_832,-0.052995808696023,0.007871415
2023-04-28 04:00:00,AMZN,AMZN_832,0.0019915288757215,0.050297447
2023-05-01 04:00:00,AMZN,AMZN_837,0.0370406532705318,0.016233796
2023-05-02 04:00:00,AMZN,AMZN_837,0.028852702619033,-0.0009240493
2023-05-03 04:00:00,AMZN,AMZN_837,0.0630969688301881,0.0045316378
2023-05-04 04:00:00,AMZN,AMZN_837,0.0786538490882287,0.0039619175
2023-05-05 04:00:00,AMZN,AMZN_837,0.0435358538206327,-0.0057911575
2023-05-08 04:00:00,AMZN,AMZN_842,0.0507417086296577,0.061574224
2023-05-09 04:00:00,AMZN,AMZN_842,0.0635903076781172,0.061982043
2023-05-10 04:00:00,AMZN,AMZN_842,0.0481894676553562,0.017359732
2023-05-11 04:00:00,AMZN,AMZN_842,0.0532180531686776,0.016545732
2023-05-12 04:00:00,AMZN,AMZN_842,0.0543261177917322,0.041341193
2023-05-15 04:00:00,AMZN,AMZN_847,0.0342626375229275,0.045625407
2023-05-16 04:00:00,AMZN,AMZN_847,0.0140211315387659,0.015882285
2023-05-17 04:00:00,AMZN,AMZN_847,0.0108225108225108,0.0009327307
2023-05-18 04:00:00,AMZN,AMZN_847,-0.0266610366923182,-0.023282796
2023-05-19 04:00:00,AMZN,AMZN_847,0.0332043063256048,0.00044384296
2023-05-22 04:00:00,AMZN,AMZN_852,0.0578210712317168,0.0398991
2023-05-23 04:00:00,AMZN,AMZN_852,0.0486129582670984,0.032989543
2023-05-24 04:00:00,AMZN,AMZN_852,0.0515631404117036,0.0107034
2023-05-25 04:00:00,AMZN,AMZN_852,0.0804347826086957,0.026492605
2023-05-26 04:00:00,AMZN,AMZN_852,0.0432104105822386,-0.029084874
2023-05-30 04:00:00,AMZN,AMZN_857,0.0406871346312793,0.028503701
2023-05-31 04:00:00,AMZN,AMZN_857,0.0053906246144335,0.041750193
2023-06-01 04:00:00,AMZN,AMZN_857,0.0120550899845379,0.009366072
2023-06-02 04:00:00,AMZN,AMZN_857,-0.0065995951293699,0.02692491
2023-06-05 04:00:00,AMZN,AMZN_857,0.0101356473434548,0.05792051
2023-06-06 04:00:00,AMZN,AMZN_862,0.0003949376156446,-0.047826454
2023-06-07 04:00:00,AMZN,AMZN_862,0.0428111413701028,0.0016071752
2023-06-08 04:00:00,AMZN,AMZN_862,0.0230181135641975,0.023347983
2023-06-09 04:00:00,AMZN,AMZN_862,0.0166896018269502,0.0061464226
2023-06-12 04:00:00,AMZN,AMZN_862,-0.0062416126841442,0.012261615
2023-06-13 04:00:00,AMZN,AMZN_867,-0.0144481428876047,-0.0026715586
2023-06-14 04:00:00,AMZN,AMZN_867,0.0295047918174651,-0.00061945716
2023-06-15 04:00:00,AMZN,AMZN_867,0.0174651971524129,0.00033206906
2023-06-16 04:00:00,AMZN,AMZN_867,0.0146625547741474,0.013182188
2023-06-20 04:00:00,AMZN,AMZN_867,0.0270312762719155,0.01690944
2023-06-21 04:00:00,AMZN,AMZN_872,0.0337257982321905,0.027683284
2023-06-22 04:00:00,AMZN,AMZN_872,-0.0172876871004313,0.0015497596
2023-06-23 04:00:00,AMZN,AMZN_872,0.0079641132352443,0.0211567
2023-06-26 04:00:00,AMZN,AMZN_872,0.0226969241191326,0.029906563
2023-06-27 04:00:00,AMZN,AMZN_872,0.0092894587015734,0.015781311
2023-06-28 04:00:00,AMZN,AMZN_877,-0.0052696273338563,0.017992226
2023-06-29 04:00:00,AMZN,AMZN_877,0.0146989619311113,-0.01801239
2023-06-30 04:00:00,AMZN,AMZN_877,-0.0247775647576755,-0.022499394
2023-07-03 04:00:00,AMZN,AMZN_877,-0.0110582278291155,-0.029938085
2023-07-05 04:00:00,AMZN,AMZN_877,0.003221338803621,-0.023603331
2023-07-06 04:00:00,AMZN,AMZN_882,0.0462761172729944,0.009112226
2023-07-07 04:00:00,AMZN,AMZN_882,0.0377561561301698,0.012258033
2023-07-10 04:00:00,AMZN,AMZN_882,0.0505781518452987,0.016352974
2023-07-11 04:00:00,AMZN,AMZN_882,0.0314490067568544,0.007020747
2023-07-12 04:00:00,AMZN,AMZN_882,0.0348623658425248,0.0030459508
2023-07-13 04:00:00,AMZN,AMZN_887,-0.0323156830921145,-0.0054626088
2023-07-14 04:00:00,AMZN,AMZN_887,-0.0347489822563884,-0.00792139
2023-07-17 04:00:00,AMZN,AMZN_887,-0.0356393725205609,-0.016239798
2023-07-18 04:00:00,AMZN,AMZN_887,-0.0278551298444471,-0.014990606
2023-07-19 04:00:00,AMZN,AMZN_887,-0.0532654157901637,-0.02015063
2023-07-20 04:00:00,AMZN,AMZN_892,-0.013157945718117,-0.042584397
2023-07-21 04:00:00,AMZN,AMZN_892,0.0170000516451322,-0.030023454
2023-07-24 04:00:00,AMZN,AMZN_892,0.0378881173012273,-0.03525374
2023-07-25 04:00:00,AMZN,AMZN_892,0.0198249629194777,-0.012551205
2023-07-26 04:00:00,AMZN,AMZN_892,0.0004683013674686,-0.016325481
2023-07-27 04:00:00,AMZN,AMZN_897,0.0051462273848683,0.010509303
2023-07-28 04:00:00,AMZN,AMZN_897,0.0556690132107797,-0.0052404087
2023-07-31 04:00:00,AMZN,AMZN_897,0.0638839692760475,0.002076204
2023-08-01 04:00:00,AMZN,AMZN_897,0.0626471246643853,0.017605152
2023-08-02 04:00:00,AMZN,AMZN_897,0.0751891341146444,0.030012023
2023-08-03 04:00:00,AMZN,AMZN_902,0.0748583788871677,0.058354314
2023-08-04 04:00:00,AMZN,AMZN_902,-0.0083112674732094,-0.02854791
2023-08-07 04:00:00,AMZN,AMZN_902,-0.011601700761652,-0.044330016
2023-08-08 04:00:00,AMZN,AMZN_902,-0.0162212679209534,-0.00023421763
2023-08-09 04:00:00,AMZN,AMZN_902,-0.0201668382749964,-0.07935955
2023-08-10 04:00:00,AMZN,AMZN_907,-0.0330542863146191,0.0023353915
2023-08-11 04:00:00,AMZN,AMZN_907,-0.0374973073050141,0.0045435545
2023-08-14 04:00:00,AMZN,AMZN_907,-0.0419009343497609,-0.008927712
2023-08-15 04:00:00,AMZN,AMZN_907,-0.0248420005406578,-0.053484596
2023-08-16 04:00:00,AMZN,AMZN_907,0.0033315830594575,-0.054469876
2023-08-17 04:00:00,AMZN,AMZN_912,-0.0159725291677149,-0.007450345
2023-08-18 04:00:00,AMZN,AMZN_912,0.0003002048173423,-0.011075318
2023-08-21 04:00:00,AMZN,AMZN_912,-0.0114344622058309,-0.008593624
2023-08-22 04:00:00,AMZN,AMZN_912,0.0049162283956005,-0.014676692
2023-08-23 04:00:00,AMZN,AMZN_912,-0.0033205204697122,0.0032231344
2023-08-24 04:00:00,AMZN,AMZN_917,0.0467991378969119,-0.0030111312
2023-08-25 04:00:00,AMZN,AMZN_917,0.0364700646156956,0.008218232
2023-08-28 04:00:00,AMZN,AMZN_917,0.0310200157859816,-0.007943718
2023-08-29 04:00:00,AMZN,AMZN_917,0.0033355343267889,-0.0071224477
2023-08-30 04:00:00,AMZN,AMZN_917,0.0205819103320534,-0.0054183523
2023-08-31 04:00:00,AMZN,AMZN_922,0.0015940962934553,-0.019013325
2023-09-01 04:00:00,AMZN,AMZN_922,0.0360556846393083,-0.013601356
2023-09-05 04:00:00,AMZN,AMZN_922,0.0288481921164518,-0.010788596
2023-09-06 04:00:00,AMZN,AMZN_922,0.0701093783272215,-0.006638108
2023-09-07 04:00:00,AMZN,AMZN_922,0.0498367414799287,-0.026354777
2023-09-08 04:00:00,AMZN,AMZN_927,0.0156261573382878,0.025002122
2023-09-11 04:00:00,AMZN,AMZN_927,-0.0218030065891094,0.00013464285
2023-09-12 04:00:00,AMZN,AMZN_927,-0.0254902708605306,0.033505
2023-09-13 04:00:00,AMZN,AMZN_927,-0.0659993953369311,-0.012350386
2023-09-14 04:00:00,AMZN,AMZN_927,-0.1063432784676262,-0.009705776
2023-09-15 04:00:00,AMZN,AMZN_932,-0.0802764037428432,-0.018729202
2023-09-18 04:00:00,AMZN,AMZN_932,-0.0622231155945417,-0.0025331653
2023-09-19 04:00:00,AMZN,AMZN_932,-0.0846472506907087,0.022202564
2023-09-20 04:00:00,AMZN,AMZN_932,-0.0688150668284014,0.039387617
2023-09-21 04:00:00,AMZN,AMZN_932,-0.0259027172867223,0.009980663
2023-09-22 04:00:00,AMZN,AMZN_937,-0.0154894086604502,-0.020652326
2023-09-25 04:00:00,AMZN,AMZN_937,-0.0137883560576181,0.013243761
2023-09-26 04:00:00,AMZN,AMZN_937,-0.0100016042439732,0.0018147237
2023-09-27 04:00:00,AMZN,AMZN_937,0.0080964963953564,0.014006566
2023-09-28 04:00:00,AMZN,AMZN_937,-0.0001587892675654,-0.0004435434
2023-09-29 04:00:00,AMZN,AMZN_942,0.0066079005643602,-0.0013759378
2023-10-02 04:00:00,AMZN,AMZN_942,-0.0092693661733196,0.003958075
2023-10-03 04:00:00,AMZN,AMZN_942,0.0381654462816489,0.00103997
2023-10-04 04:00:00,AMZN,AMZN_942,0.0380315104807456,0.0018403658
2023-10-05 04:00:00,AMZN,AMZN_942,0.0505716322076987,-0.0017874998
2023-10-06 04:00:00,AMZN,AMZN_947,0.0143012989586854,0.04144449
2023-10-09 04:00:00,AMZN,AMZN_947,0.033447752445469,0.033746287
2023-10-10 04:00:00,AMZN,AMZN_947,0.0153692119155732,0.017124917
2023-10-11 04:00:00,AMZN,AMZN_947,-0.0280664256758782,0.0032854232
2023-10-12 04:00:00,AMZN,AMZN_947,-0.0296985406195924,-0.016207714
2023-10-13 04:00:00,AMZN,AMZN_952,-0.0355959269294537,0.014913625
2023-10-16 04:00:00,AMZN,AMZN_952,-0.0451905345549111,-0.022108408
2023-10-17 04:00:00,AMZN,AMZN_952,-0.0221343548725176,-0.008709813
2023-10-18 04:00:00,AMZN,AMZN_952,-0.0526028661227981,0.009237137
2023-10-19 04:00:00,AMZN,AMZN_952,-0.0687694285155408,0.012148784
2023-10-20 04:00:00,AMZN,AMZN_957,0.020532074238392,-0.022854635
2023-10-23 04:00:00,AMZN,AMZN_957,0.0485936257420211,-0.009280018
2023-10-24 04:00:00,AMZN,AMZN_957,0.0352364566375495,-0.03289734
2023-10-25 04:00:00,AMZN,AMZN_957,0.1285937942898014,0.014242264
2023-10-26 04:00:00,AMZN,AMZN_957,0.1547211480857377,0.010686679
2023-10-27 04:00:00,AMZN,AMZN_962,0.0850165055688192,0.0030565076
2023-10-30 04:00:00,AMZN,AMZN_962,0.0529726352471224,-0.09460941
2023-10-31 04:00:00,AMZN,AMZN_962,0.0722819944449706,-0.041780524
2023-11-01 04:00:00,AMZN,AMZN_962,0.0370803053361656,-0.08032345
2023-11-02 04:00:00,AMZN,AMZN_962,0.0183240287179522,-0.07513774
2023-11-03 04:00:00,AMZN,AMZN_967,0.0357863725588416,-0.0067926296
2023-11-06 05:00:00,AMZN,AMZN_967,0.0203949530033902,-0.004996933
2023-11-07 05:00:00,AMZN,AMZN_967,0.0216522751910877,0.0028918607
2023-11-08 05:00:00,AMZN,AMZN_967,0.0078828484146507,-0.0067023565
2023-11-09 05:00:00,AMZN,AMZN_967,0.015860566363683,-0.0028452682
2023-11-10 05:00:00,AMZN,AMZN_972,0.0112844465362038,-0.006620076
2023-11-13 05:00:00,AMZN,AMZN_972,0.0248264859796563,-0.02468118
2023-11-14 05:00:00,AMZN,AMZN_972,-0.0130316125891913,-0.034326434
2023-11-15 05:00:00,AMZN,AMZN_972,0.0245112419024258,-0.02757364
2023-11-16 05:00:00,AMZN,AMZN_972,0.0273752265769364,-0.07400871
2023-11-17 05:00:00,AMZN,AMZN_977,0.0175644247169273,-0.02936505
2023-11-20 05:00:00,AMZN,AMZN_977,0.0061588576364322,-0.028750082
2023-11-21 05:00:00,AMZN,AMZN_977,0.0168173282166725,-0.025095087
2023-11-22 05:00:00,AMZN,AMZN_977,-0.0042260946602352,-0.030217426
2023-11-24 05:00:00,AMZN,AMZN_977,0.0019762387575099,-0.027824966
2023-11-27 05:00:00,AMZN,AMZN_982,-0.0195627121994812,-0.04018755
2023-11-28 05:00:00,AMZN,AMZN_982,-0.0010201584556192,-0.031690497
2023-11-29 05:00:00,AMZN,AMZN_982,-0.0123018245055805,-0.03131655
2023-11-30 05:00:00,AMZN,AMZN_982,0.0054076840627381,-0.025840415
2023-12-01 05:00:00,AMZN,AMZN_982,0.0026525157647172,-0.037321135
2023-12-04 05:00:00,AMZN,AMZN_987,0.0072493998778369,0.0059843096
2023-12-05 05:00:00,AMZN,AMZN_987,0.0040849048528099,0.0078038233
2023-12-06 05:00:00,AMZN,AMZN_987,0.0298920006761505,0.006585784
2023-12-07 05:00:00,AMZN,AMZN_987,0.0036764247561378,0.009462929
2023-12-08 05:00:00,AMZN,AMZN_987,0.0172975382134754,0.0055307117
2023-12-11 05:00:00,AMZN,AMZN_992,0.0560696961326516,-0.0073075565
2023-12-12 05:00:00,AMZN,AMZN_992,0.0427854471209174,-0.0066948985
2023-12-13 05:00:00,AMZN,AMZN_992,0.0220370791453847,-0.00957081
2023-12-14 05:00:00,AMZN,AMZN_992,0.0435490316692848,-0.006512319
2023-12-15 05:00:00,AMZN,AMZN_992,0.023004580383813,-0.017161483
2023-12-18 05:00:00,AMZN,AMZN_997,-0.004283790684325,6.80096e-05
2023-12-19 05:00:00,AMZN,AMZN_997,-0.0029260482988964,-0.0072464827
2023-12-20 05:00:00,AMZN,AMZN_997,0.008282998988097,0.006277686
2023-12-21 05:00:00,AMZN,AMZN_997,-0.0123504546393206,0.016617022
2023-12-22 05:00:00,AMZN,AMZN_997,-0.0227480480694628,0.012568801
2023-12-26 05:00:00,GOOGL,GOOGL_1002,-0.0183720041338465,-0.009818806
2023-12-27 05:00:00,GOOGL,GOOGL_1002,-0.0283536073661353,-0.007169306
2023-12-28 05:00:00,GOOGL,GOOGL_1002,-0.0320901386087417,-0.08314234
2023-12-29 05:00:00,GOOGL,GOOGL_1002,-0.006084945870569,-0.092138804
2024-01-02 05:00:00,GOOGL,GOOGL_1002,0.0201201332860818,-0.09987213
2024-01-03 05:00:00,GOOGL,GOOGL_1007,0.0241865869179278,0.0069237854
2024-01-04 05:00:00,GOOGL,GOOGL_1007,0.0417186191573375,0.009012883
2024-01-05 05:00:00,GOOGL,GOOGL_1007,0.0509835584378588,0.015215755
2024-01-08 05:00:00,GOOGL,GOOGL_1007,0.0262893204519432,-0.09372279
2024-01-09 05:00:00,GOOGL,GOOGL_1007,0.0036892818993949,-0.08797757
2024-01-10 05:00:00,GOOGL,GOOGL_1012,0.0084340522809787,-0.010361374
2024-01-11 05:00:00,GOOGL,GOOGL_1012,0.0302646607287553,-0.006500114
2024-01-12 05:00:00,GOOGL,GOOGL_1012,0.0234140325242733,-0.0107116345
2024-01-16 05:00:00,GOOGL,GOOGL_1012,0.0319319785076928,-0.012605676
2024-01-17 05:00:00,GOOGL,GOOGL_1012,0.0511062109645406,6.0564667e-05
2024-01-18 05:00:00,GOOGL,GOOGL_1017,0.0584750462746082,0.028038438
2024-01-19 05:00:00,GOOGL,GOOGL_1017,0.0396911966442756,0.039560296
2024-01-22 05:00:00,GOOGL,GOOGL_1017,0.0515103002309564,0.043331265
2024-01-23 05:00:00,GOOGL,GOOGL_1017,0.0300599403533243,0.0343865
2024-01-24 05:00:00,GOOGL,GOOGL_1017,-0.0578345058589339,0.022048026
2024-01-25 05:00:00,GOOGL,GOOGL_1022,-0.0705207861948896,-0.04742801
2024-01-26 05:00:00,GOOGL,GOOGL_1022,-0.0644588829832671,-0.045871716
2024-01-29 05:00:00,GOOGL,GOOGL_1022,-0.0640349305114263,-0.049540512
2024-01-30 05:00:00,GOOGL,GOOGL_1022,-0.0485936899782118,-0.03914494
2024-01-31 05:00:00,GOOGL,GOOGL_1022,0.0388293143870226,-0.009955989
2024-02-01 05:00:00,GOOGL,GOOGL_1027,0.0336497582655914,0.032044075
2024-02-02 05:00:00,GOOGL,GOOGL_1027,0.0464952583941555,0.02426926
2024-02-05 05:00:00,GOOGL,GOOGL_1027,0.0267957008614503,0.025437823
2024-02-06 05:00:00,GOOGL,GOOGL_1027,0.007217163373232,0.024967493
2024-02-07 05:00:00,GOOGL,GOOGL_1027,0.0027484483559581,0.033027392
2024-02-08 05:00:00,GOOGL,GOOGL_1032,-0.0215201104162802,0.021618627
2024-02-09 05:00:00,GOOGL,GOOGL_1032,-0.0569127230036178,0.013862283
2024-02-12 05:00:00,GOOGL,GOOGL_1032,-0.0434488152589133,0.025689393
2024-02-13 05:00:00,GOOGL,GOOGL_1032,-0.0178448143088206,0.02459487
2024-02-14 05:00:00,GOOGL,GOOGL_1032,-0.0126764839836041,0.038557366
2024-02-15 05:00:00,GOOGL,GOOGL_1037,0.0083351012523278,0.04273663
2024-02-16 05:00:00,GOOGL,GOOGL_1037,-0.0209934305333658,0.020708703
2024-02-20 05:00:00,GOOGL,GOOGL_1037,-0.0158729472213692,0.02358862
2024-02-21 05:00:00,GOOGL,GOOGL_1037,-0.0432830448043208,0.025629928
2024-02-22 05:00:00,GOOGL,GOOGL_1037,-0.0390727307038104,0.033319276
2024-02-23 05:00:00,GOOGL,GOOGL_1042,-0.0473743192980957,-0.0059233555
2024-02-26 05:00:00,GOOGL,GOOGL_1042,-0.0306752998184961,0.030577648
2024-02-27 05:00:00,GOOGL,GOOGL_1042,-0.0447149085219806,0.0076218997
2024-02-28 05:00:00,GOOGL,GOOGL_1042,-0.036515697375193,0.032632075
2024-02-29 05:00:00,GOOGL,GOOGL_1042,-0.0294670058733,0.020030629
2024-03-01 05:00:00,GOOGL,GOOGL_1047,-0.012614815044761,-0.03144501
2024-03-04 05:00:00,GOOGL,GOOGL_1047,0.0323958895215663,-0.028819276
2024-03-05 05:00:00,GOOGL,GOOGL_1047,0.0439436339151118,-0.02570434
2024-03-06 05:00:00,GOOGL,GOOGL_1047,0.0638508354593836,-0.029128596
2024-03-07 05:00:00,GOOGL,GOOGL_1047,0.064890615447644,-0.027937155
2024-03-08 05:00:00,GOOGL,GOOGL_1052,0.0426112462715075,0.03823832
2024-03-11 04:00:00,GOOGL,GOOGL_1052,0.0727100649376919,0.05879765
2024-03-12 04:00:00,GOOGL,GOOGL_1052,0.0615884388396885,0.05432795
2024-03-13 04:00:00,GOOGL,GOOGL_1052,0.0640246987401429,0.041347742
2024-03-14 04:00:00,GOOGL,GOOGL_1052,0.0314465395392422,0.009173254
2024-03-15 04:00:00,GOOGL,GOOGL_1057,0.0679275541450343,0.033594977
2024-03-18 04:00:00,GOOGL,GOOGL_1057,0.0161837402963891,0.017665362
2024-03-19 04:00:00,GOOGL,GOOGL_1057,0.0247568483973965,0.011860713
2024-03-20 04:00:00,GOOGL,GOOGL_1057,0.0143202201516747,-0.0036595005
2024-03-21 04:00:00,GOOGL,GOOGL_1057,0.0225608837030144,-0.020595232
2024-03-22 04:00:00,GOOGL,GOOGL_1062,0.0313059699340028,-0.020774974
2024-03-25 04:00:00,GOOGL,GOOGL_1062,0.0299193044261976,-0.008702249
2024-03-26 04:00:00,GOOGL,GOOGL_1062,0.0282073408883598,-0.017666232
2024-03-27 04:00:00,GOOGL,GOOGL_1062,-0.002253571610621,-0.01554987
2024-03-28 04:00:00,GOOGL,GOOGL_1062,0.0104022222249182,-0.03410182
2024-04-01 04:00:00,GOOGL,GOOGL_1067,-0.0041160162520964,-0.0016389351
2024-04-02 04:00:00,GOOGL,GOOGL_1067,0.0131988132579292,-0.019552568
2024-04-03 04:00:00,GOOGL,GOOGL_1067,0.0078750402473712,-0.029379351
2024-04-04 04:00:00,GOOGL,GOOGL_1067,0.0589915960594149,-0.023834102
2024-04-05 04:00:00,GOOGL,GOOGL_1067,0.0342950539510757,-0.023705574
2024-04-08 04:00:00,GOOGL,GOOGL_1072,6.454314783344017e-05,0.028037768
2024-04-09 04:00:00,GOOGL,GOOGL_1072,-0.0140486086927544,0.02641992
2024-04-10 04:00:00,GOOGL,GOOGL_1072,-0.0042910091684663,0.03930158
2024-04-11 04:00:00,GOOGL,GOOGL_1072,-0.0213287063369009,0.023666278
2024-04-12 04:00:00,GOOGL,GOOGL_1072,-0.0230774075207363,0.03192426
2024-04-15 04:00:00,GOOGL,GOOGL_1077,0.0091695606570363,-0.00931597
2024-04-16 04:00:00,GOOGL,GOOGL_1077,0.0250000049413179,-0.036006227
2024-04-17 04:00:00,GOOGL,GOOGL_1077,0.0235415426344127,-0.03765338
2024-04-18 04:00:00,GOOGL,GOOGL_1077,-6.406324714980371e-05,-0.033283036
2024-04-19 04:00:00,GOOGL,GOOGL_1077,0.1159062952483165,-0.046101037
2024-04-22 04:00:00,GOOGL,GOOGL_1082,0.0631558433214873,0.04143035
2024-04-23 04:00:00,GOOGL,GOOGL_1082,0.0285606244745932,0.033012543
2024-04-24 04:00:00,GOOGL,GOOGL_1082,0.0297240971683647,0.039160658
2024-04-25 04:00:00,GOOGL,GOOGL_1082,0.0680768917768428,0.07086676
2024-04-26 04:00:00,GOOGL,GOOGL_1082,-0.0273916344208825,0.032024242
2024-04-29 04:00:00,GOOGL,GOOGL_1087,0.0117364566877213,0.007303528
2024-04-30 04:00:00,GOOGL,GOOGL_1087,0.0520334272282865,0.030113854
2024-05-01 04:00:00,GOOGL,GOOGL_1087,0.0336873199798597,0.005502579
2024-05-02 04:00:00,GOOGL,GOOGL_1087,0.0200456829585824,-0.008337267
2024-05-03 04:00:00,GOOGL,GOOGL_1087,0.0084309277505849,0.0060232915
2024-05-06 04:00:00,GOOGL,GOOGL_1092,0.0061867534108974,0.013520163
2024-05-07 04:00:00,GOOGL,GOOGL_1092,-0.0053138899977189,-0.0019390981
2024-05-08 04:00:00,GOOGL,GOOGL_1092,0.0184790974955335,0.022004958
2024-05-09 04:00:00,GOOGL,GOOGL_1092,0.0248292880396183,0.0099648265
2024-05-10 04:00:00,GOOGL,GOOGL_1092,0.0439371712438814,0.012693677
2024-05-13 04:00:00,GOOGL,GOOGL_1097,0.0459973915535736,0.028280145
2024-05-14 04:00:00,GOOGL,GOOGL_1097,0.0440883522782751,0.019433832
2024-05-15 04:00:00,GOOGL,GOOGL_1097,0.0224335429784225,0.013228471
2024-05-16 04:00:00,GOOGL,GOOGL_1097,-0.0036168885665077,0.014915873
2024-05-17 04:00:00,GOOGL,GOOGL_1097,-0.0060774286054025,0.004212677
2024-05-20 04:00:00,GOOGL,GOOGL_1102,-0.0029392057305154,-0.0051590963
2024-05-21 04:00:00,GOOGL,GOOGL_1102,-0.010964364015238,-0.014830457
2024-05-22 04:00:00,GOOGL,GOOGL_1102,-0.0242091175544413,0.0009101676
2024-05-23 04:00:00,GOOGL,GOOGL_1102,-0.0060501471235622,0.03939532
2024-05-24 04:00:00,GOOGL,GOOGL_1102,-0.0104006358482562,0.025460795
2024-05-28 04:00:00,GOOGL,GOOGL_1107,-0.014795922339335,-0.016358702
2024-05-29 04:00:00,GOOGL,GOOGL_1107,-0.0027856182568337,-0.0024762135
2024-05-30 04:00:00,GOOGL,GOOGL_1107,0.0268432694253888,0.05595629
2024-05-31 04:00:00,GOOGL,GOOGL_1107,0.0113623577615489,0.0562526
2024-06-03 04:00:00,GOOGL,GOOGL_1107,0.0106253759735881,0.04067434
2024-06-04 04:00:00,GOOGL,GOOGL_1112,0.0162840321099229,0.013576613
2024-06-05 04:00:00,GOOGL,GOOGL_1112,0.0135681521825175,0.012248276
2024-06-06 04:00:00,GOOGL,GOOGL_1112,-0.0088835630814483,0.011327426
2024-06-07 04:00:00,GOOGL,GOOGL_1112,0.0133554194806781,0.036221564
2024-06-10 04:00:00,GOOGL,GOOGL_1112,0.0127421921965777,0.029710885
2024-06-11 04:00:00,GOOGL,GOOGL_1117,-0.0086626589378043,0.01122737
2024-06-12 04:00:00,GOOGL,GOOGL_1117,-0.0083806192172865,0.009864073
2024-06-13 04:00:00,GOOGL,GOOGL_1117,0.0255195314412413,0.046749864
2024-06-14 04:00:00,GOOGL,GOOGL_1117,0.0137451667337153,0.026730882
2024-06-17 04:00:00,GOOGL,GOOGL_1117,0.0383095975834568,0.019455545
2024-06-18 04:00:00,GOOGL,GOOGL_1122,0.0502028027229997,0.027515365
2024-06-20 04:00:00,GOOGL,GOOGL_1122,0.0516732867422413,0.029552344
2024-06-21 04:00:00,GOOGL,GOOGL_1122,0.0140287755117298,0.007441022
2024-06-24 04:00:00,GOOGL,GOOGL_1122,0.0210356224014212,0.026991839
2024-06-25 04:00:00,GOOGL,GOOGL_1122,0.0065750514692897,0.008666216
2024-06-26 04:00:00,GOOGL,GOOGL_1127,0.0105503719267499,0.000848728
2024-06-27 04:00:00,GOOGL,GOOGL_1127,0.0279920303052501,-0.042641547
2024-06-28 04:00:00,GOOGL,GOOGL_1127,0.03777109587345,0.020953156
2024-07-01 04:00:00,GOOGL,GOOGL_1127,0.0327339748322961,0.013124762
2024-07-02 04:00:00,GOOGL,GOOGL_1127,0.032066438169245,-0.008250934
2024-07-03 04:00:00,GOOGL,GOOGL_1132,-0.0013453879568726,0.015781665
2024-07-05 04:00:00,GOOGL,GOOGL_1132,-0.0290136337996415,0.007986281
2024-07-08 04:00:00,GOOGL,GOOGL_1132,-0.0132254140408628,0.010442349
2024-07-09 04:00:00,GOOGL,GOOGL_1132,-0.0267753078261729,0.007531499
2024-07-10 04:00:00,GOOGL,GOOGL_1132,-0.0531435756488938,0.014925301
2024-07-11 04:00:00,GOOGL,GOOGL_1137,-0.0424637849426009,0.021805843
2024-07-12 04:00:00,GOOGL,GOOGL_1137,-0.0400389224015537,0.050307985
2024-07-15 04:00:00,GOOGL,GOOGL_1137,-0.0260547935568365,0.018707141
2024-07-16 04:00:00,GOOGL,GOOGL_1137,-0.0115811488909211,0.03127292
2024-07-17 04:00:00,GOOGL,GOOGL_1137,-0.0463484653166854,0.044961933
2024-07-18 04:00:00,GOOGL,GOOGL_1142,-0.0585851962354612,-0.011002537
2024-07-19 04:00:00,GOOGL,GOOGL_1142,-0.0600022708678065,-0.010030868
2024-07-22 04:00:00,GOOGL,GOOGL_1142,-0.0668244592503312,-0.023084221
2024-07-23 04:00:00,GOOGL,GOOGL_1142,-0.0632598076061277,-0.016703302
2024-07-24 04:00:00,GOOGL,GOOGL_1142,-0.0063141491389033,-0.009713431
2024-07-25 04:00:00,GOOGL,GOOGL_1147,0.0208034179395855,-0.020709177
2024-07-26 04:00:00,GOOGL,GOOGL_1147,-0.0020359062149138,-0.032171812
2024-07-29 04:00:00,GOOGL,GOOGL_1147,-0.0606382283567401,-0.022260709
2024-07-30 04:00:00,GOOGL,GOOGL_1147,-0.0704680279118737,-0.021599744
2024-07-31 04:00:00,GOOGL,GOOGL_1147,-0.0734522055373377,-0.018015066
2024-08-01 04:00:00,GOOGL,GOOGL_1152,-0.0511243617262447,0.0019018454
2024-08-02 04:00:00,GOOGL,GOOGL_1152,-0.0179407501947862,0.021773946
2024-08-05 04:00:00,GOOGL,GOOGL_1152,0.0190894397873331,0.010871135
2024-08-06 04:00:00,GOOGL,GOOGL_1152,0.0370839005935494,0.0071971905
2024-08-07 04:00:00,GOOGL,GOOGL_1152,0.0089970596062398,-0.0028593785
2024-08-08 04:00:00,GOOGL,GOOGL_1157,-0.0045053121831679,-0.015665418
2024-08-09 04:00:00,GOOGL,GOOGL_1157,-0.0043379450297619,-0.011492572
2024-08-12 04:00:00,GOOGL,GOOGL_1157,0.0269887550928056,-0.0076034144
2024-08-13 04:00:00,GOOGL,GOOGL_1157,0.0183966188249355,-0.010666746
2024-08-14 04:00:00,GOOGL,GOOGL_1157,0.0341710491561948,0.0011287776
2024-08-15 04:00:00,GOOGL,GOOGL_1162,0.0154990697625578,0.0095666805
2024-08-16 04:00:00,GOOGL,GOOGL_1162,0.0163229522197483,0.011891424
2024-08-19 04:00:00,GOOGL,GOOGL_1162,-0.0030599058765152,0.013574672
2024-08-20 04:00:00,GOOGL,GOOGL_1162,-0.0149539425142118,0.010872582
2024-08-21 04:00:00,GOOGL,GOOGL_1162,-0.0180886336424223,0.013995087
2024-08-22 04:00:00,GOOGL,GOOGL_1167,-0.0123321381857524,-0.013038946
2024-08-23 04:00:00,GOOGL,GOOGL_1167,-0.0135248780365562,-0.016057817
2024-08-26 04:00:00,GOOGL,GOOGL_1167,-0.0529610186435289,-0.017301945
2024-08-27 04:00:00,GOOGL,GOOGL_1167,-0.0499756867474613,-0.01008749
2024-08-28 04:00:00,GOOGL,GOOGL_1167,-0.0344488817936277,-0.0046559805
2024-08-29 04:00:00,GOOGL,GOOGL_1172,-0.0671282030677165,-0.026615392
2024-08-30 04:00:00,GOOGL,GOOGL_1172,-0.0897906581620416,-0.024451988
2024-09-03 04:00:00,GOOGL,GOOGL_1172,-0.0552872198430195,-0.018341636
2024-09-04 04:00:00,GOOGL,GOOGL_1172,-0.0338126774644993,-0.004311191
2024-09-05 04:00:00,GOOGL,GOOGL_1172,-0.0162172663614456,-0.007701101
2024-09-06 04:00:00,GOOGL,GOOGL_1177,0.043334273948246,-0.00049285387
2024-09-09 04:00:00,GOOGL,GOOGL_1177,0.0628739857615423,0.012250747
2024-09-10 04:00:00,GOOGL,GOOGL_1177,0.0717072743139344,0.004755663
2024-09-11 04:00:00,GOOGL,GOOGL_1177,0.0572240916044157,0.012642921
2024-09-12 04:00:00,GOOGL,GOOGL_1177,0.0481608173163234,0.016382951
2024-09-13 04:00:00,GOOGL,GOOGL_1182,0.0389304544814526,0.03305578
2024-09-16 04:00:00,GOOGL,GOOGL_1182,0.0239782905444934,0.034637865
2024-09-17 04:00:00,GOOGL,GOOGL_1182,0.018641638371696,0.0002344338
2024-09-18 04:00:00,GOOGL,GOOGL_1182,0.0105125333848674,-0.009418484
2024-09-19 04:00:00,GOOGL,GOOGL_1182,0.0036388080677907,-0.009702496
2024-09-20 04:00:00,GOOGL,GOOGL_1187,0.0022006272902408,-0.00572033
2024-09-23 04:00:00,GOOGL,GOOGL_1187,0.0247142406497142,-0.007945378
2024-09-24 04:00:00,GOOGL,GOOGL_1187,0.0289605792191061,-0.0067501515
2024-09-25 04:00:00,GOOGL,GOOGL_1187,0.0270604679456307,-0.00022162408
2024-09-26 04:00:00,GOOGL,GOOGL_1187,0.0192343450192986,-0.0014309905
2024-09-27 04:00:00,GOOGL,GOOGL_1192,0.0189692020020797,0.016234955
2024-09-30 04:00:00,GOOGL,GOOGL_1192,-0.0173048554136635,0.007986847
2024-10-01 04:00:00,GOOGL,GOOGL_1192,-0.0156296815647353,-0.023315523
2024-10-02 04:00:00,GOOGL,GOOGL_1192,-0.0241167248600043,-0.01899364
2024-10-03 04:00:00,GOOGL,GOOGL_1192,-0.0227902976328637,-0.027587678
2024-10-04 04:00:00,GOOGL,GOOGL_1197,-0.0228659889935044,-0.024975542
2024-10-07 04:00:00,GOOGL,GOOGL_1197,0.0121487976330432,-0.011220151
2024-10-08 04:00:00,GOOGL,GOOGL_1197,0.0065701532970789,-0.029992921
2024-10-09 04:00:00,GOOGL,GOOGL_1197,0.0203880083980845,-0.02162494
2024-10-10 04:00:00,GOOGL,GOOGL_1197,0.0052442672453356,-0.011730446
2024-10-11 04:00:00,GOOGL,GOOGL_1202,0.0011026260090929,0.0066908295
2024-10-14 04:00:00,GOOGL,GOOGL_1202,-0.0053952434131031,0.0011722412
2024-10-15 04:00:00,GOOGL,GOOGL_1202,-0.0019340463630715,0.0018617555
2024-10-16 04:00:00,GOOGL,GOOGL_1202,-0.014410298074839,0.00023948714
2024-10-17 04:00:00,GOOGL,GOOGL_1202,-0.0012888446849438,0.008996271
2024-10-18 04:00:00,GOOGL,GOOGL_1207,0.0113205612791835,-0.0068368562
2024-10-21 04:00:00,GOOGL,GOOGL_1207,0.0161516046698755,-0.011602694
2024-10-22 04:00:00,GOOGL,GOOGL_1207,0.0274917845640818,-0.009441084
2024-10-23 04:00:00,GOOGL,GOOGL_1207,0.0717533359267712,0.0071048923
2024-10-24 04:00:00,GOOGL,GOOGL_1207,0.0515609594807511,-0.008062134
2024-10-25 04:00:00,GOOGL,GOOGL_1212,0.0364251761242011,0.023969749
2024-10-28 04:00:00,GOOGL,GOOGL_1212,0.0151151886636862,0.017199228
2024-10-29 04:00:00,GOOGL,GOOGL_1212,0.0003536823430767,0.0011356726
2024-10-30 04:00:00,GOOGL,GOOGL_1212,0.011750474114855,-0.038216915
2024-10-31 04:00:00,GOOGL,GOOGL_1212,0.0563380244010427,-0.010823976
2024-11-01 04:00:00,GOOGL,GOOGL_1217,0.0412167265695979,0.02280422
2024-11-04 05:00:00,GOOGL,GOOGL_1217,0.065646420761906,0.028120501
2024-11-05 05:00:00,GOOGL,GOOGL_1217,0.0699893321524718,0.033480693
2024-11-06 05:00:00,GOOGL,GOOGL_1217,0.0134270605049777,0.006410117
2024-11-07 05:00:00,GOOGL,GOOGL_1217,-0.0286030327465853,-0.0061484375
2024-11-08 05:00:00,GOOGL,GOOGL_1222,-0.0328567446583117,0.009289536
2024-11-11 05:00:00,GOOGL,GOOGL_1222,-0.0280011249284861,-0.0013271514
2024-11-12 05:00:00,GOOGL,GOOGL_1222,-0.0192710059139781,-0.009875044
2024-11-13 05:00:00,GOOGL,GOOGL_1222,-0.016212036427287,-0.00624484
2024-11-14 05:00:00,GOOGL,GOOGL_1222,-0.0452784876713452,0.031394795
2024-11-15 05:00:00,GOOGL,GOOGL_1227,-0.0448142543924637,0.009786433
2024-11-18 05:00:00,GOOGL,GOOGL_1227,-0.0436395266520032,0.008476106
2024-11-19 05:00:00,GOOGL,GOOGL_1227,-0.0505277354969541,-0.007737889
2024-11-20 05:00:00,GOOGL,GOOGL_1227,-0.0383566323666166,0.0022260125
2024-11-21 05:00:00,GOOGL,GOOGL_1227,0.0078744379107575,0.0077769193
2024-11-22 05:00:00,GOOGL,GOOGL_1232,0.0408473610749537,-0.00829585
2024-11-25 05:00:00,GOOGL,GOOGL_1232,0.0220101555368064,-0.009921433
2024-11-26 05:00:00,GOOGL,GOOGL_1232,0.0310430472538869,-0.013256172
2024-11-27 05:00:00,GOOGL,GOOGL_1232,0.0201501137398802,-0.014126347
2024-11-29 05:00:00,GOOGL,GOOGL_1232,0.0340929853191389,-0.009334595
2024-12-02 05:00:00,GOOGL,GOOGL_1237,0.0226251647311195,0.0075160377
2024-12-03 05:00:00,GOOGL,GOOGL_1237,0.0807167160420692,0.0014604704
2024-12-04 05:00:00,GOOGL,GOOGL_1237,0.1206056051395965,-0.0017651072
2024-12-05 05:00:00,GOOGL,GOOGL_1237,0.1119092179826384,-0.017746242
2024-12-06 05:00:00,GOOGL,GOOGL_1237,0.0864861772634357,-0.009722556
2024-12-09 05:00:00,GOOGL,GOOGL_1242,0.1214005196880754,0.042535987
2024-12-10 05:00:00,GOOGL,GOOGL_1242,0.0553545396195775,-0.025764614
2024-12-11 05:00:00,GOOGL,GOOGL_1242,-0.0358239519890074,-0.028965075
2024-12-12 05:00:00,GOOGL,GOOGL_1242,-0.0179725572325788,-0.019527864
2024-12-13 05:00:00,GOOGL,GOOGL_1242,0.00837633693257,-0.034265358
2024-12-16 05:00:00,GOOGL,GOOGL_1247,-0.0103223774102264,-0.010033797
2024-12-17 05:00:00,GOOGL,GOOGL_1247,0.0035308691427258,-0.0074582314
2024-12-18 05:00:00,GOOGL,GOOGL_1247,0.0382166265408012,-0.00474499
2024-12-19 05:00:00,GOOGL,GOOGL_1247,0.0225452237220551,-0.014843967
2024-12-20 05:00:00,GOOGL,GOOGL_1247,-0.0008881362817657,-0.00953016
2020-12-31 05:00:00,GOOGL,GOOGL_252,0.0257839430644095,0.007870203
2021-01-04 05:00:00,GOOGL,GOOGL_252,0.0174725605589494,0.017202426
2021-01-05 05:00:00,GOOGL,GOOGL_252,-0.0015057536256997,0.0063497904
2021-01-06 05:00:00,GOOGL,GOOGL_252,0.0141449886131213,0.013249236
2021-01-07 05:00:00,GOOGL,GOOGL_252,-0.0244711293080726,0.019215137
2021-01-08 05:00:00,GOOGL,GOOGL_257,-0.0390526977891081,-0.011099252
2021-01-11 05:00:00,GOOGL,GOOGL_257,0.0160452343184052,0.016848909
2021-01-12 05:00:00,GOOGL,GOOGL_257,0.0820983169338285,0.009121098
2021-01-13 05:00:00,GOOGL,GOOGL_257,0.0783516194270816,0.0020111646
2021-01-14 05:00:00,GOOGL,GOOGL_257,0.0933838762589853,0.0030989668
2021-01-15 05:00:00,GOOGL,GOOGL_262,0.0964679790816747,0.054210786
2021-01-19 05:00:00,GOOGL,GOOGL_262,0.0691969689183213,0.03310031
2021-01-20 05:00:00,GOOGL,GOOGL_262,-0.0325147811983336,0.0070106653
2021-01-21 05:00:00,GOOGL,GOOGL_262,-0.0164264313998298,0.008857102
2021-01-22 05:00:00,GOOGL,GOOGL_262,-0.0344507143023574,0.013758493
2021-01-25 05:00:00,GOOGL,GOOGL_267,-0.0006386961930275,-0.02420875
2021-01-26 05:00:00,GOOGL,GOOGL_267,0.0058544742013737,-0.018906038
2021-01-27 05:00:00,GOOGL,GOOGL_267,0.1319120128550521,-0.036270794
2021-01-28 05:00:00,GOOGL,GOOGL_267,0.1081534560513628,0.0029736527
2021-01-29 05:00:00,GOOGL,GOOGL_267,0.1430862241526358,0.002042601
2021-02-01 05:00:00,GOOGL,GOOGL_272,0.1011319619577726,0.076814786
2021-02-02 05:00:00,GOOGL,GOOGL_272,0.0814279393296333,0.057707086
2021-02-03 05:00:00,GOOGL,GOOGL_272,0.0134053198840649,0.023140525
2021-02-04 05:00:00,GOOGL,GOOGL_272,0.0171013926338932,0.028023038
2021-02-05 05:00:00,GOOGL,GOOGL_272,0.0029682185195563,0.016303627
2021-02-08 05:00:00,GOOGL,GOOGL_277,0.012559301550167,0.0022699023
2021-02-09 05:00:00,GOOGL,GOOGL_277,0.0208298103795556,-0.003555347
2021-02-10 05:00:00,GOOGL,GOOGL_277,0.0092644008262423,0.002350688
2021-02-11 05:00:00,GOOGL,GOOGL_277,2.870953489675365e-05,0.0020250336
2021-02-12 05:00:00,GOOGL,GOOGL_277,-0.0194603943236953,0.0018989348
2021-02-16 05:00:00,GOOGL,GOOGL_282,-0.0239636790661884,-0.015421791
2021-02-17 05:00:00,GOOGL,GOOGL_282,-0.0164305199405269,-0.020611582
2021-02-18 05:00:00,GOOGL,GOOGL_282,-0.0426723811859105,0.010483336
2021-02-19 05:00:00,GOOGL,GOOGL_282,-0.0320278174987992,0.013548503
2021-02-22 05:00:00,GOOGL,GOOGL_282,0.0074966585697862,0.087291464
2021-02-23 05:00:00,GOOGL,GOOGL_287,0.0021164041542374,0.01245154
2021-02-24 05:00:00,GOOGL,GOOGL_287,-0.0347440042464893,0.009920534
2021-02-25 05:00:00,GOOGL,GOOGL_287,0.0089188925295931,0.014946071
2021-02-26 05:00:00,GOOGL,GOOGL_287,0.037172805332573,0.009816338
2021-03-01 05:00:00,GOOGL,GOOGL_287,-0.0300339346332909,0.012871987
2021-03-02 05:00:00,GOOGL,GOOGL_292,-0.0116833419858539,0.00352606
2021-03-03 05:00:00,GOOGL,GOOGL_292,0.0123196998447197,-0.0021687609
2021-03-04 05:00:00,GOOGL,GOOGL_292,0.0327493832506449,-0.0035647845
2021-03-05 05:00:00,GOOGL,GOOGL_292,-0.0224456060884101,-0.022084786
2021-03-08 05:00:00,GOOGL,GOOGL_292,0.0233823175299658,-0.008491192
2021-03-09 05:00:00,GOOGL,GOOGL_297,0.0213345300893983,-0.0059563075
2021-03-10 05:00:00,GOOGL,GOOGL_297,0.0226059294646621,0.0016170386
2021-03-11 05:00:00,GOOGL,GOOGL_297,-0.0377045813777744,-0.006143262
2021-03-12 05:00:00,GOOGL,GOOGL_297,-0.0112390285584984,-0.003708064
2021-03-15 04:00:00,GOOGL,GOOGL_297,-0.0115603278614982,-0.0017583636
2021-03-16 04:00:00,GOOGL,GOOGL_302,-0.0204233995475719,-0.019026289
2021-03-17 04:00:00,GOOGL,GOOGL_302,-0.0238639247423996,-0.016831981
2021-03-18 04:00:00,GOOGL,GOOGL_302,0.0055012986283591,-0.00913691
2021-03-19 04:00:00,GOOGL,GOOGL_302,-0.0011001299695081,0.03235414
2021-03-22 04:00:00,GOOGL,GOOGL_302,0.0074358691135549,0.04441746
2021-03-23 04:00:00,GOOGL,GOOGL_307,0.0025180033577365,0.009559317
2021-03-24 04:00:00,GOOGL,GOOGL_307,0.014754974498117,0.0051128585
2021-03-25 04:00:00,GOOGL,GOOGL_307,0.0478828342190988,0.005385457
2021-03-26 04:00:00,GOOGL,GOOGL_307,0.0959287816188243,-0.0002946383
2021-03-29 04:00:00,GOOGL,GOOGL_307,0.0799055648013553,-0.0024401443
2021-03-30 04:00:00,GOOGL,GOOGL_312,0.0940937145693037,0.0583551
2021-03-31 04:00:00,GOOGL,GOOGL_312,0.0911069975869522,0.06904389
2021-04-01 04:00:00,GOOGL,GOOGL_312,0.0661523947382258,0.0058712526
2021-04-05 04:00:00,GOOGL,GOOGL_312,0.0115640190298895,-0.0018861982
2021-04-06 04:00:00,GOOGL,GOOGL_312,0.0204457528576991,-0.004171631
2021-04-07 04:00:00,GOOGL,GOOGL_317,0.0012862462089504,0.012707174
2021-04-08 04:00:00,GOOGL,GOOGL_317,0.0154725747534414,-0.039526876
2021-04-09 04:00:00,GOOGL,GOOGL_317,0.0053199828533756,-0.042300828
2021-04-12 04:00:00,GOOGL,GOOGL_317,0.0201102734389178,-0.044737004
2021-04-13 04:00:00,GOOGL,GOOGL_317,0.0109030126774054,-0.04779803
2021-04-14 04:00:00,GOOGL,GOOGL_322,0.0162540536615043,0.009437527
2021-04-15 04:00:00,GOOGL,GOOGL_322,-0.0143222626956935,-0.010770654
2021-04-16 04:00:00,GOOGL,GOOGL_322,0.0075260206560994,-0.009888959
2021-04-19 04:00:00,GOOGL,GOOGL_322,0.008808776069525,-0.016600354
2021-04-20 04:00:00,GOOGL,GOOGL_322,0.0052523078900783,-0.014497362
2021-04-21 04:00:00,GOOGL,GOOGL_327,0.0354159808912697,-0.0022627825
2021-04-22 04:00:00,GOOGL,GOOGL_327,0.0622591681476534,0.0008415612
2021-04-23 04:00:00,GOOGL,GOOGL_327,0.0232920566097081,-0.024780685
2021-04-26 04:00:00,GOOGL,GOOGL_327,0.014351095036271,-0.0015017315
2021-04-27 04:00:00,GOOGL,GOOGL_327,0.0069183991359627,-0.00031291763
2021-04-28 04:00:00,GOOGL,GOOGL_332,-0.0187661159732358,0.0073926356
2021-04-29 04:00:00,GOOGL,GOOGL_332,-0.0231573594660404,-0.0053264108
2021-04-30 04:00:00,GOOGL,GOOGL_332,-0.0006671465280696,0.003401201
2021-05-03 04:00:00,GOOGL,GOOGL_332,-0.0219070438691164,-0.002524801
2021-05-04 04:00:00,GOOGL,GOOGL_332,-0.0159396313318637,0.005727956
2021-05-05 04:00:00,GOOGL,GOOGL_337,-0.0494736447283687,-0.01963161
2021-05-06 04:00:00,GOOGL,GOOGL_337,-0.0463387752115036,-0.007555079
2021-05-07 04:00:00,GOOGL,GOOGL_337,-0.0312721719664855,-0.003475171
2021-05-10 04:00:00,GOOGL,GOOGL_337,-0.0012348849437052,0.023281828
2021-05-11 04:00:00,GOOGL,GOOGL_337,-0.0033435358385541,0.021419581
2021-05-12 04:00:00,GOOGL,GOOGL_342,0.0323826846842323,0.006505861
2021-05-13 04:00:00,GOOGL,GOOGL_342,0.0349522669984063,0.008305133
2021-05-14 04:00:00,GOOGL,GOOGL_342,0.0069127931511114,0.008620568
2021-05-17 04:00:00,GOOGL,GOOGL_342,0.0315083343632878,-0.0018849451
2021-05-18 04:00:00,GOOGL,GOOGL_342,0.0443763179638023,-0.0067939344
2021-05-19 04:00:00,GOOGL,GOOGL_347,0.0479023211765932,0.02285538
2021-05-20 04:00:00,GOOGL,GOOGL_347,0.0241574280757741,0.033053085
2021-05-21 04:00:00,GOOGL,GOOGL_347,0.0273393544713902,0.034141846
2021-05-24 04:00:00,GOOGL,GOOGL_347,0.0085301065473248,0.02162665
2021-05-25 04:00:00,GOOGL,GOOGL_347,0.0032672265738389,0.028072467
2021-05-26 04:00:00,GOOGL,GOOGL_352,-0.0137503525731429,0.029636785
2021-05-27 04:00:00,GOOGL,GOOGL_352,0.0130740903871464,0.020885035
2021-05-28 04:00:00,GOOGL,GOOGL_352,0.019284206530012,0.02407155
2021-06-01 04:00:00,GOOGL,GOOGL_352,0.0072484984429328,0.01203652
2021-06-02 04:00:00,GOOGL,GOOGL_352,0.0157555735912031,0.011021769
2021-06-03 04:00:00,GOOGL,GOOGL_357,0.0372937452470247,0.015329084
2021-06-04 04:00:00,GOOGL,GOOGL_357,0.0153035412615945,0.012298102
2021-06-07 04:00:00,GOOGL,GOOGL_357,0.0194022845817884,0.013453189
2021-06-08 04:00:00,GOOGL,GOOGL_357,0.0124873269672973,0.014759822
2021-06-09 04:00:00,GOOGL,GOOGL_357,0.0031188144284819,0.018730972
2021-06-10 04:00:00,GOOGL,GOOGL_362,-0.0001067744905215,-0.027882723
2021-06-11 04:00:00,GOOGL,GOOGL_362,-0.0115134725586363,-0.025837634
2021-06-14 04:00:00,GOOGL,GOOGL_362,-0.0051696731863571,-0.030020488
2021-06-15 04:00:00,GOOGL,GOOGL_362,0.0075028761150777,-0.023796838
2021-06-16 04:00:00,GOOGL,GOOGL_362,0.0112153000655152,-0.027487332
2021-06-17 04:00:00,GOOGL,GOOGL_367,0.0062138861266325,0.0031800915
2021-06-18 04:00:00,GOOGL,GOOGL_367,0.0199606953838893,0.0056845103
2021-06-21 04:00:00,GOOGL,GOOGL_367,0.0059394816853193,-0.0053463127
2021-06-22 04:00:00,GOOGL,GOOGL_367,-0.000474114454672,0.0012036341
2021-06-23 04:00:00,GOOGL,GOOGL_367,-0.0003070449160172,0.0030894794
2021-06-24 04:00:00,GOOGL,GOOGL_372,-0.0004530303332271,0.000575481
2021-06-25 04:00:00,GOOGL,GOOGL_372,0.022439263957118,0.00105438
2021-06-28 04:00:00,GOOGL,GOOGL_372,0.029819801819795,0.009578698
2021-06-29 04:00:00,GOOGL,GOOGL_372,0.0343617736647567,-0.0003001354
2021-06-30 04:00:00,GOOGL,GOOGL_372,0.0241994461495582,-0.0017424877
2021-07-01 04:00:00,GOOGL,GOOGL_377,0.025105230553891,0.019413613
2021-07-02 04:00:00,GOOGL,GOOGL_377,0.0137157641140981,0.005278167
2021-07-06 04:00:00,GOOGL,GOOGL_377,0.0091251039300179,0.012546516
2021-07-07 04:00:00,GOOGL,GOOGL_377,0.0139396279226891,0.012558711
2021-07-08 04:00:00,GOOGL,GOOGL_377,0.0156824682132454,0.021176944
2021-07-09 04:00:00,GOOGL,GOOGL_382,0.0115640317892802,0.0069956756
2021-07-12 04:00:00,GOOGL,GOOGL_382,-0.0188815877586,0.00877476
2021-07-13 04:00:00,GOOGL,GOOGL_382,-0.0088894520698548,0.010779923
2021-07-14 04:00:00,GOOGL,GOOGL_382,-0.0053650343759147,0.007284184
2021-07-15 04:00:00,GOOGL,GOOGL_382,0.0111530751347452,0.016118187
2021-07-16 04:00:00,GOOGL,GOOGL_387,0.0476096566970785,0.005444884
2021-07-19 04:00:00,GOOGL,GOOGL_387,0.0759122839507986,0.026911754
2021-07-20 04:00:00,GOOGL,GOOGL_387,0.0450876564724191,0.0035572732
2021-07-21 04:00:00,GOOGL,GOOGL_387,0.0669937851202375,0.009169461
2021-07-22 04:00:00,GOOGL,GOOGL_387,0.0572801530756463,-0.0012997785
2021-07-23 04:00:00,GOOGL,GOOGL_392,0.0128669855508678,0.028620202
2021-07-26 04:00:00,GOOGL,GOOGL_392,0.0061141027477089,0.036012575
2021-07-27 04:00:00,GOOGL,GOOGL_392,0.02827908384329,0.042886704
2021-07-28 04:00:00,GOOGL,GOOGL_392,-0.0071163360786163,0.035447747
2021-07-29 04:00:00,GOOGL,GOOGL_392,0.003490998407114,0.04322421
2021-07-30 04:00:00,GOOGL,GOOGL_397,0.0075114650584702,0.0026758474
2021-08-02 04:00:00,GOOGL,GOOGL_397,0.0152645022955308,0.00050152
2021-08-03 04:00:00,GOOGL,GOOGL_397,0.0086780351747532,-0.015682943
2021-08-04 04:00:00,GOOGL,GOOGL_397,0.0085365337241978,-0.012873193
2021-08-05 04:00:00,GOOGL,GOOGL_397,0.0069173911105566,-0.01567552
2021-08-06 04:00:00,GOOGL,GOOGL_402,0.0146531639012661,0.011573406
2021-08-09 04:00:00,GOOGL,GOOGL_402,0.0101999057143142,0.0074960263
2021-08-10 04:00:00,GOOGL,GOOGL_402,-0.001063599123066,0.0029762718
2021-08-11 04:00:00,GOOGL,GOOGL_402,-0.0060904599290956,0.017231446
2021-08-12 04:00:00,GOOGL,GOOGL_402,-0.0110355231691265,0.017641809
2021-08-13 04:00:00,GOOGL,GOOGL_407,-0.0021636122497523,-0.0027298809
2021-08-16 04:00:00,GOOGL,GOOGL_407,0.012522711473899,-0.01283993
2021-08-17 04:00:00,GOOGL,GOOGL_407,0.0336598539924306,0.00837904
2021-08-18 04:00:00,GOOGL,GOOGL_407,0.04894823419197,-0.00084574264
2021-08-19 04:00:00,GOOGL,GOOGL_407,0.042456615688573,0.022310643
2021-08-20 04:00:00,GOOGL,GOOGL_412,0.0478390243577473,0.032306947
2021-08-23 04:00:00,GOOGL,GOOGL_412,0.0324831985146703,0.009173892
2021-08-24 04:00:00,GOOGL,GOOGL_412,0.024323607318178,0.012060406
2021-08-25 04:00:00,GOOGL,GOOGL_412,0.0220757834924896,0.012094326
2021-08-26 04:00:00,GOOGL,GOOGL_412,0.0130549347884365,0.015378976
2021-08-27 04:00:00,GOOGL,GOOGL_417,-0.0018367257412651,0.005290646
2021-08-30 04:00:00,GOOGL,GOOGL_417,-0.002143969063358,0.012828631
2021-08-31 04:00:00,GOOGL,GOOGL_417,-0.0069558926888887,0.015372298
2021-09-01 04:00:00,GOOGL,GOOGL_417,-0.0115311348521773,-0.024903215
2021-09-02 04:00:00,GOOGL,GOOGL_417,-0.0168263376319172,0.026749056
2021-09-03 04:00:00,GOOGL,GOOGL_422,-0.0097885248073483,-0.010292377
2021-09-07 04:00:00,GOOGL,GOOGL_422,-0.0120321711008974,-0.008942901
2021-09-08 04:00:00,GOOGL,GOOGL_422,0.0051395714507047,0.022030123
2021-09-09 04:00:00,GOOGL,GOOGL_422,0.0004807005940086,0.01674498
2021-09-10 04:00:00,GOOGL,GOOGL_422,-0.0005395100975363,0.037052147
2021-09-13 04:00:00,GOOGL,GOOGL_427,-0.0253842691117178,0.02357238
2021-09-14 04:00:00,GOOGL,GOOGL_427,-0.0246343422613809,0.023079276
2021-09-15 04:00:00,GOOGL,GOOGL_427,-0.028706124624049,0.030091815
2021-09-16 04:00:00,GOOGL,GOOGL_427,-0.0166701286972228,0.020590695
2021-09-17 04:00:00,GOOGL,GOOGL_427,0.0100496680075543,0.0121735865
2021-09-20 04:00:00,GOOGL,GOOGL_432,0.0169587446916612,0.007725378
2021-09-21 04:00:00,GOOGL,GOOGL_432,-0.0230377163695731,0.008608996
2021-09-22 04:00:00,GOOGL,GOOGL_432,-0.0422714928691302,0.015234959
2021-09-23 04:00:00,GOOGL,GOOGL_432,-0.0533934424033024,0.007040573
2021-09-24 04:00:00,GOOGL,GOOGL_432,-0.0398832557491779,0.016687408
2021-09-27 04:00:00,GOOGL,GOOGL_437,-0.0525441319070943,0.0047175344
2021-09-28 04:00:00,GOOGL,GOOGL_437,0.0014208434179552,0.016335137
2021-09-29 04:00:00,GOOGL,GOOGL_437,0.0239033748018595,0.020681044
2021-09-30 04:00:00,GOOGL,GOOGL_437,0.0415109028044915,0.023461116
2021-10-01 04:00:00,GOOGL,GOOGL_437,0.0237471562215803,0.028386258
2021-10-04 04:00:00,GOOGL,GOOGL_442,0.0393125916075889,0.043398976
2021-10-05 04:00:00,GOOGL,GOOGL_442,0.0031318978960228,0.045162633
2021-10-06 04:00:00,GOOGL,GOOGL_442,0.000123565519674,0.04862278
2021-10-07 04:00:00,GOOGL,GOOGL_442,0.0138336849604077,0.06910766
2021-10-08 04:00:00,GOOGL,GOOGL_442,0.0113208375127429,0.07916423
2021-10-11 04:00:00,GOOGL,GOOGL_447,0.0278157591915875,0.015954187
2021-10-12 04:00:00,GOOGL,GOOGL_447,0.0497474816943519,0.025643457
2021-10-13 04:00:00,GOOGL,GOOGL_447,0.030432734207028,0.024669353
2021-10-14 04:00:00,GOOGL,GOOGL_447,0.0052071937518431,0.023261182
2021-10-15 04:00:00,GOOGL,GOOGL_447,-0.026890799295778,0.017093396
2021-10-18 04:00:00,GOOGL,GOOGL_452,-0.0373376406512317,-0.011362719
2021-10-19 04:00:00,GOOGL,GOOGL_452,-0.027426554087596,-0.015836786
2021-10-20 04:00:00,GOOGL,GOOGL_452,0.0313785219266056,-0.0040406007
2021-10-21 04:00:00,GOOGL,GOOGL_452,0.0279308557024622,-0.007829507
2021-10-22 04:00:00,GOOGL,GOOGL_452,0.0761777584925968,0.042520035
2021-10-25 04:00:00,GOOGL,GOOGL_457,0.0440168757334675,0.075066075
2021-10-26 04:00:00,GOOGL,GOOGL_457,0.0439599365676195,0.010459669
2021-10-27 04:00:00,GOOGL,GOOGL_457,0.0026023453145365,-0.012854845
2021-10-28 04:00:00,GOOGL,GOOGL_457,0.0165822379571392,0.02309197
2021-10-29 04:00:00,GOOGL,GOOGL_457,0.0054442519708899,-0.004849096
2021-11-01 04:00:00,GOOGL,GOOGL_462,0.0385653502964999,0.031600177
2021-11-02 04:00:00,GOOGL,GOOGL_462,0.023969936619878,0.0039035643
2021-11-03 04:00:00,GOOGL,GOOGL_462,-0.004805751205289,0.00063447654
2021-11-04 04:00:00,GOOGL,GOOGL_462,-0.0168682081318665,-0.0019071922
2021-11-05 04:00:00,GOOGL,GOOGL_462,-0.0011690217438659,-0.02350399
2021-11-08 05:00:00,GOOGL,GOOGL_467,-0.0038851647442544,-0.0018167974
2021-11-09 05:00:00,GOOGL,GOOGL_467,-0.0070004445914005,0.0018070786
2021-11-10 05:00:00,GOOGL,GOOGL_467,0.0147607913420761,0.024281124
2021-11-11 05:00:00,GOOGL,GOOGL_467,0.0279351316812717,0.01032932
2021-11-12 05:00:00,GOOGL,GOOGL_467,0.0016714285171814,0.0017179972
2021-11-15 05:00:00,GOOGL,GOOGL_472,-0.0144827550763443,0.008889103
2021-11-16 05:00:00,GOOGL,GOOGL_472,-0.0141605757469507,0.015835473
2021-11-17 05:00:00,GOOGL,GOOGL_472,-0.0130161502175542,0.0016505047
2021-11-18 05:00:00,GOOGL,GOOGL_472,-0.0510916905164007,-0.0014039095
2021-11-19 05:00:00,GOOGL,GOOGL_472,-0.0228031688781826,0.014109764
2021-11-22 05:00:00,GOOGL,GOOGL_477,-0.0301055021835519,0.029979445
2021-11-23 05:00:00,GOOGL,GOOGL_477,-0.0324491318738839,-0.0002550454
2021-11-24 05:00:00,GOOGL,GOOGL_477,-0.0215849425445796,-0.023475766
2021-11-26 05:00:00,GOOGL,GOOGL_477,-0.0012765471090956,0.021331407
2021-11-29 05:00:00,GOOGL,GOOGL_477,-0.0163230628780935,-0.022606153
2021-11-30 05:00:00,GOOGL,GOOGL_482,0.0378582692745066,-0.0038458968
2021-12-01 05:00:00,GOOGL,GOOGL_482,0.0505843226559725,0.00051623234
2021-12-02 05:00:00,GOOGL,GOOGL_482,0.0326825993497996,-0.0075863553
2021-12-03 05:00:00,GOOGL,GOOGL_482,0.0422530761717176,-0.004750357
2021-12-06 05:00:00,GOOGL,GOOGL_482,0.0186616521381917,-0.012320572
2021-12-07 05:00:00,GOOGL,GOOGL_487,-0.0228323110693995,0.0192786
2021-12-08 05:00:00,GOOGL,GOOGL_487,-0.0117790671931874,0.023591341
2021-12-09 05:00:00,GOOGL,GOOGL_487,-0.0216305138359366,0.03471802
2021-12-10 05:00:00,GOOGL,GOOGL_487,-0.042408282716936,-0.022612602
2021-12-13 05:00:00,GOOGL,GOOGL_487,-0.0289351573305363,0.03400744
2021-12-14 05:00:00,GOOGL,GOOGL_492,-0.0030192695668549,-0.024455095
2021-12-15 05:00:00,GOOGL,GOOGL_492,-0.0001775525814572,0.0018530276
2021-12-16 05:00:00,GOOGL,GOOGL_492,0.017110294276103,-0.0133068
2021-12-17 05:00:00,GOOGL,GOOGL_492,0.0436160717650238,0.0020414486
2021-12-20 05:00:00,GOOGL,GOOGL_492,0.0358739470770301,0.016322104
2021-12-21 05:00:00,GOOGL,GOOGL_497,0.0221819166457328,0.01946844
2021-12-22 05:00:00,GOOGL,GOOGL_497,-0.0014649647077631,0.022517402
2021-12-23 05:00:00,GOOGL,GOOGL_497,-0.0140521918673247,0.0264146
2021-12-27 05:00:00,GOOGL,GOOGL_497,-0.019708352246936,-0.012942631
2021-12-28 05:00:00,GOOGL,GOOGL_497,-0.0155943669168449,0.007005152
2021-12-29 05:00:00,GOOGL,GOOGL_502,-0.0605503048428383,-0.013349191
2021-12-30 05:00:00,GOOGL,GOOGL_502,-0.0578178795657752,-0.033829004
2021-12-31 05:00:00,GOOGL,GOOGL_502,-0.0540897360281832,-0.007303487
2022-01-03 05:00:00,GOOGL,GOOGL_502,-0.0436025986925292,-0.012909679
2022-01-04 05:00:00,GOOGL,GOOGL_502,-0.0322959082423738,0.0057400865
2022-01-05 05:00:00,GOOGL,GOOGL_507,0.0265324077755535,0.038244136
2022-01-06 05:00:00,GOOGL,GOOGL_507,0.0060945430698915,0.02357444
2022-01-07 05:00:00,GOOGL,GOOGL_507,0.0179795281409549,0.029486604
2022-01-10 05:00:00,GOOGL,GOOGL_507,-0.0192651854499262,0.015683677
2022-01-11 05:00:00,GOOGL,GOOGL_507,-0.0330587094760737,0.014040972
2022-01-12 05:00:00,GOOGL,GOOGL_512,-0.057434579641418,-0.02153543
2022-01-13 05:00:00,GOOGL,GOOGL_512,-0.0594247932108097,0.007928894
2022-01-14 05:00:00,GOOGL,GOOGL_512,-0.0622058170041464,-0.02949537
2022-01-18 05:00:00,GOOGL,GOOGL_512,-0.0666407113841774,0.0078097074
2022-01-19 05:00:00,GOOGL,GOOGL_512,-0.0435438981049678,-0.0033207384
2022-01-20 05:00:00,GOOGL,GOOGL_517,-0.0322749312076772,0.0038497637
2022-01-21 05:00:00,GOOGL,GOOGL_517,0.0230108316839749,0.012236779
2022-01-24 05:00:00,GOOGL,GOOGL_517,0.0343987678554742,0.01770491
2022-01-25 05:00:00,GOOGL,GOOGL_517,0.0843660128393331,0.018041695
2022-01-26 05:00:00,GOOGL,GOOGL_517,0.1452183114439795,0.009671764
2022-01-27 05:00:00,GOOGL,GOOGL_522,0.109181744288703,0.09905447
2022-01-28 05:00:00,GOOGL,GOOGL_522,0.0745551326760947,0.08032634
2022-01-31 05:00:00,GOOGL,GOOGL_522,0.0288056612816824,0.08749343
2022-02-01 05:00:00,GOOGL,GOOGL_522,0.0127503190739191,0.053418916
2022-02-02 05:00:00,GOOGL,GOOGL_522,-0.0432973294644742,0.019266244
2022-02-03 05:00:00,GOOGL,GOOGL_527,-0.0312390896296322,-0.018447494
2022-02-04 05:00:00,GOOGL,GOOGL_527,-0.0628816347827938,-0.035376277
2022-02-07 05:00:00,GOOGL,GOOGL_527,-0.0264006935683461,0.007882932
2022-02-08 05:00:00,GOOGL,GOOGL_527,-0.0200180545386301,-0.0042105746
2022-02-09 05:00:00,GOOGL,GOOGL_527,-0.0272189726611916,-0.009083987
2022-02-10 05:00:00,GOOGL,GOOGL_532,-0.0438680844506087,-0.015372145
2022-02-11 05:00:00,GOOGL,GOOGL_532,-0.0288905948839692,0.031182222
2022-02-14 05:00:00,GOOGL,GOOGL_532,-0.0421505383123661,0.0023736828
2022-02-15 05:00:00,GOOGL,GOOGL_532,-0.0660318169506103,0.0007235586
2022-02-16 05:00:00,GOOGL,GOOGL_532,-0.0366421182793721,-0.00026738504
2022-02-17 05:00:00,GOOGL,GOOGL_537,0.0144900873535991,-0.002949416
2022-02-18 05:00:00,GOOGL,GOOGL_537,0.0356894163659151,-0.005906039
2022-02-22 05:00:00,GOOGL,GOOGL_537,0.0327237583776494,-0.006949027
2022-02-23 05:00:00,GOOGL,GOOGL_537,0.054734813535245,0.02087379
2022-02-24 05:00:00,GOOGL,GOOGL_537,0.0091077119382081,-0.0077025257
2022-02-25 05:00:00,GOOGL,GOOGL_542,-0.0189871966870397,0.014250585
2022-02-28 05:00:00,GOOGL,GOOGL_542,-0.0642580873600285,0.013841945
2022-03-01 05:00:00,GOOGL,GOOGL_542,-0.0518940446768181,0.016991982
2022-03-02 05:00:00,GOOGL,GOOGL_542,-0.0085568229054577,0.011788713
2022-03-03 05:00:00,GOOGL,GOOGL_542,-0.0109783916971825,0.035125855
2022-03-04 05:00:00,GOOGL,GOOGL_547,-0.0154351421183848,0.039880045
2022-03-07 05:00:00,GOOGL,GOOGL_547,-0.0033827390478887,-0.007396922
2022-03-08 05:00:00,GOOGL,GOOGL_547,0.0164706854045006,-0.004319879
2022-03-09 05:00:00,GOOGL,GOOGL_547,-0.0010455392858927,-0.02684399
2022-03-10 05:00:00,GOOGL,GOOGL_547,0.0106433995091543,-0.019178009
2022-03-11 05:00:00,GOOGL,GOOGL_552,0.0481634008299423,0.0070129186
2022-03-14 04:00:00,GOOGL,GOOGL_552,0.0805909072268724,0.006813492
2022-03-15 04:00:00,GOOGL,GOOGL_552,0.0825864048224189,0.0022040978
2022-03-16 04:00:00,GOOGL,GOOGL_552,0.0374773131123085,-0.0043126624
2022-03-17 04:00:00,GOOGL,GOOGL_552,0.0577783863300116,-0.015125188
2022-03-18 04:00:00,GOOGL,GOOGL_557,0.0407528381242672,0.025084278
2022-03-21 04:00:00,GOOGL,GOOGL_557,0.0393383162465184,0.0050068684
2022-03-22 04:00:00,GOOGL,GOOGL_557,0.0188570439242758,-0.02523756
2022-03-23 04:00:00,GOOGL,GOOGL_557,0.0264906632878774,0.003262596
2022-03-24 04:00:00,GOOGL,GOOGL_557,-0.0176906537496026,-0.00016456321
2022-03-25 04:00:00,GOOGL,GOOGL_562,-0.0107466254633168,0.009501868
2022-03-28 04:00:00,GOOGL,GOOGL_562,0.0107170887902909,0.020819891
2022-03-29 04:00:00,GOOGL,GOOGL_562,-0.0134344978820546,0.016825395
2022-03-30 04:00:00,GOOGL,GOOGL_562,-0.0379777344469765,0.016693585
2022-03-31 04:00:00,GOOGL,GOOGL_562,-0.022859408149812,0.030313648
2022-04-01 04:00:00,GOOGL,GOOGL_567,-0.0489687261803417,-0.013120506
2022-04-04 04:00:00,GOOGL,GOOGL_567,-0.0989567524530992,-0.025251385
2022-04-05 04:00:00,GOOGL,GOOGL_567,-0.0915883852997447,0.00060719735
2022-04-06 04:00:00,GOOGL,GOOGL_567,-0.0487301663573145,0.0074413805
2022-04-07 04:00:00,GOOGL,GOOGL_567,-0.0673971704735082,-0.003373682
2022-04-08 04:00:00,GOOGL,GOOGL_572,-0.0420970266040688,-0.040736392
2022-04-11 04:00:00,GOOGL,GOOGL_572,0.009202521931396,0.04385183
2022-04-12 04:00:00,GOOGL,GOOGL_572,0.0025485975186674,0.052597724
2022-04-13 04:00:00,GOOGL,GOOGL_572,-0.0391049501963703,0.047254693
2022-04-14 04:00:00,GOOGL,GOOGL_572,-0.0559812603340426,0.049485624
2022-04-18 04:00:00,GOOGL,GOOGL_577,-0.036048144903194,0.0042916127
2022-04-19 04:00:00,GOOGL,GOOGL_577,-0.0873708814392032,0.00830725
2022-04-20 04:00:00,GOOGL,GOOGL_577,-0.1073531064400697,0.05825647
2022-04-21 04:00:00,GOOGL,GOOGL_577,-0.0504108086182095,0.054423764
2022-04-22 04:00:00,GOOGL,GOOGL_577,-0.046190311962402,0.053377867
2022-04-25 04:00:00,GOOGL,GOOGL_582,-0.0527406068416838,0.06436839
2022-04-26 04:00:00,GOOGL,GOOGL_582,-0.0110914612319057,0.092787385
2022-04-27 04:00:00,GOOGL,GOOGL_582,0.0697015094445165,0.08601557
2022-04-28 04:00:00,GOOGL,GOOGL_582,-0.0170178515184535,0.11598446
2022-04-29 04:00:00,GOOGL,GOOGL_582,0.0143458789989141,0.08672806
2022-05-02 04:00:00,GOOGL,GOOGL_587,-0.0349278933446208,-0.015261397
2022-05-03 04:00:00,GOOGL,GOOGL_587,-0.02504817870264,0.03012743
2022-05-04 04:00:00,GOOGL,GOOGL_587,-0.0708198081072604,0.018122282
2022-05-05 04:00:00,GOOGL,GOOGL_587,-0.0314276922420058,0.042206332
2022-05-06 04:00:00,GOOGL,GOOGL_587,0.0026264367342567,0.027075574
2022-05-09 04:00:00,GOOGL,GOOGL_592,0.0171894133074279,0.019018881
2022-05-10 04:00:00,GOOGL,GOOGL_592,0.0181651557381592,-0.016197568
2022-05-11 04:00:00,GOOGL,GOOGL_592,-0.0149908929465718,-0.0015293526
2022-05-12 04:00:00,GOOGL,GOOGL_592,-0.0217999986342758,0.001984821
2022-05-13 04:00:00,GOOGL,GOOGL_592,-0.0615464982478765,-0.027318107
2022-05-16 04:00:00,GOOGL,GOOGL_597,-0.025837745120424,-0.04083606
2022-05-17 04:00:00,GOOGL,GOOGL_597,-0.0901753916407911,-0.051059604
2022-05-18 04:00:00,GOOGL,GOOGL_597,-0.0544640305842595,-0.010705287
2022-05-19 04:00:00,GOOGL,GOOGL_597,-0.0234771277138385,-0.019142397
2022-05-20 04:00:00,GOOGL,GOOGL_597,0.0312970650564432,-0.028122915
2022-05-23 04:00:00,GOOGL,GOOGL_602,0.0203968328103385,-0.023049997
2022-05-24 04:00:00,GOOGL,GOOGL_602,0.0747569781924735,-0.000397375
2022-05-25 04:00:00,GOOGL,GOOGL_602,0.1116912926547186,0.01408335
2022-05-26 04:00:00,GOOGL,GOOGL_602,0.0626063668540197,0.0021322626
2022-05-27 04:00:00,GOOGL,GOOGL_602,0.0401010138335995,-0.05381411
2022-05-31 04:00:00,GOOGL,GOOGL_607,0.0297770513646524,-0.014164296
2022-06-01 04:00:00,GOOGL,GOOGL_607,0.0289923963287372,-0.005588018
2022-06-02 04:00:00,GOOGL,GOOGL_607,-0.0236944036381619,0.017693
2022-06-03 04:00:00,GOOGL,GOOGL_607,-0.0295047304630523,0.03176023
2022-06-06 04:00:00,GOOGL,GOOGL_607,-0.0892651642053236,0.027855922
2022-06-07 04:00:00,GOOGL,GOOGL_612,-0.0890656664117447,-0.0179384
2022-06-08 04:00:00,GOOGL,GOOGL_612,-0.0633948559624166,-0.0068634595
2022-06-09 04:00:00,GOOGL,GOOGL_612,-0.0766487867598378,0.022302836
2022-06-10 04:00:00,GOOGL,GOOGL_612,-0.0361455879688349,-0.019660078
2022-06-13 04:00:00,GOOGL,GOOGL_612,0.0484197363399474,0.019929374
2022-06-14 04:00:00,GOOGL,GOOGL_617,0.0447170577777993,0.049501866
2022-06-15 04:00:00,GOOGL,GOOGL_617,0.0225709879570195,0.025390895
2022-06-16 04:00:00,GOOGL,GOOGL_617,0.1126200467505342,0.05260116
2022-06-17 04:00:00,GOOGL,GOOGL_617,0.0811062018456492,0.049650956
2022-06-21 04:00:00,GOOGL,GOOGL_617,0.0041553197114012,0.009558836
2022-06-22 04:00:00,GOOGL,GOOGL_622,0.0019194697284385,0.01678973
2022-06-23 04:00:00,GOOGL,GOOGL_622,-0.0292136581949312,0.027560668
2022-06-24 04:00:00,GOOGL,GOOGL_622,-0.0783004496023759,0.019820338
2022-06-27 04:00:00,GOOGL,GOOGL_622,-0.0221913621900541,0.02469779
2022-06-28 04:00:00,GOOGL,GOOGL_622,0.022895778482284,0.026113348
2022-06-29 04:00:00,GOOGL,GOOGL_627,0.0633966168426765,0.012879275
2022-06-30 04:00:00,GOOGL,GOOGL_627,0.0953580864526097,-0.0015628118
2022-07-01 04:00:00,GOOGL,GOOGL_627,0.0638141870705386,0.02373567
2022-07-05 04:00:00,GOOGL,GOOGL_627,0.0066879712841672,-0.03725894
2022-07-06 04:00:00,GOOGL,GOOGL_627,-0.0280914906732495,-0.04188535
2022-07-07 04:00:00,GOOGL,GOOGL_632,-0.0708476552150489,-0.022881797
2022-07-08 04:00:00,GOOGL,GOOGL_632,-0.0634753401037669,-0.030536005
2022-07-11 04:00:00,GOOGL,GOOGL_632,-0.0574576489171907,-0.0087703625
2022-07-12 04:00:00,GOOGL,GOOGL_632,-0.0018461822582226,-0.0031737506
2022-07-13 04:00:00,GOOGL,GOOGL_632,0.0228686224617387,0.036858335
2022-07-14 04:00:00,GOOGL,GOOGL_637,0.0359933496883642,0.060881242
2022-07-15 04:00:00,GOOGL,GOOGL_637,-0.034689404746466,0.015945222
2022-07-18 04:00:00,GOOGL,GOOGL_637,-0.0139410864907302,0.04821281
2022-07-19 04:00:00,GOOGL,GOOGL_637,-0.0772339961698174,-0.024324603
2022-07-20 04:00:00,GOOGL,GOOGL_637,-0.0073749249871105,-0.011291425
2022-07-21 04:00:00,GOOGL,GOOGL_642,-0.0010494588160813,-0.018484306
2022-07-22 04:00:00,GOOGL,GOOGL_642,0.0780351997207882,0.013683489
2022-07-25 04:00:00,GOOGL,GOOGL_642,0.0683657178688135,0.069916144
2022-07-26 04:00:00,GOOGL,GOOGL_642,0.0962673865312775,0.072645985
2022-07-27 04:00:00,GOOGL,GOOGL_642,0.0444012416492338,-0.051131353
2022-07-28 04:00:00,GOOGL,GOOGL_647,0.0347574958700274,-0.0078242775
2022-07-29 04:00:00,GOOGL,GOOGL_647,0.0098865330888586,-0.03005132
2022-08-01 04:00:00,GOOGL,GOOGL_647,0.0212432737980181,-0.032757938
2022-08-02 04:00:00,GOOGL,GOOGL_647,0.0130287504193913,-0.041699402
2022-08-03 04:00:00,GOOGL,GOOGL_647,0.0137194706306438,-0.043274853
2022-08-04 04:00:00,GOOGL,GOOGL_652,0.0054995675019688,-0.016473958
2022-08-05 04:00:00,GOOGL,GOOGL_652,0.0358389294349532,-0.037128232
2022-08-08 04:00:00,GOOGL,GOOGL_652,0.0407502016618681,-0.030043893
2022-08-09 04:00:00,GOOGL,GOOGL_652,0.0434708035172801,-0.033311848
2022-08-10 04:00:00,GOOGL,GOOGL_652,-0.0012530818739223,-0.011400585
2022-08-11 04:00:00,GOOGL,GOOGL_657,0.0111915337600077,0.014959252
2022-08-12 04:00:00,GOOGL,GOOGL_657,-0.0367357101371818,-0.0071358224
2022-08-15 04:00:00,GOOGL,GOOGL_657,-0.0642202150204327,-0.025999207
2022-08-16 04:00:00,GOOGL,GOOGL_657,-0.0644206781798434,-0.006805311
2022-08-17 04:00:00,GOOGL,GOOGL_657,-0.0490171514911174,-0.024271851
2022-08-18 04:00:00,GOOGL,GOOGL_662,-0.0292918090763195,-0.043293007
2022-08-19 04:00:00,GOOGL,GOOGL_662,-0.0586127702435255,-0.00094674446
2022-08-22 04:00:00,GOOGL,GOOGL_662,-0.0421918748683102,0.011193365
2022-08-23 04:00:00,GOOGL,GOOGL_662,-0.0432109445158217,0.008230262
2022-08-24 04:00:00,GOOGL,GOOGL_662,-0.0481133002307943,-0.029905932
2022-08-25 04:00:00,GOOGL,GOOGL_667,-0.0592370644811042,0.005325756
2022-08-26 04:00:00,GOOGL,GOOGL_667,-0.0225665936778218,-0.018266443
2022-08-29 04:00:00,GOOGL,GOOGL_667,-0.0238530492965436,-0.04839654
2022-08-30 04:00:00,GOOGL,GOOGL_667,0.0046814255131879,-0.051315323
2022-08-31 04:00:00,GOOGL,GOOGL_667,0.001478433107652,-0.02936134
2022-09-01 04:00:00,GOOGL,GOOGL_672,0.0082923608513192,-0.043134987
2022-09-02 04:00:00,GOOGL,GOOGL_672,0.0279091532574544,-0.011358118
2022-09-06 04:00:00,GOOGL,GOOGL_672,-0.023312404462921,-0.0058739777
2022-09-07 04:00:00,GOOGL,GOOGL_672,-0.0406578078786659,0.022162749
2022-09-08 04:00:00,GOOGL,GOOGL_672,-0.0504705086725407,0.028471252
2022-09-09 04:00:00,GOOGL,GOOGL_677,-0.0709444045717897,-0.026704587
2022-09-12 04:00:00,GOOGL,GOOGL_677,-0.0702688153764988,-0.023295943
2022-09-13 04:00:00,GOOGL,GOOGL_677,-0.0304831318489119,-0.008499181
2022-09-14 04:00:00,GOOGL,GOOGL_677,-0.0544762021019344,-0.008190326
2022-09-15 04:00:00,GOOGL,GOOGL_677,-0.0269167639091323,0.0023875365
2022-09-16 04:00:00,GOOGL,GOOGL_682,-0.0394942127184971,-0.027866535
2022-09-19 04:00:00,GOOGL,GOOGL_682,-0.0475405213969837,-0.04095465
2022-09-20 04:00:00,GOOGL,GOOGL_682,-0.0359897114061183,0.04013295
2022-09-21 04:00:00,GOOGL,GOOGL_682,0.0077558851926728,0.05214924
2022-09-22 04:00:00,GOOGL,GOOGL_682,-0.0271619855929845,0.060293607
2022-09-23 04:00:00,GOOGL,GOOGL_687,-0.031294271873024,0.075024806
2022-09-26 04:00:00,GOOGL,GOOGL_687,0.0047876258477081,0.05460598
2022-09-27 04:00:00,GOOGL,GOOGL_687,0.0424615322015224,0.05477588
2022-09-28 04:00:00,GOOGL,GOOGL_687,0.0137930755754609,-0.011818612
2022-09-29 04:00:00,GOOGL,GOOGL_687,0.0410593315046385,0.066665344
2022-09-30 04:00:00,GOOGL,GOOGL_692,0.0316779794141151,0.040262382
2022-10-03 04:00:00,GOOGL,GOOGL_692,-0.0079075302526687,0.03643204
2022-10-04 04:00:00,GOOGL,GOOGL_692,-0.0438803533181335,-0.013841808
2022-10-05 04:00:00,GOOGL,GOOGL_692,-0.038154419155459,-0.0019175083
2022-10-06 04:00:00,GOOGL,GOOGL_692,-0.0232695785146858,-0.0043428913
2022-10-07 04:00:00,GOOGL,GOOGL_697,-0.021483611066333,-0.017931532
2022-10-10 04:00:00,GOOGL,GOOGL_697,0.0215614203677858,-0.020031322
2022-10-11 04:00:00,GOOGL,GOOGL_697,0.0369417197634998,-0.018503096
2022-10-12 04:00:00,GOOGL,GOOGL_697,0.0212177095800045,-0.0185851
2022-10-13 04:00:00,GOOGL,GOOGL_697,0.0091863889010403,-0.021263316
2022-10-14 04:00:00,GOOGL,GOOGL_702,0.0473280842001995,0.01688347
2022-10-17 04:00:00,GOOGL,GOOGL_702,0.0255076061941188,-0.01872228
2022-10-18 04:00:00,GOOGL,GOOGL_702,0.0368165807031657,-0.0117398
2022-10-19 04:00:00,GOOGL,GOOGL_702,-0.0471745164891183,-0.014837253
2022-10-20 04:00:00,GOOGL,GOOGL_702,-0.0775232560304803,-0.011287291
2022-10-21 04:00:00,GOOGL,GOOGL_707,-0.0478591562280205,-0.037989736
2022-10-24 04:00:00,GOOGL,GOOGL_707,-0.0781310453483872,-0.029927308
2022-10-25 04:00:00,GOOGL,GOOGL_707,-0.1340926654487968,-0.018873684
2022-10-26 04:00:00,GOOGL,GOOGL_707,-0.0838512489084934,0.07986987
2022-10-27 04:00:00,GOOGL,GOOGL_707,-0.0953155584382492,0.063692614
2022-10-28 04:00:00,GOOGL,GOOGL_712,-0.1008411983814495,-0.06399933
2022-10-31 04:00:00,GOOGL,GOOGL_712,-0.0636970070509942,-0.029523028
2022-11-01 04:00:00,GOOGL,GOOGL_712,-0.0173538153381271,-0.028521976
2022-11-02 04:00:00,GOOGL,GOOGL_712,0.0040243586203121,-0.012561435
2022-11-03 04:00:00,GOOGL,GOOGL_712,0.1259738954547078,-0.010280401
2022-11-04 04:00:00,GOOGL,GOOGL_717,0.1135366322841637,0.033754844
2022-11-07 05:00:00,GOOGL,GOOGL_717,0.0814781247432334,0.030238524
2022-11-08 05:00:00,GOOGL,GOOGL_717,0.1073115945082432,0.023478782
2022-11-09 05:00:00,GOOGL,GOOGL_717,0.1320430464909896,0.032812912
2022-11-10 05:00:00,GOOGL,GOOGL_717,0.047051288631829,0.028881416
2022-11-11 05:00:00,GOOGL,GOOGL_722,0.0105797801506284,0.052319273
2022-11-14 05:00:00,GOOGL,GOOGL_722,-0.0010449161683379,0.03743892
2022-11-15 05:00:00,GOOGL,GOOGL_722,-0.0141202697600073,0.008870807
2022-11-16 05:00:00,GOOGL,GOOGL_722,-0.0039453656617964,0.009513541
2022-11-17 05:00:00,GOOGL,GOOGL_722,-0.0091500764568335,0.01612767
2022-11-18 05:00:00,GOOGL,GOOGL_727,-0.0141639869557167,-0.03128361
2022-11-21 05:00:00,GOOGL,GOOGL_727,-0.0042886614985233,-0.018763091
2022-11-22 05:00:00,GOOGL,GOOGL_727,0.0405975753541241,-0.015322977
2022-11-23 05:00:00,GOOGL,GOOGL_727,0.0256957018365018,-0.022112476
2022-11-25 05:00:00,GOOGL,GOOGL_727,0.0305766815609209,-0.014846259
2022-11-28 05:00:00,GOOGL,GOOGL_732,0.035710569455448,-0.006027599
2022-11-29 05:00:00,GOOGL,GOOGL_732,0.0188045054062182,-0.0026606787
2022-11-30 05:00:00,GOOGL,GOOGL_732,-0.0599068774169539,-0.03587113
2022-12-01 05:00:00,GOOGL,GOOGL_732,-0.0720863346201592,-0.022086877
2022-12-02 05:00:00,GOOGL,GOOGL_732,-0.0757666310770055,-0.0002280458
2022-12-05 05:00:00,GOOGL,GOOGL_737,-0.0620225732824102,-0.020071732
2022-12-06 05:00:00,GOOGL,GOOGL_737,-0.013920458411895,-0.0010940114
2022-12-07 05:00:00,GOOGL,GOOGL_737,0.0013692568998848,-0.0028720065
2022-12-08 05:00:00,GOOGL,GOOGL_737,-0.0304129602173193,0.013932517
2022-12-09 05:00:00,GOOGL,GOOGL_737,-0.027685011786399,-0.0120982835
2022-12-12 05:00:00,GOOGL,GOOGL_742,-0.0521915683700389,-0.017344592
2022-12-13 05:00:00,GOOGL,GOOGL_742,-0.0691205772267791,-0.03642237
2022-12-14 05:00:00,GOOGL,GOOGL_742,-0.0577469010349478,-0.018473847
2022-12-15 05:00:00,GOOGL,GOOGL_742,-0.0341184069260056,0.058241654
2022-12-16 05:00:00,GOOGL,GOOGL_742,-0.0114114641582026,0.053651877
2022-12-19 05:00:00,GOOGL,GOOGL_747,-0.0118724900810972,-0.017455913
2022-12-20 05:00:00,GOOGL,GOOGL_747,-0.0337002933400319,-0.026549688
2022-12-21 05:00:00,GOOGL,GOOGL_747,-0.0126144771122427,-0.032743797
2022-12-22 05:00:00,GOOGL,GOOGL_747,0.0053555288202196,-0.011316978
2022-12-23 05:00:00,GOOGL,GOOGL_747,-0.0012327760418381,-0.0341547
2022-12-27 05:00:00,GOOGL,GOOGL_752,0.0078956682254878,-0.016547512
2022-12-28 05:00:00,GOOGL,GOOGL_752,0.0020925402487828,-0.01930565
2022-12-29 05:00:00,GOOGL,GOOGL_752,-0.0125494703069475,-0.026429811
2022-12-30 05:00:00,GOOGL,GOOGL_752,-0.0023802188130676,-0.012636635
2023-01-03 05:00:00,GOOGL,GOOGL_752,-0.0078546292197412,-0.011461508
2023-01-04 05:00:00,GOOGL,GOOGL_757,0.0390553444652503,-0.005208514
2023-01-05 05:00:00,GOOGL,GOOGL_757,0.0571925809711562,0.018965688
2023-01-06 05:00:00,GOOGL,GOOGL_757,0.0547287223392944,-0.0029558958
2023-01-09 05:00:00,GOOGL,GOOGL_757,0.0371506975366207,-0.011776193
2023-01-10 05:00:00,GOOGL,GOOGL_757,0.0305361302143187,-0.00763838
2023-01-11 05:00:00,GOOGL,GOOGL_762,0.0167177279808969,-0.028166892
2023-01-12 05:00:00,GOOGL,GOOGL_762,0.0756062723286215,-0.021120258
2023-01-13 05:00:00,GOOGL,GOOGL_762,0.083260941600763,-0.032689333
2023-01-17 05:00:00,GOOGL,GOOGL_762,0.0702157516533072,-0.03132074
2023-01-18 05:00:00,GOOGL,GOOGL_762,0.0449955920822759,-0.020218104
2023-01-19 05:00:00,GOOGL,GOOGL_767,0.0480386184277956,-0.010755741
2023-01-20 05:00:00,GOOGL,GOOGL_767,0.0137727621888379,-0.0085082855
2023-01-23 05:00:00,GOOGL,GOOGL_767,-0.0285599603965696,-0.010102189
2023-01-24 05:00:00,GOOGL,GOOGL_767,0.0116683666863608,0.004038976
2023-01-25 05:00:00,GOOGL,GOOGL_767,0.0547153856089206,0.0065433667
2023-01-26 05:00:00,GOOGL,GOOGL_772,0.1047990317115104,0.013669258
2023-01-27 05:00:00,GOOGL,GOOGL_772,0.0544429494131306,-0.004092893
2023-01-30 05:00:00,GOOGL,GOOGL_772,0.0614813176642439,0.018094324
2023-01-31 05:00:00,GOOGL,GOOGL_772,0.0890328144253917,-0.0038297058
2023-02-01 05:00:00,GOOGL,GOOGL_772,-0.0105545908132304,0.004695025
2023-02-02 05:00:00,GOOGL,GOOGL_777,-0.1181547798398447,-0.065132685
2023-02-03 05:00:00,GOOGL,GOOGL_777,-0.0974422523708791,-0.050185546
2023-02-06 05:00:00,GOOGL,GOOGL_777,-0.0805636617356361,-0.051459588
2023-02-07 05:00:00,GOOGL,GOOGL_777,-0.1204013299698977,-0.06572219
2023-02-08 05:00:00,GOOGL,GOOGL_777,-0.0244540629768613,-0.02455458
2023-02-09 05:00:00,GOOGL,GOOGL_782,0.0052626038181018,-0.062123485
2023-02-10 05:00:00,GOOGL,GOOGL_782,-0.0023263320441266,-0.057516564
2023-02-13 05:00:00,GOOGL,GOOGL_782,-0.0298065709399824,-0.060090117
2023-02-14 05:00:00,GOOGL,GOOGL_782,-0.0320025218581588,-0.059214275
2023-02-15 05:00:00,GOOGL,GOOGL_782,-0.0624097678913782,-0.054634023
2023-02-16 05:00:00,GOOGL,GOOGL_787,-0.0667993376621687,-0.04628181
2023-02-17 05:00:00,GOOGL,GOOGL_787,-0.047482732379353,-0.036153585
2023-02-21 05:00:00,GOOGL,GOOGL_787,-0.0188474053783449,0.019567212
2023-02-22 05:00:00,GOOGL,GOOGL_787,-0.0140752961707598,0.013945087
2023-02-23 05:00:00,GOOGL,GOOGL_787,0.0122125714358622,0.0037197336
2023-02-24 05:00:00,GOOGL,GOOGL_792,0.0507124919976098,0.023495918
2023-02-27 05:00:00,GOOGL,GOOGL_792,0.0585289234013735,0.0062699625
2023-02-28 05:00:00,GOOGL,GOOGL_792,0.0421941278566602,-0.0016755174
2023-03-01 05:00:00,GOOGL,GOOGL_792,0.0430500150882335,0.0032430943
2023-03-02 05:00:00,GOOGL,GOOGL_792,0.0034782575524372,-0.005311836
2023-03-03 05:00:00,GOOGL,GOOGL_797,-0.032247776009127,0.018664742
2023-03-06 05:00:00,GOOGL,GOOGL_797,-0.0422579287199753,0.025112396
2023-03-07 05:00:00,GOOGL,GOOGL_797,0.0011719647308359,0.024207719
2023-03-08 05:00:00,GOOGL,GOOGL_797,0.0197347544864887,0.01760018
2023-03-09 05:00:00,GOOGL,GOOGL_797,0.0866551129380961,0.04788642
2023-03-10 05:00:00,GOOGL,GOOGL_802,0.1212623394706062,0.07954627
2023-03-13 04:00:00,GOOGL,GOOGL_802,0.1109647738187251,0.07509199
2023-03-14 04:00:00,GOOGL,GOOGL_802,0.1165265170373301,0.06559227
2023-03-15 04:00:00,GOOGL,GOOGL_802,0.0755384672783836,0.07070512
2023-03-16 04:00:00,GOOGL,GOOGL_802,0.0526315669393815,0.03650625
2023-03-17 04:00:00,GOOGL,GOOGL_807,0.0375910213695862,0.053441286
2023-03-20 04:00:00,GOOGL,GOOGL_807,0.0122505221183093,0.045406755
2023-03-21 04:00:00,GOOGL,GOOGL_807,-0.0370758621572282,-0.075326815
2023-03-22 04:00:00,GOOGL,GOOGL_807,-0.0191545255327864,-0.047933605
2023-03-23 04:00:00,GOOGL,GOOGL_807,-0.0446022647019915,-0.067474395
2023-03-24 04:00:00,GOOGL,GOOGL_812,-0.0162177451145536,-0.061918873
2023-03-27 04:00:00,GOOGL,GOOGL_812,0.018543837037442,-0.071139045
2023-03-28 04:00:00,GOOGL,GOOGL_812,0.0365238294169159,-0.07055079
2023-03-29 04:00:00,GOOGL,GOOGL_812,0.0303777675273282,-0.058018394
2023-03-30 04:00:00,GOOGL,GOOGL_812,0.0746357302492906,-0.06642346
2023-03-31 04:00:00,GOOGL,GOOGL_817,0.0261255085006366,0.0005361601
2023-04-03 04:00:00,GOOGL,GOOGL_817,0.0094863727288185,0.020564558
2023-04-04 04:00:00,GOOGL,GOOGL_817,-0.0007639594167505,0.048648816
2023-04-05 04:00:00,GOOGL,GOOGL_817,0.0283334837741542,0.057383757
2023-04-06 04:00:00,GOOGL,GOOGL_817,0.0041505680246876,-0.004178982
2023-04-10 04:00:00,GOOGL,GOOGL_822,-0.0044156445877745,0.018762235
2023-04-11 04:00:00,GOOGL,GOOGL_822,-0.0080683292494768,0.020061444
2023-04-12 04:00:00,GOOGL,GOOGL_822,-0.0043960157411675,0.03431579
2023-04-13 04:00:00,GOOGL,GOOGL_822,-0.0199199421350586,0.006763871
2023-04-14 04:00:00,GOOGL,GOOGL_822,-0.031781014027588,0.0053896382
2023-04-17 04:00:00,GOOGL,GOOGL_827,0.0,-0.00018281565
2023-04-18 04:00:00,GOOGL,GOOGL_827,-0.0062201102954919,0.022722768
2023-04-19 04:00:00,GOOGL,GOOGL_827,-0.0045114342419498,0.012713861
2023-04-20 04:00:00,GOOGL,GOOGL_827,0.0218443860040284,0.0035040248
2023-04-21 04:00:00,GOOGL,GOOGL_827,0.0183093881864175,-0.010918847
2023-04-24 04:00:00,GOOGL,GOOGL_832,0.0116070181501402,0.01499056
2023-04-25 04:00:00,GOOGL,GOOGL_832,0.0141550432576023,0.007282067
2023-04-26 04:00:00,GOOGL,GOOGL_832,0.0163919062061899,-0.009723255
2023-04-27 04:00:00,GOOGL,GOOGL_832,-0.0269541220856337,-0.0069916463
2023-04-28 04:00:00,GOOGL,GOOGL_832,-0.0164896283161284,0.0018113917
2023-05-01 04:00:00,GOOGL,GOOGL_837,0.0053171614836837,-0.0048984764
2023-05-02 04:00:00,GOOGL,GOOGL_837,0.0192745801859002,0.0019256738
2023-05-03 04:00:00,GOOGL,GOOGL_837,0.0601460593646634,-0.005498793
2023-05-04 04:00:00,GOOGL,GOOGL_837,0.1134778582135107,-0.005669719
2023-05-05 04:00:00,GOOGL,GOOGL_837,0.1131003360416951,0.0004207635
2023-05-08 04:00:00,GOOGL,GOOGL_842,0.0810986894813676,0.035547543
2023-05-09 04:00:00,GOOGL,GOOGL_842,0.1132743720070084,0.045342397
2023-05-10 04:00:00,GOOGL,GOOGL_842,0.0813422491086408,0.012461267
2023-05-11 04:00:00,GOOGL,GOOGL_842,0.0537016569667916,-0.048869137
2023-05-12 04:00:00,GOOGL,GOOGL_842,0.0446770479496172,-0.065727286
2023-05-15 04:00:00,GOOGL,GOOGL_847,0.0732984358333617,-0.018729372
2023-05-16 04:00:00,GOOGL,GOOGL_847,0.0255208381545049,0.0010467193
2023-05-17 04:00:00,GOOGL,GOOGL_847,0.0004965672774475,-0.0012595293
2023-05-18 04:00:00,GOOGL,GOOGL_847,0.005291879151585,0.008214678
2023-05-19 04:00:00,GOOGL,GOOGL_847,0.0150700427006189,0.00072009896
2023-05-22 04:00:00,GOOGL,GOOGL_852,-0.011035624543258,-0.012146934
2023-05-23 04:00:00,GOOGL,GOOGL_852,0.0025294157487238,-0.015152853
2023-05-24 04:00:00,GOOGL,GOOGL_852,0.0233250592161538,-0.025622265
2023-05-25 04:00:00,GOOGL,GOOGL_852,0.0096371459318147,-0.0389369
2023-05-26 04:00:00,GOOGL,GOOGL_852,0.0112350655567095,-0.038799535
2023-05-30 04:00:00,GOOGL,GOOGL_857,0.0294331644177421,0.014545683
2023-05-31 04:00:00,GOOGL,GOOGL_857,-0.0030113350558408,0.011872761
2023-06-01 04:00:00,GOOGL,GOOGL_857,-0.0127707873865611,0.007107034
2023-06-02 04:00:00,GOOGL,GOOGL_857,-0.0195716278803919,0.006724088
2023-06-05 04:00:00,GOOGL,GOOGL_857,-0.0188080525863321,0.0065176073
2023-06-06 04:00:00,GOOGL,GOOGL_862,-0.0273348189009071,-0.010196448
2023-06-07 04:00:00,GOOGL,GOOGL_862,0.0095510054607781,-0.028760577
2023-06-08 04:00:00,GOOGL,GOOGL_862,0.024152586891958,-0.016765697
2023-06-09 04:00:00,GOOGL,GOOGL_862,0.0106356490768233,-0.022544181
2023-06-12 04:00:00,GOOGL,GOOGL_862,-0.0043675260287372,-0.028428378
2023-06-13 04:00:00,GOOGL,GOOGL_867,-0.0264879167471214,0.0034169222
2023-06-14 04:00:00,GOOGL,GOOGL_867,-0.0042047113347253,0.0060115303
2023-06-15 04:00:00,GOOGL,GOOGL_867,-0.0219841720401986,-0.0049634078
2023-06-16 04:00:00,GOOGL,GOOGL_867,-0.0420141058260584,0.0111252405
2023-06-20 04:00:00,GOOGL,GOOGL_867,-0.0387489577757322,0.009261648
2023-06-21 04:00:00,GOOGL,GOOGL_872,-0.0030692885708444,-0.045067612
2023-06-22 04:00:00,GOOGL,GOOGL_872,-0.0328867478812555,-0.03483897
2023-06-23 04:00:00,GOOGL,GOOGL_872,-0.0215792011498595,-0.0297383
2023-06-26 04:00:00,GOOGL,GOOGL_872,0.0131824001712326,-0.043035287
2023-06-27 04:00:00,GOOGL,GOOGL_872,0.0289022066764454,-0.04008039
2023-06-28 04:00:00,GOOGL,GOOGL_877,-0.0005824571030659,0.0015004431
2023-06-29 04:00:00,GOOGL,GOOGL_877,0.0031906371761631,-0.0145874685
2023-06-30 04:00:00,GOOGL,GOOGL_877,-0.0271512120539592,-0.018904958
2023-07-03 04:00:00,GOOGL,GOOGL_877,-0.0230192001760296,-0.031053038
2023-07-05 04:00:00,GOOGL,GOOGL_877,-0.0231622151525603,-0.03424554
2023-07-06 04:00:00,GOOGL,GOOGL_882,0.0368828597341126,-0.018098867
2023-07-07 04:00:00,GOOGL,GOOGL_882,0.0497153887271548,-0.00802673
2023-07-10 04:00:00,GOOGL,GOOGL_882,0.0704165289182559,-0.020220205
2023-07-11 04:00:00,GOOGL,GOOGL_882,0.0565135972432577,-0.024066899
2023-07-12 04:00:00,GOOGL,GOOGL_882,0.0260657400669843,-0.026109189
2023-07-13 04:00:00,GOOGL,GOOGL_887,-0.0428778218084898,-0.006760165
2023-07-14 04:00:00,GOOGL,GOOGL_887,-0.0430553468722342,-0.0026919781
2023-07-17 04:00:00,GOOGL,GOOGL_887,-0.0250301059638116,0.049745843
2023-07-18 04:00:00,GOOGL,GOOGL_887,-0.0125242649079113,0.04574675
2023-07-19 04:00:00,GOOGL,GOOGL_887,0.0593297186395807,0.034725945
2023-07-20 04:00:00,GOOGL,GOOGL_892,0.0855704463874367,-0.007237098
2023-07-21 04:00:00,GOOGL,GOOGL_892,0.104649271282194,-0.004507245
2023-07-24 04:00:00,GOOGL,GOOGL_892,0.0920760516234984,-0.0055408464
2023-07-25 04:00:00,GOOGL,GOOGL_892,0.0764258574360128,-0.0027046031
2023-07-26 04:00:00,GOOGL,GOOGL_892,-0.0068848097797892,-0.003964465
2023-07-27 04:00:00,GOOGL,GOOGL_897,-0.0073415532693312,-0.0062165465
2023-07-28 04:00:00,GOOGL,GOOGL_897,-0.0337155012744622,-0.038739435
2023-07-31 04:00:00,GOOGL,GOOGL_897,-0.008966263038435,-0.029463753
2023-08-01 04:00:00,GOOGL,GOOGL_897,-0.0011403204241235,-0.022585304
2023-08-02 04:00:00,GOOGL,GOOGL_897,0.0099703904861607,-0.013247934
2023-08-03 04:00:00,GOOGL,GOOGL_902,0.0096536046915105,-0.0016144803
2023-08-04 04:00:00,GOOGL,GOOGL_902,0.0113183743761924,0.016627092
2023-08-07 04:00:00,GOOGL,GOOGL_902,-0.0015205424625432,0.008185927
2023-08-08 04:00:00,GOOGL,GOOGL_902,-0.0123287305360433,0.00047013166
2023-08-09 04:00:00,GOOGL,GOOGL_902,-0.0074040312104952,0.0044324803
2023-08-10 04:00:00,GOOGL,GOOGL_907,0.0017734268117002,-0.0065301857
2023-08-11 04:00:00,GOOGL,GOOGL_907,-0.0162086949189032,-0.008251942
2023-08-14 04:00:00,GOOGL,GOOGL_907,-0.0225386939206396,-0.021331722
2023-08-15 04:00:00,GOOGL,GOOGL_907,-0.0053937197936995,-0.006039272
2023-08-16 04:00:00,GOOGL,GOOGL_907,0.0285159149647939,0.002780704
2023-08-17 04:00:00,GOOGL,GOOGL_912,-0.0010775815241805,0.021920867
2023-08-18 04:00:00,GOOGL,GOOGL_912,0.0189863942862262,0.023996253
2023-08-21 04:00:00,GOOGL,GOOGL_912,0.0205655487268532,0.024692109
2023-08-22 04:00:00,GOOGL,GOOGL_912,0.0425318052005423,0.011302505
2023-08-23 04:00:00,GOOGL,GOOGL_912,0.0265166570605186,0.0063652657
2023-08-24 04:00:00,GOOGL,GOOGL_917,0.0492371663565449,0.027411249
2023-08-25 04:00:00,GOOGL,GOOGL_917,0.0445026067292808,0.036454026
2023-08-28 04:00:00,GOOGL,GOOGL_917,0.036333180407672,0.023209708
2023-08-29 04:00:00,GOOGL,GOOGL_917,-0.000817422935012,0.019913346
2023-08-30 04:00:00,GOOGL,GOOGL_917,-0.0045629257705082,0.016726099
2023-08-31 04:00:00,GOOGL,GOOGL_922,0.0015422392354491,-0.005513122
2023-09-01 04:00:00,GOOGL,GOOGL_922,0.0092878849537276,0.0003384975
2023-09-05 04:00:00,GOOGL,GOOGL_922,-0.0031671792077679,-0.0036364633
2023-09-06 04:00:00,GOOGL,GOOGL_922,0.016733600235407,-0.00535398
2023-09-07 04:00:00,GOOGL,GOOGL_922,0.0209966857313168,0.00033415307
2023-09-08 04:00:00,GOOGL,GOOGL_927,0.0074790216831881,0.005802872
2023-09-11 04:00:00,GOOGL,GOOGL_927,0.0094216225691892,0.0017915417
2023-09-12 04:00:00,GOOGL,GOOGL_927,0.0199497341606347,0.008854675
2023-09-13 04:00:00,GOOGL,GOOGL_927,-0.0217248268220724,-0.003559923
2023-09-14 04:00:00,GOOGL,GOOGL_927,-0.0554670769266126,-0.0062456825
2023-09-15 04:00:00,GOOGL,GOOGL_932,-0.0520378035960547,-0.036746036
2023-09-18 04:00:00,GOOGL,GOOGL_932,-0.051371143612015,-0.040439025
2023-09-19 04:00:00,GOOGL,GOOGL_932,-0.0686032050312002,-0.04277621
2023-09-20 04:00:00,GOOGL,GOOGL_932,-0.0239271128727059,-0.013962365
2023-09-21 04:00:00,GOOGL,GOOGL_932,0.0143360555212155,0.008334168
2023-09-22 04:00:00,GOOGL,GOOGL_937,0.0046833060295705,0.02349808
2023-09-25 04:00:00,GOOGL,GOOGL_937,0.0233391621108127,0.012653335
2023-09-26 04:00:00,GOOGL,GOOGL_937,0.0300224401623363,0.035127573
2023-09-27 04:00:00,GOOGL,GOOGL_937,0.036004385236402,-0.0069190543
2023-09-28 04:00:00,GOOGL,GOOGL_937,0.0208601754708877,-0.009934077
2023-09-29 04:00:00,GOOGL,GOOGL_942,0.0513525996435884,0.032618895
2023-10-02 04:00:00,GOOGL,GOOGL_942,0.0316762320787129,0.036424253
2023-10-03 04:00:00,GOOGL,GOOGL_942,0.0425130649715885,0.01298768
2023-10-04 04:00:00,GOOGL,GOOGL_942,0.0392635118523576,-0.014446308
2023-10-05 04:00:00,GOOGL,GOOGL_942,0.0288738704746118,0.02112811
2023-10-06 04:00:00,GOOGL,GOOGL_947,-0.0015990784836104,0.0057862694
2023-10-09 04:00:00,GOOGL,GOOGL_947,0.0049126422739895,-0.011373562
2023-10-10 04:00:00,GOOGL,GOOGL_947,0.0120237845245858,-0.0065021752
2023-10-11 04:00:00,GOOGL,GOOGL_947,-0.0184275793785422,-0.017501513
2023-10-12 04:00:00,GOOGL,GOOGL_947,-0.0087788818449069,-0.010726742
2023-10-13 04:00:00,GOOGL,GOOGL_952,-0.0128130059625473,0.025465205
2023-10-16 04:00:00,GOOGL,GOOGL_952,-0.0186916318435007,-0.004813366
2023-10-17 04:00:00,GOOGL,GOOGL_952,-0.0065130522055458,0.004156344
2023-10-18 04:00:00,GOOGL,GOOGL_952,-0.0895187409575144,0.025653915
2023-10-19 04:00:00,GOOGL,GOOGL_952,-0.1123049090432168,0.030245816
2023-10-20 04:00:00,GOOGL,GOOGL_957,-0.0990413519916656,0.017830297
2023-10-23 04:00:00,GOOGL,GOOGL_957,-0.0882051349122882,0.01016938
2023-10-24 04:00:00,GOOGL,GOOGL_957,-0.1061162451308402,-0.010065784
2023-10-25 04:00:00,GOOGL,GOOGL_957,0.0066873364685058,0.0016324485
2023-10-26 04:00:00,GOOGL,GOOGL_957,0.0426071241125556,0.014703562
2023-10-27 04:00:00,GOOGL,GOOGL_962,0.0567243025164574,0.0072752014
2023-10-30 04:00:00,GOOGL,GOOGL_962,0.0465209782911664,0.00971523
2023-10-31 04:00:00,GOOGL,GOOGL_962,0.055528685428533,0.01723537
2023-11-01 04:00:00,GOOGL,GOOGL_962,0.0426255398950672,0.010702742
2023-11-02 04:00:00,GOOGL,GOOGL_962,0.0215703794452415,0.013242374
2023-11-03 04:00:00,GOOGL,GOOGL_967,0.0270332305916132,0.028101066
2023-11-06 05:00:00,GOOGL,GOOGL_967,0.0141266513465692,0.04399309
2023-11-07 05:00:00,GOOGL,GOOGL_967,0.0202335945009175,0.043456495
2023-11-08 05:00:00,GOOGL,GOOGL_967,0.0210861563752782,0.04622511
2023-11-09 05:00:00,GOOGL,GOOGL_967,0.0513666070366398,0.04178025
2023-11-10 05:00:00,GOOGL,GOOGL_972,0.0205143773725697,0.020332066
2023-11-13 05:00:00,GOOGL,GOOGL_972,0.0314937071499945,0.0394023
2023-11-14 05:00:00,GOOGL,GOOGL_972,0.0250711437354687,0.026342422
2023-11-15 05:00:00,GOOGL,GOOGL_972,0.0287476639158075,0.00093738164
2023-11-16 05:00:00,GOOGL,GOOGL_972,-0.0017526491434439,-0.011635227
2023-11-17 05:00:00,GOOGL,GOOGL_977,0.0081295257066225,0.02273876
2023-11-20 05:00:00,GOOGL,GOOGL_977,0.0069724546659977,-0.0100937
2023-11-21 05:00:00,GOOGL,GOOGL_977,-0.0144556889091987,-0.011146507
2023-11-22 05:00:00,GOOGL,GOOGL_977,-0.0430356450102197,-0.008773508
2023-11-24 05:00:00,GOOGL,GOOGL_977,-0.0353354433008011,0.023836536
2023-11-27 05:00:00,GOOGL,GOOGL_982,-0.0523421977711721,-0.032944325
2023-11-28 05:00:00,GOOGL,GOOGL_982,-0.0452623293965582,-0.033458
2023-11-29 05:00:00,GOOGL,GOOGL_982,-0.0368175495848454,-0.005853297
2023-11-30 05:00:00,GOOGL,GOOGL_982,0.0331999844338013,0.021962604
2023-12-01 05:00:00,GOOGL,GOOGL_982,0.0237373340537265,0.02274738
2023-12-04 05:00:00,GOOGL,GOOGL_987,0.0310976164679239,0.024887225
2023-12-05 05:00:00,GOOGL,GOOGL_987,0.0116802711285992,0.04561853
2023-12-06 05:00:00,GOOGL,GOOGL_987,0.0196123901550888,0.050963745
2023-12-07 05:00:00,GOOGL,GOOGL_987,-0.0364419082836742,-0.003925615
2023-12-08 05:00:00,GOOGL,GOOGL_987,-0.0177050099443804,0.02662013
2023-12-11 05:00:00,GOOGL,GOOGL_992,0.0188311943285703,-0.007610008
2023-12-12 05:00:00,GOOGL,GOOGL_992,0.0311650278514343,-0.011594374
2023-12-13 05:00:00,GOOGL,GOOGL_992,0.0435240906305491,0.027122973
2023-12-14 05:00:00,GOOGL,GOOGL_992,0.0642716050524931,0.05473373
2023-12-15 05:00:00,GOOGL,GOOGL_992,0.0670437328842079,0.037274733
2023-12-18 05:00:00,GOOGL,GOOGL_997,0.0421207738745266,-0.004128049
2023-12-19 05:00:00,GOOGL,GOOGL_997,0.0272228422016698,-0.0007625954
2023-12-20 05:00:00,GOOGL,GOOGL_997,0.0136619881428374,-0.0058843503
2023-12-21 05:00:00,GOOGL,GOOGL_997,-0.0051986592868401,-0.009707437
2023-12-22 05:00:00,GOOGL,GOOGL_997,-0.0234646066529352,-0.01590086
2023-12-26 05:00:00,MSFT,MSFT_1002,-0.0108364851302763,-0.0072176093
2023-12-27 05:00:00,MSFT,MSFT_1002,-0.0163873199208388,-0.008642032
2023-12-28 05:00:00,MSFT,MSFT_1002,-0.0200650149322914,-0.011958685
2023-12-29 05:00:00,MSFT,MSFT_1002,-0.0035900597618305,0.014676231
2024-01-02 05:00:00,MSFT,MSFT_1002,0.01326614040637,-0.005686005
2024-01-03 05:00:00,MSFT,MSFT_1007,0.0328385933883577,-0.026100617
2024-01-04 05:00:00,MSFT,MSFT_1007,0.0453606629631526,-0.024147693
2024-01-05 05:00:00,MSFT,MSFT_1007,0.0563426273846447,-0.010033613
2024-01-08 05:00:00,MSFT,MSFT_1007,0.0415810042188193,-0.025688054
2024-01-09 05:00:00,MSFT,MSFT_1007,0.0364032900415602,-0.03078883
2024-01-10 05:00:00,MSFT,MSFT_1012,0.0289991546414554,0.020445902
2024-01-11 05:00:00,MSFT,MSFT_1012,0.0365026346532677,0.013664028
2024-01-12 05:00:00,MSFT,MSFT_1012,0.0206966008177142,0.006524148
2024-01-16 05:00:00,MSFT,MSFT_1012,0.0221129093339282,0.0072461637
2024-01-17 05:00:00,MSFT,MSFT_1012,0.0336097678816418,0.009542371
2024-01-18 05:00:00,MSFT,MSFT_1017,0.0279279968933079,0.002244032
2024-01-19 05:00:00,MSFT,MSFT_1017,0.0131938171191308,0.010241912
2024-01-22 05:00:00,MSFT,MSFT_1017,0.0333156569310482,0.033460308
2024-01-23 05:00:00,MSFT,MSFT_1017,0.0242918089487884,0.015346149
2024-01-24 05:00:00,MSFT,MSFT_1017,-0.0123708540752444,0.0196612
2024-01-25 05:00:00,MSFT,MSFT_1022,-0.0026922131820984,0.0026883504
2024-01-26 05:00:00,MSFT,MSFT_1022,0.0180477030106878,0.005515576
2024-01-29 05:00:00,MSFT,MSFT_1022,-0.0099336310458184,-0.0022274705
2024-01-30 05:00:00,MSFT,MSFT_1022,-0.007587082726695,0.0006265869
2024-01-31 05:00:00,MSFT,MSFT_1022,0.041425629500869,-0.008150153
2024-02-01 05:00:00,MSFT,MSFT_1027,0.0255832052194142,0.0032429204
2024-02-02 05:00:00,MSFT,MSFT_1027,0.022688552464787,-0.008127947
2024-02-05 05:00:00,MSFT,MSFT_1027,0.0236904129513999,0.00867824
2024-02-06 05:00:00,MSFT,MSFT_1027,0.0020469484076883,0.008147682
2024-02-07 05:00:00,MSFT,MSFT_1027,-0.0110131570898002,-0.0052973074
2024-02-08 05:00:00,MSFT,MSFT_1032,-0.018231841926147,-0.0031069198
2024-02-09 05:00:00,MSFT,MSFT_1032,-0.039210535520198,-0.0039331745
2024-02-12 05:00:00,MSFT,MSFT_1032,-0.0300293814175395,0.008198915
2024-02-13 05:00:00,MSFT,MSFT_1032,-0.0101890494531666,0.009553773
2024-02-14 05:00:00,MSFT,MSFT_1032,0.0052748631556855,-0.007320206
2024-02-15 05:00:00,MSFT,MSFT_1037,0.0092975177144722,0.0084160855
2024-02-16 05:00:00,MSFT,MSFT_1037,0.0086126095316414,0.0065738284
2024-02-20 05:00:00,MSFT,MSFT_1037,0.0116437904166215,0.0054800687
2024-02-21 05:00:00,MSFT,MSFT_1037,0.0137749481471294,0.0028578278
2024-02-22 05:00:00,MSFT,MSFT_1037,0.0048342542972406,0.0070739663
2024-02-23 05:00:00,MSFT,MSFT_1042,0.012574946893211,0.0015191771
2024-02-26 05:00:00,MSFT,MSFT_1042,0.018108663512969,0.0066586006
2024-02-27 05:00:00,MSFT,MSFT_1042,-0.0118533841160758,0.0076805702
2024-02-28 05:00:00,MSFT,MSFT_1042,-0.0138085079612391,0.010213054
2024-02-29 05:00:00,MSFT,MSFT_1042,-0.0108790248540743,-0.0120164445
2024-03-01 05:00:00,MSFT,MSFT_1047,-0.022334533764854,-0.011481893
2024-03-04 05:00:00,MSFT,MSFT_1047,-0.0250651308143607,-0.011778692
2024-03-05 05:00:00,MSFT,MSFT_1047,0.0313672049528441,0.0038129042
2024-03-06 05:00:00,MSFT,MSFT_1047,0.0323559647942401,0.0038815099
2024-03-07 05:00:00,MSFT,MSFT_1047,0.0393019162060761,0.0052749375
2024-03-08 05:00:00,MSFT,MSFT_1052,0.025109576525971,0.030406525
2024-03-11 04:00:00,MSFT,MSFT_1052,0.0316424865474678,0.031324904
2024-03-12 04:00:00,MSFT,MSFT_1052,0.0147611368253501,0.0270069
2024-03-13 04:00:00,MSFT,MSFT_1052,0.0244037695347234,0.015134586
2024-03-14 04:00:00,MSFT,MSFT_1052,0.0097596394444541,0.018859029
2024-03-15 04:00:00,MSFT,MSFT_1057,0.0295854579736203,0.0044358405
2024-03-18 04:00:00,MSFT,MSFT_1057,0.0132751316258834,0.008150202
2024-03-19 04:00:00,MSFT,MSFT_1057,0.0005694934441267,-0.013636796
2024-03-20 04:00:00,MSFT,MSFT_1057,-0.0089363831629207,-0.014516423
2024-03-21 04:00:00,MSFT,MSFT_1057,-0.0201457810160291,-0.014634102
2024-03-22 04:00:00,MSFT,MSFT_1062,-0.0097261347323271,0.008083838
2024-03-25 04:00:00,MSFT,MSFT_1062,-0.0033580451197708,-0.018754715
2024-03-26 04:00:00,MSFT,MSFT_1062,-0.0028459189062568,-0.012440835
2024-03-27 04:00:00,MSFT,MSFT_1062,-0.0084236714393033,-0.014938935
2024-03-28 04:00:00,MSFT,MSFT_1062,0.0114089840726416,-0.017664745
2024-04-01 04:00:00,MSFT,MSFT_1067,4.708060703051409e-05,-0.0039535654
2024-04-02 04:00:00,MSFT,MSFT_1067,0.0114844255643802,-0.0012635275
2024-04-03 04:00:00,MSFT,MSFT_1067,0.0066833094946137,0.012077674
2024-04-04 04:00:00,MSFT,MSFT_1067,0.0240499370047322,0.019081831
2024-04-05 04:00:00,MSFT,MSFT_1067,-0.0085072269473835,-0.002447029
2024-04-08 04:00:00,MSFT,MSFT_1072,-0.0257895423441373,0.001607369
2024-04-09 04:00:00,MSFT,MSFT_1072,-0.0274467773307113,-0.00274793
2024-04-10 04:00:00,MSFT,MSFT_1072,-0.0269810829377858,0.010627016
2024-04-11 04:00:00,MSFT,MSFT_1072,-0.0552894259973857,-0.0052696136
2024-04-12 04:00:00,MSFT,MSFT_1072,-0.0539938352899954,0.02247375
2024-04-15 04:00:00,MSFT,MSFT_1077,-0.0306547305490655,-0.020560548
2024-04-16 04:00:00,MSFT,MSFT_1077,-0.0169086291550277,0.0035402956
2024-04-17 04:00:00,MSFT,MSFT_1077,-0.0067501913461947,0.009618752
2024-04-18 04:00:00,MSFT,MSFT_1077,-0.0129368506465443,0.011664339
2024-04-19 04:00:00,MSFT,MSFT_1077,0.0180397181176485,0.007480101
2024-04-22 04:00:00,MSFT,MSFT_1082,0.0032172999112465,0.00019055097
2024-04-23 04:00:00,MSFT,MSFT_1082,-0.0447530986681348,0.0037820064
2024-04-24 04:00:00,MSFT,MSFT_1082,-0.0345181518639325,0.0017749731
2024-04-25 04:00:00,MSFT,MSFT_1082,-0.0030072478481719,0.003913734
2024-04-26 04:00:00,MSFT,MSFT_1082,0.0008367698655293,0.0043119993
2024-04-29 04:00:00,MSFT,MSFT_1087,0.0280671436791097,0.0025180178
2024-04-30 04:00:00,MSFT,MSFT_1087,0.0513960148351193,0.011633027
2024-05-01 04:00:00,MSFT,MSFT_1087,0.0394996860461862,-0.0028140643
2024-05-02 04:00:00,MSFT,MSFT_1087,0.0363965692731158,-0.0051221345
2024-05-03 04:00:00,MSFT,MSFT_1087,0.0198691449847603,-0.0056264536
2024-05-06 04:00:00,MSFT,MSFT_1092,0.0004352485178267,0.011757197
2024-05-07 04:00:00,MSFT,MSFT_1092,0.0176381523557336,0.023023782
2024-05-08 04:00:00,MSFT,MSFT_1092,0.0305450815178507,0.019142842
2024-05-09 04:00:00,MSFT,MSFT_1092,0.0210273155707885,0.0133525105
2024-05-10 04:00:00,MSFT,MSFT_1092,0.0131889891245162,0.015114716
2024-05-13 04:00:00,MSFT,MSFT_1097,0.0280866167526396,0.017463118
2024-05-14 04:00:00,MSFT,MSFT_1097,0.0299596962249661,0.007945732
2024-05-15 04:00:00,MSFT,MSFT_1097,0.0175853329808486,0.002639455
2024-05-16 04:00:00,MSFT,MSFT_1097,0.0142758970641536,0.00085018895
2024-05-17 04:00:00,MSFT,MSFT_1097,0.0236786664033783,-0.0010774382
2024-05-20 04:00:00,MSFT,MSFT_1102,0.0117083063648029,-0.0048011625
2024-05-21 04:00:00,MSFT,MSFT_1102,0.0003030134258421,0.016267931
2024-05-22 04:00:00,MSFT,MSFT_1102,-0.0368158877413568,0.022157973
2024-05-23 04:00:00,MSFT,MSFT_1102,-0.027798583412617,0.02371694
2024-05-24 04:00:00,MSFT,MSFT_1102,-0.0386833143638993,0.014570118
2024-05-28 04:00:00,MSFT,MSFT_1107,-0.0331148906800968,-0.036792062
2024-05-29 04:00:00,MSFT,MSFT_1107,-0.0120232157435627,-0.02980748
2024-05-30 04:00:00,MSFT,MSFT_1107,0.0237537687003597,-0.02414765
2024-05-31 04:00:00,MSFT,MSFT_1107,0.0210054708600615,-0.0323325
2024-06-03 04:00:00,MSFT,MSFT_1107,0.0347020857147517,-0.017961692
2024-06-04 04:00:00,MSFT,MSFT_1112,0.0399211312018925,-0.024754276
2024-06-05 04:00:00,MSFT,MSFT_1112,0.0402112860552354,-0.0137050375
2024-06-06 04:00:00,MSFT,MSFT_1112,0.0401865589373797,-0.015240197
2024-06-07 04:00:00,MSFT,MSFT_1112,0.0441665706054779,-0.025116824
2024-06-10 04:00:00,MSFT,MSFT_1112,0.047911749442457,-0.023216706
2024-06-11 04:00:00,MSFT,MSFT_1117,0.0315706847863084,-0.022579262
2024-06-12 04:00:00,MSFT,MSFT_1117,0.0105201439126683,-0.04227041
2024-06-13 04:00:00,MSFT,MSFT_1117,0.0185697098065591,-0.037791558
2024-06-14 04:00:00,MSFT,MSFT_1117,0.0115236143866825,-0.029426819
2024-06-17 04:00:00,MSFT,MSFT_1117,0.0057542144165321,-0.031303275
2024-06-18 04:00:00,MSFT,MSFT_1122,0.0130394035308742,0.010456306
2024-06-20 04:00:00,MSFT,MSFT_1122,0.0160421667055352,-0.0102341315
2024-06-21 04:00:00,MSFT,MSFT_1122,-0.0062919351237186,-0.0052846917
2024-06-24 04:00:00,MSFT,MSFT_1122,0.0202381157701916,-0.0097783925
2024-06-25 04:00:00,MSFT,MSFT_1122,0.0184720841485226,-0.01577345
2024-06-26 04:00:00,MSFT,MSFT_1127,0.0190418995086452,0.0037235608
2024-06-27 04:00:00,MSFT,MSFT_1127,0.032483142887969,-0.004353603
2024-06-28 04:00:00,MSFT,MSFT_1127,0.0431591397259172,0.0036690312
2024-07-01 04:00:00,MSFT,MSFT_1127,0.0061524259212251,0.0003164487
2024-07-02 04:00:00,MSFT,MSFT_1127,0.0151759302369545,-0.009814299
2024-07-03 04:00:00,MSFT,MSFT_1132,-0.0131735506898659,-0.008861478
2024-07-05 04:00:00,MSFT,MSFT_1132,-0.0299640898254329,-0.009006636
2024-07-08 04:00:00,MSFT,MSFT_1132,-0.026338364440004,-0.007818495
2024-07-09 04:00:00,MSFT,MSFT_1132,-0.0218044552050585,-0.01171033
2024-07-10 04:00:00,MSFT,MSFT_1132,-0.048750693804457,-0.011524872
2024-07-11 04:00:00,MSFT,MSFT_1137,-0.0315153215419733,-0.025467152
2024-07-12 04:00:00,MSFT,MSFT_1137,-0.0362473881245272,-0.0183045
2024-07-15 04:00:00,MSFT,MSFT_1137,-0.0242752427991493,-0.019092174
2024-07-16 04:00:00,MSFT,MSFT_1137,-0.0103888214635416,-0.015609947
2024-07-17 04:00:00,MSFT,MSFT_1137,-0.0329635540208692,-0.015565269
2024-07-18 04:00:00,MSFT,MSFT_1142,-0.0498898686656811,-0.020778663
2024-07-19 04:00:00,MSFT,MSFT_1142,-0.0270869958012234,-0.02040039
2024-07-22 04:00:00,MSFT,MSFT_1142,-0.0365963592489537,-0.023203574
2024-07-23 04:00:00,MSFT,MSFT_1142,-0.0492974988757854,-0.023782337
2024-07-24 04:00:00,MSFT,MSFT_1142,-0.0245977802357232,-0.0012076896
2024-07-25 04:00:00,MSFT,MSFT_1147,-0.0030831944640061,0.0143180275
2024-07-26 04:00:00,MSFT,MSFT_1147,-0.0394572841084194,0.008989485
2024-07-29 04:00:00,MSFT,MSFT_1147,-0.0740046780793571,0.01703925
2024-07-30 04:00:00,MSFT,MSFT_1147,-0.0551168715976476,0.017040554
2024-07-31 04:00:00,MSFT,MSFT_1147,-0.0476156642455154,0.028956767
2024-08-01 04:00:00,MSFT,MSFT_1152,-0.0345711764680057,-0.048285313
2024-08-02 04:00:00,MSFT,MSFT_1152,-0.0060466627818369,-0.028545367
2024-08-05 04:00:00,MSFT,MSFT_1152,0.0295077915784149,-0.025338328
2024-08-06 04:00:00,MSFT,MSFT_1152,0.0360351966715593,-0.02878685
2024-08-07 04:00:00,MSFT,MSFT_1152,0.0462565394537917,-0.030983051
2024-08-08 04:00:00,MSFT,MSFT_1157,0.0455437091228982,0.038489636
2024-08-09 04:00:00,MSFT,MSFT_1157,0.0306635450074159,0.035581425
2024-08-12 04:00:00,MSFT,MSFT_1157,0.0361839711635478,0.035986044
2024-08-13 04:00:00,MSFT,MSFT_1157,0.026062118723777,0.035062905
2024-08-14 04:00:00,MSFT,MSFT_1157,0.0174639676454801,0.039608426
2024-08-15 04:00:00,MSFT,MSFT_1162,-0.0130157257255216,0.019400634
2024-08-16 04:00:00,MSFT,MSFT_1162,-0.0040146071901943,0.021960104
2024-08-19 04:00:00,MSFT,MSFT_1162,-0.0190733958868997,0.021919336
2024-08-20 04:00:00,MSFT,MSFT_1162,-0.0258003572740677,0.019478327
2024-08-21 04:00:00,MSFT,MSFT_1162,-0.031923440555697,-0.0005066994
2024-08-22 04:00:00,MSFT,MSFT_1167,-0.0058476543067351,-0.023083078
2024-08-23 04:00:00,MSFT,MSFT_1167,0.0008397660604617,-0.029266922
2024-08-26 04:00:00,MSFT,MSFT_1167,-0.009794645308519,-0.024624702
2024-08-27 04:00:00,MSFT,MSFT_1167,-0.0119369864805741,-0.017112296
2024-08-28 04:00:00,MSFT,MSFT_1167,-0.0053823463765876,0.000964248
2024-08-29 04:00:00,MSFT,MSFT_1172,-0.0276432587266001,-0.0038546012
2024-08-30 04:00:00,MSFT,MSFT_1172,-0.0273769310703962,-0.0008315718
2024-09-03 04:00:00,MSFT,MSFT_1172,0.0116256587955305,-0.016126452
2024-09-04 04:00:00,MSFT,MSFT_1172,0.0345806183895838,-0.0075679603
2024-09-05 04:00:00,MSFT,MSFT_1172,0.0455691488137459,-0.0075679603
2024-09-06 04:00:00,MSFT,MSFT_1177,0.0719193011026591,0.02586092
2024-09-09 04:00:00,MSFT,MSFT_1177,0.0631469857046824,0.017051006
2024-09-10 04:00:00,MSFT,MSFT_1177,0.0505793845292827,-0.0014938082
2024-09-11 04:00:00,MSFT,MSFT_1177,0.0183670311477095,-0.018194959
2024-09-12 04:00:00,MSFT,MSFT_1177,0.027377054897907,-0.023417983
2024-09-13 04:00:00,MSFT,MSFT_1182,0.0108687909974312,-0.02880345
2024-09-16 04:00:00,MSFT,MSFT_1182,0.0050308653177493,-0.029552147
2024-09-17 04:00:00,MSFT,MSFT_1182,-0.0137423429912135,-0.032327294
2024-09-18 04:00:00,MSFT,MSFT_1182,0.003017543233295,-0.034392793
2024-09-19 04:00:00,MSFT,MSFT_1182,-0.016822824413005,-0.01740862
2024-09-20 04:00:00,MSFT,MSFT_1187,-0.016656328676435,0.00068864593
2024-09-23 04:00:00,MSFT,MSFT_1187,-0.0074047239979341,-0.0006719138
2024-09-24 04:00:00,MSFT,MSFT_1187,-0.0197590948132632,-0.0028997525
2024-09-25 04:00:00,MSFT,MSFT_1187,-0.0346670546309231,-0.002982313
2024-09-26 04:00:00,MSFT,MSFT_1187,-0.0342444856304666,-0.00038491495
2024-09-27 04:00:00,MSFT,MSFT_1192,-0.0279426002571484,-0.008081137
2024-09-30 04:00:00,MSFT,MSFT_1192,-0.0482453633208914,-0.024435682
2024-10-01 04:00:00,MSFT,MSFT_1192,-0.0142147684794603,-0.020316456
2024-10-02 04:00:00,MSFT,MSFT_1192,0.0007910880742283,-0.016958809
2024-10-03 04:00:00,MSFT,MSFT_1192,-0.0016805401466153,-0.018411394
2024-10-04 04:00:00,MSFT,MSFT_1197,0.0006249333441108,0.0030667577
2024-10-07 04:00:00,MSFT,MSFT_1197,0.0234409481447832,-0.0062130713
2024-10-08 04:00:00,MSFT,MSFT_1197,0.0097176312660252,-0.013403246
2024-10-09 04:00:00,MSFT,MSFT_1197,-0.0032098796658812,-0.016769122
2024-10-10 04:00:00,MSFT,MSFT_1197,0.0021162102985818,-0.013931193
2024-10-11 04:00:00,MSFT,MSFT_1202,0.0044196682972712,0.01146328
2024-10-14 04:00:00,MSFT,MSFT_1202,-0.0008589393915123,0.020439131
2024-10-15 04:00:00,MSFT,MSFT_1202,0.0209438308634943,0.015838675
2024-10-16 04:00:00,MSFT,MSFT_1202,0.0203787635437706,0.0006902981
2024-10-17 04:00:00,MSFT,MSFT_1202,0.0192215630211201,0.0075844596
2024-10-18 04:00:00,MSFT,MSFT_1207,0.0238903533262051,0.020689901
2024-10-21 04:00:00,MSFT,MSFT_1207,0.0186494044160636,0.023306997
2024-10-22 04:00:00,MSFT,MSFT_1207,0.0103857274449328,0.02125297
2024-10-23 04:00:00,MSFT,MSFT_1207,0.0186763838007293,0.020400733
2024-10-24 04:00:00,MSFT,MSFT_1207,-0.0432745612680619,0.017321784
2024-10-25 04:00:00,MSFT,MSFT_1212,-0.0415274997845629,-0.027192244
2024-10-28 04:00:00,MSFT,MSFT_1212,-0.0424998359981517,-0.013222994
2024-10-29 04:00:00,MSFT,MSFT_1212,-0.0474360925405702,0.0091733085
2024-10-30 04:00:00,MSFT,MSFT_1212,-0.0285529469363287,0.016714117
2024-10-31 04:00:00,MSFT,MSFT_1212,0.0469545620417812,0.023425568
2024-11-01 04:00:00,MSFT,MSFT_1217,0.0296561970235154,0.018514158
2024-11-04 05:00:00,MSFT,MSFT_1217,0.0233805476921407,0.008765694
2024-11-05 05:00:00,MSFT,MSFT_1217,0.0281193981541263,0.0042608697
2024-11-06 05:00:00,MSFT,MSFT_1217,0.0119473073891063,0.025904495
2024-11-07 05:00:00,MSFT,MSFT_1217,0.0034318736285452,0.019889528
2024-11-08 05:00:00,MSFT,MSFT_1222,-0.0178444842912911,0.009980835
2024-11-11 05:00:00,MSFT,MSFT_1222,-0.0053826462224231,0.010959787
2024-11-12 05:00:00,MSFT,MSFT_1222,-0.0123868053081237,0.010475234
2024-11-13 05:00:00,MSFT,MSFT_1222,-0.0228363633440548,0.007763236
2024-11-14 05:00:00,MSFT,MSFT_1222,-0.032842228794684,-0.012681099
2024-11-15 05:00:00,MSFT,MSFT_1227,0.0048192771084336,-0.0012414419
2024-11-18 05:00:00,MSFT,MSFT_1227,0.0072878552725765,-0.011380791
2024-11-19 05:00:00,MSFT,MSFT_1227,0.0244141350459232,-0.000106949105
2024-11-20 05:00:00,MSFT,MSFT_1227,0.018050976380368,0.00052688865
2024-11-21 05:00:00,MSFT,MSFT_1227,0.0256497116843881,0.0070610894
2024-11-22 05:00:00,MSFT,MSFT_1232,0.0335252062022257,0.024988206
2024-11-25 05:00:00,MSFT,MSFT_1232,0.0296329984213992,0.011432872
2024-11-26 05:00:00,MSFT,MSFT_1232,0.0220332797694529,-0.00073005573
2024-11-27 05:00:00,MSFT,MSFT_1232,0.046407729109466,-0.0045248787
2024-11-29 05:00:00,MSFT,MSFT_1232,0.0474897659163486,-0.010745721
2024-12-02 05:00:00,MSFT,MSFT_1237,0.0348971591348834,-0.02075791
2024-12-03 05:00:00,MSFT,MSFT_1237,0.0281307375274617,-0.019487023
2024-12-04 05:00:00,MSFT,MSFT_1237,0.0264504971228347,-0.004145377
2024-12-05 05:00:00,MSFT,MSFT_1237,0.0156793694771264,0.0031854385
2024-12-06 05:00:00,MSFT,MSFT_1237,0.0083413703098924,0.0024773555
2024-12-09 05:00:00,MSFT,MSFT_1242,0.0124882459562771,0.011895361
2024-12-10 05:00:00,MSFT,MSFT_1242,0.0251054636950398,0.020622784
2024-12-11 05:00:00,MSFT,MSFT_1242,-0.0258357109027803,0.019266192
2024-12-12 05:00:00,MSFT,MSFT_1242,-0.0278716942062082,0.019440215
2024-12-13 05:00:00,MSFT,MSFT_1242,-0.023855798896067,0.018682554
2024-12-16 05:00:00,MSFT,MSFT_1247,-0.0361832557638513,-0.005590092
2024-12-17 05:00:00,MSFT,MSFT_1247,-0.0332922703148623,0.0082946485
2024-12-18 05:00:00,MSFT,MSFT_1247,0.0016460611331141,0.00029464543
2024-12-19 05:00:00,MSFT,MSFT_1247,-0.0148731208799296,-0.019468956
2024-12-20 05:00:00,MSFT,MSFT_1247,-0.0269583586044646,-0.018132115
2020-12-31 05:00:00,MSFT,MSFT_252,-0.0125888097959203,-0.01594284
2021-01-04 05:00:00,MSFT,MSFT_252,-0.000918723625335,-0.022955341
2021-01-05 05:00:00,MSFT,MSFT_252,-0.0136301115369195,-0.024685752
2021-01-06 05:00:00,MSFT,MSFT_252,0.0192697118392963,0.0140522495
2021-01-07 05:00:00,MSFT,MSFT_252,-0.0241421465745524,-0.023280239
2021-01-08 05:00:00,MSFT,MSFT_257,-0.0317366422715015,-0.01801405
2021-01-11 05:00:00,MSFT,MSFT_257,-0.0048278220848674,-0.0052347155
2021-01-12 05:00:00,MSFT,MSFT_257,0.0437817148968326,-0.00027986133
2021-01-13 05:00:00,MSFT,MSFT_257,0.0398909356979635,-0.004654133
2021-01-14 05:00:00,MSFT,MSFT_257,0.0606984903598222,0.00033024736
2021-01-15 05:00:00,MSFT,MSFT_262,0.0793792869377154,0.06003537
2021-01-19 05:00:00,MSFT,MSFT_262,0.0734152615524486,0.020346954
2021-01-20 05:00:00,MSFT,MSFT_262,0.0381563595360903,-0.017218312
2021-01-21 05:00:00,MSFT,MSFT_262,0.0620526798209992,-0.01676932
2021-01-22 05:00:00,MSFT,MSFT_262,0.0265988486249093,-0.03284633
2021-01-25 05:00:00,MSFT,MSFT_267,0.0440900761164484,-0.0051707816
2021-01-26 05:00:00,MSFT,MSFT_267,0.0309042853664782,-0.043609377
2021-01-27 05:00:00,MSFT,MSFT_267,0.0433662789532089,-0.06267357
2021-01-28 05:00:00,MSFT,MSFT_267,0.0128908128969567,-0.046120856
2021-01-29 05:00:00,MSFT,MSFT_267,0.0441454989566649,-0.05806586
2021-02-01 05:00:00,MSFT,MSFT_272,0.0117671913041517,-0.018387027
2021-02-02 05:00:00,MSFT,MSFT_272,0.0177863549051324,-0.018377999
2021-02-03 05:00:00,MSFT,MSFT_272,-0.0007407105999228,-0.036506232
2021-02-04 05:00:00,MSFT,MSFT_272,0.0102475560622272,-0.033359513
2021-02-05 05:00:00,MSFT,MSFT_272,0.0115194408756253,-0.034644164
2021-02-08 05:00:00,MSFT,MSFT_277,0.0050727748642995,-0.0027322015
2021-02-09 05:00:00,MSFT,MSFT_277,0.001763927752574,-0.0069697276
2021-02-10 05:00:00,MSFT,MSFT_277,0.0039946706723343,-0.0010888509
2021-02-11 05:00:00,MSFT,MSFT_277,-0.014397334015191,-0.009230107
2021-02-12 05:00:00,MSFT,MSFT_277,-0.0427773000993728,0.0070143268
2021-02-16 05:00:00,MSFT,MSFT_282,-0.042798493255609,-0.011906319
2021-02-17 05:00:00,MSFT,MSFT_282,-0.0395167650167075,-0.018016323
2021-02-18 05:00:00,MSFT,MSFT_282,-0.0607079379816799,-0.023321308
2021-02-19 05:00:00,MSFT,MSFT_282,-0.0356475756084804,-0.005403726
2021-02-22 05:00:00,MSFT,MSFT_282,0.010362065547272,-0.0070673143
2021-02-23 05:00:00,MSFT,MSFT_287,0.0025720874254617,-0.0051580886
2021-02-24 05:00:00,MSFT,MSFT_287,-0.0298017710603979,-0.007376456
2021-02-25 05:00:00,MSFT,MSFT_287,-0.0098694690222737,-0.005538316
2021-02-26 05:00:00,MSFT,MSFT_287,-0.0033565658099122,-0.015769513
2021-03-01 05:00:00,MSFT,MSFT_287,-0.0403055750542564,-0.015105384
2021-03-02 05:00:00,MSFT,MSFT_292,-0.0003848135278984,0.0044872095
2021-03-03 05:00:00,MSFT,MSFT_292,0.0213570076572893,-0.004812986
2021-03-04 05:00:00,MSFT,MSFT_292,0.0458695776970381,0.0046856673
2021-03-05 05:00:00,MSFT,MSFT_292,0.0179187987353917,0.01937367
2021-03-08 05:00:00,MSFT,MSFT_292,0.0326311543553443,0.07277506
2021-03-09 05:00:00,MSFT,MSFT_297,0.0168107107327024,0.014802933
2021-03-10 05:00:00,MSFT,MSFT_297,0.0198777865656347,0.06449315
2021-03-11 05:00:00,MSFT,MSFT_297,-0.0270316009366977,0.041443132
2021-03-12 05:00:00,MSFT,MSFT_297,-0.0229055944707715,0.040289935
2021-03-15 04:00:00,MSFT,MSFT_297,0.0050253734800025,0.048822798
2021-03-16 04:00:00,MSFT,MSFT_302,-0.0005469053853041,-0.0099173635
2021-03-17 04:00:00,MSFT,MSFT_302,-0.0066654852219744,0.0018370172
2021-03-18 04:00:00,MSFT,MSFT_302,0.0070214767190377,0.020548657
2021-03-19 04:00:00,MSFT,MSFT_302,0.0266116321319684,0.012289871
2021-03-22 04:00:00,MSFT,MSFT_302,-0.0031781006930046,-0.010475392
2021-03-23 04:00:00,MSFT,MSFT_307,-0.0241181735978508,-0.004427142
2021-03-24 04:00:00,MSFT,MSFT_307,0.001316561410662,-0.008736759
2021-03-25 04:00:00,MSFT,MSFT_307,0.0430834549513698,0.012101712
2021-03-26 04:00:00,MSFT,MSFT_307,0.0532392245608179,-0.0057025296
2021-03-29 04:00:00,MSFT,MSFT_307,0.0536473168784814,-0.0061209337
2021-03-30 04:00:00,MSFT,MSFT_312,0.0778520048212114,0.038477693
2021-03-31 04:00:00,MSFT,MSFT_312,0.0741400322805221,0.027124241
2021-04-01 04:00:00,MSFT,MSFT_312,0.0557045581184501,0.021630123
2021-04-05 04:00:00,MSFT,MSFT_312,0.0274621437216517,-0.0046844506
2021-04-06 04:00:00,MSFT,MSFT_312,0.0428870717253579,-0.023029631
2021-04-07 04:00:00,MSFT,MSFT_317,0.022769117968699,0.023304496
2021-04-08 04:00:00,MSFT,MSFT_317,0.0246791707798617,0.01897494
2021-04-09 04:00:00,MSFT,MSFT_317,0.0191126989025005,-4.9866325e-05
2021-04-12 04:00:00,MSFT,MSFT_317,0.0110585226515891,0.00075561675
2021-04-13 04:00:00,MSFT,MSFT_317,-0.0008897074449245,-0.033942673
2021-04-14 04:00:00,MSFT,MSFT_322,0.0195234176058212,0.007115986
2021-04-15 04:00:00,MSFT,MSFT_322,-0.0089787536503492,0.0027490193
2021-04-16 04:00:00,MSFT,MSFT_322,0.0015724617529548,-0.013638188
2021-04-19 04:00:00,MSFT,MSFT_322,0.0108603140784242,-0.013590558
2021-04-20 04:00:00,MSFT,MSFT_322,0.0143653346038552,-0.01730287
2021-04-21 04:00:00,MSFT,MSFT_327,-0.0231022692604307,-0.0018434103
2021-04-22 04:00:00,MSFT,MSFT_327,-0.0181203821502613,-0.028739324
2021-04-23 04:00:00,MSFT,MSFT_327,-0.0343480812956047,-0.030827276
2021-04-26 04:00:00,MSFT,MSFT_327,-0.0370483182369226,-0.032345418
2021-04-27 04:00:00,MSFT,MSFT_327,-0.0541283653414347,-0.030407252
2021-04-28 04:00:00,MSFT,MSFT_332,-0.0317803127572251,-0.026297504
2021-04-29 04:00:00,MSFT,MSFT_332,-0.0110094603769107,-0.021588858
2021-04-30 04:00:00,MSFT,MSFT_332,0.0011103737259836,-0.017810013
2021-05-03 04:00:00,MSFT,MSFT_332,-0.0185817832257163,-0.017068446
2021-05-04 04:00:00,MSFT,MSFT_332,-0.0062956438954836,0.00020025007
2021-05-05 04:00:00,MSFT,MSFT_337,-0.030307953031631,-0.0054780603
2021-05-06 04:00:00,MSFT,MSFT_337,-0.026828963532086,-0.015503942
2021-05-07 04:00:00,MSFT,MSFT_337,-0.0170720617236918,-0.016804826
2021-05-10 04:00:00,MSFT,MSFT_337,-0.008091269759941,-0.0038331526
2021-05-11 04:00:00,MSFT,MSFT_337,-0.0127928926253563,0.04205431
2021-05-12 04:00:00,MSFT,MSFT_342,0.0172384732936714,0.017673243
2021-05-13 04:00:00,MSFT,MSFT_342,0.0141957658131546,0.01319811
2021-05-14 04:00:00,MSFT,MSFT_342,-0.0120088486835997,0.022907458
2021-05-17 04:00:00,MSFT,MSFT_342,0.022840387759212,0.029673077
2021-05-18 04:00:00,MSFT,MSFT_342,0.035543851096617,0.013640323
2021-05-19 04:00:00,MSFT,MSFT_347,0.0344274866077638,0.040633753
2021-05-20 04:00:00,MSFT,MSFT_347,0.011481669425956,0.02683669
2021-05-21 04:00:00,MSFT,MSFT_347,0.0183953768426761,0.03862751
2021-05-24 04:00:00,MSFT,MSFT_347,-0.0134779683358524,-0.0063209143
2021-05-25 04:00:00,MSFT,MSFT_347,-0.0175591853945287,-0.00176461
2021-05-26 04:00:00,MSFT,MSFT_352,-0.0229830158377963,-0.010113896
2021-05-27 04:00:00,MSFT,MSFT_352,0.0059363673419927,0.013265384
2021-05-28 04:00:00,MSFT,MSFT_352,0.0165411927425656,0.010027079
2021-06-01 04:00:00,MSFT,MSFT_352,0.0208973870464102,0.005375745
2021-06-02 04:00:00,MSFT,MSFT_352,0.0254346672402441,0.00506793
2021-06-03 04:00:00,MSFT,MSFT_357,0.0469251687170177,0.019915024
2021-06-04 04:00:00,MSFT,MSFT_357,0.0283106246356652,-0.010872246
2021-06-07 04:00:00,MSFT,MSFT_357,0.0239549944774739,0.003953706
2021-06-08 04:00:00,MSFT,MSFT_357,0.0229242501462625,0.017168924
2021-06-09 04:00:00,MSFT,MSFT_357,0.0149454181933577,0.017416582
2021-06-10 04:00:00,MSFT,MSFT_362,0.0142279731031504,0.019869685
2021-06-11 04:00:00,MSFT,MSFT_362,0.0059714527118976,0.01871514
2021-06-14 04:00:00,MSFT,MSFT_362,0.010542883835231,0.017909456
2021-06-15 04:00:00,MSFT,MSFT_362,0.0276746586911789,0.016472163
2021-06-16 04:00:00,MSFT,MSFT_362,0.0306550003153964,0.013275787
2021-06-17 04:00:00,MSFT,MSFT_367,0.0221924441562813,0.004515278
2021-06-18 04:00:00,MSFT,MSFT_367,0.021547224668339,0.0076722917
2021-06-21 04:00:00,MSFT,MSFT_367,0.0231885017883164,0.0055247406
2021-06-22 04:00:00,MSFT,MSFT_367,0.0221836613092616,0.00825714
2021-06-23 04:00:00,MSFT,MSFT_367,0.0212236781995054,0.0145998085
2021-06-24 04:00:00,MSFT,MSFT_372,0.0184109026103749,0.012915959
2021-06-25 04:00:00,MSFT,MSFT_372,0.0476568010202465,0.018739581
2021-06-28 04:00:00,MSFT,MSFT_372,0.0332688389431188,0.010591399
2021-06-29 04:00:00,MSFT,MSFT_372,0.0314296203799855,-0.010680808
2021-06-30 04:00:00,MSFT,MSFT_372,0.0240679943822421,-0.0032354647
2021-07-01 04:00:00,MSFT,MSFT_377,0.0233431376856236,0.009240238
2021-07-02 04:00:00,MSFT,MSFT_377,-0.0011884983955327,0.0028238073
2021-07-06 04:00:00,MSFT,MSFT_377,0.0119570960182617,0.010191326
2021-07-07 04:00:00,MSFT,MSFT_377,0.0092166511533187,0.008627872
2021-07-08 04:00:00,MSFT,MSFT_377,0.0130127070032128,0.018136337
2021-07-09 04:00:00,MSFT,MSFT_382,0.0101100868313697,0.004824464
2021-07-12 04:00:00,MSFT,MSFT_382,-0.0011178333708585,0.0018496873
2021-07-13 04:00:00,MSFT,MSFT_382,-0.0059079066026164,-0.008249372
2021-07-14 04:00:00,MSFT,MSFT_382,-0.0039291204940367,-0.0029893052
2021-07-15 04:00:00,MSFT,MSFT_382,0.018183168670024,-0.0059623686
2021-07-16 04:00:00,MSFT,MSFT_387,0.0317720870088491,0.014096593
2021-07-19 04:00:00,MSFT,MSFT_387,0.0434640540157038,0.011035207
2021-07-20 04:00:00,MSFT,MSFT_387,0.0258484928805067,-1.2784309e-05
2021-07-21 04:00:00,MSFT,MSFT_387,0.0171286689010796,-0.0027778798
2021-07-22 04:00:00,MSFT,MSFT_387,0.0012580741355059,-0.0056188074
2021-07-23 04:00:00,MSFT,MSFT_392,-0.0164325250974329,0.0004400615
2021-07-26 04:00:00,MSFT,MSFT_392,-0.0146340793889938,0.004839406
2021-07-27 04:00:00,MSFT,MSFT_392,0.0020241032839038,0.03366919
2021-07-28 04:00:00,MSFT,MSFT_392,0.001013236474338,0.018177265
2021-07-29 04:00:00,MSFT,MSFT_392,0.0105409738697097,0.01785245
2021-07-30 04:00:00,MSFT,MSFT_397,0.0159699123740311,0.006581454
2021-08-02 04:00:00,MSFT,MSFT_397,0.0123234996060208,0.010179762
2021-08-03 04:00:00,MSFT,MSFT_397,-0.0023683222601884,0.011025961
2021-08-04 04:00:00,MSFT,MSFT_397,0.0015357314802584,0.0107206
2021-08-05 04:00:00,MSFT,MSFT_397,0.0010016874686609,0.013947432
2021-08-06 04:00:00,MSFT,MSFT_402,0.0117115136755043,0.0010594901
2021-08-09 04:00:00,MSFT,MSFT_402,0.0217459848897072,-0.00014410379
2021-08-10 04:00:00,MSFT,MSFT_402,0.023181064356462,0.016198339
2021-08-11 04:00:00,MSFT,MSFT_402,0.0131730218452461,0.008485479
2021-08-12 04:00:00,MSFT,MSFT_402,0.0240157051644536,0.0008955149
2021-08-13 04:00:00,MSFT,MSFT_407,0.0393033259626376,0.014013127
2021-08-16 04:00:00,MSFT,MSFT_407,0.0341140108104323,0.0122879725
2021-08-17 04:00:00,MSFT,MSFT_407,0.0325508700082104,0.011319667
2021-08-18 04:00:00,MSFT,MSFT_407,0.0387988798990115,0.024015026
2021-08-19 04:00:00,MSFT,MSFT_407,0.0078175267382305,0.011822493
2021-08-20 04:00:00,MSFT,MSFT_412,-0.0152450530758824,-0.0064277947
2021-08-23 04:00:00,MSFT,MSFT_412,-0.0034793946490407,-0.0010210364
2021-08-24 04:00:00,MSFT,MSFT_412,-0.0024452787202261,0.012456434
2021-08-25 04:00:00,MSFT,MSFT_412,-0.0005960835321289,0.00930162
2021-08-26 04:00:00,MSFT,MSFT_412,0.0068875508503016,0.022704054
2021-08-27 04:00:00,MSFT,MSFT_417,0.004737800019855,0.0026106287
2021-08-30 04:00:00,MSFT,MSFT_417,-0.0112322662249848,-0.0048063383
2021-08-31 04:00:00,MSFT,MSFT_417,-0.0055320438608799,0.005573363
2021-09-01 04:00:00,MSFT,MSFT_417,-0.0151740608157535,-0.001589483
2021-09-02 04:00:00,MSFT,MSFT_417,-0.0180640961370106,0.003489901
2021-09-03 04:00:00,MSFT,MSFT_422,-0.0137810460655898,0.00513056
2021-09-07 04:00:00,MSFT,MSFT_422,-0.0012991676340021,0.006617593
2021-09-08 04:00:00,MSFT,MSFT_422,0.0153559708216122,0.0089660715
2021-09-09 04:00:00,MSFT,MSFT_422,0.0268124515414738,-0.0010173471
2021-09-10 04:00:00,MSFT,MSFT_422,0.0140678495225661,0.007832327
2021-09-13 04:00:00,MSFT,MSFT_427,-0.0090575525433815,0.014236859
2021-09-14 04:00:00,MSFT,MSFT_427,-0.016645053569907,0.010595904
2021-09-15 04:00:00,MSFT,MSFT_427,-0.0204711652844886,0.00983685
2021-09-16 04:00:00,MSFT,MSFT_427,-0.0185440129725205,0.010406288
2021-09-17 04:00:00,MSFT,MSFT_427,-0.0017340481613329,0.016207093
2021-09-20 04:00:00,MSFT,MSFT_432,-0.0004416390439193,0.025877845
2021-09-21 04:00:00,MSFT,MSFT_432,-0.0382632267516189,0.02427171
2021-09-22 04:00:00,MSFT,MSFT_432,-0.0488310912584786,-0.00039360748
2021-09-23 04:00:00,MSFT,MSFT_432,-0.0588863141762076,-0.00094289513
2021-09-24 04:00:00,MSFT,MSFT_432,-0.0342408544880922,0.0029667015
2021-09-27 04:00:00,MSFT,MSFT_437,-0.0375974014050513,0.011176738
2021-09-28 04:00:00,MSFT,MSFT_437,0.018482015219394,0.009570292
2021-09-29 04:00:00,MSFT,MSFT_437,0.032077413209727,0.005682946
2021-09-30 04:00:00,MSFT,MSFT_437,0.0458640467506066,0.010961624
2021-10-01 04:00:00,MSFT,MSFT_437,0.0198893112369604,0.0044792662
2021-10-04 04:00:00,MSFT,MSFT_442,0.0392781117238125,0.029779272
2021-10-05 04:00:00,MSFT,MSFT_442,0.0142678867497321,0.01584054
2021-10-06 04:00:00,MSFT,MSFT_442,0.0109174452149525,0.013706922
2021-10-07 04:00:00,MSFT,MSFT_442,0.0267932634660039,0.009476811
2021-10-08 04:00:00,MSFT,MSFT_442,0.0317449047237814,0.012709147
2021-10-11 04:00:00,MSFT,MSFT_447,0.0443870341941448,0.024358239
2021-10-12 04:00:00,MSFT,MSFT_447,0.0524105635332035,0.00072563
2021-10-13 04:00:00,MSFT,MSFT_447,0.0374607883465718,-0.008494653
2021-10-14 04:00:00,MSFT,MSFT_447,0.0264575054190752,0.009401279
2021-10-15 04:00:00,MSFT,MSFT_447,0.0162716950332717,0.016188996
2021-10-18 04:00:00,MSFT,MSFT_452,0.0027335621547481,0.00024007869
2021-10-19 04:00:00,MSFT,MSFT_452,0.0060992580158516,0.0026567457
2021-10-20 04:00:00,MSFT,MSFT_452,0.0512670686636069,-0.0009976082
2021-10-21 04:00:00,MSFT,MSFT_452,0.0437314838165314,-0.00035678523
2021-10-22 04:00:00,MSFT,MSFT_452,0.0726484383135968,0.005903862
2021-10-25 04:00:00,MSFT,MSFT_457,0.0689319115236861,0.05397806
2021-10-26 04:00:00,MSFT,MSFT_457,0.0742317907150036,0.03946639
2021-10-27 04:00:00,MSFT,MSFT_457,0.033511731046443,0.013345579
2021-10-28 04:00:00,MSFT,MSFT_457,0.0372745371061657,0.013223572
2021-10-29 04:00:00,MSFT,MSFT_457,0.0133888260864281,0.013182968
2021-11-01 04:00:00,MSFT,MSFT_462,0.0231350615725527,0.015580762
2021-11-02 04:00:00,MSFT,MSFT_462,0.0084651856118778,0.010680768
2021-11-03 04:00:00,MSFT,MSFT_462,-0.009580874871351,0.018151347
2021-11-04 04:00:00,MSFT,MSFT_462,-0.0119189446454821,0.01746486
2021-11-05 04:00:00,MSFT,MSFT_462,0.001963945923062,0.017248418
2021-11-08 05:00:00,MSFT,MSFT_467,-0.0027300007027402,-0.009902457
2021-11-09 05:00:00,MSFT,MSFT_467,0.0105968073500168,-4.0502568e-05
2021-11-10 05:00:00,MSFT,MSFT_467,0.025151171799395,-0.0025827338
2021-11-11 05:00:00,MSFT,MSFT_467,0.0265920540644846,-0.014673929
2021-11-12 05:00:00,MSFT,MSFT_467,0.01897714453461,-0.019658886
2021-11-15 05:00:00,MSFT,MSFT_472,0.0111880833341355,0.023292392
2021-11-16 05:00:00,MSFT,MSFT_472,-0.0053901712385654,0.018761897
2021-11-17 05:00:00,MSFT,MSFT_472,-0.0035680333583987,0.021089314
2021-11-18 05:00:00,MSFT,MSFT_472,-0.0339613699153203,0.018220207
2021-11-19 05:00:00,MSFT,MSFT_472,-0.018886015404391,0.013988447
2021-11-22 05:00:00,MSFT,MSFT_477,-0.0271900379586134,-0.0072712414
2021-11-23 05:00:00,MSFT,MSFT_477,-0.0225065336068419,-0.01002875
2021-11-24 05:00:00,MSFT,MSFT_477,-0.0249179170089143,0.0028848615
2021-11-26 05:00:00,MSFT,MSFT_477,-0.0202316884807618,0.0016102989
2021-11-29 05:00:00,MSFT,MSFT_477,-0.0310132854765593,-0.026890146
2021-11-30 05:00:00,MSFT,MSFT_482,0.0130978466917011,-0.020845992
2021-12-01 05:00:00,MSFT,MSFT_482,0.0148146353834357,-0.01341901
2021-12-02 05:00:00,MSFT,MSFT_482,0.0109563749313681,-0.012011459
2021-12-03 05:00:00,MSFT,MSFT_482,0.0604625187729253,-0.011601645
2021-12-06 05:00:00,MSFT,MSFT_482,0.0404978428406954,-0.016066335
2021-12-07 05:00:00,MSFT,MSFT_487,-0.0196465329811158,0.0044027423
2021-12-08 05:00:00,MSFT,MSFT_487,-0.0009553312925114,-0.008433428
2021-12-09 05:00:00,MSFT,MSFT_487,-0.0246172682581188,-0.00826267
2021-12-10 05:00:00,MSFT,MSFT_487,-0.0547089983198137,-0.015685288
2021-12-13 05:00:00,MSFT,MSFT_487,-0.0574248396725645,-0.012045099
2021-12-14 05:00:00,MSFT,MSFT_492,-0.0031978674687205,-0.023903271
2021-12-15 05:00:00,MSFT,MSFT_492,-0.0043328304673498,-0.05042334
2021-12-16 05:00:00,MSFT,MSFT_492,0.0301323752811182,-0.015081909
2021-12-17 05:00:00,MSFT,MSFT_492,0.0575973598429748,-0.028829092
2021-12-20 05:00:00,MSFT,MSFT_492,0.0667062489250258,0.029075172
2021-12-21 05:00:00,MSFT,MSFT_497,0.0447920904377294,0.02792947
2021-12-22 05:00:00,MSFT,MSFT_497,0.0183673316115753,0.020157296
2021-12-23 05:00:00,MSFT,MSFT_497,0.004870192927552,0.018113043
2021-12-27 05:00:00,MSFT,MSFT_497,-0.0224850691562427,0.031926554
2021-12-28 05:00:00,MSFT,MSFT_497,-0.0358681032509157,0.02368596
2021-12-29 05:00:00,MSFT,MSFT_502,-0.0747770329329234,-0.017624551
2021-12-30 05:00:00,MSFT,MSFT_502,-0.0749734819411884,-0.021776887
2021-12-31 05:00:00,MSFT,MSFT_502,-0.066246426897281,-0.022324823
2022-01-03 05:00:00,MSFT,MSFT_502,-0.0611800178829816,-0.005585039
2022-01-04 05:00:00,MSFT,MSFT_502,-0.0426430757814674,0.019137712
2022-01-05 05:00:00,MSFT,MSFT_507,0.0059737786892044,0.0418637
2022-01-06 05:00:00,MSFT,MSFT_507,-0.0289283068325227,0.047123075
2022-01-07 05:00:00,MSFT,MSFT_507,-0.0122277296949612,0.033237763
2022-01-10 05:00:00,MSFT,MSFT_507,-0.0369745617570947,0.03133817
2022-01-11 05:00:00,MSFT,MSFT_507,-0.0369865515515782,0.027443048
2022-01-12 05:00:00,MSFT,MSFT_512,-0.0523768607961342,0.008468536
2022-01-13 05:00:00,MSFT,MSFT_512,-0.0287729309872176,-0.004321886
2022-01-14 05:00:00,MSFT,MSFT_512,-0.0445841926034916,-0.027420403
2022-01-18 05:00:00,MSFT,MSFT_512,-0.0467867303739398,-0.00049113535
2022-01-19 05:00:00,MSFT,MSFT_512,-0.0218244005216752,-0.03094603
2022-01-20 05:00:00,MSFT,MSFT_517,-0.0058355760278762,0.002493606
2022-01-21 05:00:00,MSFT,MSFT_517,0.0413134176832061,-0.0024465397
2022-01-24 05:00:00,MSFT,MSFT_517,0.049296541855945,-0.022559997
2022-01-25 05:00:00,MSFT,MSFT_517,0.0702624708565529,-0.00070999213
2022-01-26 05:00:00,MSFT,MSFT_517,0.0564524299227582,-0.025689946
2022-01-27 05:00:00,MSFT,MSFT_522,0.0047025202752484,0.041476097
2022-01-28 05:00:00,MSFT,MSFT_522,-0.0075261378405284,0.028990665
2022-01-31 05:00:00,MSFT,MSFT_522,-0.0322528729338099,0.02542975
2022-02-01 05:00:00,MSFT,MSFT_522,-0.0136028373953591,0.0096846875
2022-02-02 05:00:00,MSFT,MSFT_522,-0.0071779495352995,0.024448995
2022-02-03 05:00:00,MSFT,MSFT_527,0.0037510535529046,-0.008444693
2022-02-04 05:00:00,MSFT,MSFT_527,-0.0356278806612481,0.0010638782
2022-02-07 05:00:00,MSFT,MSFT_527,-0.0197707657939487,-0.0074361484
2022-02-08 05:00:00,MSFT,MSFT_527,-0.0134291974345833,-0.004614869
2022-02-09 05:00:00,MSFT,MSFT_527,-0.0376272991761205,0.0011801164
2022-02-10 05:00:00,MSFT,MSFT_532,-0.0385276595950824,-0.020571897
2022-02-11 05:00:00,MSFT,MSFT_532,-0.0240984804203531,-0.020436838
2022-02-14 05:00:00,MSFT,MSFT_532,-0.0246779619637181,-0.020888792
2022-02-15 05:00:00,MSFT,MSFT_532,-0.067228049805191,-0.02060135
2022-02-16 05:00:00,MSFT,MSFT_532,-0.0163940022107157,-0.015238532
2022-02-17 05:00:00,MSFT,MSFT_537,0.0226326362040931,-0.024697486
2022-02-18 05:00:00,MSFT,MSFT_537,0.0377175568554588,-0.021666331
2022-02-22 05:00:00,MSFT,MSFT_537,0.0251286353248072,-0.01881826
2022-02-23 05:00:00,MSFT,MSFT_537,0.0710743718863264,-0.0261905
2022-02-24 05:00:00,MSFT,MSFT_537,0.0045148073810294,-0.019048242
2022-02-25 05:00:00,MSFT,MSFT_542,-0.0250580615122535,-0.0022574272
2022-02-28 05:00:00,MSFT,MSFT_542,-0.0665350390383741,-0.014812415
2022-03-01 05:00:00,MSFT,MSFT_542,-0.0647567564435595,0.01720722
2022-03-02 05:00:00,MSFT,MSFT_542,-0.0389420112140077,-0.016171053
2022-03-03 05:00:00,MSFT,MSFT_542,-0.0349081394333148,0.021653416
2022-03-04 05:00:00,MSFT,MSFT_547,-0.0337748517287399,-0.031612087
2022-03-07 05:00:00,MSFT,MSFT_547,-0.0088559075984074,0.021024365
2022-03-08 05:00:00,MSFT,MSFT_547,0.0409642470289752,0.029419454
2022-03-09 05:00:00,MSFT,MSFT_547,0.0204159953152078,0.020496003
2022-03-10 05:00:00,MSFT,MSFT_547,0.0337196855852715,0.025625978
2022-03-11 05:00:00,MSFT,MSFT_552,0.0726960574824888,0.020933947
2022-03-14 04:00:00,MSFT,MSFT_552,0.0821878202143295,0.030417891
2022-03-15 04:00:00,MSFT,MSFT_552,0.0588890963661494,0.02015973
2022-03-16 04:00:00,MSFT,MSFT_552,0.017323874221848,-0.0383579
2022-03-17 04:00:00,MSFT,MSFT_552,0.0300792793377637,-0.02965541
2022-03-18 04:00:00,MSFT,MSFT_557,0.0108178280439108,0.026961839
2022-03-21 04:00:00,MSFT,MSFT_557,0.038574703849636,0.017721908
2022-03-22 04:00:00,MSFT,MSFT_557,0.0373281792891171,0.021321263
2022-03-23 04:00:00,MSFT,MSFT_557,0.0479815539275347,0.013498409
2022-03-24 04:00:00,MSFT,MSFT_557,0.0138441018434081,0.009114121
2022-03-25 04:00:00,MSFT,MSFT_562,0.0189015440278983,0.0049598143
2022-03-28 04:00:00,MSFT,MSFT_562,0.0137431247052111,-0.0063962885
2022-03-29 04:00:00,MSFT,MSFT_562,-0.0143622546105092,-0.0063559045
2022-03-30 04:00:00,MSFT,MSFT_562,-0.0457528389147074,0.027691204
2022-03-31 04:00:00,MSFT,MSFT_562,-0.022509819650228,0.01600296
2022-04-01 04:00:00,MSFT,MSFT_567,-0.0402366093553898,0.007917321
2022-04-04 04:00:00,MSFT,MSFT_567,-0.0943264162934043,0.028697474
2022-04-05 04:00:00,MSFT,MSFT_567,-0.0927046026491238,-0.00023255128
2022-04-06 04:00:00,MSFT,MSFT_567,-0.039666126486853,-0.0039918963
2022-04-07 04:00:00,MSFT,MSFT_567,-0.0714736333872456,-0.0035298616
2022-04-08 04:00:00,MSFT,MSFT_572,-0.0553928414971648,0.012964119
2022-04-11 04:00:00,MSFT,MSFT_572,0.0001401459229304,0.035666447
2022-04-12 04:00:00,MSFT,MSFT_572,0.0152449401906966,-0.017164908
2022-04-13 04:00:00,MSFT,MSFT_572,-0.0236770658306254,-0.019330652
2022-04-14 04:00:00,MSFT,MSFT_572,-0.0207268272568454,-0.013896632
2022-04-18 04:00:00,MSFT,MSFT_577,0.0007130051863131,0.01860879
2022-04-19 04:00:00,MSFT,MSFT_577,-0.0528565973273318,0.012985747
2022-04-20 04:00:00,MSFT,MSFT_577,-0.0109651637501113,0.016069654
2022-04-21 04:00:00,MSFT,MSFT_577,0.0314091642067637,0.03472311
2022-04-22 04:00:00,MSFT,MSFT_577,0.0127357962628968,0.036033522
2022-04-25 04:00:00,MSFT,MSFT_582,0.0133585066389756,0.037785005
2022-04-26 04:00:00,MSFT,MSFT_582,0.0427799478438759,0.0368848
2022-04-27 04:00:00,MSFT,MSFT_582,0.0238684052555919,0.046928275
2022-04-28 04:00:00,MSFT,MSFT_582,-0.0423989178340327,0.021275733
2022-04-29 04:00:00,MSFT,MSFT_582,-0.0100532507127127,0.021185983
2022-05-02 04:00:00,MSFT,MSFT_587,-0.0699195506137254,-0.012837713
2022-05-03 04:00:00,MSFT,MSFT_587,-0.0435800938054341,0.008931149
2022-05-04 04:00:00,MSFT,MSFT_587,-0.1014898340518614,0.005707803
2022-05-05 04:00:00,MSFT,MSFT_587,-0.0793221543748189,0.0050018975
2022-05-06 04:00:00,MSFT,MSFT_587,-0.0495396037013878,0.02912484
2022-05-09 04:00:00,MSFT,MSFT_592,-0.0116410413809752,-0.021191776
2022-05-10 04:00:00,MSFT,MSFT_592,-0.0099443141958488,-0.027879957
2022-05-11 04:00:00,MSFT,MSFT_592,-0.0248320332567241,-0.0058133337
2022-05-12 04:00:00,MSFT,MSFT_592,-0.0086548136324353,-0.021088444
2022-05-13 04:00:00,MSFT,MSFT_592,-0.0327818540083542,-0.022033615
2022-05-16 04:00:00,MSFT,MSFT_597,-0.0032505013518762,-0.015940543
2022-05-17 04:00:00,MSFT,MSFT_597,-0.0269845289310796,-0.030331384
2022-05-18 04:00:00,MSFT,MSFT_597,0.0332178334453461,-0.014491864
2022-05-19 04:00:00,MSFT,MSFT_597,0.0504068678897124,-0.01881961
2022-05-20 04:00:00,MSFT,MSFT_597,0.0818815048926486,-0.016356133
2022-05-23 04:00:00,MSFT,MSFT_602,0.0430462362686994,0.039634656
2022-05-24 04:00:00,MSFT,MSFT_602,0.0493028986645238,0.045972563
2022-05-25 04:00:00,MSFT,MSFT_602,0.045939349624023,0.014675566
2022-05-26 04:00:00,MSFT,MSFT_602,0.0154945288144363,0.01612703
2022-05-27 04:00:00,MSFT,MSFT_602,-0.0164324051926793,0.012515823
2022-05-31 04:00:00,MSFT,MSFT_607,0.0023173019977469,0.015387554
2022-06-01 04:00:00,MSFT,MSFT_607,-0.0073783483831968,0.020277228
2022-06-02 04:00:00,MSFT,MSFT_607,-0.0356543757961295,0.019804876
2022-06-03 04:00:00,MSFT,MSFT_607,-0.0630693438019712,0.022479698
2022-06-06 04:00:00,MSFT,MSFT_607,-0.0985674623001451,0.020478869
2022-06-07 04:00:00,MSFT,MSFT_612,-0.1027889706672877,-0.014410252
2022-06-08 04:00:00,MSFT,MSFT_612,-0.0689693757727154,-0.019055976
2022-06-09 04:00:00,MSFT,MSFT_612,-0.0748517945716077,-0.01776193
2022-06-10 04:00:00,MSFT,MSFT_612,-0.021107599038429,0.0008090499
2022-06-13 04:00:00,MSFT,MSFT_612,0.0473871511872925,-0.007766654
2022-06-14 04:00:00,MSFT,MSFT_617,0.0353388653749691,0.010349572
2022-06-15 04:00:00,MSFT,MSFT_617,0.0282014259598091,0.013507137
2022-06-16 04:00:00,MSFT,MSFT_617,0.0927869162471439,0.035469785
2022-06-17 04:00:00,MSFT,MSFT_617,0.0696144606373754,0.005719127
2022-06-21 04:00:00,MSFT,MSFT_617,0.0107984765265478,0.011282505
2022-06-22 04:00:00,MSFT,MSFT_622,0.0281673635889723,0.06256558
2022-06-23 04:00:00,MSFT,MSFT_622,-0.00784207252635,-0.0077217896
2022-06-24 04:00:00,MSFT,MSFT_622,-0.0303325560870196,0.012683225
2022-06-27 04:00:00,MSFT,MSFT_622,-0.0077013418102203,0.0018938198
2022-06-28 04:00:00,MSFT,MSFT_622,0.03793660344653,-0.0364797
2022-06-29 04:00:00,MSFT,MSFT_627,0.0312763537440492,0.0054606106
2022-06-30 04:00:00,MSFT,MSFT_627,0.0421680397775376,-0.015349304
2022-07-01 04:00:00,MSFT,MSFT_627,0.018992308530638,-0.022081915
2022-07-05 04:00:00,MSFT,MSFT_627,-0.0349248914643549,-0.03041785
2022-07-06 04:00:00,MSFT,MSFT_627,-0.0506742446466416,-0.031941637
2022-07-07 04:00:00,MSFT,MSFT_632,-0.0533531758236648,-0.022356046
2022-07-08 04:00:00,MSFT,MSFT_632,-0.0408727575720158,-0.010187732
2022-07-11 04:00:00,MSFT,MSFT_632,-0.0387887391283079,0.0014723033
2022-07-12 04:00:00,MSFT,MSFT_632,0.02310088166772,0.023817562
2022-07-13 04:00:00,MSFT,MSFT_632,0.0377888087481792,-0.030853806
2022-07-14 04:00:00,MSFT,MSFT_637,0.0423488445737283,0.015932731
2022-07-15 04:00:00,MSFT,MSFT_637,0.0141788100403212,-0.003537927
2022-07-18 04:00:00,MSFT,MSFT_637,0.0180137131652531,0.02258417
2022-07-19 04:00:00,MSFT,MSFT_637,-0.0293993176846619,-0.030865472
2022-07-20 04:00:00,MSFT,MSFT_637,0.0246692396832557,0.007052666
2022-07-21 04:00:00,MSFT,MSFT_642,0.0436867825260705,-0.032304917
2022-07-22 04:00:00,MSFT,MSFT_642,0.0782762560663594,0.01968087
2022-07-25 04:00:00,MSFT,MSFT_642,0.0741027863400374,0.039682534
2022-07-26 04:00:00,MSFT,MSFT_642,0.0909885430054955,0.040683173
2022-07-27 04:00:00,MSFT,MSFT_642,0.051090315863872,-0.043122172
2022-07-28 04:00:00,MSFT,MSFT_647,0.0261929385277435,-0.010794454
2022-07-29 04:00:00,MSFT,MSFT_647,0.0077296199445,-0.0074366042
2022-08-01 04:00:00,MSFT,MSFT_647,0.0083090445575724,-0.0139617985
2022-08-02 04:00:00,MSFT,MSFT_647,0.027217743502661,-0.035095386
2022-08-03 04:00:00,MSFT,MSFT_647,0.0236839395776371,-0.027388243
2022-08-04 04:00:00,MSFT,MSFT_652,0.0118808221036568,-0.07047976
2022-08-05 04:00:00,MSFT,MSFT_652,0.0318122366954158,-0.06195133
2022-08-08 04:00:00,MSFT,MSFT_652,0.046910650516911,-0.07752899
2022-08-09 04:00:00,MSFT,MSFT_652,0.0368756787539918,-0.08771143
2022-08-10 04:00:00,MSFT,MSFT_652,0.0074699254210599,-0.08306697
2022-08-11 04:00:00,MSFT,MSFT_657,0.0109749304391215,-0.0140442075
2022-08-12 04:00:00,MSFT,MSFT_657,-0.0197321424184294,-0.024826894
2022-08-15 04:00:00,MSFT,MSFT_657,-0.053565956163543,-0.014362788
2022-08-16 04:00:00,MSFT,MSFT_657,-0.0555839892338243,-0.011135682
2022-08-17 04:00:00,MSFT,MSFT_657,-0.0533090703997308,-0.016290411
2022-08-18 04:00:00,MSFT,MSFT_662,-0.0390116373173685,-0.04946946
2022-08-19 04:00:00,MSFT,MSFT_662,-0.0631137443432098,-0.04841249
2022-08-22 04:00:00,MSFT,MSFT_662,-0.0450764680960283,-0.04069914
2022-08-23 04:00:00,MSFT,MSFT_662,-0.0487266716167759,-0.011168908
2022-08-24 04:00:00,MSFT,MSFT_662,-0.0519235899798242,0.019466272
2022-08-25 04:00:00,MSFT,MSFT_667,-0.066164646954256,-0.011628057
2022-08-26 04:00:00,MSFT,MSFT_667,-0.0448729864732989,0.020399826
2022-08-29 04:00:00,MSFT,MSFT_667,-0.0451683840066864,0.028944489
2022-08-30 04:00:00,MSFT,MSFT_667,-0.0185572683582141,0.016998984
2022-08-31 04:00:00,MSFT,MSFT_667,-0.0112824117231757,0.017171083
2022-09-01 04:00:00,MSFT,MSFT_672,0.0155913888393088,-0.0148948105
2022-09-02 04:00:00,MSFT,MSFT_672,0.0413574804298253,0.010778517
2022-09-06 04:00:00,MSFT,MSFT_672,-0.0049752991385425,0.006587948
2022-09-07 04:00:00,MSFT,MSFT_672,-0.0227439854332924,-0.019223064
2022-09-08 04:00:00,MSFT,MSFT_672,-0.0508277297279494,0.012873354
2022-09-09 04:00:00,MSFT,MSFT_677,-0.0745669916020689,-0.02164402
2022-09-12 04:00:00,MSFT,MSFT_677,-0.0829926500302659,-0.027648749
2022-09-13 04:00:00,MSFT,MSFT_677,-0.0378586782688121,-0.00081858464
2022-09-14 04:00:00,MSFT,MSFT_677,-0.0526128150354305,0.028573737
2022-09-15 04:00:00,MSFT,MSFT_677,-0.0179314087037156,0.07184129
2022-09-16 04:00:00,MSFT,MSFT_682,-0.027866336402486,0.030829627
2022-09-19 04:00:00,MSFT,MSFT_682,-0.0289138197312512,0.027076058
2022-09-20 04:00:00,MSFT,MSFT_682,-0.024912325684303,0.025323894
2022-09-21 04:00:00,MSFT,MSFT_682,0.008872192521667,0.06419433
2022-09-22 04:00:00,MSFT,MSFT_682,-0.0144410149773329,0.041530572
2022-09-23 04:00:00,MSFT,MSFT_687,-0.0210995473734673,0.011251086
2022-09-26 04:00:00,MSFT,MSFT_687,0.0138555847008035,0.012620144
2022-09-27 04:00:00,MSFT,MSFT_687,0.052747350059374,0.004939274
2022-09-28 04:00:00,MSFT,MSFT_687,0.0337246002282203,-0.0050517167
2022-09-29 04:00:00,MSFT,MSFT_687,0.0391157612047696,0.00766399
2022-09-30 04:00:00,MSFT,MSFT_692,0.0057535922361391,-0.006130533
2022-10-03 04:00:00,MSFT,MSFT_692,-0.0477278608913646,-0.005394928
2022-10-04 04:00:00,MSFT,MSFT_692,-0.0943024781430482,0.0063732145
2022-10-05 04:00:00,MSFT,MSFT_692,-0.0941011125016693,0.009513283
2022-10-06 04:00:00,MSFT,MSFT_692,-0.050852903822636,0.008656465
2022-10-07 04:00:00,MSFT,MSFT_697,-0.024248667184804,0.0020199555
2022-10-10 04:00:00,MSFT,MSFT_697,0.0361177700296482,0.008286438
2022-10-11 04:00:00,MSFT,MSFT_697,0.05807194057595,-0.0093816845
2022-10-12 04:00:00,MSFT,MSFT_697,0.047530435116452,-0.033467665
2022-10-13 04:00:00,MSFT,MSFT_697,0.0081539803557426,-0.018700015
2022-10-14 04:00:00,MSFT,MSFT_702,0.0593279563503563,0.042147525
2022-10-17 04:00:00,MSFT,MSFT_702,0.0409211521519627,0.023708757
2022-10-18 04:00:00,MSFT,MSFT_702,0.0509853403023452,0.038526118
2022-10-19 04:00:00,MSFT,MSFT_702,-0.0218199784190853,0.0065106526
2022-10-20 04:00:00,MSFT,MSFT_702,-0.0398051837367603,0.011163257
2022-10-21 04:00:00,MSFT,MSFT_707,-0.0258136466464694,-0.034432635
2022-10-24 04:00:00,MSFT,MSFT_707,-0.061152659725733,-0.014233157
2022-10-25 04:00:00,MSFT,MSFT_707,-0.089723151538291,-0.0049495217
2022-10-26 04:00:00,MSFT,MSFT_707,-0.0485042402967641,-0.010157476
2022-10-27 04:00:00,MSFT,MSFT_707,-0.0551267916207276,-0.0035710097
2022-10-28 04:00:00,MSFT,MSFT_712,-0.0613897317475456,-0.016983109
2022-10-31 04:00:00,MSFT,MSFT_712,-0.0183518273209687,-0.04768257
2022-11-01 04:00:00,MSFT,MSFT_712,0.0030678746279513,-0.038904995
2022-11-02 04:00:00,MSFT,MSFT_712,0.0200362938710976,-0.023734877
2022-11-03 04:00:00,MSFT,MSFT_712,0.1340956626722942,0.03622822
2022-11-04 04:00:00,MSFT,MSFT_717,0.1161750814924378,0.07542975
2022-11-07 05:00:00,MSFT,MSFT_717,0.0600342661504647,0.03897527
2022-11-08 05:00:00,MSFT,MSFT_717,0.0572377611001742,0.0126762055
2022-11-09 05:00:00,MSFT,MSFT_717,0.0767003770078427,0.044600893
2022-11-10 05:00:00,MSFT,MSFT_717,-0.005350247240993,-0.029433968
2022-11-11 05:00:00,MSFT,MSFT_722,-0.0238355363000299,-0.046402562
2022-11-14 05:00:00,MSFT,MSFT_722,0.0020699647844462,-0.03120712
2022-11-15 05:00:00,MSFT,MSFT_722,0.0126461856558932,-0.033976294
2022-11-16 05:00:00,MSFT,MSFT_722,0.0242005800145272,-0.030608822
2022-11-17 05:00:00,MSFT,MSFT_722,0.0240401067256614,-0.027402997
2022-11-18 05:00:00,MSFT,MSFT_727,0.0022385925022809,0.021815643
2022-11-21 05:00:00,MSFT,MSFT_727,-0.0071059747945358,-0.014330485
2022-11-22 05:00:00,MSFT,MSFT_727,0.041260256542946,-0.009994805
2022-11-23 05:00:00,MSFT,MSFT_727,0.0287179923974769,-0.010888291
2022-11-25 05:00:00,MSFT,MSFT_727,0.03042546612859,-0.029782979
2022-11-28 05:00:00,MSFT,MSFT_732,0.03491066608693,0.028072273
2022-11-29 05:00:00,MSFT,MSFT_732,0.0199309002190248,0.017729579
2022-11-30 05:00:00,MSFT,MSFT_732,-0.0422121356832529,0.011191349
2022-12-01 05:00:00,MSFT,MSFT_732,-0.0286230651970682,0.021727836
2022-12-02 05:00:00,MSFT,MSFT_732,-0.0376441296474101,0.023704777
2022-12-05 05:00:00,MSFT,MSFT_737,0.009232604263667,0.008062759
2022-12-06 05:00:00,MSFT,MSFT_737,0.0481397623433597,0.0010426759
2022-12-07 05:00:00,MSFT,MSFT_737,0.052584222123315,0.0043230793
2022-12-08 05:00:00,MSFT,MSFT_737,0.0065076824982672,0.004383507
2022-12-09 05:00:00,MSFT,MSFT_737,-0.0029744753198006,-0.007244364
2022-12-12 05:00:00,MSFT,MSFT_742,-0.0477604761037183,-0.020044714
2022-12-13 05:00:00,MSFT,MSFT_742,-0.058851041513858,-8.7047854e-05
2022-12-14 05:00:00,MSFT,MSFT_742,-0.0497240046816873,-0.0064294753
2022-12-15 05:00:00,MSFT,MSFT_742,-0.0434520392920723,0.02000432
2022-12-16 05:00:00,MSFT,MSFT_742,-0.0243573773117045,0.0067929816
2022-12-19 05:00:00,MSFT,MSFT_747,-0.0145144116392991,-0.00052316225
2022-12-20 05:00:00,MSFT,MSFT_747,-0.0300661876786857,0.0041716984
2022-12-21 05:00:00,MSFT,MSFT_747,-0.0139917288034354,0.0051362067
2022-12-22 05:00:00,MSFT,MSFT_747,0.0068432968055134,0.030125221
2022-12-23 05:00:00,MSFT,MSFT_747,0.0035605333168344,0.026825855
2022-12-27 05:00:00,MSFT,MSFT_752,-0.0331701569364093,0.010864332
2022-12-28 05:00:00,MSFT,MSFT_752,-0.0521042138929218,0.012663439
2022-12-29 05:00:00,MSFT,MSFT_752,-0.0667192323868488,0.021949738
2022-12-30 05:00:00,MSFT,MSFT_752,-0.0529564332381233,0.027694568
2023-01-03 05:00:00,MSFT,MSFT_752,-0.0447866919005435,0.022930901
2023-01-04 05:00:00,MSFT,MSFT_757,0.0291139152826191,-0.033739727
2023-01-05 05:00:00,MSFT,MSFT_757,0.0728712029425149,-0.02392083
2023-01-06 05:00:00,MSFT,MSFT_757,0.0635753501862692,-0.023982137
2023-01-09 05:00:00,MSFT,MSFT_757,0.0582511943939669,-0.022743735
2023-01-10 05:00:00,MSFT,MSFT_757,0.0304128960867489,-0.022437507
2023-01-11 05:00:00,MSFT,MSFT_762,-0.0162871083135837,-0.017387562
2023-01-12 05:00:00,MSFT,MSFT_762,0.0071695390266679,0.0015298481
2023-01-13 05:00:00,MSFT,MSFT_762,0.0140032862239023,-0.021391163
2023-01-17 05:00:00,MSFT,MSFT_762,0.0070313590168553,-0.030753419
2023-01-18 05:00:00,MSFT,MSFT_762,0.0203553840017542,-0.016509078
2023-01-19 05:00:00,MSFT,MSFT_767,0.0692881810533374,0.014248476
2023-01-20 05:00:00,MSFT,MSFT_767,0.033053044713422,-0.022923522
2023-01-23 05:00:00,MSFT,MSFT_767,0.0005359258052237,0.010814299
2023-01-24 05:00:00,MSFT,MSFT_767,0.0238390531834122,0.0029427875
2023-01-25 05:00:00,MSFT,MSFT_767,0.0504550906398448,-0.0007469562
2023-01-26 05:00:00,MSFT,MSFT_772,0.0669355084819178,-0.030666431
2023-01-27 05:00:00,MSFT,MSFT_772,0.0410622271559959,-0.02527025
2023-01-30 05:00:00,MSFT,MSFT_772,0.0579291414069305,-0.023018466
2023-01-31 05:00:00,MSFT,MSFT_772,0.0796981566303844,-0.045036368
2023-02-01 05:00:00,MSFT,MSFT_772,0.0553116161674702,-0.045671083
2023-02-02 05:00:00,MSFT,MSFT_777,-0.003703745138784,-0.025830904
2023-02-03 05:00:00,MSFT,MSFT_777,0.0183859101520469,0.006179808
2023-02-06 05:00:00,MSFT,MSFT_777,0.0566655720414901,-0.020008592
2023-02-07 05:00:00,MSFT,MSFT_777,0.0172298397040129,0.011247455
2023-02-08 05:00:00,MSFT,MSFT_777,0.0097101796993641,0.020128023
2023-02-09 05:00:00,MSFT,MSFT_782,-0.0055762129122628,0.014733418
2023-02-10 05:00:00,MSFT,MSFT_782,-0.0191562464006137,0.0033311155
2023-02-13 05:00:00,MSFT,MSFT_782,-0.068738053412284,0.013797684
2023-02-14 05:00:00,MSFT,MSFT_782,-0.0759085053518724,0.009780081
2023-02-15 05:00:00,MSFT,MSFT_782,-0.0540249615924075,0.008560301
2023-02-16 05:00:00,MSFT,MSFT_787,-0.0493228799421102,-0.028236922
2023-02-17 05:00:00,MSFT,MSFT_787,-0.0306130123662061,-0.028447839
2023-02-21 05:00:00,MSFT,MSFT_787,-0.0128626272353352,-0.015484385
2023-02-22 05:00:00,MSFT,MSFT_787,-0.020834123290606,-0.018597735
2023-02-23 05:00:00,MSFT,MSFT_787,-0.014365912786951,-0.033625692
2023-02-24 05:00:00,MSFT,MSFT_792,0.0243559587340433,-0.01773182
2023-02-27 05:00:00,MSFT,MSFT_792,0.0268227988361455,-0.02081876
2023-02-28 05:00:00,MSFT,MSFT_792,0.0189639794814495,-0.02793662
2023-03-01 05:00:00,MSFT,MSFT_792,0.030170108201895,-0.02675534
2023-03-02 05:00:00,MSFT,MSFT_792,0.0048186321171044,-0.01978393
2023-03-03 05:00:00,MSFT,MSFT_797,-0.0262446516684761,-0.024006898
2023-03-06 05:00:00,MSFT,MSFT_797,-0.0114843967933909,-0.01460156
2023-03-07 05:00:00,MSFT,MSFT_797,0.0261263616285662,0.0010198352
2023-03-08 05:00:00,MSFT,MSFT_797,0.0462751503129075,-0.011628515
2023-03-09 05:00:00,MSFT,MSFT_797,0.0946417413983657,0.008140482
2023-03-10 05:00:00,MSFT,MSFT_802,0.1240596837853924,0.06399934
2023-03-13 04:00:00,MSFT,MSFT_802,0.0721093767699236,0.035741724
2023-03-14 04:00:00,MSFT,MSFT_802,0.0498101530302201,0.029699646
2023-03-15 04:00:00,MSFT,MSFT_802,0.0258062313159739,0.029946707
2023-03-16 04:00:00,MSFT,MSFT_802,0.0052859934487756,-0.00028859626
2023-03-17 04:00:00,MSFT,MSFT_807,0.0040797862731944,-0.0028443588
2023-03-20 04:00:00,MSFT,MSFT_807,0.0152444393674611,0.031175083
2023-03-21 04:00:00,MSFT,MSFT_807,0.0052962678555643,-0.00067788135
2023-03-22 04:00:00,MSFT,MSFT_807,0.0301884056070569,-0.023566548
2023-03-23 04:00:00,MSFT,MSFT_807,0.0230137003766501,-0.029455166
2023-03-24 04:00:00,MSFT,MSFT_812,0.0275509864453096,0.028036045
2023-03-27 04:00:00,MSFT,MSFT_812,0.0392575653514302,0.015229892
2023-03-28 04:00:00,MSFT,MSFT_812,0.0434181637628416,0.017821077
2023-03-29 04:00:00,MSFT,MSFT_812,0.0136536538409652,-0.03530299
2023-03-30 04:00:00,MSFT,MSFT_812,0.0265798930998362,-0.03323606
2023-03-31 04:00:00,MSFT,MSFT_817,0.0037808772168645,0.011044263
2023-04-03 04:00:00,MSFT,MSFT_817,-0.0153188185278868,0.010949758
2023-04-04 04:00:00,MSFT,MSFT_817,-0.0128490930270764,0.0050728484
2023-04-05 04:00:00,MSFT,MSFT_817,0.0193430402716336,-0.03496524
2023-04-06 04:00:00,MSFT,MSFT_817,-0.0187242501398984,-0.037693743
2023-04-10 04:00:00,MSFT,MSFT_822,-0.0020388639054652,-0.026309602
2023-04-11 04:00:00,MSFT,MSFT_822,0.0195877693594783,-0.038573112
2023-04-12 04:00:00,MSFT,MSFT_822,0.0174962860895213,-0.032183487
2023-04-13 04:00:00,MSFT,MSFT_822,-0.0128692072642029,-0.014871475
2023-04-14 04:00:00,MSFT,MSFT_822,-0.0013280382447711,-0.025770018
2023-04-17 04:00:00,MSFT,MSFT_827,-0.0243421020652412,-0.008961922
2023-04-18 04:00:00,MSFT,MSFT_827,-0.0449075212703405,-0.016656674
2023-04-19 04:00:00,MSFT,MSFT_827,0.0239902326826373,-0.016765716
2023-04-20 04:00:00,MSFT,MSFT_827,0.0654293879247192,-0.027732654
2023-04-21 04:00:00,MSFT,MSFT_827,0.0752379593548933,-0.036625132
2023-04-24 04:00:00,MSFT,MSFT_832,0.0844305975529831,-0.0016713901
2023-04-25 04:00:00,MSFT,MSFT_832,0.1088882026441548,-0.039849263
2023-04-26 04:00:00,MSFT,MSFT_832,0.0305718215410277,0.03187915
2023-04-27 04:00:00,MSFT,MSFT_832,0.0019027560128381,0.019535007
2023-04-28 04:00:00,MSFT,MSFT_832,0.0110329493689895,-0.015008316
2023-05-01 04:00:00,MSFT,MSFT_837,0.0101125682765399,0.022430757
2023-05-02 04:00:00,MSFT,MSFT_837,0.0052061043149382,-0.0043550483
2023-05-03 04:00:00,MSFT,MSFT_837,0.0259855578867036,0.01970949
2023-05-04 04:00:00,MSFT,MSFT_837,0.0153890888742889,-0.012910457
2023-05-05 04:00:00,MSFT,MSFT_837,-0.0054079919806503,-0.013845722
2023-05-08 04:00:00,MSFT,MSFT_842,0.0026243239093191,-0.0014394483
2023-05-09 04:00:00,MSFT,MSFT_842,0.0154397076038272,0.0071021053
2023-05-10 04:00:00,MSFT,MSFT_842,0.0054112979239135,-0.007848758
2023-05-11 04:00:00,MSFT,MSFT_842,0.0271194223319677,0.005306932
2023-05-12 04:00:00,MSFT,MSFT_842,0.030326552999216,0.0044842623
2023-05-15 04:00:00,MSFT,MSFT_847,0.0378724279206361,0.02751513
2023-05-16 04:00:00,MSFT,MSFT_847,0.0112915238388362,0.023300253
2023-05-17 04:00:00,MSFT,MSFT_847,-0.0004776875684215,0.012021739
2023-05-18 04:00:00,MSFT,MSFT_847,0.0232325275314035,0.0056030042
2023-05-19 04:00:00,MSFT,MSFT_847,0.0457059071367937,0.011904406
2023-05-22 04:00:00,MSFT,MSFT_852,0.0312285914690264,0.02560653
2023-05-23 04:00:00,MSFT,MSFT_852,0.0416481776187656,0.029114736
2023-05-24 04:00:00,MSFT,MSFT_852,0.0596781268265209,0.053079106
2023-05-25 04:00:00,MSFT,MSFT_852,0.0290868313640764,0.035053976
2023-05-26 04:00:00,MSFT,MSFT_852,0.0091621486339559,0.041320376
2023-05-30 04:00:00,MSFT,MSFT_857,0.00745750818039,0.016433932
2023-05-31 04:00:00,MSFT,MSFT_857,-0.015256279247676,0.015669212
2023-06-01 04:00:00,MSFT,MSFT_857,-0.0220096731679014,0.009023811
2023-06-02 04:00:00,MSFT,MSFT_857,-0.0256707975797394,0.010122228
2023-06-05 04:00:00,MSFT,MSFT_857,-0.0121747821282581,0.012779949
2023-06-06 04:00:00,MSFT,MSFT_862,0.0018281463753606,0.010174521
2023-06-07 04:00:00,MSFT,MSFT_862,0.043169000075119,0.054299362
2023-06-08 04:00:00,MSFT,MSFT_862,0.0702207331124062,0.023215318
2023-06-09 04:00:00,MSFT,MSFT_862,0.0475534062272517,0.014713616
2023-06-12 04:00:00,MSFT,MSFT_862,0.0186830844520735,0.018945867
2023-06-13 04:00:00,MSFT,MSFT_867,-0.0021837654960306,0.012633659
2023-06-14 04:00:00,MSFT,MSFT_867,0.0070255384565003,0.011978921
2023-06-15 04:00:00,MSFT,MSFT_867,-0.0375754578009231,0.008844162
2023-06-16 04:00:00,MSFT,MSFT_867,-0.0401074431317795,0.019843582
2023-06-20 04:00:00,MSFT,MSFT_867,-0.0102942777530322,0.022356834
2023-06-21 04:00:00,MSFT,MSFT_872,0.0068653572421244,0.025167752
2023-06-22 04:00:00,MSFT,MSFT_872,-0.0137175937691711,0.024850609
2023-06-23 04:00:00,MSFT,MSFT_872,0.0164766871000785,0.037939228
2023-06-26 04:00:00,MSFT,MSFT_872,0.0285757271955173,0.047437143
2023-06-27 04:00:00,MSFT,MSFT_872,0.0107002615114761,0.032369792
2023-06-28 04:00:00,MSFT,MSFT_877,0.0161381057366594,0.013799249
2023-06-29 04:00:00,MSFT,MSFT_877,0.0064766855895999,0.012142949
2023-06-30 04:00:00,MSFT,MSFT_877,-0.0255770886066307,0.010281803
2023-07-03 04:00:00,MSFT,MSFT_877,-0.0163318121043883,0.014680232
2023-07-05 04:00:00,MSFT,MSFT_877,-0.0028093500121249,0.02453938
2023-07-06 04:00:00,MSFT,MSFT_882,0.004073064415816,-0.0047546746
2023-07-07 04:00:00,MSFT,MSFT_882,0.023782661125201,0.039798267
2023-07-10 04:00:00,MSFT,MSFT_882,0.0418889942938758,0.06504829
2023-07-11 04:00:00,MSFT,MSFT_882,0.0812704572276139,0.008910915
2023-07-12 04:00:00,MSFT,MSFT_882,0.0530248330900313,0.008835269
2023-07-13 04:00:00,MSFT,MSFT_887,0.0122862061813011,0.0027619028
2023-07-14 04:00:00,MSFT,MSFT_887,-0.0042579111988306,0.0032427108
2023-07-17 04:00:00,MSFT,MSFT_887,-0.0017933810055908,0.018809354
2023-07-18 04:00:00,MSFT,MSFT_887,-0.0236723677410285,-0.0076695494
2023-07-19 04:00:00,MSFT,MSFT_887,-0.048749572527853,0.002938368
2023-07-20 04:00:00,MSFT,MSFT_892,-0.0465592127420194,-0.0039039352
2023-07-21 04:00:00,MSFT,MSFT_892,-0.0157081597261522,-0.0010472303
2023-07-24 04:00:00,MSFT,MSFT_892,-0.0266291104688446,0.0002312434
2023-07-25 04:00:00,MSFT,MSFT_892,-0.041711818879075,-0.0062790303
2023-07-26 04:00:00,MSFT,MSFT_892,-0.0304052738482227,-0.017338421
2023-07-27 04:00:00,MSFT,MSFT_897,-0.0122762383394052,0.012680335
2023-07-28 04:00:00,MSFT,MSFT_897,-0.0312970904356427,0.0002992783
2023-07-31 04:00:00,MSFT,MSFT_897,-0.0172958675992127,-0.0051645427
2023-08-01 04:00:00,MSFT,MSFT_897,-0.0305940674821927,-0.008761064
2023-08-02 04:00:00,MSFT,MSFT_897,-0.0160915695073949,0.01878773
2023-08-03 04:00:00,MSFT,MSFT_902,-0.0114186338838909,-0.02397251
2023-08-04 04:00:00,MSFT,MSFT_902,-0.0206540638198924,-0.018401064
2023-08-07 04:00:00,MSFT,MSFT_902,-0.0183877406803559,-0.026968146
2023-08-08 04:00:00,MSFT,MSFT_902,-0.0128507977251229,-0.021353167
2023-08-09 04:00:00,MSFT,MSFT_902,-0.0056792261038696,-0.020378232
2023-08-10 04:00:00,MSFT,MSFT_907,-0.018734672932789,-0.007731197
2023-08-11 04:00:00,MSFT,MSFT_907,-0.0141117056835838,-0.011454646
2023-08-14 04:00:00,MSFT,MSFT_907,-0.0066658548486303,-0.023768941
2023-08-15 04:00:00,MSFT,MSFT_907,0.001864183591695,0.0056145773
2023-08-16 04:00:00,MSFT,MSFT_907,0.0205992703784132,-0.016275845
2023-08-17 04:00:00,MSFT,MSFT_912,0.0097513137158444,0.0149125885
2023-08-18 04:00:00,MSFT,MSFT_912,0.020538421936167,0.015602985
2023-08-21 04:00:00,MSFT,MSFT_912,0.0056543037672729,0.0070238262
2023-08-22 04:00:00,MSFT,MSFT_912,0.0184519393558941,0.010940354
2023-08-23 04:00:00,MSFT,MSFT_912,0.0054740322474675,-0.010671541
2023-08-24 04:00:00,MSFT,MSFT_917,0.0243460590530442,0.025279433
2023-08-25 04:00:00,MSFT,MSFT_917,0.0175862049742194,0.011713648
2023-08-28 04:00:00,MSFT,MSFT_917,0.0304293333780836,0.018366875
2023-08-29 04:00:00,MSFT,MSFT_917,0.0136110385519869,0.007326357
2023-08-30 04:00:00,MSFT,MSFT_917,0.0034064146965537,0.009530647
2023-08-31 04:00:00,MSFT,MSFT_922,0.0198620303090117,0.044604767
2023-09-01 04:00:00,MSFT,MSFT_922,0.0282358628244814,0.023771482
2023-09-05 04:00:00,MSFT,MSFT_922,-0.0053365277902563,0.027006803
2023-09-06 04:00:00,MSFT,MSFT_922,0.0095529699265075,0.047194958
2023-09-07 04:00:00,MSFT,MSFT_922,0.0266436556859444,0.054421995
2023-09-08 04:00:00,MSFT,MSFT_927,-0.0121159180485183,0.01875111
2023-09-11 04:00:00,MSFT,MSFT_927,-0.0262768681383087,0.006645805
2023-09-12 04:00:00,MSFT,MSFT_927,-0.0094040908475869,0.03642432
2023-09-13 04:00:00,MSFT,MSFT_927,-0.0454978535261577,0.03282113
2023-09-14 04:00:00,MSFT,MSFT_927,-0.0565987975696223,0.0111585315
2023-09-15 04:00:00,MSFT,MSFT_932,-0.0400036079166785,-0.006695969
2023-09-18 04:00:00,MSFT,MSFT_932,-0.0350087798551707,-0.004502129
2023-09-19 04:00:00,MSFT,MSFT_932,-0.0502357509650435,0.0014391124
2023-09-20 04:00:00,MSFT,MSFT_932,-0.0248775781465325,0.014114521
2023-09-21 04:00:00,MSFT,MSFT_932,-0.0184332743509558,0.031617027
2023-09-22 04:00:00,MSFT,MSFT_937,-0.003974668707012,0.015382933
2023-09-25 04:00:00,MSFT,MSFT_937,0.0134155669629398,0.020132529
2023-09-26 04:00:00,MSFT,MSFT_937,0.0040046131266056,0.057194386
2023-09-27 04:00:00,MSFT,MSFT_937,0.0197256393797826,0.048109658
2023-09-28 04:00:00,MSFT,MSFT_937,0.0182373754494833,0.056137327
2023-09-29 04:00:00,MSFT,MSFT_942,0.0364529208729216,0.039219826
2023-10-02 04:00:00,MSFT,MSFT_942,0.024922373634177,0.03976382
2023-10-03 04:00:00,MSFT,MSFT_942,0.0478636819900821,0.053947173
2023-10-04 04:00:00,MSFT,MSFT_942,0.0421997188777576,0.026402682
2023-10-05 04:00:00,MSFT,MSFT_942,0.036948956825499,0.029787805
2023-10-06 04:00:00,MSFT,MSFT_947,0.0014361706492636,0.024407128
2023-10-09 04:00:00,MSFT,MSFT_947,0.0085501402631607,0.021931997
2023-10-10 04:00:00,MSFT,MSFT_947,0.0111756836275462,0.03405031
2023-10-11 04:00:00,MSFT,MSFT_947,-0.0069491245498491,0.017958688
2023-10-12 04:00:00,MSFT,MSFT_947,0.0004831611919917,0.025511006
2023-10-13 04:00:00,MSFT,MSFT_952,-0.0032343621977236,0.019425973
2023-10-16 04:00:00,MSFT,MSFT_952,-0.0099807815596918,0.00091000274
2023-10-17 04:00:00,MSFT,MSFT_952,-0.0046075973936813,0.00033765577
2023-10-18 04:00:00,MSFT,MSFT_952,0.0319894233581743,0.01646644
2023-10-19 04:00:00,MSFT,MSFT_952,-0.0103525069418001,0.008685001
2023-10-20 04:00:00,MSFT,MSFT_957,0.0096120978412177,0.016037086
2023-10-23 04:00:00,MSFT,MSFT_957,0.0242620856816291,-0.007340951
2023-10-24 04:00:00,MSFT,MSFT_957,0.0229328248578337,-0.006441226
2023-10-25 04:00:00,MSFT,MSFT_957,0.0158510983756716,-0.04204067
2023-10-26 04:00:00,MSFT,MSFT_957,0.0623074560464618,-0.04299733
2023-10-27 04:00:00,MSFT,MSFT_962,0.0697067717915089,0.012077789
2023-10-30 04:00:00,MSFT,MSFT_962,0.0569802299363051,-0.026359182
2023-10-31 04:00:00,MSFT,MSFT_962,0.066309823427493,-0.028379085
2023-11-01 04:00:00,MSFT,MSFT_962,0.0494986694029342,-0.02986332
2023-11-02 04:00:00,MSFT,MSFT_962,0.0355133063191328,-0.03521202
2023-11-03 04:00:00,MSFT,MSFT_967,0.0478175346328677,-0.016974675
2023-11-06 05:00:00,MSFT,MSFT_967,0.0284688355292301,-0.018766293
2023-11-07 05:00:00,MSFT,MSFT_967,0.0270157553250858,-0.032446828
2023-11-08 05:00:00,MSFT,MSFT_967,0.0178138794142304,-0.03897213
2023-11-09 05:00:00,MSFT,MSFT_967,0.0429177711651234,-0.0402099
2023-11-10 05:00:00,MSFT,MSFT_972,0.0004869009366279,0.025581185
2023-11-13 05:00:00,MSFT,MSFT_972,0.0293444146955108,0.032719284
2023-11-14 05:00:00,MSFT,MSFT_972,0.0075620989916185,0.02325407
2023-11-15 05:00:00,MSFT,MSFT_972,0.0221278231359176,0.011769012
2023-11-16 05:00:00,MSFT,MSFT_972,0.0033494941198681,0.021177443
2023-11-17 05:00:00,MSFT,MSFT_977,0.0236852213153542,-0.00957062
2023-11-20 05:00:00,MSFT,MSFT_977,0.0139360156093724,-0.0077903327
2023-11-21 05:00:00,MSFT,MSFT_977,0.0154930674292284,0.012392862
2023-11-22 05:00:00,MSFT,MSFT_977,0.002805339530161,-0.005020846
2023-11-24 05:00:00,MSFT,MSFT_977,-0.007736488797446,-0.0056613255
2023-11-27 05:00:00,MSFT,MSFT_982,-0.0250124694791965,-0.00023366255
2023-11-28 05:00:00,MSFT,MSFT_982,-0.0266005300983692,-0.005614601
2023-11-29 05:00:00,MSFT,MSFT_982,-0.0265276973700266,0.0034146472
2023-11-30 05:00:00,MSFT,MSFT_982,-0.0210076043866509,0.00023213445
2023-12-01 05:00:00,MSFT,MSFT_982,-0.0007476403086584,0.02119313
2023-12-04 05:00:00,MSFT,MSFT_987,0.0058513654949827,0.0073559037
2023-12-05 05:00:00,MSFT,MSFT_987,0.0049930632556536,0.0011344636
2023-12-06 05:00:00,MSFT,MSFT_987,0.0151030572358519,0.0038633756
2023-12-07 05:00:00,MSFT,MSFT_987,-0.0135328733415657,0.00014321151
2023-12-08 05:00:00,MSFT,MSFT_987,-0.0093525369351734,0.00062976556
2023-12-11 05:00:00,MSFT,MSFT_992,0.0036358905141367,-0.009657576
2023-12-12 05:00:00,MSFT,MSFT_992,-0.0029915997184146,-0.008579243
2023-12-13 05:00:00,MSFT,MSFT_992,-0.010016828402143,-0.0062192674
2023-12-14 05:00:00,MSFT,MSFT_992,0.0207963709492464,-0.009977074
2023-12-15 05:00:00,MSFT,MSFT_992,0.0103848500845524,0.0015217989
2023-12-18 05:00:00,MSFT,MSFT_997,0.0053938274481317,0.008660561
2023-12-19 05:00:00,MSFT,MSFT_997,0.002170062523179,-0.00030504452
2023-12-20 05:00:00,MSFT,MSFT_997,0.0125735354905389,0.015767705
2023-12-21 05:00:00,MSFT,MSFT_997,0.0066927235177256,-0.0020982414
2023-12-22 05:00:00,MSFT,MSFT_997,-0.0099044038338187,0.0019078935
2023-12-26 05:00:00,NVDA,NVDA_1002,-0.0347003613663022,-0.02083505
2023-12-27 05:00:00,NVDA,NVDA_1002,-0.0287147889090708,-0.028338604
2023-12-28 05:00:00,NVDA,NVDA_1002,-0.0085820290489176,-0.02866829
2023-12-29 05:00:00,NVDA,NVDA_1002,0.0551471876794567,-0.017470675
2024-01-02 05:00:00,NVDA,NVDA_1002,0.1032220602406661,0.02190688
2024-01-03 05:00:00,NVDA,NVDA_1007,0.1425507829716414,0.030113623
2024-01-04 05:00:00,NVDA,NVDA_1007,0.1421725351340301,0.031643417
2024-01-05 05:00:00,NVDA,NVDA_1007,0.1143246827392039,0.0202152
2024-01-08 05:00:00,NVDA,NVDA_1007,0.079019419892669,0.02920921
2024-01-09 05:00:00,NVDA,NVDA_1007,0.0548175018369985,0.013185335
2024-01-10 05:00:00,NVDA,NVDA_1012,0.0507267717918187,0.04198066
2024-01-11 05:00:00,NVDA,NVDA_1012,0.0851665873648639,0.05031687
2024-01-12 05:00:00,NVDA,NVDA_1012,0.0903673976763745,0.043705862
2024-01-16 05:00:00,NVDA,NVDA_1012,0.0619169439012441,0.050019763
2024-01-17 05:00:00,NVDA,NVDA_1012,0.0947138953303119,0.050618354
2024-01-18 05:00:00,NVDA,NVDA_1017,0.0789745960941084,0.054502312
2024-01-19 05:00:00,NVDA,NVDA_1017,0.0258862192869617,0.055693947
2024-01-22 05:00:00,NVDA,NVDA_1017,0.0471217496833662,0.061621644
2024-01-23 05:00:00,NVDA,NVDA_1017,0.0484525096225965,0.06190061
2024-01-24 05:00:00,NVDA,NVDA_1017,0.0026889755360046,0.054468066
2024-01-25 05:00:00,NVDA,NVDA_1022,0.0228832925027768,0.033627886
2024-01-26 05:00:00,NVDA,NVDA_1022,0.084039350180731,0.06318434
2024-01-29 05:00:00,NVDA,NVDA_1022,0.1099335718091643,0.036957853
2024-01-30 05:00:00,NVDA,NVDA_1022,0.0868034769689787,0.04094088
2024-01-31 05:00:00,NVDA,NVDA_1022,0.1393209247430735,0.050570708
2024-02-01 05:00:00,NVDA,NVDA_1027,0.1049391271717059,0.08861922
2024-02-02 05:00:00,NVDA,NVDA_1027,0.0902811251834121,0.0978577
2024-02-05 05:00:00,NVDA,NVDA_1027,0.0420585059627065,0.08362627
2024-02-06 05:00:00,NVDA,NVDA_1027,0.0572387435872345,0.1294405
2024-02-07 05:00:00,NVDA,NVDA_1027,0.0542233491974764,0.058754228
2024-02-08 05:00:00,NVDA,NVDA_1032,0.0433221570806701,0.05906303
2024-02-09 05:00:00,NVDA,NVDA_1032,0.006654315029366,0.036071055
2024-02-12 05:00:00,NVDA,NVDA_1032,-0.0386999996831998,0.053341724
2024-02-13 05:00:00,NVDA,NVDA_1032,-0.064551884654485,0.061087552
2024-02-14 05:00:00,NVDA,NVDA_1032,0.0627604924562428,0.041872576
2024-02-15 05:00:00,NVDA,NVDA_1037,0.0847670518675574,0.02341456
2024-02-16 05:00:00,NVDA,NVDA_1037,0.0892265021253937,0.032260828
2024-02-20 05:00:00,NVDA,NVDA_1037,0.1331710023702619,0.043014817
2024-02-21 05:00:00,NVDA,NVDA_1037,0.1510404593557666,0.039794683
2024-02-22 05:00:00,NVDA,NVDA_1037,0.0073085319569894,0.04083577
2024-02-23 05:00:00,NVDA,NVDA_1042,0.0439245077440042,0.017139973
2024-02-26 05:00:00,NVDA,NVDA_1042,0.0776942853915505,0.07461248
2024-02-27 05:00:00,NVDA,NVDA_1042,0.0922860042516613,0.09138815
2024-02-28 05:00:00,NVDA,NVDA_1042,0.1421139364670667,0.11472192
2024-02-29 05:00:00,NVDA,NVDA_1042,0.1713646386163554,0.09631494
2024-03-01 05:00:00,NVDA,NVDA_1047,0.063795143258275,0.0548466
2024-03-04 05:00:00,NVDA,NVDA_1047,0.0063001110615434,0.04803612
2024-03-05 05:00:00,NVDA,NVDA_1047,0.0692034496111062,0.07054192
2024-03-06 05:00:00,NVDA,NVDA_1047,0.0246674590227526,0.04487936
2024-03-07 05:00:00,NVDA,NVDA_1047,-0.0509879090038118,0.028303176
2024-03-08 05:00:00,NVDA,NVDA_1052,0.0035302772637453,0.12633331
2024-03-11 04:00:00,NVDA,NVDA_1052,0.0312565543287699,0.13302046
2024-03-12 04:00:00,NVDA,NVDA_1052,-0.0273628250033762,0.018896833
2024-03-13 04:00:00,NVDA,NVDA_1052,-0.0056773043477675,0.06292045
2024-03-14 04:00:00,NVDA,NVDA_1052,0.0396956848080802,0.121333964
2024-03-15 04:00:00,NVDA,NVDA_1057,0.0734542803938271,0.063993074
2024-03-18 04:00:00,NVDA,NVDA_1057,0.0740150012411622,0.09573348
2024-03-19 04:00:00,NVDA,NVDA_1057,0.0353810408723647,0.09348173
2024-03-20 04:00:00,NVDA,NVDA_1057,-0.0013499938667341,0.08907353
2024-03-21 04:00:00,NVDA,NVDA_1057,-0.0118006756689101,0.095310494
2024-03-22 04:00:00,NVDA,NVDA_1062,-0.0416379688134173,-0.0007289674
2024-03-25 04:00:00,NVDA,NVDA_1062,-0.0584197752315233,0.008439839
2024-03-26 04:00:00,NVDA,NVDA_1062,-0.0388608618996377,0.03779541
2024-03-27 04:00:00,NVDA,NVDA_1062,-0.048144057847126,0.07760601
2024-03-28 04:00:00,NVDA,NVDA_1062,-0.025986093892989,0.06712364
2024-04-01 04:00:00,NVDA,NVDA_1067,-0.0357446716535269,-0.02742424
2024-04-02 04:00:00,NVDA,NVDA_1067,-0.045812357943557,-0.034293424
2024-04-03 04:00:00,NVDA,NVDA_1067,-0.0216379152209615,-0.034814868
2024-04-04 04:00:00,NVDA,NVDA_1067,0.0548396321762314,-0.028032016
2024-04-05 04:00:00,NVDA,NVDA_1067,0.0020224725919419,-0.02538503
2024-04-08 04:00:00,NVDA,NVDA_1072,-0.0129916764274544,0.0025792085
2024-04-09 04:00:00,NVDA,NVDA_1072,0.0241465511701031,0.020847999
2024-04-10 04:00:00,NVDA,NVDA_1072,-0.0345132383434767,0.016795509
2024-04-11 04:00:00,NVDA,NVDA_1072,-0.0656065139822281,-0.027074309
2024-04-12 04:00:00,NVDA,NVDA_1072,-0.1359172710807387,0.0022301362
2024-04-15 04:00:00,NVDA,NVDA_1077,-0.0753828647387055,-0.09563224
2024-04-16 04:00:00,NVDA,NVDA_1077,-0.057106953523403,-0.096530855
2024-04-17 04:00:00,NVDA,NVDA_1077,-0.05185936239745,-0.06479448
2024-04-18 04:00:00,NVDA,NVDA_1077,-0.0240813725215459,-0.06407647
2024-04-19 04:00:00,NVDA,NVDA_1077,0.1513780068776691,-0.018620303
2024-04-22 04:00:00,NVDA,NVDA_1082,0.1036118397905778,0.0969058
2024-04-23 04:00:00,NVDA,NVDA_1082,0.0482754094633819,0.0941652
2024-04-24 04:00:00,NVDA,NVDA_1082,0.0422204441761628,0.122709304
2024-04-25 04:00:00,NVDA,NVDA_1082,0.038544358272037,0.089424655
2024-04-26 04:00:00,NVDA,NVDA_1082,0.0120134592484157,0.07804121
2024-04-29 04:00:00,NVDA,NVDA_1087,0.0499446815236288,0.019020084
2024-04-30 04:00:00,NVDA,NVDA_1087,0.0480544478914264,0.035699815
2024-05-01 04:00:00,NVDA,NVDA_1087,0.0887634080124215,0.033841908
2024-05-02 04:00:00,NVDA,NVDA_1087,0.0341424223560629,0.017035425
2024-05-03 04:00:00,NVDA,NVDA_1087,0.0122649975699773,-0.017699854
2024-05-06 04:00:00,NVDA,NVDA_1092,-0.0188951305186214,-0.014948444
2024-05-07 04:00:00,NVDA,NVDA_1092,0.0088566153406486,-0.03350063
2024-05-08 04:00:00,NVDA,NVDA_1092,0.0466530390915742,-0.01650054
2024-05-09 04:00:00,NVDA,NVDA_1092,0.0632359336936361,-0.011043601
2024-05-10 04:00:00,NVDA,NVDA_1092,0.0289392061738695,-0.012410349
2024-05-13 04:00:00,NVDA,NVDA_1097,0.0484628879028705,-0.0040438157
2024-05-14 04:00:00,NVDA,NVDA_1097,0.0441131250869575,-0.0014329341
2024-05-15 04:00:00,NVDA,NVDA_1097,0.0033815883346937,-0.01084148
2024-05-16 04:00:00,NVDA,NVDA_1097,0.1000434757192112,0.005589884
2024-05-17 04:00:00,NVDA,NVDA_1097,0.1512776528335362,-0.034922972
2024-05-20 04:00:00,NVDA,NVDA_1102,0.2017408993831122,0.09878913
2024-05-21 04:00:00,NVDA,NVDA_1102,0.2037929574353283,0.11260492
2024-05-22 04:00:00,NVDA,NVDA_1102,0.1637704428809427,0.11819539
2024-05-23 04:00:00,NVDA,NVDA_1102,0.0562047749148979,0.024228018
2024-05-24 04:00:00,NVDA,NVDA_1102,0.080126591666634,0.044400983
2024-05-28 04:00:00,NVDA,NVDA_1107,0.0222649095412275,0.050825093
2024-05-29 04:00:00,NVDA,NVDA_1107,0.0663183600744752,0.09337606
2024-05-30 04:00:00,NVDA,NVDA_1107,0.095004534829256,0.08661568
2024-05-31 04:00:00,NVDA,NVDA_1107,0.1026606671469787,0.088141985
2024-06-03 04:00:00,NVDA,NVDA_1107,0.0590434862219768,0.053604964
2024-06-04 04:00:00,NVDA,NVDA_1112,0.0384156869220391,0.060154367
2024-06-05 04:00:00,NVDA,NVDA_1112,0.0225416077409568,0.023427987
2024-06-06 04:00:00,NVDA,NVDA_1112,0.0711747254791308,0.032823183
2024-06-07 04:00:00,NVDA,NVDA_1112,0.0909271751549636,0.07760395
2024-06-10 04:00:00,NVDA,NVDA_1112,0.0754577119872577,0.07485524
2024-06-11 04:00:00,NVDA,NVDA_1117,0.1213298959938959,0.08882301
2024-06-12 04:00:00,NVDA,NVDA_1117,0.044568705807249,0.06697286
2024-06-13 04:00:00,NVDA,NVDA_1117,-0.0234549872788485,0.049897913
2024-06-14 04:00:00,NVDA,NVDA_1117,-0.1044131313514649,0.042392187
2024-06-17 04:00:00,NVDA,NVDA_1117,-0.0373339406715241,0.06874999
2024-06-18 04:00:00,NVDA,NVDA_1122,-0.0677091029738656,-0.08592393
2024-06-20 04:00:00,NVDA,NVDA_1122,-0.0519192611936485,0.093879
2024-06-21 04:00:00,NVDA,NVDA_1122,-0.0239393125274754,0.093542844
2024-06-24 04:00:00,NVDA,NVDA_1122,0.0524087918839932,-0.014572201
2024-06-25 04:00:00,NVDA,NVDA_1122,-0.0271234694922231,-0.013879708
2024-06-26 04:00:00,NVDA,NVDA_1127,0.0148733958126816,0.018011853
2024-06-27 04:00:00,NVDA,NVDA_1127,0.0148399386965616,0.027144788
2024-06-28 04:00:00,NVDA,NVDA_1127,0.0377205439386485,0.031950157
2024-07-01 04:00:00,NVDA,NVDA_1127,0.0569589835658059,0.03758817
2024-07-02 04:00:00,NVDA,NVDA_1127,0.0997799435547939,0.02874442
2024-07-03 04:00:00,NVDA,NVDA_1132,-0.0068599724180851,0.024588954
2024-07-05 04:00:00,NVDA,NVDA_1132,0.0271000843398843,0.044802435
2024-07-08 04:00:00,NVDA,NVDA_1132,0.0018721177759539,0.040352497
2024-07-09 04:00:00,NVDA,NVDA_1132,-0.0382098042768277,0.029577864
2024-07-10 04:00:00,NVDA,NVDA_1132,-0.1254169842046486,0.047267493
2024-07-11 04:00:00,NVDA,NVDA_1137,-0.0495290825150148,0.04926773
2024-07-12 04:00:00,NVDA,NVDA_1137,-0.0875116427365557,0.005414548
2024-07-15 04:00:00,NVDA,NVDA_1137,-0.0381501201552395,0.009846316
2024-07-16 04:00:00,NVDA,NVDA_1137,-0.0298354246142041,-0.060672026
2024-07-17 04:00:00,NVDA,NVDA_1137,-0.0316975839603599,0.024028368
2024-07-18 04:00:00,NVDA,NVDA_1142,-0.0727557835084101,0.041900903
2024-07-19 04:00:00,NVDA,NVDA_1142,-0.0412957070633389,0.050106667
2024-07-22 04:00:00,NVDA,NVDA_1142,-0.0967298404490684,0.023920916
2024-07-23 04:00:00,NVDA,NVDA_1142,-0.153846101185727,-0.0034132705
2024-07-24 04:00:00,NVDA,NVDA_1142,0.0242450472040822,0.07354741
2024-07-25 04:00:00,NVDA,NVDA_1147,-0.027342355969016,0.04526883
2024-07-26 04:00:00,NVDA,NVDA_1147,-0.0512117551791619,0.031814374
2024-07-29 04:00:00,NVDA,NVDA_1147,-0.0998297316536949,0.060122464
2024-07-30 04:00:00,NVDA,NVDA_1147,0.0050129820325668,0.062461335
2024-07-31 04:00:00,NVDA,NVDA_1147,-0.1547598145656764,0.01723624
2024-08-01 04:00:00,NVDA,NVDA_1152,-0.0388242642552348,-0.02667744
2024-08-02 04:00:00,NVDA,NVDA_1152,-0.0234920921220079,-0.024439314
2024-08-05 04:00:00,NVDA,NVDA_1152,0.0853160772044621,-0.034850236
2024-08-06 04:00:00,NVDA,NVDA_1152,0.1140527519390737,-0.077550285
2024-08-07 04:00:00,NVDA,NVDA_1152,0.1938125311817067,0.11198318
2024-08-08 04:00:00,NVDA,NVDA_1157,0.1704296387692145,0.10542737
2024-08-09 04:00:00,NVDA,NVDA_1157,0.1893078933752237,0.15034753
2024-08-12 04:00:00,NVDA,NVDA_1157,0.1924417905241966,0.09915189
2024-08-13 04:00:00,NVDA,NVDA_1157,0.0956604156082145,0.06789424
2024-08-14 04:00:00,NVDA,NVDA_1157,0.0882452405772651,0.123213716
2024-08-15 04:00:00,NVDA,NVDA_1162,0.0071626017340571,0.08324965
2024-08-16 04:00:00,NVDA,NVDA_1162,0.038449134818834,0.08912752
2024-08-19 04:00:00,NVDA,NVDA_1162,-0.0272307762732872,-0.0752728
2024-08-20 04:00:00,NVDA,NVDA_1162,0.0082514974597862,-0.027283832
2024-08-21 04:00:00,NVDA,NVDA_1162,-0.0224902676237233,-0.088712126
2024-08-22 04:00:00,NVDA,NVDA_1167,-0.0497009991276198,-0.0015940905
2024-08-23 04:00:00,NVDA,NVDA_1167,-0.077297617284032,-0.0856317
2024-08-26 04:00:00,NVDA,NVDA_1167,-0.145975005678608,0.00948889
2024-08-27 04:00:00,NVDA,NVDA_1167,-0.1721746176293836,-0.08293351
2024-08-28 04:00:00,NVDA,NVDA_1167,-0.1464851638919788,0.011446138
2024-08-29 04:00:00,NVDA,NVDA_1172,-0.1255208348201971,-0.052616224
2024-08-30 04:00:00,NVDA,NVDA_1172,-0.108067363902681,-0.10056265
2024-09-03 04:00:00,NVDA,NVDA_1172,0.0009259117974176,0.005940265
2024-09-04 04:00:00,NVDA,NVDA_1172,0.1007438534024147,0.035014436
2024-09-05 04:00:00,NVDA,NVDA_1172,0.111276936918691,0.011997567
2024-09-06 04:00:00,NVDA,NVDA_1177,0.1582222732019136,0.08455565
2024-09-09 04:00:00,NVDA,NVDA_1177,0.0968347651017869,0.058089938
2024-09-10 04:00:00,NVDA,NVDA_1177,0.0692876777936553,0.0730877
2024-09-11 04:00:00,NVDA,NVDA_1177,-0.0302797092176864,0.055619128
2024-09-12 04:00:00,NVDA,NVDA_1177,-0.0106596999292644,-0.04073799
2024-09-13 04:00:00,NVDA,NVDA_1182,-0.0260285349608521,0.006477641
2024-09-16 04:00:00,NVDA,NVDA_1182,-0.0044527885639829,0.009090716
2024-09-17 04:00:00,NVDA,NVDA_1182,0.0456787488188596,0.010727438
2024-09-18 04:00:00,NVDA,NVDA_1182,0.0894416436798943,0.012798205
2024-09-19 04:00:00,NVDA,NVDA_1182,0.0523457879458157,-0.0064999997
2024-09-20 04:00:00,NVDA,NVDA_1187,0.0465517372920596,0.049825285
2024-09-23 04:00:00,NVDA,NVDA_1187,0.0445553088766157,0.047865395
2024-09-24 04:00:00,NVDA,NVDA_1187,-0.0320178924351971,0.035559572
2024-09-25 04:00:00,NVDA,NVDA_1187,-0.0377297674804462,0.018944394
2024-09-26 04:00:00,NVDA,NVDA_1187,-0.0095936990698399,0.014408851
2024-09-27 04:00:00,NVDA,NVDA_1192,0.0289950296443453,-0.028968606
2024-09-30 04:00:00,NVDA,NVDA_1192,0.051712768882123,-0.025316091
2024-10-01 04:00:00,NVDA,NVDA_1192,0.1358119605952858,-0.025276003
2024-10-02 04:00:00,NVDA,NVDA_1192,0.1161127101349366,-0.026875926
2024-10-03 04:00:00,NVDA,NVDA_1192,0.0973544911113051,-0.09110142
2024-10-04 04:00:00,NVDA,NVDA_1197,0.0790906582423296,0.10116676
2024-10-07 04:00:00,NVDA,NVDA_1197,0.0810366896695418,0.0953885
2024-10-08 04:00:00,NVDA,NVDA_1197,-0.0097072262176057,0.06384147
2024-10-09 04:00:00,NVDA,NVDA_1197,0.0231436672859139,0.05411023
2024-10-10 04:00:00,NVDA,NVDA_1197,0.0157258004271239,0.040928517
2024-10-11 04:00:00,NVDA,NVDA_1202,0.0237388492269805,-0.015934171
2024-10-14 04:00:00,NVDA,NVDA_1202,0.040848838201366,-0.037337482
2024-10-15 04:00:00,NVDA,NVDA_1202,0.0911093440599368,0.0015913061
2024-10-16 04:00:00,NVDA,NVDA_1202,0.0282935182976173,-0.02516239
2024-10-17 04:00:00,NVDA,NVDA_1202,0.0254145269295966,-0.01790549
2024-10-18 04:00:00,NVDA,NVDA_1207,0.025652125261832,0.01452075
2024-10-21 04:00:00,NVDA,NVDA_1207,-0.0221974969895984,-0.001203037
2024-10-22 04:00:00,NVDA,NVDA_1207,-0.0162963743824063,0.02358645
2024-10-23 04:00:00,NVDA,NVDA_1207,-0.0015763916921162,0.018514404
2024-10-24 04:00:00,NVDA,NVDA_1207,-0.0544833626931799,0.022732142
2024-10-25 04:00:00,NVDA,NVDA_1212,-0.0433799610067523,-0.04499712
2024-10-28 04:00:00,NVDA,NVDA_1212,-0.03181042616563,-0.042681307
2024-10-29 04:00:00,NVDA,NVDA_1212,-0.0094866997372787,-0.04790062
2024-10-30 04:00:00,NVDA,NVDA_1212,0.0449978788377214,0.025262902
2024-10-31 04:00:00,NVDA,NVDA_1212,0.1214221982748464,0.09764117
2024-11-01 04:00:00,NVDA,NVDA_1217,0.0903250482838144,0.09779359
2024-11-04 05:00:00,NVDA,NVDA_1217,0.0676956357845457,0.07278699
2024-11-05 05:00:00,NVDA,NVDA_1217,0.0598955714722271,0.048063647
2024-11-06 05:00:00,NVDA,NVDA_1217,0.0045326808553178,0.008717831
2024-11-07 05:00:00,NVDA,NVDA_1217,-0.0142397253254074,0.016210934
2024-11-08 05:00:00,NVDA,NVDA_1222,-0.0382714148100067,-0.008112468
2024-11-11 05:00:00,NVDA,NVDA_1222,-0.03517830650965,0.053737946
2024-11-12 05:00:00,NVDA,NVDA_1222,-0.0086317272725682,-0.007368968
2024-11-13 05:00:00,NVDA,NVDA_1222,-0.0025979686313856,0.058295887
2024-11-14 05:00:00,NVDA,NVDA_1222,-0.0006132211860121,0.050009273
2024-11-15 05:00:00,NVDA,NVDA_1227,-0.0002112887744724,0.060473014
2024-11-18 05:00:00,NVDA,NVDA_1227,-0.0294683539342418,0.086475246
2024-11-19 05:00:00,NVDA,NVDA_1227,-0.0686347644031878,0.06007788
2024-11-20 05:00:00,NVDA,NVDA_1227,-0.0723147789149033,0.05495528
2024-11-21 05:00:00,NVDA,NVDA_1227,-0.0574077744191865,0.05399092
2024-11-22 05:00:00,NVDA,NVDA_1232,-0.0233884616893667,0.030859206
2024-11-25 05:00:00,NVDA,NVDA_1232,0.0311718137126499,0.044295635
2024-11-26 05:00:00,NVDA,NVDA_1232,0.0600350666858795,0.027267868
2024-11-27 05:00:00,NVDA,NVDA_1232,0.0718191331735824,0.020661883
2024-11-29 05:00:00,NVDA,NVDA_1232,0.0303074317642404,0.025978062
2024-12-02 05:00:00,NVDA,NVDA_1237,0.0012983673767694,0.036374997
2024-12-03 05:00:00,NVDA,NVDA_1237,-0.0370026193203952,0.020920902
2024-12-04 05:00:00,NVDA,NVDA_1237,-0.0401681263302422,0.040376887
2024-12-05 05:00:00,NVDA,NVDA_1237,-0.0532193668180974,0.037245367
2024-12-06 05:00:00,NVDA,NVDA_1237,-0.0574979100044263,0.023625117
2024-12-09 05:00:00,NVDA,NVDA_1242,-0.0490598492786454,-0.047178812
2024-12-10 05:00:00,NVDA,NVDA_1242,-0.0346487575390185,-0.0125996675
2024-12-11 05:00:00,NVDA,NVDA_1242,-0.0746536076286279,-0.011459841
2024-12-12 05:00:00,NVDA,NVDA_1242,-0.0484928195696474,-0.009782023
2024-12-13 05:00:00,NVDA,NVDA_1242,0.0033519325753608,0.025613388
2024-12-16 05:00:00,NVDA,NVDA_1247,0.058106046734434,0.014390722
2024-12-17 05:00:00,NVDA,NVDA_1247,0.075389231360293,0.027681025
2024-12-18 05:00:00,NVDA,NVDA_1247,0.0854859103297891,0.035297
2024-12-19 05:00:00,NVDA,NVDA_1247,0.0484389515291716,0.028454956
2024-12-20 05:00:00,NVDA,NVDA_1247,0.020712758783461,0.033583418
2020-12-31 05:00:00,NVDA,NVDA_252,0.0169857756063924,0.008360454
2021-01-04 05:00:00,NVDA,NVDA_252,0.0387387339559481,0.0029846556
2021-01-05 05:00:00,NVDA,NVDA_252,0.0059680280855747,-0.014356253
2021-01-06 05:00:00,NVDA,NVDA_252,0.0727139146408379,0.0497113
2021-01-07 05:00:00,NVDA,NVDA_252,-0.0107726462990304,-0.015956178
2021-01-08 05:00:00,NVDA,NVDA_257,-0.0314270956215705,0.01949475
2021-01-11 05:00:00,NVDA,NVDA_257,-0.0437726814018559,-0.005647298
2021-01-12 05:00:00,NVDA,NVDA_257,-0.0088247452135941,-0.0001702258
2021-01-13 05:00:00,NVDA,NVDA_257,0.0248120595376664,0.009696164
2021-01-14 05:00:00,NVDA,NVDA_257,0.0388060801367484,0.00326061
2021-01-15 05:00:00,NVDA,NVDA_262,0.0617247803960838,0.035065897
2021-01-19 05:00:00,NVDA,NVDA_262,0.0314773101263621,0.014471379
2021-01-20 05:00:00,NVDA,NVDA_262,-0.0335185039177651,-0.016704064
2021-01-21 05:00:00,NVDA,NVDA_262,-0.0588787197251822,-0.016797697
2021-01-22 05:00:00,NVDA,NVDA_262,-0.0527073640976678,-0.013700335
2021-01-25 05:00:00,NVDA,NVDA_267,-0.0304871941197795,-0.033631533
2021-01-26 05:00:00,NVDA,NVDA_267,0.0090433756503196,-0.034827143
2021-01-27 05:00:00,NVDA,NVDA_267,0.0474347340981626,0.0684939
2021-01-28 05:00:00,NVDA,NVDA_267,0.0469887939063053,0.032074388
2021-01-29 05:00:00,NVDA,NVDA_267,0.0462864719537998,0.033768617
2021-02-01 05:00:00,NVDA,NVDA_272,0.0907871692516448,0.0056365672
2021-02-02 05:00:00,NVDA,NVDA_272,0.0521142632193813,-0.04557561
2021-02-03 05:00:00,NVDA,NVDA_272,0.0911828352302033,-0.028842118
2021-02-04 05:00:00,NVDA,NVDA_272,0.1161058360881364,-0.030744968
2021-02-05 05:00:00,NVDA,NVDA_272,0.1008204504379841,-0.024110436
2021-02-08 05:00:00,NVDA,NVDA_277,0.0617435375542092,-0.07320851
2021-02-09 05:00:00,NVDA,NVDA_277,0.0450633460509963,-0.043694105
2021-02-10 05:00:00,NVDA,NVDA_277,0.0043856391118188,-0.07892301
2021-02-11 05:00:00,NVDA,NVDA_277,-0.0212612019958015,-0.080657735
2021-02-12 05:00:00,NVDA,NVDA_277,-0.0404712312742318,-0.07468329
2021-02-16 05:00:00,NVDA,NVDA_282,-0.0775101257037975,-0.035141803
2021-02-17 05:00:00,NVDA,NVDA_282,-0.0273044772532746,-0.03751297
2021-02-18 05:00:00,NVDA,NVDA_282,-0.102603043963169,-0.03920567
2021-02-19 05:00:00,NVDA,NVDA_282,-0.0811978606619016,-0.024014704
2021-02-22 05:00:00,NVDA,NVDA_282,-0.0358044641317948,-0.024076378
2021-02-23 05:00:00,NVDA,NVDA_287,-0.0520258936532442,-0.029405398
2021-02-24 05:00:00,NVDA,NVDA_287,-0.1168528312564709,-0.04132073
2021-02-25 05:00:00,NVDA,NVDA_287,-0.0704302194543828,0.029796494
2021-02-26 05:00:00,NVDA,NVDA_287,-0.0913631718520439,-0.005810339
2021-03-01 05:00:00,NVDA,NVDA_287,-0.1624433215997076,-0.01620899
2021-03-02 05:00:00,NVDA,NVDA_292,-0.0660885541866986,-0.004157907
2021-03-03 05:00:00,NVDA,NVDA_292,-0.0262793226121519,0.057934918
2021-03-04 05:00:00,NVDA,NVDA_292,0.0503829769256336,0.070091516
2021-03-05 05:00:00,NVDA,NVDA_292,0.0316574869344745,0.18664722
2021-03-08 05:00:00,NVDA,NVDA_292,0.1378387885101548,0.16823253
2021-03-09 05:00:00,NVDA,NVDA_297,0.0615802311227675,0.1266097
2021-03-10 05:00:00,NVDA,NVDA_297,0.0700178554109451,0.13660705
2021-03-11 05:00:00,NVDA,NVDA_297,-0.0208565754830649,0.116375506
2021-03-12 05:00:00,NVDA,NVDA_297,-0.0007973002174327,0.10533149
2021-03-15 04:00:00,NVDA,NVDA_297,-0.0003790478156926,0.09766682
2021-03-16 04:00:00,NVDA,NVDA_302,-0.0165898608914502,-0.011281279
2021-03-17 04:00:00,NVDA,NVDA_302,-0.0523377306179752,-0.0027309342
2021-03-18 04:00:00,NVDA,NVDA_302,-0.0147180302279343,0.027332647
2021-03-19 04:00:00,NVDA,NVDA_302,-0.0005060229425277,-0.0002762836
2021-03-22 04:00:00,NVDA,NVDA_302,-0.0180490981815367,-0.012823622
2021-03-23 04:00:00,NVDA,NVDA_307,-0.0152248612344886,-0.006691464
2021-03-24 04:00:00,NVDA,NVDA_307,0.0557819156551491,0.005675937
2021-03-25 04:00:00,NVDA,NVDA_307,0.1018328897650531,0.04092999
2021-03-26 04:00:00,NVDA,NVDA_307,0.0894328418429599,0.0061339946
2021-03-29 04:00:00,NVDA,NVDA_307,0.0705307653464359,0.015247012
2021-03-30 04:00:00,NVDA,NVDA_312,0.0988016751564495,0.06330904
2021-03-31 04:00:00,NVDA,NVDA_312,0.0725750545398169,0.033360746
2021-04-01 04:00:00,NVDA,NVDA_312,0.0425904891846598,-0.045679554
2021-04-05 04:00:00,NVDA,NVDA_312,0.0873279303948324,-0.038290597
2021-04-06 04:00:00,NVDA,NVDA_312,0.1311546274068729,-0.03747283
2021-04-07 04:00:00,NVDA,NVDA_317,0.0801428269445438,0.044007864
2021-04-08 04:00:00,NVDA,NVDA_317,0.1271390976950286,0.045046937
2021-04-09 04:00:00,NVDA,NVDA_317,0.1050347779866003,0.032192443
2021-04-12 04:00:00,NVDA,NVDA_317,0.0100433966031159,0.023348907
2021-04-13 04:00:00,NVDA,NVDA_317,-0.0324148917347433,-0.026507705
2021-04-14 04:00:00,NVDA,NVDA_322,0.0054657266552369,-0.035790432
2021-04-15 04:00:00,NVDA,NVDA_322,-0.0797534018701111,-0.050246827
2021-04-16 04:00:00,NVDA,NVDA_322,-0.0406755795732646,-0.052138213
2021-04-19 04:00:00,NVDA,NVDA_322,0.0075674998488324,-0.03387322
2021-04-20 04:00:00,NVDA,NVDA_322,0.013874912002979,-0.05329377
2021-04-21 04:00:00,NVDA,NVDA_327,-0.0054523435410411,-0.020231219
2021-04-22 04:00:00,NVDA,NVDA_327,0.0319523034731914,-0.0002312141
2021-04-23 04:00:00,NVDA,NVDA_327,-0.0167537808209334,-0.032605216
2021-04-26 04:00:00,NVDA,NVDA_327,-0.0414297499442232,-0.031532973
2021-04-27 04:00:00,NVDA,NVDA_327,-0.066995004133565,-0.017900907
2021-04-28 04:00:00,NVDA,NVDA_332,-0.0535617669526863,-0.04604264
2021-04-29 04:00:00,NVDA,NVDA_332,-0.0523173419402936,-0.056242764
2021-04-30 04:00:00,NVDA,NVDA_332,-0.0131416381926195,-0.04184186
2021-05-03 04:00:00,NVDA,NVDA_332,-0.0384855239865633,-0.04768433
2021-05-04 04:00:00,NVDA,NVDA_332,-0.0031356207473819,-0.04573936
2021-05-05 04:00:00,NVDA,NVDA_337,-0.0484144146140754,-0.054828875
2021-05-06 04:00:00,NVDA,NVDA_337,-0.0590614854323175,-0.10072604
2021-05-07 04:00:00,NVDA,NVDA_337,-0.0384310352265067,-0.099491045
2021-05-10 04:00:00,NVDA,NVDA_337,-0.0070273378282357,-0.045603167
2021-05-11 04:00:00,NVDA,NVDA_337,-0.0203057890740666,-0.06579016
2021-05-12 04:00:00,NVDA,NVDA_342,0.0223316510283304,0.009302087
2021-05-13 04:00:00,NVDA,NVDA_342,0.0693181887177052,0.0075234235
2021-05-14 04:00:00,NVDA,NVDA_342,0.0525696644925151,0.0023723529
2021-05-17 04:00:00,NVDA,NVDA_342,0.1021143489562768,0.0019192667
2021-05-18 04:00:00,NVDA,NVDA_342,0.1164404314772846,0.041390568
2021-05-19 04:00:00,NVDA,NVDA_347,0.1161864580994191,0.09015762
2021-05-20 04:00:00,NVDA,NVDA_347,0.0599144372225166,0.03921299
2021-05-21 04:00:00,NVDA,NVDA_347,0.0835625902791661,0.026361309
2021-05-24 04:00:00,NVDA,NVDA_347,0.0417947206932232,0.022242645
2021-05-25 04:00:00,NVDA,NVDA_347,0.0722467988655433,0.032561272
2021-05-26 04:00:00,NVDA,NVDA_352,0.0808757743212922,0.0632834
2021-05-27 04:00:00,NVDA,NVDA_352,0.1349593866386458,0.03014103
2021-05-28 04:00:00,NVDA,NVDA_352,0.0846132747573149,-0.012327067
2021-06-01 04:00:00,NVDA,NVDA_352,0.0733192592903577,-0.030039899
2021-06-02 04:00:00,NVDA,NVDA_352,0.034568559454837,-0.024242548
2021-06-03 04:00:00,NVDA,NVDA_357,0.0268271365879602,0.0189515
2021-06-04 04:00:00,NVDA,NVDA_357,0.0140514401698077,0.014997285
2021-06-07 04:00:00,NVDA,NVDA_357,0.0226885616453926,-0.022940723
2021-06-08 04:00:00,NVDA,NVDA_357,0.0189894647318065,-0.029053867
2021-06-09 04:00:00,NVDA,NVDA_357,0.0260394724726236,-0.034637846
2021-06-10 04:00:00,NVDA,NVDA_362,0.0707173754706531,0.02768272
2021-06-11 04:00:00,NVDA,NVDA_362,0.0456374761718525,0.026422702
2021-06-14 04:00:00,NVDA,NVDA_362,0.0226708672179378,0.040811613
2021-06-15 04:00:00,NVDA,NVDA_362,0.0617392948133648,0.016944097
2021-06-16 04:00:00,NVDA,NVDA_362,0.070015849727449,0.045683373
2021-06-17 04:00:00,NVDA,NVDA_367,0.0293853710759151,-0.016638812
2021-06-18 04:00:00,NVDA,NVDA_367,0.0210448693946514,0.050767835
2021-06-21 04:00:00,NVDA,NVDA_367,0.0845351699056407,0.044354524
2021-06-22 04:00:00,NVDA,NVDA_367,0.0603598470465243,0.024928307
2021-06-23 04:00:00,NVDA,NVDA_367,0.0496006250120728,0.049211062
2021-06-24 04:00:00,NVDA,NVDA_372,0.0524068762871539,0.030565474
2021-06-25 04:00:00,NVDA,NVDA_372,0.0765067187159398,0.06666946
2021-06-28 04:00:00,NVDA,NVDA_372,0.0357017286676639,-0.019281972
2021-06-29 04:00:00,NVDA,NVDA_372,0.0172269241703519,-0.019207625
2021-06-30 04:00:00,NVDA,NVDA_372,-0.0049869024439712,-0.02106696
2021-07-01 04:00:00,NVDA,NVDA_377,-0.0080027109792112,0.03413635
2021-07-02 04:00:00,NVDA,NVDA_377,0.0012447528593007,0.027621116
2021-07-06 04:00:00,NVDA,NVDA_377,-0.0216682216831498,0.032397
2021-07-07 04:00:00,NVDA,NVDA_377,-0.0260287188137366,0.062435422
2021-07-08 04:00:00,NVDA,NVDA_377,-0.0470538266620653,0.07298854
2021-07-09 04:00:00,NVDA,NVDA_382,-0.0942257521210071,-0.03089827
2021-07-12 04:00:00,NVDA,NVDA_382,-0.0844728762714029,-0.017419327
2021-07-13 04:00:00,NVDA,NVDA_382,-0.0808889130015432,-0.027055832
2021-07-14 04:00:00,NVDA,NVDA_382,-0.0217473223194836,-0.026350986
2021-07-15 04:00:00,NVDA,NVDA_382,0.0330982885074755,-0.030187463
2021-07-16 04:00:00,NVDA,NVDA_387,0.076923149632299,0.020906758
2021-07-19 04:00:00,NVDA,NVDA_387,0.0273832068623212,0.0016325855
2021-07-20 04:00:00,NVDA,NVDA_387,0.0320223880841741,-0.014016253
2021-07-21 04:00:00,NVDA,NVDA_387,0.0047913659308813,0.012467106
2021-07-22 04:00:00,NVDA,NVDA_387,0.003470490657019,0.009883672
2021-07-23 04:00:00,NVDA,NVDA_392,-0.0030166690640992,-0.0057706176
2021-07-26 04:00:00,NVDA,NVDA_392,0.0236342572615224,0.0038505814
2021-07-27 04:00:00,NVDA,NVDA_392,0.0316014340465302,0.031351715
2021-07-28 04:00:00,NVDA,NVDA_392,0.0395323744138129,0.04650389
2021-07-29 04:00:00,NVDA,NVDA_392,0.0495879585792415,0.021145664
2021-07-30 04:00:00,NVDA,NVDA_397,0.0444637493235904,0.029969722
2021-08-02 04:00:00,NVDA,NVDA_397,0.0275949405718454,0.04162265
2021-08-03 04:00:00,NVDA,NVDA_397,0.0061064994527262,0.04328574
2021-08-04 04:00:00,NVDA,NVDA_397,-0.028361485556825,0.017972993
2021-08-05 04:00:00,NVDA,NVDA_397,-0.0354701979189685,0.05346167
2021-08-06 04:00:00,NVDA,NVDA_402,-0.0087400325670941,-0.015002526
2021-08-09 04:00:00,NVDA,NVDA_402,-0.0169992270045604,-0.01709763
2021-08-10 04:00:00,NVDA,NVDA_402,-0.0239767566770114,-0.002565984
2021-08-11 04:00:00,NVDA,NVDA_402,-0.0334533991211614,-0.006449588
2021-08-12 04:00:00,NVDA,NVDA_402,-0.0053755512314016,-0.005688199
2021-08-13 04:00:00,NVDA,NVDA_407,0.0311076019389424,-0.014166726
2021-08-16 04:00:00,NVDA,NVDA_407,0.1006515961591449,-0.009935907
2021-08-17 04:00:00,NVDA,NVDA_407,0.120002007529018,0.004115354
2021-08-18 04:00:00,NVDA,NVDA_407,0.166649069105722,0.021185193
2021-08-19 04:00:00,NVDA,NVDA_407,0.1146580674448793,0.0091632195
2021-08-20 04:00:00,NVDA,NVDA_412,0.0874327294464996,0.053451605
2021-08-23 04:00:00,NVDA,NVDA_412,0.0332452653314938,0.032879528
2021-08-24 04:00:00,NVDA,NVDA_412,0.0271647309319396,0.011736755
2021-08-25 04:00:00,NVDA,NVDA_412,0.0102642888220334,0.00017856847
2021-08-26 04:00:00,NVDA,NVDA_412,0.0148631096246598,0.008654787
2021-08-27 04:00:00,NVDA,NVDA_417,0.0091447577024283,0.013161817
2021-08-30 04:00:00,NVDA,NVDA_417,-0.0011459392422695,0.019238483
2021-08-31 04:00:00,NVDA,NVDA_417,-0.0020549263572574,0.017593905
2021-09-01 04:00:00,NVDA,NVDA_417,-0.0117641789200281,0.024168456
2021-09-02 04:00:00,NVDA,NVDA_417,0.0036614008196591,0.023063961
2021-09-03 04:00:00,NVDA,NVDA_422,-0.0302499659536229,0.0031322362
2021-09-07 04:00:00,NVDA,NVDA_422,-0.0185332302591905,0.007018957
2021-09-08 04:00:00,NVDA,NVDA_422,8.948033951305945e-05,-0.001930441
2021-09-09 04:00:00,NVDA,NVDA_422,0.0029309885883324,-0.006530377
2021-09-10 04:00:00,NVDA,NVDA_422,-0.0257140762460851,-0.01299554
2021-09-13 04:00:00,NVDA,NVDA_427,-0.046903193276269,-0.01152056
2021-09-14 04:00:00,NVDA,NVDA_427,-0.0447801575376285,-0.018289069
2021-09-15 04:00:00,NVDA,NVDA_427,-0.0179042847515068,-0.02892454
2021-09-16 04:00:00,NVDA,NVDA_427,0.0107903859752509,0.013530539
2021-09-17 04:00:00,NVDA,NVDA_427,0.0082648291786369,0.036297575
2021-09-20 04:00:00,NVDA,NVDA_432,0.0259081587234162,0.042435534
2021-09-21 04:00:00,NVDA,NVDA_432,-0.0257460640847945,0.057453707
2021-09-22 04:00:00,NVDA,NVDA_432,-0.064901316593012,0.054837167
2021-09-23 04:00:00,NVDA,NVDA_432,-0.0785517623037431,0.029170835
2021-09-24 04:00:00,NVDA,NVDA_432,-0.0606403166746467,0.054036774
2021-09-27 04:00:00,NVDA,NVDA_437,-0.0890119810730429,-0.031053564
2021-09-28 04:00:00,NVDA,NVDA_437,-0.0119812164072715,0.0061360383
2021-09-29 04:00:00,NVDA,NVDA_437,0.008919460096793,0.02829786
2021-09-30 04:00:00,NVDA,NVDA_437,0.0173296566201552,0.022299286
2021-10-01 04:00:00,NVDA,NVDA_437,0.0042907526789961,0.030494431
2021-10-04 04:00:00,NVDA,NVDA_442,0.0488039391214383,0.024474837
2021-10-05 04:00:00,NVDA,NVDA_442,0.0107573864875294,0.011845376
2021-10-06 04:00:00,NVDA,NVDA_442,0.0115458166317476,0.029952854
2021-10-07 04:00:00,NVDA,NVDA_442,0.0318386478143097,0.0632489
2021-10-08 04:00:00,NVDA,NVDA_442,0.0494935513558052,0.075662486
2021-10-11 04:00:00,NVDA,NVDA_447,0.0737859603654884,0.046708155
2021-10-12 04:00:00,NVDA,NVDA_447,0.0783223562284378,0.048363958
2021-10-13 04:00:00,NVDA,NVDA_447,0.0555901194254069,0.046455726
2021-10-14 04:00:00,NVDA,NVDA_447,0.0435022134137672,0.009256538
2021-10-15 04:00:00,NVDA,NVDA_447,0.0395206449424463,0.02732297
2021-10-18 04:00:00,NVDA,NVDA_452,0.0424804355573316,0.04362577
2021-10-19 04:00:00,NVDA,NVDA_452,0.1088828191450219,0.05862118
2021-10-20 04:00:00,NVDA,NVDA_452,0.1062299011299117,0.06411332
2021-10-21 04:00:00,NVDA,NVDA_452,0.0991098451115533,0.062451717
2021-10-22 04:00:00,NVDA,NVDA_452,0.1250109840822917,0.061066784
2021-10-25 04:00:00,NVDA,NVDA_457,0.1148665827518908,0.1006974
2021-10-26 04:00:00,NVDA,NVDA_457,0.0681312489264072,0.03182948
2021-10-27 04:00:00,NVDA,NVDA_457,0.0878082426229189,-0.0028165118
2021-10-28 04:00:00,NVDA,NVDA_457,0.1948598938825583,-0.009395934
2021-10-29 04:00:00,NVDA,NVDA_457,0.1636876233310513,-0.0075647268
2021-11-01 04:00:00,NVDA,NVDA_462,0.1927053569859238,0.1700863
2021-11-02 04:00:00,NVDA,NVDA_462,0.1612060402578377,0.15942661
2021-11-03 04:00:00,NVDA,NVDA_462,0.1075644825547659,0.16815689
2021-11-04 04:00:00,NVDA,NVDA_462,0.0197643965905176,0.13436761
2021-11-05 04:00:00,NVDA,NVDA_462,0.0214438882626581,0.13809088
2021-11-08 05:00:00,NVDA,NVDA_467,-0.0252889629383419,0.01300413
2021-11-09 05:00:00,NVDA,NVDA_467,-0.0148090315139638,0.014602538
2021-11-10 05:00:00,NVDA,NVDA_467,-0.0067212042732275,0.022679787
2021-11-11 05:00:00,NVDA,NVDA_467,0.0422836417643959,0.020239253
2021-11-12 05:00:00,NVDA,NVDA_467,0.0853899727812117,0.020691961
2021-11-15 05:00:00,NVDA,NVDA_472,0.0643130651254906,0.09115504
2021-11-16 05:00:00,NVDA,NVDA_472,0.0510876806986013,0.09284651
2021-11-17 05:00:00,NVDA,NVDA_472,0.1166399010350629,0.0364333
2021-11-18 05:00:00,NVDA,NVDA_472,-0.0054301178154376,0.054999147
2021-11-19 05:00:00,NVDA,NVDA_472,0.0118538375957866,0.10724034
2021-11-22 05:00:00,NVDA,NVDA_477,0.0225309590515112,0.07716035
2021-11-23 05:00:00,NVDA,NVDA_477,-0.0097965356622701,0.012163259
2021-11-24 05:00:00,NVDA,NVDA_477,-0.0167717555021176,0.0005420519
2021-11-26 05:00:00,NVDA,NVDA_477,-0.025711819803598,0.061748374
2021-11-29 05:00:00,NVDA,NVDA_477,-0.100041911838157,-0.018729374
2021-11-30 05:00:00,NVDA,NVDA_482,-0.0076202888761224,-0.065090574
2021-12-01 05:00:00,NVDA,NVDA_482,0.0124383888762042,-0.028940981
2021-12-02 05:00:00,NVDA,NVDA_482,-0.0509244757373803,-0.07805423
2021-12-03 05:00:00,NVDA,NVDA_482,-0.0161274826975833,0.018263336
2021-12-06 05:00:00,NVDA,NVDA_482,-0.0624563477395503,-0.04582651
2021-12-07 05:00:00,NVDA,NVDA_487,-0.1261294131445484,-0.06447197
2021-12-08 05:00:00,NVDA,NVDA_487,-0.042952321078941,-0.046379726
2021-12-09 05:00:00,NVDA,NVDA_487,-0.0689734554495214,-0.014402281
2021-12-10 05:00:00,NVDA,NVDA_487,-0.0793760965217701,-0.052800998
2021-12-13 05:00:00,NVDA,NVDA_487,-0.0156954457029759,0.019490207
2021-12-14 05:00:00,NVDA,NVDA_492,0.0260437192551343,-0.03505663
2021-12-15 05:00:00,NVDA,NVDA_492,-0.0347680497715362,-0.064105056
2021-12-16 05:00:00,NVDA,NVDA_492,0.0441399336946548,-0.0011309304
2021-12-17 05:00:00,NVDA,NVDA_492,0.1130894224104437,-0.029771643
2021-12-20 05:00:00,NVDA,NVDA_492,0.0939067301766032,-0.036148164
2021-12-21 05:00:00,NVDA,NVDA_497,0.0318486212706992,0.05332008
2021-12-22 05:00:00,NVDA,NVDA_497,0.0063265587206799,0.059318285
2021-12-23 05:00:00,NVDA,NVDA_497,-0.0077260491318604,0.04622116
2021-12-27 05:00:00,NVDA,NVDA_497,-0.0266278692206627,0.047178857
2021-12-28 05:00:00,NVDA,NVDA_497,-0.0340346801291099,0.07836726
2021-12-29 05:00:00,NVDA,NVDA_502,-0.0798973168567639,-0.016470484
2021-12-30 05:00:00,NVDA,NVDA_502,-0.047590107651797,0.016772706
2021-12-31 05:00:00,NVDA,NVDA_502,-0.0735778997361451,0.023599792
2022-01-03 05:00:00,NVDA,NVDA_502,-0.0903356676470524,0.011977181
2022-01-04 05:00:00,NVDA,NVDA_502,-0.0502902503946889,0.030270267
2022-01-05 05:00:00,NVDA,NVDA_507,0.0143095368951455,0.032797012
2022-01-06 05:00:00,NVDA,NVDA_507,-0.0568883086864238,0.0064929216
2022-01-07 05:00:00,NVDA,NVDA_507,-0.0111939042125543,0.028525442
2022-01-10 05:00:00,NVDA,NVDA_507,-0.0546350277898614,0.027137386
2022-01-11 05:00:00,NVDA,NVDA_507,-0.0988604111088232,0.0146334125
2022-01-12 05:00:00,NVDA,NVDA_512,-0.1374692258749249,-0.09113794
2022-01-13 05:00:00,NVDA,NVDA_512,-0.1204515567911872,-0.05912656
2022-01-14 05:00:00,NVDA,NVDA_512,-0.1325068580519006,-0.087629415
2022-01-18 05:00:00,NVDA,NVDA_512,-0.1381693429289594,-0.057569567
2022-01-19 05:00:00,NVDA,NVDA_512,-0.091554638687654,-0.02031911
2022-01-20 05:00:00,NVDA,NVDA_517,-0.0913457312312747,-0.034835834
2022-01-21 05:00:00,NVDA,NVDA_517,-0.0228459135868435,-0.03298275
2022-01-24 05:00:00,NVDA,NVDA_517,0.0476638855381894,-0.03677255
2022-01-25 05:00:00,NVDA,NVDA_517,0.1036553102068871,-0.0099310735
2022-01-26 05:00:00,NVDA,NVDA_517,0.1084665945115062,-0.036142536
2022-01-27 05:00:00,NVDA,NVDA_522,0.0913233543468499,0.07557464
2022-01-28 05:00:00,NVDA,NVDA_522,0.064754819687913,0.02020449
2022-01-31 05:00:00,NVDA,NVDA_522,0.0098832222180329,0.009300847
2022-02-01 05:00:00,NVDA,NVDA_522,0.0190761954720328,0.003128954
2022-02-02 05:00:00,NVDA,NVDA_522,0.057958929968525,-0.013669895
2022-02-03 05:00:00,NVDA,NVDA_527,0.0783363727354911,0.069939405
2022-02-04 05:00:00,NVDA,NVDA_527,-0.0152144757399123,0.07537296
2022-02-07 05:00:00,NVDA,NVDA_527,-0.0186428514460231,0.06913675
2022-02-08 05:00:00,NVDA,NVDA_527,0.055241399098119,0.06417248
2022-02-09 05:00:00,NVDA,NVDA_527,-0.0072645663619121,0.056376103
2022-02-10 05:00:00,NVDA,NVDA_532,-0.0509990499447787,0.018962583
2022-02-11 05:00:00,NVDA,NVDA_532,-0.0128188740311242,0.0327378
2022-02-14 05:00:00,NVDA,NVDA_532,-0.036139646497177,0.01092464
2022-02-15 05:00:00,NVDA,NVDA_532,-0.1550481818781944,-0.0012187765
2022-02-16 05:00:00,NVDA,NVDA_532,-0.1042209091198835,0.022560833
2022-02-17 05:00:00,NVDA,NVDA_537,-0.0142816494024391,-0.07625491
2022-02-18 05:00:00,NVDA,NVDA_537,0.0314271222520756,-0.07167633
2022-02-22 05:00:00,NVDA,NVDA_537,0.0037195337947286,-0.08058111
2022-02-23 05:00:00,NVDA,NVDA_537,0.0818778869128886,-0.0581024
2022-02-24 05:00:00,NVDA,NVDA_537,-0.0014316359498766,-0.07636475
2022-02-25 05:00:00,NVDA,NVDA_542,-0.050544305371598,-0.00028443208
2022-02-28 05:00:00,NVDA,NVDA_542,-0.1243797792731862,-0.02379078
2022-03-01 05:00:00,NVDA,NVDA_542,-0.0836137242337927,-0.0032147244
2022-03-02 05:00:00,NVDA,NVDA_542,-0.0497935346234579,-0.023753086
2022-03-03 05:00:00,NVDA,NVDA_542,-0.0445306453826063,-0.005919383
2022-03-04 05:00:00,NVDA,NVDA_547,-0.0364492680707887,-0.0036359078
2022-03-07 05:00:00,NVDA,NVDA_547,-0.0010303184652387,0.05176284
2022-03-08 05:00:00,NVDA,NVDA_547,0.0678162888318414,0.004476664
2022-03-09 05:00:00,NVDA,NVDA_547,0.0643956007161963,-0.054948267
2022-03-10 05:00:00,NVDA,NVDA_547,0.093035559785503,-0.044140056
2022-03-11 05:00:00,NVDA,NVDA_552,0.1969682650852071,0.08885912
2022-03-14 04:00:00,NVDA,NVDA_552,0.2533520556935074,0.07387484
2022-03-15 04:00:00,NVDA,NVDA_552,0.1545727881048795,0.009472418
2022-03-16 04:00:00,NVDA,NVDA_552,0.0464565837203092,-0.03482413
2022-03-17 04:00:00,NVDA,NVDA_552,0.1366388907650553,-0.034062874
2022-03-18 04:00:00,NVDA,NVDA_557,0.0468378014549004,0.06417573
2022-03-21 04:00:00,NVDA,NVDA_557,0.0555472675949419,-0.063532054
2022-03-22 04:00:00,NVDA,NVDA_557,0.0803800315182816,-0.058378693
2022-03-23 04:00:00,NVDA,NVDA_557,0.0802059644785533,-0.05697623
2022-03-24 04:00:00,NVDA,NVDA_557,-0.0306927293834076,-0.09143102
2022-03-25 04:00:00,NVDA,NVDA_562,-0.0353892662941003,0.010661911
2022-03-28 04:00:00,NVDA,NVDA_562,-0.0304404570147666,-0.009685952
2022-03-29 04:00:00,NVDA,NVDA_562,-0.0950935360277296,-0.008030743
2022-03-30 04:00:00,NVDA,NVDA_562,-0.1185626898781371,0.022188818
2022-03-31 04:00:00,NVDA,NVDA_562,-0.1128050719844828,0.08593958
2022-04-01 04:00:00,NVDA,NVDA_567,-0.1345088509416894,-0.09457677
2022-04-04 04:00:00,NVDA,NVDA_567,-0.1989400830421651,-0.08649085
2022-04-05 04:00:00,NVDA,NVDA_567,-0.1707223048650886,-0.05730104
2022-04-06 04:00:00,NVDA,NVDA_567,-0.0903019834566202,-0.04122118
2022-04-07 04:00:00,NVDA,NVDA_567,-0.1218605725638679,-0.05398831
2022-04-08 04:00:00,NVDA,NVDA_572,-0.0577879045432997,-0.083962046
2022-04-11 04:00:00,NVDA,NVDA_572,0.012821104150966,0.08716941
2022-04-12 04:00:00,NVDA,NVDA_572,-0.0010230356876607,0.075767845
2022-04-13 04:00:00,NVDA,NVDA_572,-0.090978634911139,0.0696504
2022-04-14 04:00:00,NVDA,NVDA_572,-0.081992665258242,0.04642826
2022-04-18 04:00:00,NVDA,NVDA_577,-0.0863517622506624,-0.016636048
2022-04-19 04:00:00,NVDA,NVDA_577,-0.1536174364557241,-0.0027812943
2022-04-20 04:00:00,NVDA,NVDA_577,-0.14277066312816,0.033755157
2022-04-21 04:00:00,NVDA,NVDA_577,-0.0198682537454977,0.124383345
2022-04-22 04:00:00,NVDA,NVDA_577,-0.0496027945126218,0.15006419
2022-04-25 04:00:00,NVDA,NVDA_582,-0.0185408237001145,-0.05354671
2022-04-26 04:00:00,NVDA,NVDA_582,0.0433254828293452,-0.028855616
2022-04-27 04:00:00,NVDA,NVDA_582,0.1042084508746148,-0.03921569
2022-04-28 04:00:00,NVDA,NVDA_582,-0.0474168306984594,-0.023994923
2022-04-29 04:00:00,NVDA,NVDA_582,0.0069012964869286,0.021600325
2022-05-02 04:00:00,NVDA,NVDA_587,-0.1322377544669334,-0.02661646
2022-05-03 04:00:00,NVDA,NVDA_587,-0.1023875136675326,0.052845143
2022-05-04 04:00:00,NVDA,NVDA_587,-0.1821579885772946,0.039999515
2022-05-05 04:00:00,NVDA,NVDA_587,-0.1416366294343655,0.11219447
2022-05-06 04:00:00,NVDA,NVDA_587,-0.0518875449669586,0.07194972
2022-05-09 04:00:00,NVDA,NVDA_592,0.0185250243004082,0.04688334
2022-05-10 04:00:00,NVDA,NVDA_592,0.0330776217751904,0.03354259
2022-05-11 04:00:00,NVDA,NVDA_592,0.0185207805242606,0.07021823
2022-05-12 04:00:00,NVDA,NVDA_592,0.0586708721495012,0.06896478
2022-05-13 04:00:00,NVDA,NVDA_592,-0.0571557193045426,0.03294029
2022-05-16 04:00:00,NVDA,NVDA_597,-0.0212001403554049,0.020447781
2022-05-17 04:00:00,NVDA,NVDA_597,-0.1112945322148003,-0.06717051
2022-05-18 04:00:00,NVDA,NVDA_597,0.002184476132242,-0.036112096
2022-05-19 04:00:00,NVDA,NVDA_597,0.0424549906281062,-0.051462974
2022-05-20 04:00:00,NVDA,NVDA_597,0.126812061152151,-0.031691078
2022-05-23 04:00:00,NVDA,NVDA_602,0.1049828436830904,0.06276621
2022-05-24 04:00:00,NVDA,NVDA_602,0.1340844655338284,0.08153676
2022-05-25 04:00:00,NVDA,NVDA_602,0.154167812293078,0.038817246
2022-05-26 04:00:00,NVDA,NVDA_602,0.0486807175716803,0.026620133
2022-05-27 04:00:00,NVDA,NVDA_602,-0.0013290906801216,0.022818645
2022-05-31 04:00:00,NVDA,NVDA_607,0.0136032400409171,0.06374848
2022-06-01 04:00:00,NVDA,NVDA_607,0.0179039862337737,0.06665434
2022-06-02 04:00:00,NVDA,NVDA_607,-0.0788076149865897,0.028457357
2022-06-03 04:00:00,NVDA,NVDA_607,-0.0932691477890597,0.089442715
2022-06-06 04:00:00,NVDA,NVDA_607,-0.1670924679321541,0.06521621
2022-06-07 04:00:00,NVDA,NVDA_612,-0.1632674656783578,-0.020774106
2022-06-08 04:00:00,NVDA,NVDA_612,-0.1137387499113986,-0.026280355
2022-06-09 04:00:00,NVDA,NVDA_612,-0.135582915449122,-0.0024518766
2022-06-10 04:00:00,NVDA,NVDA_612,-0.0644515586399551,0.057574715
2022-06-13 04:00:00,NVDA,NVDA_612,0.0587332813679275,0.06230505
2022-06-14 04:00:00,NVDA,NVDA_617,0.0330891736047334,0.028687846
2022-06-15 04:00:00,NVDA,NVDA_617,-0.0182731311169143,0.028437309
2022-06-16 04:00:00,NVDA,NVDA_617,0.0977501208215696,0.0014437994
2022-06-17 04:00:00,NVDA,NVDA_617,0.0622795566519474,-0.009738908
2022-06-21 04:00:00,NVDA,NVDA_617,-0.0352529056095001,-0.001151485
2022-06-22 04:00:00,NVDA,NVDA_622,-0.0500000466344391,0.05314124
2022-06-23 04:00:00,NVDA,NVDA_622,-0.065701076097272,-0.0057861027
2022-06-24 04:00:00,NVDA,NVDA_622,-0.1519911112160478,-0.042247456
2022-06-27 04:00:00,NVDA,NVDA_622,-0.1129290290804813,0.006165673
2022-06-28 04:00:00,NVDA,NVDA_622,-0.0533099873483904,-0.008272963
2022-06-29 04:00:00,NVDA,NVDA_627,0.0203320028609002,-0.09286948
2022-06-30 04:00:00,NVDA,NVDA_627,0.0447918650997865,-0.066068925
2022-07-01 04:00:00,NVDA,NVDA_627,0.0433106571645514,0.009805939
2022-07-05 04:00:00,NVDA,NVDA_627,0.0078855942597524,-0.04948783
2022-07-06 04:00:00,NVDA,NVDA_627,0.0022471541835447,-0.04326249
2022-07-07 04:00:00,NVDA,NVDA_632,-0.0306469962866959,-0.06300512
2022-07-08 04:00:00,NVDA,NVDA_632,-0.004798599077866,-0.024985107
2022-07-11 04:00:00,NVDA,NVDA_632,0.0626319547352143,0.0022996215
2022-07-12 04:00:00,NVDA,NVDA_632,0.1266410840144591,-0.015643498
2022-07-13 04:00:00,NVDA,NVDA_632,0.1742943633720628,0.0101917405
2022-07-14 04:00:00,NVDA,NVDA_637,0.1742128247235665,0.08316258
2022-07-15 04:00:00,NVDA,NVDA_637,0.0987818901108474,-0.015474651
2022-07-18 04:00:00,NVDA,NVDA_637,0.057325653395148,-0.004624905
2022-07-19 04:00:00,NVDA,NVDA_637,-0.0270126893906654,0.0007852964
2022-07-20 04:00:00,NVDA,NVDA_637,-0.0009545848134467,0.02474482
2022-07-21 04:00:00,NVDA,NVDA_642,-0.0036565090044823,0.0133824395
2022-07-22 04:00:00,NVDA,NVDA_642,0.0487325971922911,0.06284445
2022-07-25 04:00:00,NVDA,NVDA_642,0.0832354207544492,0.0424659
2022-07-26 04:00:00,NVDA,NVDA_642,0.1205466647992732,0.051893592
2022-07-27 04:00:00,NVDA,NVDA_642,0.0620010498458039,0.0103015555
2022-07-28 04:00:00,NVDA,NVDA_647,0.0684497860012864,0.08456622
2022-07-29 04:00:00,NVDA,NVDA_647,0.0454770802601756,0.08487441
2022-08-01 04:00:00,NVDA,NVDA_647,-0.035139131158791,0.080306515
2022-08-02 04:00:00,NVDA,NVDA_647,-0.0777285274240321,0.08097406
2022-08-03 04:00:00,NVDA,NVDA_647,-0.0421319823089952,0.011194799
2022-08-04 04:00:00,NVDA,NVDA_652,-0.0662503620637046,-0.03462845
2022-08-05 04:00:00,NVDA,NVDA_652,-0.0147454148149227,-0.0179632
2022-08-08 04:00:00,NVDA,NVDA_652,0.0696341466552092,-0.009627916
2022-08-09 04:00:00,NVDA,NVDA_652,0.1049396711425616,-0.010658067
2022-08-10 04:00:00,NVDA,NVDA_652,0.0131512936286102,-0.055867117
2022-08-11 04:00:00,NVDA,NVDA_657,0.0463159797061163,0.01764335
2022-08-12 04:00:00,NVDA,NVDA_657,-0.0459671131453626,-0.041066613
2022-08-15 04:00:00,NVDA,NVDA_657,-0.1049810442693901,-0.024758698
2022-08-16 04:00:00,NVDA,NVDA_657,-0.0899412034694165,0.032703377
2022-08-17 04:00:00,NVDA,NVDA_657,-0.0607035188425456,0.07610503
2022-08-18 04:00:00,NVDA,NVDA_662,-0.0458105032492389,-0.05816882
2022-08-19 04:00:00,NVDA,NVDA_662,-0.089024629897552,0.052936163
2022-08-22 04:00:00,NVDA,NVDA_662,-0.0723846851351996,0.0029817827
2022-08-23 04:00:00,NVDA,NVDA_662,-0.0997031236955737,-0.007993499
2022-08-24 04:00:00,NVDA,NVDA_662,-0.1235628988686594,-0.0044518225
2022-08-25 04:00:00,NVDA,NVDA_667,-0.221961693096927,-0.051938873
2022-08-26 04:00:00,NVDA,NVDA_667,-0.1607010995876443,0.01328198
2022-08-29 04:00:00,NVDA,NVDA_667,-0.1478387153878109,-0.029607242
2022-08-30 04:00:00,NVDA,NVDA_667,-0.1133954368399174,-0.025549863
2022-08-31 04:00:00,NVDA,NVDA_667,-0.0731416524179946,-0.01798425
2022-09-01 04:00:00,NVDA,NVDA_672,0.0322881395133052,0.01284655
2022-09-02 04:00:00,NVDA,NVDA_672,0.0628709446742423,0.012560369
2022-09-06 04:00:00,NVDA,NVDA_672,-0.0248050934777884,-0.007929285
2022-09-07 04:00:00,NVDA,NVDA_672,-0.042730020387101,-0.029411206
2022-09-08 04:00:00,NVDA,NVDA_672,-0.0758398776024775,0.04491943
2022-09-09 04:00:00,NVDA,NVDA_677,-0.0826440621925308,-0.054225013
2022-09-12 04:00:00,NVDA,NVDA_677,-0.0774215881487968,-0.015085677
2022-09-13 04:00:00,NVDA,NVDA_677,0.003427010721519,0.02312036
2022-09-14 04:00:00,NVDA,NVDA_677,0.0101309733042387,-0.010771349
2022-09-15 04:00:00,NVDA,NVDA_677,-0.0284631474468727,0.0026173627
2022-09-16 04:00:00,NVDA,NVDA_682,-0.0516745084545201,-0.021473886
2022-09-19 04:00:00,NVDA,NVDA_682,-0.0862352626602368,-0.009381744
2022-09-20 04:00:00,NVDA,NVDA_682,-0.0579082844089081,0.017357888
2022-09-21 04:00:00,NVDA,NVDA_682,-0.0395897467171553,0.0026158902
2022-09-22 04:00:00,NVDA,NVDA_682,-0.0271474887980657,0.024472093
2022-09-23 04:00:00,NVDA,NVDA_687,-0.0301214334648711,-0.019719757
2022-09-26 04:00:00,NVDA,NVDA_687,0.0232254174021546,0.01795086
2022-09-27 04:00:00,NVDA,NVDA_687,0.0607427457983551,-0.031912692
2022-09-28 04:00:00,NVDA,NVDA_687,0.0371387853711631,0.040179525
2022-09-29 04:00:00,NVDA,NVDA_687,0.0744680709923886,0.064054914
2022-09-30 04:00:00,NVDA,NVDA_692,-0.0051898612454533,0.07220032
2022-10-03 04:00:00,NVDA,NVDA_692,-0.0672953965778246,0.043592054
2022-10-04 04:00:00,NVDA,NVDA_692,-0.1200728637028666,0.039527092
2022-10-05 04:00:00,NVDA,NVDA_692,-0.1293814581853257,0.072857134
2022-10-06 04:00:00,NVDA,NVDA_692,-0.0891089159250753,0.079361975
2022-10-07 04:00:00,NVDA,NVDA_697,-0.0703047335287435,-0.00023065982
2022-10-10 04:00:00,NVDA,NVDA_697,0.0186803304959548,-0.0009171481
2022-10-11 04:00:00,NVDA,NVDA_697,0.0328844770043992,-0.032556325
2022-10-12 04:00:00,NVDA,NVDA_697,0.047913012297257,-0.02510749
2022-10-13 04:00:00,NVDA,NVDA_697,0.0195652345524495,-0.04991159
2022-10-14 04:00:00,NVDA,NVDA_702,0.1103588973598588,0.06409127
2022-10-17 04:00:00,NVDA,NVDA_702,0.0598082495238245,-0.000371152
2022-10-18 04:00:00,NVDA,NVDA_702,0.1081306652553741,0.015669752
2022-10-19 04:00:00,NVDA,NVDA_702,0.0701186865963054,0.009761421
2022-10-20 04:00:00,NVDA,NVDA_702,0.0805313578495043,0.009916334
2022-10-21 04:00:00,NVDA,NVDA_707,0.1097384946297101,0.006420839
2022-10-24 04:00:00,NVDA,NVDA_707,0.0712754794126626,0.0144977365
2022-10-25 04:00:00,NVDA,NVDA_707,0.0212654059649484,0.0016654802
2022-10-26 04:00:00,NVDA,NVDA_707,0.0250465226827474,0.02500798
2022-10-27 04:00:00,NVDA,NVDA_707,0.0185944059067013,0.026720507
2022-10-28 04:00:00,NVDA,NVDA_712,0.023276023714325,0.023869226
2022-10-31 04:00:00,NVDA,NVDA_712,0.0595687868615231,0.04406209
2022-11-01 04:00:00,NVDA,NVDA_712,0.0781953775351009,0.023885515
2022-11-02 04:00:00,NVDA,NVDA_712,0.0421363314928382,0.02810387
2022-11-03 04:00:00,NVDA,NVDA_712,0.1735340552200257,0.013108829
2022-11-04 04:00:00,NVDA,NVDA_717,0.153362496885872,0.008173524
2022-11-07 05:00:00,NVDA,NVDA_717,0.1394308429391522,0.055160176
2022-11-08 05:00:00,NVDA,NVDA_717,0.1413505065243614,0.050645817
2022-11-09 05:00:00,NVDA,NVDA_717,0.1549070717899523,0.12995777
2022-11-10 05:00:00,NVDA,NVDA_717,-0.0046349177284846,0.03550615
2022-11-11 05:00:00,NVDA,NVDA_722,-0.0562258398023376,0.010934011
2022-11-14 05:00:00,NVDA,NVDA_722,-0.0600183910779862,0.049623854
2022-11-15 05:00:00,NVDA,NVDA_722,-0.0376815219968815,0.02427079
2022-11-16 05:00:00,NVDA,NVDA_722,0.0382777660691426,0.04024081
2022-11-17 05:00:00,NVDA,NVDA_722,0.0378261408595879,0.06619869
2022-11-18 05:00:00,NVDA,NVDA_727,0.0271269554686279,0.03526541
2022-11-21 05:00:00,NVDA,NVDA_727,0.0210223634971562,0.019769628
2022-11-22 05:00:00,NVDA,NVDA_727,0.0551814579740503,-0.033721812
2022-11-23 05:00:00,NVDA,NVDA_727,0.0372904632678625,-0.053281873
2022-11-25 05:00:00,NVDA,NVDA_727,0.037246402942217,0.05572285
2022-11-28 05:00:00,NVDA,NVDA_732,0.0494724813706011,0.0052097263
2022-11-29 05:00:00,NVDA,NVDA_732,0.0222520959004017,0.0060600415
2022-11-30 05:00:00,NVDA,NVDA_732,-0.0474501849867783,-0.025548736
2022-12-01 05:00:00,NVDA,NVDA_732,0.0019842659045434,0.035104997
2022-12-02 05:00:00,NVDA,NVDA_732,0.0074069687170401,0.029629948
2022-12-05 05:00:00,NVDA,NVDA_737,0.0556892957899155,0.009515245
2022-12-06 05:00:00,NVDA,NVDA_737,0.1304184635923639,0.017195884
2022-12-07 05:00:00,NVDA,NVDA_737,0.0964019147791468,-0.011412588
2022-12-08 05:00:00,NVDA,NVDA_737,-0.0126391142988263,-0.00405348
2022-12-09 05:00:00,NVDA,NVDA_737,-0.0252926486129903,0.07034253
2022-12-12 05:00:00,NVDA,NVDA_742,-0.0730539006829906,0.007852669
2022-12-13 05:00:00,NVDA,NVDA_742,-0.1099491679782854,0.04238421
2022-12-14 05:00:00,NVDA,NVDA_742,-0.0663686969486954,0.06532331
2022-12-15 05:00:00,NVDA,NVDA_742,-0.0951510115631325,0.074392974
2022-12-16 05:00:00,NVDA,NVDA_742,-0.0823727528713247,0.064673595
2022-12-19 05:00:00,NVDA,NVDA_747,-0.1312292025477784,-0.05990329
2022-12-20 05:00:00,NVDA,NVDA_747,-0.1273856978133495,-0.047587276
2022-12-21 05:00:00,NVDA,NVDA_747,-0.1150233214152455,-0.09588661
2022-12-22 05:00:00,NVDA,NVDA_747,-0.0472651046153821,-0.010112219
2022-12-23 05:00:00,NVDA,NVDA_747,-0.0585953392383036,-0.0057835816
2022-12-27 05:00:00,NVDA,NVDA_752,0.0444727209710147,-0.0050649187
2022-12-28 05:00:00,NVDA,NVDA_752,0.0163151957427369,0.029865148
2022-12-29 05:00:00,NVDA,NVDA_752,0.0175306802905235,0.04530757
2022-12-30 05:00:00,NVDA,NVDA_752,0.069385515035673,0.029395955
2023-01-03 05:00:00,NVDA,NVDA_752,0.1113517892469637,0.035762798
2023-01-04 05:00:00,NVDA,NVDA_757,0.0848871034894755,0.060863074
2023-01-05 05:00:00,NVDA,NVDA_757,0.1574482497151845,0.0634599
2023-01-06 05:00:00,NVDA,NVDA_757,0.1372905265207651,0.0040693115
2023-01-09 05:00:00,NVDA,NVDA_757,0.1327104792988358,0.05670683
2023-01-10 05:00:00,NVDA,NVDA_757,0.0922748365943331,0.026947657
2023-01-11 05:00:00,NVDA,NVDA_762,0.0477470136362141,0.12645566
2023-01-12 05:00:00,NVDA,NVDA_762,0.0804312911460138,0.11193416
2023-01-13 05:00:00,NVDA,NVDA_762,0.1357477130496212,0.11383614
2023-01-17 05:00:00,NVDA,NVDA_762,0.0882950940561448,0.12769169
2023-01-18 05:00:00,NVDA,NVDA_762,0.111987055011919,0.03164089
2023-01-19 05:00:00,NVDA,NVDA_767,0.1811512536053612,0.048144747
2023-01-20 05:00:00,NVDA,NVDA_767,0.1415998077148019,-0.027427383
2023-01-23 05:00:00,NVDA,NVDA_767,-0.0016151792865902,-0.0559758
2023-01-24 05:00:00,NVDA,NVDA_767,0.0141189346014536,-0.0611405
2023-01-25 05:00:00,NVDA,NVDA_767,0.0838379569979397,-0.07157844
2023-01-26 05:00:00,NVDA,NVDA_772,0.0963033826686332,-0.030512884
2023-01-27 05:00:00,NVDA,NVDA_772,0.0360913635458983,-0.049863666
2023-01-30 05:00:00,NVDA,NVDA_772,0.1005636144344939,-0.08540058
2023-01-31 05:00:00,NVDA,NVDA_772,0.1349234575952491,-0.14865151
2023-02-01 05:00:00,NVDA,NVDA_772,0.0602587538765357,-0.1288975
2023-02-02 05:00:00,NVDA,NVDA_777,0.0289281067756785,0.024467852
2023-02-03 05:00:00,NVDA,NVDA_777,0.0078198580661457,0.09827457
2023-02-06 05:00:00,NVDA,NVDA_777,0.0331452122738138,0.10031886
2023-02-07 05:00:00,NVDA,NVDA_777,0.0359897318185109,0.06708738
2023-02-08 05:00:00,NVDA,NVDA_777,0.0251745110191152,0.08855126
2023-02-09 05:00:00,NVDA,NVDA_782,-0.0149974968023711,0.029620228
2023-02-10 05:00:00,NVDA,NVDA_782,0.0057842041929558,0.022920962
2023-02-13 05:00:00,NVDA,NVDA_782,-0.0520010746563108,-0.008668723
2023-02-14 05:00:00,NVDA,NVDA_782,-0.0965130336731593,0.029133467
2023-02-15 05:00:00,NVDA,NVDA_782,0.0395360929952279,-0.01580511
2023-02-16 05:00:00,NVDA,NVDA_787,0.0583582602574599,-0.03143012
2023-02-17 05:00:00,NVDA,NVDA_787,0.0987936653339842,-0.046625495
2023-02-21 05:00:00,NVDA,NVDA_787,0.1239892922531729,-0.08898367
2023-02-22 05:00:00,NVDA,NVDA_787,0.0936687034449639,-0.08637342
2023-02-23 05:00:00,NVDA,NVDA_787,-0.0147904153150169,0.0114448
2023-02-24 05:00:00,NVDA,NVDA_792,0.025938336758523,0.015587953
2023-02-27 05:00:00,NVDA,NVDA_792,0.0022552829687012,-0.0020525607
2023-02-28 05:00:00,NVDA,NVDA_792,0.0031013311841154,-0.0036436222
2023-03-01 05:00:00,NVDA,NVDA_792,0.065336144357502,0.01468741
2023-03-02 05:00:00,NVDA,NVDA_792,0.0052329781359294,-0.011123494
2023-03-03 05:00:00,NVDA,NVDA_797,-0.0387190983965178,0.005700044
2023-03-06 05:00:00,NVDA,NVDA_797,-0.0249639649269419,0.042013504
2023-03-07 05:00:00,NVDA,NVDA_797,0.0332789254111862,0.03219514
2023-03-08 05:00:00,NVDA,NVDA_797,0.001943711405,-0.0057732924
2023-03-09 05:00:00,NVDA,NVDA_797,0.0898190590641621,0.046998594
2023-03-10 05:00:00,NVDA,NVDA_802,0.1201828961699709,0.066763
2023-03-13 04:00:00,NVDA,NVDA_802,0.1277540741070486,0.054151423
2023-03-14 04:00:00,NVDA,NVDA_802,0.0887669743567303,0.021099662
2023-03-15 04:00:00,NVDA,NVDA_802,0.0924549988388065,0.021244934
2023-03-16 04:00:00,NVDA,NVDA_802,0.0646019965887128,-0.0062596397
2023-03-17 04:00:00,NVDA,NVDA_807,0.0409717757634231,0.06541274
2023-03-20 04:00:00,NVDA,NVDA_807,0.024362954752608,-0.009521555
2023-03-21 04:00:00,NVDA,NVDA_807,0.0080537595823357,0.015800122
2023-03-22 04:00:00,NVDA,NVDA_807,0.0194951954171171,0.02172242
2023-03-23 04:00:00,NVDA,NVDA_807,0.0070611391832793,0.009171022
2023-03-24 04:00:00,NVDA,NVDA_812,0.0372680504744047,0.016400833
2023-03-27 04:00:00,NVDA,NVDA_812,0.0540499795648921,0.017324975
2023-03-28 04:00:00,NVDA,NVDA_812,0.0394925889285957,0.020247845
2023-03-29 04:00:00,NVDA,NVDA_812,-0.0038170299575461,0.006432067
2023-03-30 04:00:00,NVDA,NVDA_812,-0.0126355319491873,0.0050747306
2023-03-31 04:00:00,NVDA,NVDA_817,-0.0071281978319522,-0.014147546
2023-04-03 04:00:00,NVDA,NVDA_817,-0.0284641345479799,-0.033800658
2023-04-04 04:00:00,NVDA,NVDA_817,-0.0348959423975553,-0.0081051
2023-04-05 04:00:00,NVDA,NVDA_817,-0.0155500601487817,-0.031905558
2023-04-06 04:00:00,NVDA,NVDA_817,-0.0103192376813689,-0.0570053
2023-04-10 04:00:00,NVDA,NVDA_822,-0.0209217032673485,-0.0049807243
2023-04-11 04:00:00,NVDA,NVDA_822,0.0183296838240987,0.032980807
2023-04-12 04:00:00,NVDA,NVDA_822,0.0541988628473477,0.0490543
2023-04-13 04:00:00,NVDA,NVDA_822,0.0242225281930899,0.04862287
2023-04-14 04:00:00,NVDA,NVDA_822,0.013491294897147,-0.07320211
2023-04-17 04:00:00,NVDA,NVDA_827,0.0014813349744733,-0.088276625
2023-04-18 04:00:00,NVDA,NVDA_827,-0.0515415695424265,-0.10530087
2023-04-19 04:00:00,NVDA,NVDA_827,-0.034907464465721,-0.07192715
2023-04-20 04:00:00,NVDA,NVDA_827,0.0045011710518187,-0.07575998
2023-04-21 04:00:00,NVDA,NVDA_827,0.0232309849244973,-0.08272122
2023-04-24 04:00:00,NVDA,NVDA_832,0.0690777325333218,0.006740267
2023-04-25 04:00:00,NVDA,NVDA_832,0.0750352471728665,0.0074190605
2023-04-26 04:00:00,NVDA,NVDA_832,0.0313845040444127,-0.02348916
2023-04-27 04:00:00,NVDA,NVDA_832,0.0123411608233419,-0.02373427
2023-04-28 04:00:00,NVDA,NVDA_832,0.0335507491235502,-0.01693019
2023-05-01 04:00:00,NVDA,NVDA_837,0.0083361889683071,-0.00077680487
2023-05-02 04:00:00,NVDA,NVDA_837,0.0127968831177258,0.010848975
2023-05-03 04:00:00,NVDA,NVDA_837,0.0389540386059383,0.005191554
2023-05-04 04:00:00,NVDA,NVDA_837,0.0368623042670159,0.013798903
2023-05-05 04:00:00,NVDA,NVDA_837,-0.0118549563797086,0.006558943
2023-05-08 04:00:00,NVDA,NVDA_842,-0.0067922184674877,-0.0021824269
2023-05-09 04:00:00,NVDA,NVDA_842,0.0224703446699447,0.0045384155
2023-05-10 04:00:00,NVDA,NVDA_842,0.0447636924816523,-0.005513835
2023-05-11 04:00:00,NVDA,NVDA_842,0.1084750674459802,0.01383533
2023-05-12 04:00:00,NVDA,NVDA_842,0.1031757152658288,0.040158607
2023-05-15 04:00:00,NVDA,NVDA_847,0.0767796617985454,0.06951655
2023-05-16 04:00:00,NVDA,NVDA_847,0.0504912338547371,0.03269991
2023-05-17 04:00:00,NVDA,NVDA_847,0.0119292403856587,0.013321271
2023-05-18 04:00:00,NVDA,NVDA_847,0.1989393315850207,0.026493965
2023-05-19 04:00:00,NVDA,NVDA_847,0.2457138952642066,0.040571902
2023-05-22 04:00:00,NVDA,NVDA_852,0.2865986430391842,0.22275943
2023-05-23 04:00:00,NVDA,NVDA_852,0.232859748840071,0.23051348
2023-05-24 04:00:00,NVDA,NVDA_852,0.3023118841660146,0.217097
2023-05-25 04:00:00,NVDA,NVDA_852,0.035466038396666,0.19444127
2023-05-26 04:00:00,NVDA,NVDA_852,0.005777288906563,0.1955938
2023-05-30 04:00:00,NVDA,NVDA_857,-0.0363242185486482,0.030882755
2023-05-31 04:00:00,NVDA,NVDA_857,-0.0094888503235951,0.13144948
2023-06-01 04:00:00,NVDA,NVDA_857,-0.0316822258417776,0.030173639
2023-06-02 04:00:00,NVDA,NVDA_857,-0.0141632774251146,0.14180161
2023-06-05 04:00:00,NVDA,NVDA_857,0.0079394704727875,0.16912465
2023-06-06 04:00:00,NVDA,NVDA_862,0.0612614495691958,0.0052450416
2023-06-07 04:00:00,NVDA,NVDA_862,0.1473516584034402,0.009743578
2023-06-08 04:00:00,NVDA,NVDA_862,0.1075824912222831,0.02738587
2023-06-09 04:00:00,NVDA,NVDA_862,0.1011607128888849,0.019130925
2023-06-12 04:00:00,NVDA,NVDA_862,0.1095689272112794,0.006521535
2023-06-13 04:00:00,NVDA,NVDA_867,0.0493149734634805,0.016037254
2023-06-14 04:00:00,NVDA,NVDA_867,0.0006512053598282,0.08802253
2023-06-15 04:00:00,NVDA,NVDA_867,-0.0104095900736483,0.13918383
2023-06-16 04:00:00,NVDA,NVDA_867,-0.048252630668478,0.13500711
2023-06-20 04:00:00,NVDA,NVDA_867,-0.0441015172060196,0.089852415
2023-06-21 04:00:00,NVDA,NVDA_872,-0.0447902815919336,0.036446437
2023-06-22 04:00:00,NVDA,NVDA_872,-0.0512028553528911,0.03285086
2023-06-23 04:00:00,NVDA,NVDA_872,0.0022032861580594,0.06451841
2023-06-26 04:00:00,NVDA,NVDA_872,0.0438324038028679,0.1058054
2023-06-27 04:00:00,NVDA,NVDA_872,0.0105311371161229,0.028486291
2023-06-28 04:00:00,NVDA,NVDA_877,0.0239803499071074,0.083879896
2023-06-29 04:00:00,NVDA,NVDA_877,0.0411787715855784,0.10884191
2023-06-30 04:00:00,NVDA,NVDA_877,-0.0028839733019874,0.036286633
2023-07-03 04:00:00,NVDA,NVDA_877,-0.0001886077501144,0.06481096
2023-07-05 04:00:00,NVDA,NVDA_877,0.0374553733529923,0.067270435
2023-07-06 04:00:00,NVDA,NVDA_882,0.0920124573153566,0.030637307
2023-07-07 04:00:00,NVDA,NVDA_882,0.0697833925362501,0.019467795
2023-07-10 04:00:00,NVDA,NVDA_882,0.1014935561642269,0.038843434
2023-07-11 04:00:00,NVDA,NVDA_882,0.1200094528569792,0.026898807
2023-07-12 04:00:00,NVDA,NVDA_882,0.0723201495640755,0.0095364
2023-07-13 04:00:00,NVDA,NVDA_887,-0.0099397681578116,0.027508087
2023-07-14 04:00:00,NVDA,NVDA_887,-0.025511966767527,0.065825924
2023-07-17 04:00:00,NVDA,NVDA_887,-0.0397967990730632,0.04580217
2023-07-18 04:00:00,NVDA,NVDA_887,-0.0382153250207405,0.049119726
2023-07-19 04:00:00,NVDA,NVDA_887,-0.0345179177005211,0.06431377
2023-07-20 04:00:00,NVDA,NVDA_892,0.0083480022911648,0.070946604
2023-07-21 04:00:00,NVDA,NVDA_892,0.0550904330119363,0.071966484
2023-07-24 04:00:00,NVDA,NVDA_892,0.0474536134449183,0.05784735
2023-07-25 04:00:00,NVDA,NVDA_892,0.0181264716719127,0.03895004
2023-07-26 04:00:00,NVDA,NVDA_892,-0.026027428187182,0.07900422
2023-07-27 04:00:00,NVDA,NVDA_897,-0.0301743374768646,0.0023375545
2023-07-28 04:00:00,NVDA,NVDA_897,-0.0442780683384859,-0.0062048426
2023-07-31 04:00:00,NVDA,NVDA_897,-0.0280767889766032,0.0006833677
2023-08-01 04:00:00,NVDA,NVDA_897,-0.0396284109026175,0.007405757
2023-08-02 04:00:00,NVDA,NVDA_897,-0.0387404304044178,0.04865171
2023-08-03 04:00:00,NVDA,NVDA_902,-0.0477816226110474,-0.047471244
2023-08-04 04:00:00,NVDA,NVDA_902,-0.0856087899913545,0.14354469
2023-08-07 04:00:00,NVDA,NVDA_902,-0.0366382956063241,0.1340226
2023-08-08 04:00:00,NVDA,NVDA_902,-0.0162099859929625,0.12516564
2023-08-09 04:00:00,NVDA,NVDA_902,0.0219015647842331,-0.017395424
2023-08-10 04:00:00,NVDA,NVDA_907,0.0225535828707603,-0.026082592
2023-08-11 04:00:00,NVDA,NVDA_907,0.0598213259460203,0.048219223
2023-08-14 04:00:00,NVDA,NVDA_907,0.0734578388444011,-0.0030368497
2023-08-15 04:00:00,NVDA,NVDA_907,0.0393263699334478,-0.008026343
2023-08-16 04:00:00,NVDA,NVDA_907,0.0834751658699421,-0.006270613
2023-08-17 04:00:00,NVDA,NVDA_912,0.088108994866388,0.07342392
2023-08-18 04:00:00,NVDA,NVDA_912,0.0627959487155405,0.07032289
2023-08-21 04:00:00,NVDA,NVDA_912,-0.0028104833636652,0.062480804
2023-08-22 04:00:00,NVDA,NVDA_912,0.0682316102987807,0.060737185
2023-08-23 04:00:00,NVDA,NVDA_912,0.0455895822721998,0.1234601
2023-08-24 04:00:00,NVDA,NVDA_917,0.0464771415401321,0.10133753
2023-08-25 04:00:00,NVDA,NVDA_917,0.0541309320310301,0.11186111
2023-08-28 04:00:00,NVDA,NVDA_917,0.0365752382770649,0.09666283
2023-08-29 04:00:00,NVDA,NVDA_917,-0.0353189479899532,0.056165516
2023-08-30 04:00:00,NVDA,NVDA_917,-0.0613632432112652,0.09554297
2023-08-31 04:00:00,NVDA,NVDA_922,-0.0766487890007486,-0.014995511
2023-09-01 04:00:00,NVDA,NVDA_922,-0.068667619299039,0.019366384
2023-09-05 04:00:00,NVDA,NVDA_922,-0.0757601008975947,-0.016917964
2023-09-06 04:00:00,NVDA,NVDA_922,-0.0334884551120759,0.007885108
2023-09-07 04:00:00,NVDA,NVDA_922,-0.0142730440798359,0.02618906
2023-09-08 04:00:00,NVDA,NVDA_927,-0.036689131962982,-0.013421623
2023-09-11 04:00:00,NVDA,NVDA_927,-0.0268272558076224,0.025920218
2023-09-12 04:00:00,NVDA,NVDA_927,-0.0300868844719712,0.025329154
2023-09-13 04:00:00,NVDA,NVDA_927,-0.0713642333452424,0.008202955
2023-09-14 04:00:00,NVDA,NVDA_927,-0.1001295026959224,0.00655094
2023-09-15 04:00:00,NVDA,NVDA_932,-0.0521640281533337,-0.0014326526
2023-09-18 04:00:00,NVDA,NVDA_932,-0.039667003978943,0.024071477
2023-09-19 04:00:00,NVDA,NVDA_932,-0.0369715336108397,0.041221004
2023-09-20 04:00:00,NVDA,NVDA_932,0.005421532236943,0.059338775
2023-09-21 04:00:00,NVDA,NVDA_932,0.0505157007391865,0.06512187
2023-09-22 04:00:00,NVDA,NVDA_937,0.0453977387949113,0.02012116
2023-09-25 04:00:00,NVDA,NVDA_937,0.0606319304128097,0.018306917
2023-09-26 04:00:00,NVDA,NVDA_937,0.0383192722630427,0.061520275
2023-09-27 04:00:00,NVDA,NVDA_937,0.0370396985250069,0.06463711
2023-09-28 04:00:00,NVDA,NVDA_937,0.0371092157485757,0.074474625
2023-09-29 04:00:00,NVDA,NVDA_942,0.0520241950321502,0.041621473
2023-10-02 04:00:00,NVDA,NVDA_942,0.0109641663627737,0.04310236
2023-10-03 04:00:00,NVDA,NVDA_942,0.0524163461235023,0.05143513
2023-10-04 04:00:00,NVDA,NVDA_942,0.0627823929215241,0.09634749
2023-10-05 04:00:00,NVDA,NVDA_942,0.0505057282347438,0.07628383
2023-10-06 04:00:00,NVDA,NVDA_947,-0.0065775642589165,0.03268011
2023-10-09 04:00:00,NVDA,NVDA_947,0.0181565708589745,0.05983038
2023-10-10 04:00:00,NVDA,NVDA_947,-0.0406131402401415,0.04505266
2023-10-11 04:00:00,NVDA,NVDA_947,-0.0984916599238853,0.06433672
2023-10-12 04:00:00,NVDA,NVDA_947,-0.1031845348133281,0.036157046
2023-10-13 04:00:00,NVDA,NVDA_952,-0.0896152224726885,-0.047479916
2023-10-16 04:00:00,NVDA,NVDA_952,-0.0676863578252975,-0.047965337
2023-10-17 04:00:00,NVDA,NVDA_952,-0.0062588540124255,-0.032045987
2023-10-18 04:00:00,NVDA,NVDA_952,-0.0098824491738318,-0.01945308
2023-10-19 04:00:00,NVDA,NVDA_952,-0.0421605532538548,-0.02150697
2023-10-20 04:00:00,NVDA,NVDA_957,-0.0214318751144076,0.061545786
2023-10-23 04:00:00,NVDA,NVDA_957,-0.0422105698762909,0.097643204
2023-10-24 04:00:00,NVDA,NVDA_957,-0.066028434579682,0.09389386
2023-10-25 04:00:00,NVDA,NVDA_957,0.0130688011465183,0.065550394
2023-10-26 04:00:00,NVDA,NVDA_957,0.0788573200498448,0.0720571
2023-10-27 04:00:00,NVDA,NVDA_962,0.1112345942744501,0.045235686
2023-10-30 04:00:00,NVDA,NVDA_962,0.1115133313296465,0.031844016
2023-10-31 04:00:00,NVDA,NVDA_962,0.1269005200261321,0.060508993
2023-11-01 04:00:00,NVDA,NVDA_962,0.1003898516887189,0.031142486
2023-11-02 04:00:00,NVDA,NVDA_962,0.0791614996338834,0.031924617
2023-11-03 04:00:00,NVDA,NVDA_967,0.0739917328591428,0.09669499
2023-11-06 05:00:00,NVDA,NVDA_967,0.0627090012381859,0.10236137
2023-11-07 05:00:00,NVDA,NVDA_967,0.0805352247081141,0.041961703
2023-11-08 05:00:00,NVDA,NVDA_967,0.0496843541638425,0.029020479
2023-11-09 05:00:00,NVDA,NVDA_967,0.0538870870752776,0.00083213596
2023-11-10 05:00:00,NVDA,NVDA_972,0.0199234771792944,-0.053522296
2023-11-13 05:00:00,NVDA,NVDA_972,0.0367955883205612,-0.072947934
2023-11-14 05:00:00,NVDA,NVDA_972,0.0057999441039588,-0.06893763
2023-11-15 05:00:00,NVDA,NVDA_972,-0.0035182638539489,-0.06615135
2023-11-16 05:00:00,NVDA,NVDA_972,-0.0344381281616481,-0.068241365
2023-11-17 05:00:00,NVDA,NVDA_977,-0.0214207421937719,-0.039426547
2023-11-20 05:00:00,NVDA,NVDA_977,-0.0513400629025103,-0.016354665
2023-11-21 05:00:00,NVDA,NVDA_977,-0.0361204718419373,-0.022258928
2023-11-22 05:00:00,NVDA,NVDA_977,-0.0399457911436788,-0.03463367
2023-11-24 05:00:00,NVDA,NVDA_977,-0.0211612852948916,-0.026158033
2023-11-27 05:00:00,NVDA,NVDA_982,-0.0566311974102252,-0.040046625
2023-11-28 05:00:00,NVDA,NVDA_982,-0.0262436435006161,-0.024130017
2023-11-29 05:00:00,NVDA,NVDA_982,-0.0547777538643818,-0.05086521
2023-11-30 05:00:00,NVDA,NVDA_982,-0.0037203289432098,-0.036497273
2023-12-01 05:00:00,NVDA,NVDA_982,0.0158452077156321,-0.045533124
2023-12-04 05:00:00,NVDA,NVDA_987,0.0245440698973937,-0.0098284045
2023-12-05 05:00:00,NVDA,NVDA_987,0.0234291018971251,-0.06424447
2023-12-06 05:00:00,NVDA,NVDA_987,0.0568095069069973,-0.033136643
2023-12-07 05:00:00,NVDA,NVDA_987,0.0376426684149193,-0.06295755
2023-12-08 05:00:00,NVDA,NVDA_987,0.02913313804015,-0.047853157
2023-12-11 05:00:00,NVDA,NVDA_992,0.0739914822791285,0.014283499
2023-12-12 05:00:00,NVDA,NVDA_992,0.0408544082736912,0.004293071
2023-12-13 05:00:00,NVDA,NVDA_992,0.0004782650394286,-0.022266315
2023-12-14 05:00:00,NVDA,NVDA_992,0.0132368815831145,-0.027363302
2023-12-15 05:00:00,NVDA,NVDA_992,-0.0012271949139449,-0.014104399
2023-12-18 05:00:00,NVDA,NVDA_997,-0.0159354662029033,-0.00753576
2023-12-19 05:00:00,NVDA,NVDA_997,-0.0037698627996343,0.016460981
2023-12-20 05:00:00,NVDA,NVDA_997,0.0293279976784031,0.020081596
2023-12-21 05:00:00,NVDA,NVDA_997,0.0108593113377641,0.002069073
2023-12-22 05:00:00,NVDA,NVDA_997,-0.0135572913916121,0.021096451
