Daily_Return,EMA_20,RSI_14,MACD,MACD_Signal,MACD_Histogram,Momentum_10,Rolling_Volatility_20
0.0026145161184867476,-0.000671787897653713,0.0008179616371873321,-0.0007986745226257992,0.0003089461327937759,0.0010168420474608532,-0.0025036375531482503,4.964195173206305e-06
0.0014084162853609322,-0.0013645750037679259,0.005678207783763696,-0.00046688239938483917,-0.00015160459788469887,0.0007432338219309179,-0.0028018747165505366,-0.0008832534890672613
0.0017550870468925318,-0.0013275760373031842,0.01069651505827099,0.00023150018868066911,0.0008627067256131021,0.0009724262121527248,-0.0012816140051703526,0.001543843548023921
0.0029038087992307045,-0.00130607829582522,0.010105209883256604,-0.0004504889012052397,0.0015221621519029992,0.0002966291525656511,-0.0014170170832549993,0.0016621095889263198
-0.004544762770561441,0.00018706961764532358,0.0015896265694338317,0.00018267849568697291,3.60188202829405e-05,-0.001679421880417342,-0.000328716304038714,0.0012449511816685541
0.002728936285271324,8.080986834291057e-05,0.0009703147423922187,0.0003943596470712815,0.0011558026128270402,0.000953234124135611,-0.0006244015313408763,0.0001283523087504125
0.00124555248929555,-0.0007272561528751391,0.00023474265218720466,-0.000100686894337276,0.000174482179712155,0.0003086829376499505,-0.0021588246070164464,-0.0003867219592694531
0.001638435299506661,-0.0008043382257802396,-0.0007714177355822698,-0.0005839183479609294,-3.936598675931786e-05,-0.0002711755118902493,-0.0011002444277891641,0.00044296021076362286
0.000911716020151579,-0.0010912577982122096,-0.0011778564862751013,-0.0006292861351411493,8.639986668311834e-05,-0.0002876045082813128,-0.0010769124298456447,0.00012715696465993265
0.0018046844300007054,-0.0007632166616315923,-0.00024094811149921784,-0.0004929891647398933,0.0005712831671503195,-0.0005542165933916657,-0.0002999945461940134,0.0008535560603297137
0.0020517161313542724,-0.0006011104199335074,0.0006499066384093597,0.00014401159964061696,0.0007578088930211918,-0.000637770135623587,0.0008478943520886443,0.0007148959426523567
0.0007275182492657931,-0.0011314902270802725,0.00027929158344061915,0.0003762227798643028,0.0004321296430399041,-0.0028970489921630815,-0.00012683694619010442,0.00025302746721393346
0.00016915724156612522,-0.0007788594041898661,7.559031215852062e-05,0.00011179192581317244,0.0012218577825375118,0.002304924361592186,0.0002425019019082621,0.0008091509583534394
0.0002432103728335785,-0.002317171537284459,-0.0009399276907243154,0.0009570172736953446,0.00047461181690891687,2.551806583504138e-05,-3.875891717154606e-05,-8.299153163192143e-05
-0.0007314475549748542,-0.0007861526110437913,-0.0006477339167324099,-0.00032736954730348583,0.00014210147570950854,-6.159982180943804e-06,0.0001856684744833328,0.00036674896815879507
0.0006852177075181126,-0.0006251943684797443,-0.0003951738151595794,-0.0003186509881328438,-0.0002448744702087765,-0.00037218222990482644,0.00038213144939145197,0.0007624597959312163
0.0007900249556558386,-0.0013799135424559864,-0.0008629174250754771,-0.0005037408595399495,-0.00022483669760483855,-0.00043503956892880914,0.0002425249609945731,0.0004659836121897676
0.0003970963599291138,-0.0017307494108734687,-0.00025964935330136633,-0.00043672336399523237,-2.8215816177774837e-05,0.0006625919889211178,0.0009547532447752221,0.0005790357934728321
0.000931423307033887,-0.0012981598631594858,-0.0005490271678291735,-0.00014432955298756918,-0.0003129809516652999,0.0009590802546355312,0.0003694866297599967,0.0008173544500705736
-0.00348626981600934,-0.0009416055587342958,0.0011496745703628865,-0.0002618115367106808,0.00020241255413553863,0.0010138617564520408,0.0008028419676124195,0.0006926621146764229
-0.000286402669265561,-0.0006290073568872411,0.0013716486244550678,-0.00038451424417324344,6.515514220959861e-05,0.00029433907595228343,0.0005309031810478986,0.0004661106022612843
0.0009460799738396435,-0.0013058809235614519,0.001907320052786409,0.00015180454858009133,0.0007010274895629899,-0.0009002708585732065,0.0009553694525849481,0.0008367068978930382
0.001970145341233894,-0.0013883223562415217,0.0007976604741045027,0.0005859635606802781,0.0007751992721615929,5.269113024039596e-05,0.00016418830116844593,0.0007918117589020755
0.00032106465747599674,-0.0015483838025020604,-0.0016459555226096194,0.0007464174288704713,0.0005215228046886802,-0.0009186869962483844,-0.0003831265073989774,-0.00037679452524699137
-0.0004167093649357304,-0.0020840297199922844,-0.001462784714658913,0.0002894697292774599,5.3569302180138396e-05,-0.0004717595035767263,-0.00011586627361029172,-0.0004948383870555047
0.0006458948347123705,-0.0022522101897352745,-0.0007299112763418475,0.0005277383715781901,0.0005934362708805921,0.0005309146397719337,0.0007034856533927039,-0.00021818330001623532
-8.923328819836858e-05,-0.0019061979579318713,-0.001338670339913314,5.008279853240762e-06,0.0006887488670141287,0.0009190426193783054,0.00017323387096200224,-0.00031741689138077995
2.130870278194388e-05,-0.0015455639209078138,-0.000743737954669069,0.0003860254328934262,0.0007199374409879509,0.0009656058307154161,0.0007130046030346861,-0.00047521361043254424
0.00014863725624701538,-0.0018277497871077102,0.0011125500419503379,0.0006034787104232019,0.0010312581986617058,0.000788339984283143,2.3596899757672948e-05,0.0006094654632566339
0.0011433132350716047,-0.0008663522967551646,0.0023765777186642058,0.0002958362969394042,0.0011804599940718843,-0.00017932019454396913,0.0012522883159040994,0.000651382332262924
0.00165421000971902,-0.0008084728599502801,0.0014741704300300456,0.00042579541546067256,0.0007731833083545209,-0.0006171524938204469,-0.0004010733392487838,0.0005685564647631457
0.001745439627514968,-0.0011238411858226047,0.00034105401835041025,6.27489459258431e-05,0.0005155478685753521,-0.0004828469407468678,0.001050191426649504,0.0015712915357163758
0.001378952111005448,-0.001154303939424314,0.0009988745764776413,0.00019789547868912698,0.0007566529387219119,-0.0009402870873521758,0.0006776883015465077,0.00026642140884888853
0.0015090685590556597,-0.0008174226730522613,-0.0003717054435964136,-0.0001406023276596608,0.0002650490834412202,-0.00018492932713883614,-0.0001285358114835136,0.0002360410251210847
0.0011913889189207416,-0.0008253103813335657,-0.00026461854412221576,-0.00027022339142424636,0.0006841624345271552,-0.0008514442435201694,-0.001489805452866571,0.0001553228240493702
0.001039935799027626,-0.0007676079416097046,0.00026527684381054135,-0.0008683307974103199,0.00019566167608631662,-0.001070674448387247,0.00011364866176828226,0.001470202541689227
0.0018994408460367962,-0.000353838119473955,0.0006043882624579258,-0.000286728913413053,0.0005768337574998941,-0.0007471775325286267,0.00035780673964992384,0.0021585873687403837
0.0014155777356264232,-0.0007411329930369672,-0.00032673195866001685,-9.727291968307579e-05,-0.00012572247125065104,-0.0017073902925246692,-0.0014459943262034882,0.00031862582071823866
0.0006161211794024299,-0.00011147174289626819,-0.0003749214205923978,-0.000218791782556042,-0.0003194079456741179,-0.001520973141848611,6.783376901181278e-05,0.0019748504308688504
0.001276250270654699,-0.0004326745578360331,0.000862519372032184,7.982676788730457e-05,0.0007941064716668354,-0.0005313843614060955,0.0010400936463566663,0.0015652866112107052
0.0022588584292180204,-0.00036806356414521857,0.0008787601135407956,0.00033699793359943725,0.0003061909837114841,-0.0004757163160006718,0.0012163614876640567,0.001655827490429008
0.0025119517455496204,0.0001267453270250673,0.001559061170100558,0.0008314864893776502,0.0003688159691948865,-0.00010989352230665817,0.0007133503884076397,0.0013861950592275105
5.0807551911188284e-05,-0.0015516837241826994,0.007666657038366204,-0.0007984120024672231,-0.0005883484329077747,-0.0011814311574187735,-0.0033957294897353314,0.0002283772458136683
0.0011188022684386534,-0.0030103762451549596,0.00927204410372796,-0.0007308651624001204,-0.0022076649937006923,-0.0018613278198727245,-0.0016829884751304151,-0.0014995518247972754
0.000770046048144026,-0.0031792790588051384,0.007002518075401494,-0.00014165525656222497,-0.003306977492788448,0.00046707206249525454,-0.001609579077657698,-0.002045499305859176
0.0016758212235607251,-0.002949879762127513,0.008799070271809909,0.0002463366993258898,-0.0031401015048674427,0.00014674867222430192,0.0010772607436175558,-0.0011243631339547336
-0.0004847414774938791,-0.002346165619062403,0.00626746768724446,-0.0005963054356418613,-0.0030532300315420017,-0.000861943703430386,-0.00138927499815945,-0.001351815345268634
5.174998231941745e-05,-0.0016320156856284018,0.003105378876449529,0.0004980473945455586,-0.002959310790381817,-0.0011324624125880298,-0.0008775508327732274,-1.8855423500321154e-05
0.00018146812901918672,-0.001999181686989908,-2.020192448053994e-05,-0.0009140760929796568,-0.0027896435493129407,-0.0011371894297801392,-0.0017054579430876263,-0.00043028067936104925
-0.0003071056743879136,-0.0017680142444581424,0.008405309693552016,0.00021720001616937229,-0.003550887591442883,-0.001052774969321249,-0.0019744946129969586,-0.0006207078296139677
0.0013480982442367925,-0.001279240991668552,-0.0007002903805521671,-0.0004959683954205815,-0.0032761295548464843,-0.0006727985857255039,-0.0011823598103689512,0.0004187808314778211
0.001687371063724633,-0.001387053963188421,-0.0013960408888937343,-0.0008820506923843929,-0.0027505889651347677,0.00045427102537909934,-0.0012178182713242073,1.3574383620989226e-05
0.0015126005525906503,-0.0012176249520169029,-0.0003356871047595917,-0.001126433691150621,-0.0028919562988883713,0.0013947510841010365,-0.0009234427276299227,0.0014553955438011935
0.0015434057801932952,-0.00017817065002537956,0.0006564202860670347,-0.0005752043529552157,-0.0030913870006539007,0.0022182805815689974,-0.0012910336395425145,0.0016467593846044655
0.0008798922979728239,-9.88344768322941e-05,0.0007454990408503366,0.0006526985864314992,0.0006417331920988115,0.0023219366761396934,0.000452812602209178,0.00040680021567947647
-0.0035915565858318857,-0.00169113347018405,-0.0019036481037564429,-0.0007204985577226056,-0.0028652370555681404,-0.00034970526289038157,0.0007109802033796091,0.0008006638245282406
0.0019065790091894472,-0.00012018072819387176,-0.001075655468925199,0.0007971713884496701,0.00015853160370005222,0.001875919670655958,0.000518909845956279,0.0005484268426690579
0.00021120501656185874,-0.0014234883619426973,-0.0013674151920410797,0.0006916474303433648,2.2248537887199978e-05,0.0014483462955120585,0.0006744010495149189,-0.0001342436813802375
0.0002563286592538642,-0.0011292063465350934,-0.0007091571034259018,0.00019756242726050928,-0.0010506064263066392,0.0008281554581969464,0.000169866693615994,-0.0008277996558312774
0.0012454569927312373,5.6166165880868405e-05,0.00023710635257910724,-7.35596964730498e-05,0.0006911638984910767,0.0029851107025811686,-0.0002749022369748883,0.0005581715518015103
-0.0008707462600370086,-0.0017956341125148958,6.438155080243448e-05,0.00038761993335288886,-0.001893370878772519,0.001050186582747344,0.00012570038955631388,-0.0003502009155749512
3.761403611038829e-05,-0.002037816744852511,-0.0002236143574258388,7.874153832019801e-05,-0.00195879543856346,0.001430556656528152,0.0004646607036586798,-0.00035013414335875796
0.0005014444998876155,-0.0014181499786291621,-2.942258724986556e-05,0.000411063819605883,-0.001874546898319528,0.0004982880795569407,-0.00028299143266830056,-4.1200090120382353e-05
0.000843918151188979,-0.0008738481526929105,-0.0002805873191912673,0.0003950708416430097,-0.00045857739151302176,0.001205011716943904,-0.001390846068020596,0.0002970316240797698
0.00041250862390583044,-0.0011603211583484008,0.00011310673349243187,-0.00010572387788454783,-0.0011351582785144143,0.000659620372143576,-0.0016292784049933443,-8.084745267524928e-05
0.001530957412382266,-0.000647607550527028,0.0006044245581289773,8.685432560498128e-05,-0.0009667011882890621,0.0016383875068752573,0.0007758746078153087,0.0007597938616681019
6.798217243588853e-05,-0.0012071637700235042,-0.000559524269239368,9.053818158398184e-05,-0.0017632605508862958,0.0004855623079917551,-0.0005051657830829998,0.00039125866295782363
0.0008989422375801797,-0.0007187877447510145,-0.000827601492783763,0.00024980100638583816,-0.0005043553538723847,0.002054115762661028,0.00019214095657406184,-0.0003911046448623912
0.0015948482951964316,-0.0007981907587072406,0.00030797280215961374,0.0003263278812571383,-0.0018107599226527824,0.0014705425684609374,0.0012116302683166567,0.00033904745527131813
-0.0018235540299726166,-0.0004916149646275094,0.0016907274441708164,-5.64201975639564e-05,-0.0006952062138614336,0.002744242699463383,0.0015157035276518287,0.0008221556849139339
6.125532986094769e-05,-0.0003519441862918368,0.00015853744002207476,0.00026002767398232136,-0.0014651355342229398,0.0005644750543630777,0.0005995716629766883,0.0006203903492652326
-0.002780605239496616,-0.0007562294900153717,-0.0006684527500027664,5.845207302257027e-05,-0.0002022896459161547,-3.946976906035533e-05,0.00038326686264186517,0.00010200934336698337
-0.0041322411533375085,-0.0013434485342936873,-0.0002934795657844629,-0.000729941387161579,-0.0008087592370901142,0.00011480842716211554,-0.00041576970666584284,-0.00037650105239200795
0.00033581855677168495,-0.0011225615701997622,-0.0009142165110892866,-7.358252502389587e-06,0.0006390529465395524,0.0007563738519116213,0.0009530109500304318,0.00018120273699215027
0.001351658956308466,-0.0005941568222716096,0.0016834412141354868,-0.0001067519579741238,0.0002233070809569987,0.0005289913887221746,0.0008840999055611511,0.0011163984654357175
0.001617729151490228,-0.0008253276023267306,0.0012153958082029186,0.0003826797240520279,0.0009575217126586514,0.00016966555446911298,0.0006837896712239912,0.0007928100491535908
0.001625606791184997,-0.0012826561607801393,0.0008344448164440741,0.000397154082192169,-7.311915243543088e-05,-0.001199849423780962,0.0011465871782186635,0.000894657671480276
-0.00024847403197252645,-0.0014137134160597698,-0.0003836802071803495,0.00027494285913652063,-0.00031017137765323196,-0.000755050370086107,0.0010496192291595031,0.00019284256907969668
0.0007051303098516469,0.00032317766460774824,0.0017467698461385987,0.00014588742808840233,0.0005443572203417656,0.001864965594619182,-0.0005778002309010573,0.0009277781409853362
0.000602466695433153,-0.0012821467511405695,-0.00014111205257801517,1.696368824627123e-05,0.0009986428794646247,0.0015925082477253264,-0.0004703844504257193,-0.0003467991945728012
-0.00012212524985171313,-0.001954520796710366,-0.0008778123125101478,0.00025952260429430035,0.00152278321724822,0.001485619394883968,-0.0009815082148610526,-0.00028829607190741156
-0.0007117174234925105,-0.00024631553767291096,0.0004409718679515911,-8.790586858351632e-07,0.00037504401263627966,0.0011284405164129954,-0.00022750448593075528,0.0008186069787956129
-0.003572624584575499,-0.0012024657987562666,-0.0008100748166963138,0.00021871537661173905,0.0002417208085530191,0.0012536404747811316,-0.0007629820346033357,-0.0001202547235717927
-0.00041408379163114127,-0.0015371269424196037,-0.0008144819751707792,0.0001743458479160385,0.00042612413193440063,0.002269017104344471,-0.0007978814679364041,-5.494046684036263e-05
-5.6524202408336934e-05,-0.001177166201671927,4.4362353150547596e-05,-0.000114573394655116,0.0009213517992100944,0.0013369563065711385,0.0009129046633397952,0.0013080485844679357
-0.002488442339376282,-0.0012197313352386861,0.0002539190925834362,-0.0002719040035523061,0.0004812884427095986,0.00047737395284709974,-0.00013571389786320022,-0.00023418926461877626
0.0003758735152869089,-0.0016001868828105737,-0.0003209929968984413,-0.00020582860651353056,0.0002930861035832769,-0.0015208185366026366,-0.0009177319768170256,-0.0005170271322121875
-9.231288587146919e-05,-0.0020943020595962348,-0.0015079288199932263,0.00021801702353638108,-0.00011413221366793947,-0.0013184705921350135,-0.0016353203569485946,-0.0006136219751327021
0.0007545975518500099,-0.0019351838815619912,-0.0014308467973003932,2.04495678277179e-05,-0.00044721539319749154,-0.001160658562182674,-0.0004933398231753644,-0.0010126225906579216
-0.0005110292879840316,-0.0017118306356803952,-0.0006867626721120844,0.00045831398787191975,-0.00021196908000367375,-0.0007458608141981652,-0.0001243112817500615,-0.0007952915888057366
0.0009656788329639474,-0.0012026864836045198,-3.294816869062937e-05,0.00045377081374274787,0.00025350737444039474,-0.0005151779414688492,0.0004526098388084025,-0.00022539262980483297
-0.0012535946842794105,-0.0006968091743573355,-0.00031868603026334954,-0.00024849277370241947,0.00011385661910823717,-0.000498012730315144,0.0003419002308673102,-0.0004509425365687642
-0.0012264733444586847,-0.0016959127440601559,-0.0013143477408236119,-0.00038436186122880084,-0.00038201166411541574,-0.0012113922392887843,-0.0013726054859647728,7.947101638546484e-06
-0.00017457369233764067,-0.001974612725521069,-0.0020596779478525137,-0.00021373393208027475,0.00042319777405568364,-0.002291669077877579,0.00011555703592893721,-0.00021671722448736813
0.0008605305745628455,-0.0019724694488638442,-0.0014809408660735486,-9.592103753437056e-05,-0.00014420590320080685,-0.0004281553875379023,-0.0013278541248941743,0.000714823070474433
0.0005036103978336575,-0.0018753723699124016,-0.001822052486171975,-0.0003269031246204107,0.00036537503204605876,0.0003309327858617091,0.00030847275013217405,0.0007469457137793443
-0.0006515769277494294,-0.001021229994274983,-0.002223261232581694,-0.0002482748772826032,0.0008797227350054426,3.6710727019922406e-05,0.0001868547395483525,0.0008477516074279054
0.0008876423896039213,-0.0005030765837775538,-0.0008242860364601072,0.0005473699979935203,0.001336336158808466,-5.902924795098664e-07,0.0008894889832240101,0.0011424909825350712
0.00036316148989327273,-0.0014756494580975476,-0.0012397235656600224,0.00019050825434681841,0.0017476981728923584,-0.0006036117746019868,0.0004342323224741733,0.0011390861386078883
-0.0018094302501346473,-0.001190920558954281,0.0003930457851730094,2.2912216940808264e-05,0.0005335486396363734,0.000590630515333165,0.00016765475990873096,0.0006677573248305634
0.0004953886945366155,-0.0006479712062227543,4.1964625297498154e-05,0.00011022803256386296,0.0009954235773001797,0.0023934690771091793,0.0008115875542700363,0.000620918206086707
5.3739763985282665e-05,-0.0007150445913943846,-0.0004107692636953431,0.00010137860743816211,0.0008098317306502786,0.0006860374239325461,-0.0008446681463017223,0.0006869659285821295
0.0001370549944791478,-0.0009717703054019468,-0.0003788117941670273,-0.00018025944355798656,0.00022429502875315066,8.64588090889667e-05,-0.0007005012209333326,0.00034158153227671384
0.0005151123248026325,-0.00033898969249655613,-0.0008250444770335329,-0.0001413230695131538,0.00034260113581452184,-6.954597550750011e-05,-0.0013757012449889911,-0.00024340474532975526
0.0005768554519534664,-1.226170855041447e-05,-0.0009232701613531816,-9.37757388279166e-05,0.00038201354777727835,-0.0005633692713452605,-0.0006821267619048615,5.2536386738599065e-05
-4.920284914008786e-05,-5.750056063867582e-05,-0.0010778518664460775,-0.0003769021216943367,0.00033257101120409634,0.00039223975496936107,0.0002047348699452714,0.0012843224594203404
-9.554769914667042e-05,-0.0010954137616947957,-0.001216554472499531,-0.0001710120042418405,0.0003699607877627621,0.00013822014265435191,-0.00034073215594160284,0.0001861992621326634
0.00029215904467132686,-0.000595482678447626,-0.0007334684830905617,-0.0003338980894034324,0.0007151667706249237,0.00027183419012897554,0.0002091626366592634,0.0007035427903440073
-0.00028015970554575283,-0.0008885134985331583,-0.0005614318673084935,0.0002010508375611461,0.0008608820188351968,-0.0002561475921769841,-0.00012890518159836415,0.000400136975564908
0.0003689253310878702,-0.0004252787135120405,-0.0011901526284491186,-0.00022919295783456088,0.0002467475738369404,0.0005378577472094473,0.0007414945835772621,0.0010813515220411002
-0.0016145631294117355,-0.0008343240061922411,-0.0002146375356895694,0.00010097925045491452,0.00023775720043851432,-0.0017514873279224057,-0.00048714601004896593,0.001068603754654516
-0.0033351148877020353,-0.0002842885420075063,-0.0001658986415268332,-0.0001226648117277668,0.0005820548120690772,0.0021717669646758634,0.0016579663961738937,0.0009072339348975014
-0.0022382806088493256,-0.002107111458432987,-0.001687937664872682,-0.0007656800455382616,-0.0002721506624857511,-0.0008596866215713685,-0.0005405380408436388,0.0007246397350255764
0.0011236360945039812,-0.001456849491338941,-0.0023382331517416933,-0.0007500141028598379,0.0006567739167221236,-0.0014830871356250265,0.0014544315201449958,0.0004083149066386201
0.0026501128902883726,-0.0020282065112593403,-0.0004030700551327734,-0.0011040854817595247,-6.554155575163865e-05,-0.0013576237567443177,-0.00046238876907344446,0.0006523459416937981
-0.0009554455108977866,-0.0015279732086810585,-0.0006143704740368134,-0.0016413132730571213,-0.0014001480899901988,-0.0017379440807210305,0.00018119592614463878,0.0003314965524170532
0.0021580626220275194,-0.0014121415606491116,-0.00012323838581641917,-0.0015848913106994529,-0.0011124696850197755,-0.0017021379988088727,-0.00033210680654700364,0.0005655213353621425
-0.0007956210970435845,-0.0003987696096357429,-0.00015844551314572804,-0.0015056992509584854,-0.003610456863077158,-0.0005298510885103636,0.00012527089065432706,-0.0004677407207557395
0.001842612840567288,-7.316243201822297e-05,-0.0003722098115395474,-0.0017415965326983713,-0.004641739633960164,0.000745874111030587,0.0009174401304165013,0.00033462842224081757
0.0008414653807844802,-2.680617900354795e-06,-0.0006957442279723629,-0.0010358861683726784,-0.004444310895233325,9.857463980502929e-05,0.0012242910641682607,0.0007207875698987527
0.001053201939173241,0.000142643568540724,-0.0011245626415936347,-0.0006268660611376209,-0.003109144555308744,-0.002385885330886134,-0.0004970333241637082,-0.00019547604558447674
0.0010932215889580422,0.0004428777359552647,-0.0003998917103165287,-0.0003769436516287836,-0.0027223686738004006,-0.000711009500335673,0.0009101671823406488,0.0007771416889876664
0.0009483933899705715,-0.0002034491504128248,-0.001099200753107808,-0.001409777828677796,-0.004566811944434241,-0.0013040565538587265,-0.001268849953979266,0.00029234336577394583
-0.002064750376598691,-0.00043600613674812456,-0.0006850865464528663,-0.001297428627800051,-0.004406732588144253,-0.0015478794601714101,-0.0014037463199860958,-0.00048368236164448246
0.0003197091714503151,-0.0008334263809792161,-0.001113518813084439,-0.0010986178399625332,-0.0022399930067502414,-0.001591047802215737,0.00013894516308661387,0.0006741620687311523
0.0006275165884195865,-0.0008912466214461597,-0.0007310411094641277,-0.0007829776359034221,-0.0022423517118609062,0.0010150127595146712,0.00023901195185559726,0.0008303006975059533
0.00044076637447710995,-0.0018840444042198187,-0.0017389937514626932,-0.0017116699403156895,-0.004082658791481122,-0.00012666289225891252,0.00032931757012253325,0.0003653687827297549
0.0010094102561038316,-0.00047842266462721074,-0.0006066621466811822,-0.001508058322490243,-0.0048636849931889825,5.044654500104248e-05,-0.00026168009371947595,0.0004140363853714489
0.00011151927020625977,-0.00034184454433800116,-0.0020316781985684398,-0.0019790492416432094,-0.0049056444421700825,-0.00048431811687428696,-0.0008169183575101596,4.577470912962295e-06
0.0006349172267987735,-0.0005349996084632665,-0.001378450359242658,-0.0019876811409352325,-0.004488268040406771,-0.0016783953531813662,-0.0017069920892453213,6.757537753006625e-05
0.00018702843909926175,-2.685448382164721e-05,-0.0008295211385922473,-0.0019025101946089109,-0.003752002649553805,-0.0012933913452255889,0.00013977614845595167,0.0006424123726374244
-0.001634116698402634,0.00013546864691442199,-0.0016659281567585442,-0.0019462269963319947,-0.004957279572425297,-0.000627267020565742,-0.0004113507504783433,0.0009013985650701031
0.000470232772933224,0.00036849001347066113,-0.0010342565264915044,-0.001707450978828837,-0.003522787125011642,0.00011697692828591171,0.0005781192231030917,0.0008692077464196289
-0.0016036081257509002,-0.00025257241646005276,-0.0007445345997104379,-0.0015543931551218412,-0.00239029195899995,-0.0007208264298842081,-0.0026228572879476242,-0.00017794525651905358
0.0008295507349891258,0.00045469804314884774,-0.0010285280621980509,-0.0020432224760141434,-0.003938988268890486,-7.117190847293292e-05,0.00025097757085292823,0.000498186159614544
-0.0001391668301312365,0.0005035209809815143,-0.0010667074398780486,-0.0021053903171963538,-0.00393292744287658,-0.000363382824584862,0.00025538917816405953,-7.941649022009652e-06
-0.0013874224052603495,0.0006038484782102917,-4.4835810034011e-05,-0.0007541199906237574,-0.003492461148583557,0.0025620640367198804,0.00041535525949720184,2.5338252765822572e-05
0.0005929997879280187,0.00026685168965238747,-0.00030339519135552906,-0.001840785336969606,-0.002557730536410033,0.0008909208751362299,-0.0016063354632330842,-8.875775914190937e-05
0.00183723387491476,0.0005018000148741843,-0.0001440923649356049,0.0004203642727510254,-0.002333797558041059,0.0027473626152840313,-0.0016448752173349982,0.0007890500787858747
0.0015714902936149828,0.00048269096131947013,0.00021160821281501858,0.00010688594075994089,-0.0020901736621755573,0.0014669471121249882,-0.0007972283461439367,0.00033888018296365037
0.0023512859322249824,-0.0009601543508000593,-0.0016939353761998232,-0.00037696809164166224,-0.004244327146087926,-0.00030364211145455784,-0.0036744446880199407,0.0012964028693429768
0.002629386880209439,-0.002160378491125709,-0.0012871259045931385,-0.00014583962171930455,-0.0019248315210859174,-0.0028757175665385664,-0.001914866046703943,0.0010937255103817924
0.0027946712396362985,-0.001941124656696335,-0.0005319730539550588,-0.00020857793707617349,0.00030209057525677074,-0.0008162709563011593,-5.179624677629659e-05,0.0010744434485803179
0.0023871269252114646,-0.0021010002556865245,-0.0016195307239573833,-0.00025535229421898823,-0.0009305886351952576,-0.004154805431896496,-0.0020418139411463396,0.0001637291849005307
0.0018375108824976434,-0.0016218465818907783,-0.0017009275165356097,-9.597695287948814e-05,-0.00017838991267429786,-0.0027769429278716356,-0.0014289691401951374,-0.0003749634927769068
-0.0008743323893800416,-0.001900201152795617,-0.0014398002417175088,-6.0826530743200755e-05,0.0002898166704039894,-0.0018729097592778108,-0.0006672693416250112,0.0006225804189892786
0.0002936467330264812,-0.0015892733190176278,-0.0027974751587351017,9.647332163694682e-05,0.00010388031720016208,-0.0012088232349042906,-0.00039902271101358776,0.00016428120679698143
0.0007140406655638646,-0.0016496224283898912,-0.002102264103875027,-0.0006256672829691323,-0.000382314820944727,-0.0015056324342946372,-0.0009402264026875742,-0.0011819846905555757
0.00012763169307301872,0.0006023938352721883,-0.00024251585691695293,-0.0002777194694887868,0.00030068438376515107,-0.00013414475166694898,-0.0023203792659002454,0.0007352816662378887
0.004231136837523437,-0.000233314253086921,0.002164793106898073,0.001068817483766463,0.0004494996387751177,0.0023464387328112086,-0.002386050067468712,0.0005585410426555159
-0.001478916083139543,-0.0012786451468316776,0.0010811000546200047,0.0006176630657228763,0.00014907438404023165,-0.002638895948712055,-0.0009227181263025429,0.0010711909868032835
0.001303616058781351,0.0011752446689028214,0.001632630271561851,0.0004127456913028551,0.00021340194851178005,0.00026712255459667344,0.0007333414346057007,0.0022683824548608974
0.0005256750429657113,-0.0003819015171612998,-0.0005663108085566182,0.0001947156521245041,0.0009320736295209985,0.0007884713354477385,0.0009140458421705213,0.0015074037810101594
-0.00020090733592072058,-0.00024274218901246394,-0.00035959691160929565,-0.00019455842221383952,0.0007966895726647877,-0.0006512331533640544,-0.0011328992833012559,0.0005338247413146257
0.0005018312981799587,-0.0008005773061945458,6.505006000673033e-05,0.00020843853725148638,0.0012481805918571648,-0.0010179353805568779,0.0012984800373974925,0.0013788561759047334
-6.437268426574748e-06,-0.0014900457873690954,-0.0007485343587184034,0.0009687855192713798,0.0008430689405608857,0.0010199546779299468,-0.0004971609109859715,0.0005561312000296651
-0.00021016201522298304,-0.0013874951858361838,-0.0006310158879776779,-0.0007110840694485149,9.847502174890981e-05,0.0008360090576969155,0.0002961503194583463,0.00021217617190791863
-0.0010703342289165492,-0.00032024882910765214,-0.0005268652759589038,-0.00030035920321118013,0.00029408822705272034,0.0016420669758143258,0.00031398866494452855,0.0009616585683423604
0.001050040703674925,-0.00017618803831439067,-0.0004862359238994531,0.0003810655966565968,0.0004287541792815069,0.0003513778328588563,0.00046054622917436974,0.001652297057145685
0.00020311916974787475,-0.000989926486526752,-0.0005587268783704548,0.00045689692897867495,-0.00017587859364669083,-0.000989044393194852,-0.0024661797418232597,0.0008642896116708452
8.440183525196664e-05,-7.697901932832216e-05,-0.0007563335497283923,0.00015132701677954773,0.0004100505194940908,-0.00072479324151875,-0.0004333717168359094,0.0005308429827355738
0.0011567142640524274,-0.00039153509566073924,0.0002299309404514899,0.00025493782955150155,0.00019689021382905434,0.0014917320167226122,0.0005942335512251064,0.0005345545592347516
-0.0009852734581382433,-0.00021222708955211832,-0.00021683354914302675,0.00036782835300125567,9.134579485172914e-05,0.00028219692654453643,2.6887233106235326e-05,-0.00015949611483897
0.00029842648020489827,-0.0005153678459821234,-0.0003846335165608315,0.0006553553683970399,0.00023694710391869935,0.0003251505237929692,0.000728187014595723,0.0002748026070020569
0.0003040518957376044,-0.0002815697817726869,-0.0005580082125326718,0.00020020111291604224,-0.00017880629586253724,0.0012036692512585646,0.0009028521276340423,7.668958937149561e-05
0.0005205310105646495,-0.0008583981003411671,-0.00015514972209205438,-8.566157372533469e-05,-3.637976114003459e-05,0.000457190548922114,0.0003255744279985103,0.00029895374296202656
-0.00013024006215316228,-0.000397584543808294,-0.00022010980505342536,0.00027159062636522053,0.0001329843873745264,0.0002588290848083852,0.0011265563237609873,0.0008121497710492623
0.0007571748067290603,-0.0012529433547514108,-0.0007630372335672941,0.0002533580481856307,-0.0003895744074564997,0.00040062758174528717,-0.0008756438793417954,0.00040679125049984097
0.00020643457421338961,-0.00039998170280669814,-0.0008650495007906684,0.00026972171431968256,-0.00025773010951460546,-0.00016057451444536185,-0.00032000917389453474,0.0012748033565497306
0.001601254107842829,-0.00012473537111266198,0.001263640516759758,0.00017610129050121568,-0.00025708434104832216,-0.00036734290043467067,3.3770613372626884e-05,0.0010921732746866442
0.0012026398183826246,-0.001353719123372156,-0.0009193925653265947,-2.303233350783805e-05,-0.0006442161084271031,-0.0001594577385671525,-0.00020217940757917948,0.0014136933961016382
0.0011567773325181104,-0.0005251070834368576,0.00048512266672662426,-0.00032461617136506885,-0.0005837352264589644,-0.000697673835681834,0.00023370629038964522,0.0012241933323800134
0.001228203305915472,-0.0013068966326557217,0.0007121499512103141,-0.0004801104844356581,-0.0003752665395815327,-0.0005669808916634124,8.807743388289882e-05,0.0017430735830746787
0.0019811338315931866,-0.0005238516696953143,0.000935745553120655,-0.0004213888850660448,-0.00042808966423492736,-0.0007786981171489408,-0.0006825147929757004,0.00207638573116861
0.0015042771637397063,-0.0013901298680770084,-0.001583345846597511,-0.0007323420332322809,-0.0006877384784717707,0.00030171747245472244,-0.0001004986348950159,0.001443407289105341
0.0010169595769115695,-0.0013114856983450825,-0.001225752571304148,-0.0010244995258273319,-0.0011211011005440026,-0.0012750022139314387,-5.5129470192345325e-05,0.000516713916787719
0.0012451536461472988,-0.0015481963979046664,-0.0025248596561314096,-0.00073125694059142,-0.0011056346233931826,-0.0008243567219326191,-0.0011044659313330085,0.0003640217196781296
0.002697252393561759,0.0005822117647946725,0.0006359745586978849,-0.00017487268297499485,-3.7698991420878266e-05,0.0003902366952553327,-0.0016451116677611325,0.0007419938221853633
0.0018566688988961677,-0.00027682957385559485,0.0001332481956655338,0.001014401228759635,0.0007513291500823747,-0.00045941525804738095,0.0006776281024758623,0.001260470516682695
0.0024372745210433306,0.0006686797982196256,-0.0011378583355020379,0.0009177754997572305,0.001139113324874437,0.00015246364598300643,0.000445778958285514,0.003207933910857584
-0.007189892594810848,-0.0005381025828639494,0.0005156148375767376,0.0002494759763657029,0.0004625039463543859,0.001518620723847272,0.0009155889621104374,-0.0005505853886001917
-0.0003773329489047296,-0.0018406457690514375,-0.0008929456511512152,-0.0010608327640231096,-7.486687106486123e-05,-0.0001374626714241581,2.3550736992834148e-05,0.0004582785848858043
0.0004405801213584397,-0.0016210542561535379,-0.0008898128720864531,-0.00043875402194108287,-4.425450180552447e-05,0.00023360238898278873,0.0010647000587975482,0.0008270700015667008
0.0004606171490599018,-0.0002056427559599274,-0.0006319693347272468,-5.401283453694937e-05,0.00018622557297363744,0.0008517939454433163,0.0008837996657508156,0.0002948011261562522
0.0008630029749795231,-0.0014119175753397658,-0.0008021585392001068,-0.00033975139339530896,1.0253587409157861e-05,0.0005370624615614246,-9.536108264099119e-05,0.00039943423617957
0.000250974912878896,-0.0004879615622918724,-0.0004974175140821128,2.4067844842219287e-05,0.0002736480572119731,0.0006990344023822911,0.0007469804643307786,0.0003010860280009739
-0.0004182712258915914,-0.001448696120508541,-0.0007567147771052716,0.0002588352399646305,-0.0005705034049538765,0.0004386223813664936,0.00014830390059045867,-0.00017743450088238474
-0.00018881008683253333,0.0008479935578741162,8.76116230022141e-06,0.00029459831081962744,-6.466917330133018e-05,0.0016147328974080645,-5.703088163659198e-06,0.0010386765229080824
0.0037238571603800882,-0.001372006779614118,-0.0009675197831310066,0.0005067689434901665,-0.0004367867890531331,0.0011841890920864973,0.0009679842556518596,-0.0004095291863100553
-0.0001515727719946486,-0.0018474207273169797,-0.0012118104065398936,-0.00011620077581957844,-0.0006621668581644162,0.0001981948651637303,7.807025130035432e-05,-0.0002747857689331619
0.0007637107693517025,-0.0021419302070113735,-0.0015023519891184682,-0.00037535723745074363,-0.0007937482280645368,0.00040835833361864686,-0.0008668667391246737,-0.0009453498170530326
-0.0005993748305087089,-0.0018490462020510205,-0.002164800195781967,-0.0009698416245420984,-0.0009813657340460656,0.0005474572828140823,-0.0015096258118383356,-0.0008209630772155491
-0.0019202271599227376,0.0004964152360949135,6.562281497461113e-05,-0.0007884056067656435,-0.0003841601690289502,-0.0008337638281652925,-0.00014301865484929314,0.0005626484707979369
8.122567891426786e-05,-0.00028257542963078274,-0.0010926779277412038,-0.00034524293929676157,-0.0011156370937721804,-0.0006756386032192648,0.0006962423011015786,0.00043407383385287633
0.0007115366316120427,-3.5831698120406905e-05,-0.0005850879504900503,-0.0005531215258617264,-0.0008260500896946174,0.0008796659264491299,0.0004447767829988377,0.0002668201089435201
0.00042156181170130094,-0.0020007087025132367,-0.0009139848983714368,-0.00047411960611050836,-0.0005788440415333235,-0.0005705312219186888,-0.001041477233462502,-5.806191562347414e-05
0.0002490912910336128,-0.001993790110100029,-0.0010711798634767762,-0.0004408975982157784,-0.0006032368331001961,0.0007394352671203486,-0.0011231786626167027,0.0002667288642043891
0.0015509528625226212,-0.0005923203544054038,-0.0004184954914657942,-0.0005923015612897114,-0.0004504619626002857,0.0014442177149229837,-0.000316074835759056,0.0006298229722232311
-0.0005331302045600397,-0.001164297294737285,-0.00036520826831497316,0.0005502661753458359,-1.9256661521020928e-05,0.0009261405219948599,0.0009195283956577807,0.0005680226506680797
0.0005901413264645699,-0.001388140542305388,-0.0009222698910127471,-6.264394176369612e-05,-5.743857728853541e-05,0.0007416933113502759,0.0005024114492815259,0.00044868522202049757
-0.00029016815082605124,-0.0013705780276358221,-0.001110196069767488,0.00025619902729979744,0.00015871815303246376,0.0007397680239991258,0.00018508145668266816,-0.00014754677954249002
-1.65116793339944e-05,-0.00032631375048357996,-0.00031585081821239736,0.0003244461221661123,-1.671534815144784e-05,0.000835163812900099,0.0010971246673803984,0.00021772550891389425
-0.0014732696457766751,-0.0002849823321786978,-0.001095556590074504,-0.00024074794068611107,-0.0003529078408554242,-0.00036272878456894853,-0.0005222594906060217,-0.0005003154410405684
0.000691937353559787,-0.0005636905775975065,-0.0007592344141409128,0.0005938754514682935,-0.0005879811276837682,0.0003813494690050953,-7.641521467322045e-06,-0.0001467768299918418
-0.0011769861599422663,-0.002145810064896902,-0.0016131671865944755,-0.00019553103297925294,-0.00016341412913796808,-7.67584159492861e-05,-0.001308356334268789,-0.00016319404412317725
-0.00022415925376366718,-0.0020225551923518477,-0.000920125642744551,-0.0004330081068331495,-0.00039993598397294585,8.044709007453303e-05,-0.0010795623766764744,-0.0003750927251924915
8.270606059358816e-05,-0.0012989293831557132,-0.00012482030483258746,-0.000409477862564412,-0.0007219522867448009,0.00012139894266712838,0.00018156031542146772,-0.00024138566558948746
-0.0012248781286569495,-0.0013790561258396235,-0.0010122884807351868,-0.0004540521999260618,-0.0008910762414976056,-0.00018359379485022702,-0.0009167695358961532,-0.0009511869082042036
-0.0004216718226742082,-0.0021408847062932934,-0.000502152597560096,-0.00047743124820897096,-0.0009782026068833366,0.0002366211492791778,-0.0013415320389172341,0.0005171682605132668
-0.0018508434080078068,-0.0017124640847965612,-0.002340890536735427,-0.00033237203691836604,-0.0006350196690336698,-0.0016933154422043998,-0.0007720412062080621,8.78473070970583e-05
-0.0002010850251939323,-0.0006097039510845098,-0.0006826640954742161,-0.00047372867302701593,6.729820968212573e-05,2.8865633927821758e-05,9.737728260766122e-05,0.0008553969602389817
-0.00058115057476971,0.0008553950093474086,0.0008341596383978167,-0.0007782283771009175,0.00012682009257842787,-0.00029400580008906457,-0.0015420405693616164,0.0007195236585448557
0.0010311136372110317,-0.0006380824336663334,-0.00017257363941998005,-0.00039321428207405836,-0.0009377312622400414,0.0006962472669048704,-0.0026068236689524055,-0.00031705786405856703
0.0005443936882392825,0.00032362631464154056,0.0002616199190415225,0.001001117337408349,0.00026491607759075156,0.0011296714335329167,0.00020414494543989918,0.001403405954691576
0.0018515632405582392,8.290450042229154e-05,0.0007880528693444541,0.00031159596447441793,0.0005194547133401252,0.0015345845279554134,-0.0007708941204163999,0.001007906139782314
-0.0011272123002530302,0.000559365476210907,-0.00069598366301949,-6.61163277727392e-05,0.0008460933360388819,-0.0021638052513349975,0.00037103750436788514,0.0011030831648000383
0.0016993536584299549,-0.0014880480115411427,-0.002024253680170271,0.0010005185727826442,0.0006999992488862077,0.0002601619029909453,0.0002822542773750319,0.00011967192806471185
0.0004687563270630183,-0.0007659501744828107,0.0005556062692319348,-4.843665447763154e-06,0.0005584202527930178,-9.524328680764566e-05,-0.0009950309633423074,0.0010993331236560538
0.0010788967312624752,-0.0008754836621091705,0.0011576416353764394,2.818942036306768e-05,0.0009475279356570803,-8.556260362295672e-05,-0.0007185651618474717,0.0006156074522974005
0.0015330248547430379,-8.835578637222731e-05,0.0017841037477483194,0.00048414403200681695,0.001216774203506325,0.0009907562995649767,0.001094691967070289,0.0022129513204309694
0.0006479750029700326,-0.0010002421862455443,0.0004675216018015728,0.001336490555392634,0.0006479440110193401,-0.0014895467732529756,-3.498090819626416e-05,0.0018255245549093028
-0.004839631502795407,-0.0010286491229577553,-0.0001548649739047898,8.379915124651404e-05,0.0005877096140314724,-0.0016242337591318308,-0.0008830375362944752,0.002266012628064206
0.0013581537614790293,-0.0011785027813700226,-0.0003160033743531927,0.001130002976126439,0.0005277902692015294,0.000999927028321815,0.0006582093375320908,0.001555945813053534
6.2598082446209205e-06,-0.00209890517896595,0.00012077823808384848,0.0012653961767234215,0.0002561360806575392,0.0005306552096184087,0.0008767911114225375,0.0018316017775823557
-0.00011535445566673894,-0.0019243052603958818,-0.0005148472125590614,0.0004563358555907011,0.0003003570385039251,0.00042615540545077614,-0.00047285789022993456,0.0015127273146107324
2.5558195794603185e-05,-0.0018232010110434949,-0.0003995100085457832,0.0006032663458934593,0.00024140693497137902,-4.9633947645936824e-05,-0.0009168138390851797,0.001270584130454326
-0.0010411672755185782,-0.0015241805939269692,-0.00040741030464870945,0.00017792102363760594,0.0006452434261802326,0.0002598620313799026,-0.0005689172343675031,0.0014961177019172846
0.00035040161019912416,-0.0008995399928744209,-0.00042348537019492146,-0.0005920429112850314,0.0004429024374954357,0.0006068657294945041,0.0005297507531287352,0.000740047498320135
-5.892555336941355e-05,0.00023092696253056288,-0.00029777606028345794,-0.0002498508105993534,-5.9294336164805436e-05,-0.0005063857795582136,3.6393528004909755e-05,0.0013033245846654472
0.00012454942908496163,-0.00078419242095428,-0.0004260461033455548,-5.514944571821691e-05,0.0003264765618702845,0.0002367592982431587,0.00042939394402169916,0.0006737316580597311
1.1862397417961647e-05,-0.0005293208139657738,-0.00041028312615955454,0.000345537248686664,-0.0001682101878363917,2.6807270738051138e-05,-0.0003100889678695291,0.001612037429482293
3.5782691474357405e-05,0.00010489061773742972,-0.0010086158369314922,0.0003771798903944505,-0.00018582603877788663,-0.00016775982361549028,0.0005832933459529636,0.0012213651852991108
0.0009627319441474132,0.00011678669624335202,-0.0007528507583710597,0.0006112883710312825,0.0006377148986318354,0.00020672972912907104,0.0014578079086332485,0.0015627452559332307
0.0008746123878902131,0.0002096001491174991,-0.0009117552013076809,-0.00032435960514852973,0.0004783466178414077,0.0008108627347723553,0.0011027553444983517,0.0012643373389309826
0.0006252740744797736,-3.604838593024623e-05,-0.000830568408902183,-0.00026409641061559834,-0.00018988368208770968,0.0006230656208089258,0.0015214511170060345,0.0011181716976150413
0.0008545318658993839,0.00032430919050033946,-0.0008864113892500701,-8.650708662119228e-05,0.0004971913402058587,0.0008345654494870712,0.001367933643985811,0.001588944868470898
4.1969360288253026e-05,-6.869846153545135e-05,-0.0004277484104616712,-0.00022342580192672289,0.00041341794309308086,0.0003607481058441721,0.0011893800121294234,0.00204981927715753
0.0010150450788825331,-0.00020883101260294083,-0.0013519169109771194,-6.158152974352305e-05,-0.0001632335234259763,0.0006215390906706373,0.0007488082232976558,0.0009389475774110207
0.0005748144251903374,4.785336097957628e-05,-0.00039089923612155303,-0.00021837439985045867,0.0006705350511877457,0.00012772796730773376,0.0003162756844517863,0.0010733336635307422
-1.4792639554593184e-05,2.1009474127273361e-07,-0.001135858555820727,-0.0002537386054344594,0.0005383939683148987,3.747081222721547e-05,0.000501705711599371,0.0016481670704108274
0.0017659174640201746,0.0002186573176195395,-0.0003309468190368095,0.00012536187015747507,0.0014918179236521538,0.0011539188008770666,0.0008215514002910917,0.002090113834097041
0.000986453830971288,-0.00036235946487383656,-0.0008363320697943396,1.2511337925791901e-05,0.0005726484143546323,0.0006352928381411355,0.0005759006658953618,0.001494128922042472
0.00031228570152059415,-0.0007381005132887941,-0.0017323950972062737,-0.0010113868759027277,-0.00047869728501724856,-0.0004149703398030742,0.00038991078428883617,0.001118266501402873
-0.001675629176080864,-0.0011516663182060427,-0.0001786878128120335,-0.0008359453334991276,-0.0014854662208620229,7.511826862714091e-05,-7.996823211107612e-05,0.001014592720464511
0.0009835861456187307,-0.00011917164115923871,-0.0005029139890403136,0.00038817839614677243,0.00027842468351270384,0.00022964931303904153,0.0004535753790848608,0.0011096301844649595
0.001032174849847676,-0.0002515394700596447,-0.0004117772770485005,-0.0008278902684219811,-0.000106460947816217,0.0007133747773688665,0.0005818036630834049,0.0013531258305201756
0.0008697017201393132,-0.0011764832952583985,-0.0012391496186233116,-0.0006580563606249677,-0.00016374040028233332,0.0010337537591065572,0.0008450334280078041,0.0008890236670116246
-0.0001248804410262197,-0.0012257977389025043,-0.0012175134203256488,-0.0010804418953406635,-0.00039412715406779794,1.7043383937294266e-05,0.0004718791960412893,0.0010447640754528303
0.001451073634749849,-0.001384720581248353,-0.0012666620863933682,-0.0004948750686352665,-0.001231735698859684,0.0004911208509466301,0.00022768742662394366,0.0006880376498377058
0.0018497798103385198,-0.0007444682147437995,-0.0006071319048135028,-0.00018425932522930249,-0.0011923072937209964,0.0003771851482047248,0.00027971851790821114,0.0011902917979191127
0.0012139077158783212,-0.0011354078566079763,-0.0008320563387142749,0.00014075789283496312,-1.737352373819601e-05,-0.0012241623213156301,-0.0012033919173590412,-0.0002576798509914898
4.548143754485282e-05,-0.002069365809573705,-0.002199962866174292,-0.00012262625897768186,-0.0007240043891945265,-0.001644509209575665,-0.0030764112562448567,-0.0006697725003387256
0.0036053321204492553,-0.001512361819554241,0.00012541389815920082,9.650099680092078e-05,0.00046473443620102914,-0.0007021642985752974,-0.002740467075252403,0.0013499105819281224
0.0006283392818782807,-0.0005640331895885028,-8.906207440108434e-05,-0.0002359678254133239,7.247322815377527e-05,0.0012852824791784645,-0.0013398516448865057,-0.00013541390189169918
-0.0010950998540975154,-0.0011315632523925933,-0.0011536077408910972,-0.000337438136729431,-0.0006637886028854766,-0.001943705157230031,-0.0020394618387159285,0.00029027848820962603
-0.001384447277177093,-0.0011679416178903364,-1.646659651875197e-05,4.323013460339677e-05,-0.0005099786177669047,-0.00013775421131653943,0.0001227238615479114,0.0006081220409113463
-0.0007972233960798553,-0.00021564297456628915,-0.0003165244477827059,0.00010083698165774185,-0.0002238534632346921,-0.001191926560857546,-0.00031548572236521247,0.0005430466542521335
-0.0011089159414053138,0.0002867137584922328,-3.1374627884348716e-05,0.00024338753262431742,-0.00044250110705987175,0.00039818350866303626,-0.00020238936600932967,-0.00016092422370128263
0.0005254104758712987,-0.0007958378923655425,-0.00041354472192403787,0.00021679291914075534,4.909846744796853e-06,-0.00012044017908561845,-9.073300468085523e-05,0.0003548644326479706
0.0009626499039194865,-0.0007689613423764743,-0.0003290928879121711,0.0001227236508276485,-7.958860056764622e-05,6.969406103082051e-05,-0.00023250866776499204,-0.00018214863716726524
0.0016464253473824817,-0.00098273300497079,0.00027713584624578197,0.0007064836196630293,0.0003112844391831896,0.0007857700820144114,0.0008151178317513532,0.0004297907116383569
0.00023072414079946876,-0.0008070307542585644,-9.42748547371494e-05,0.0001623111380194958,-0.0005381620566790409,5.99156771375227e-05,0.00041422390352427625,-0.00010273737904324439
-0.0002050896009467552,-0.0012306166717298227,-0.0007955384834960838,1.940385651398095e-05,-0.0004648461212802489,-0.0004934824379248306,0.0003778478452255189,-0.00011367947671897634
-0.00013633454887952787,-0.0013408958832015739,-0.00030503197527900256,0.0002652528339317812,-0.000286030200901856,0.0002360723353329115,0.00010282816893332161,-0.00069083378329153
0.00031265028077098706,-0.00042069979261985275,-0.0005120281078304959,0.000269137565755748,-0.0002809892435400881,0.0005140458446042122,0.0004563701021537435,-0.00010150982418551294
0.000783546440782279,7.640591763059319e-05,-0.00027285231119415787,0.0001605915054661436,-4.6768694634802414e-05,2.5546920945809225e-06,0.0002368731326834044,-0.0006061204233151705
0.000545850594412934,-3.815533484672107e-05,0.00031243956180225784,0.0002236364237971878,-0.0003202399546005339,4.958534782231138e-05,0.0001853781305291151,-0.0005502464483766266
-0.0007926100771045692,-0.0003504048342277103,-0.0007123730733530054,0.00027294402290235596,-0.0006554118121379261,0.00018954182954359004,-0.00018039583164431775,-0.0012419836955370705
0.0002898877742636219,-0.0007003604891458766,-0.0006218025686475831,0.0003648001006474393,-0.0006206879878174972,0.0003244501661974965,0.0009318677752540272,-0.00036108231420519705
-0.0014182148787854358,-0.00013431861617791294,7.901507774163283e-06,0.0007025589963428084,2.609602273423718e-06,0.0014422694197007827,-0.00017172037363322239,0.001356267514770388
-0.001553201074321195,-0.0002932817477113091,-0.0007009404511256136,0.00048123005698267224,-0.0003016081657651624,0.0004891794982764091,0.0010704627009920779,0.0007036887242406403
0.001040346114936544,0.0006797467418927143,-0.00016028709235772933,0.0006849063684284213,-0.00030499045913836095,0.001936238965996984,0.0006668362577582396,0.0007841237376934953
-0.0015463389503417358,-6.165293891959863e-05,0.0003288124668691061,-0.0005649233814433852,0.0008972990637533143,0.0003291872907919869,0.00020678393447667577,0.0004928273094484887
0.00018409005226522945,-0.0009579309004419148,-0.0013107165734295347,-0.0006216741586943789,-0.0005138558621356757,-0.00030824653877890975,-0.002850142804726706,-0.0008787106571981505
-0.0002546024677255526,-0.0008257442237077189,-0.0011761507660933601,0.00022545072093780726,-0.00013353431494424428,-0.0002396577947545561,0.00039206104306406574,-0.0009734123607590218
0.00040877518242530056,-0.0012008183762791918,-0.00162280278171493,0.0003154201569276894,0.0007651145360220837,-0.0006917155053303378,0.00038985146751166483,-0.0008825791278730391
0.001174119900159055,-0.0006231205946115734,-0.000988485268816285,0.0003590533867708578,0.0010214751032804213,-0.0007492310009914385,-2.6597323667470704e-05,-0.0006302010179622881
-0.0006510588466313862,-0.0009714707752498668,-0.0012748979627880475,-0.0003300369907171933,-0.0005940958398844453,0.00046714359074977743,-0.0021755183106124732,0.0006008440155362948
0.0011565643818894859,-0.00041244898989047026,-0.00020870888697896306,-0.0004884364432837871,0.0008403127504575555,4.587855177304334e-05,0.0001961054447000986,-0.0005773047415919024
-0.0024747911907409374,-0.0018950881915591688,0.00023309365869088528,-2.8393094641288974e-05,-7.564355170343387e-05,0.0004747757710593397,0.0005204051862938677,-0.0016520520660156686
-0.00011959435876629352,-0.0014347276196903114,0.00023384425844342216,0.0006164791617056421,-0.00011308161477352122,0.0030054329013384975,-0.0002749759786988373,0.0004799979028366825
-0.00013294763566753682,-0.002586498840643146,-0.0004318892484413698,-0.00024704181080643564,0.0005699757981767365,0.001250509169437192,0.00011302628483108883,2.547390891353929e-05
0.0016910251243847242,-0.001370032346252581,-0.0005834001875102672,0.00017242922243918842,1.9936956892732992e-05,9.019349905282512e-05,0.00023328978115151112,0.0006132625487623203
-0.0032372586311789895,-0.0016346032222787892,0.0005223882521648997,-0.0005541126455305759,-0.00016248823321101402,-0.001080568996065583,-0.0004517614479554349,-0.00030516664246051117
0.001611683587685843,-0.0005814294334011066,0.00042837228082514135,-0.00012423001647200466,0.0009181259245140957,0.0007670062759664979,-0.00024525395660269107,0.0007738339956129786
-0.002557978279090655,-0.0006588341582578434,-0.0010288271608286962,0.00018828264192064932,-0.00013029582735796474,-0.0027868339593850036,0.0002069873297574403,-0.0006323192539864655
0.0006216340366182446,-0.001464617280065347,-0.0013208714640641599,0.00021021349803935973,0.0003358813819844601,-0.0010027089015529032,-0.00034206221898745785,-0.0009696830683990741
0.0005945007735965285,-0.001734249082563593,-0.0012978916535390293,-0.0006439452180139196,-6.036831597088299e-05,-0.00010633089468724335,-0.0015076402469664848,-0.0006728673510735126
0.00034167967409148506,-0.0007274289038371388,-0.0005429346994331352,3.60521456669977e-05,0.0003619249463160925,-0.00047624112067387825,0.0001553239356358091,-0.000995930281178649
0.0016128407850947418,-0.0006158219522479581,-0.0003924358469315657,0.00014433550300844183,0.000551322810764064,-0.00210387289303117,-0.00014760880157884508,-0.00044343831126633995
0.00034579117989575375,0.0002478755796286792,0.00017395174446377675,-3.5666115858239025e-05,0.0004423441241283082,0.0011190765046651748,0.0018145618021326926,-0.0011029233835884954
0.00025741240006821515,-0.0014382634199327285,-0.0008144962438932342,0.00018753947017839925,0.0006192049928252252,0.0009513854498571075,0.0006387088185473162,0.0001802005837331475
0.0006667338390314349,-0.0012640619524489337,-0.0005514943104778998,0.0004969035513084657,0.001591847285530569,7.702141657085303e-05,0.00033464751335602103,0.0007602621454509825
-0.0026070927896487623,-0.002187642704736949,-0.00014107319260941894,0.0005187564705450306,8.693966772222373e-06,-0.0023643737786631118,-0.0006519717233277323,5.754886829489581e-05
0.002658418638593354,-0.0002321428668376081,0.00058656726806509,0.0007335068301858245,0.0014069124918600403,-0.00019914939269707145,0.0013559196472359455,0.0008160094510387652
-0.0013665150919395551,-0.00029784561678678796,0.00020821739860446965,1.522691761481939e-06,0.0006969099111186584,-0.0009828669662100846,0.0007400065789404816,-6.976668494834626e-05
-7.340025024514033e-05,-0.0021987267605498967,0.0006620549021763763,5.250072587994204e-05,0.0008297201444331219,-0.0019635098815329577,-0.0018312391279561933,-0.0007605995926178557
-0.0014752468668271042,-0.0020706842822508257,-0.0010568271260204788,0.00046073328346782463,0.0009039052214380377,-0.0003377843270839623,-0.0002457558212883864,0.00012100894078528384
-0.001923827057851049,-0.0007615110221384142,0.0005865330709273977,0.0004870273051358998,0.0002831838127037556,-0.002175203796228559,0.00015802039478455691,0.0004813917713542951
0.0006745143053024237,4.1273554978839126e-05,0.0005494244342970786,0.00047836132974327653,0.0011754098325481085,0.0014243312987533491,0.0003496898480951401,-0.00024453991934598915
0.0002665769405922673,-0.0006408025289598235,-0.00032528424421820996,0.0003066203106855831,1.0001603531399979e-06,-0.0009781135871300107,-0.00015013469006407672,0.0004507912882651224
-0.0010844284643739112,-0.0018362733568059448,-0.0013926015299250455,4.5805181412114896e-05,-0.0005106161726255567,-0.0005212759557550714,-0.0010505567812708603,-0.00027890847388286217
0.0006027664594002136,-0.0023903129293040256,-0.0004471893856836763,0.0002452660311938884,-0.00033630579826710467,-0.0006343167747456215,-0.0014803470049039365,-0.000873204029858349
-0.0005009253388395975,-0.0013891177232342137,-0.00024252645162193358,0.0005337631495229127,-0.0004827310781035615,0.0006037680804865339,-0.00037726924521754094,-0.0010848899482100009
0.0009007865109048186,-0.0008788783618810783,0.000288867533167908,0.0006797669351569294,-6.049729718554798e-05,-0.0008459255314695138,0.0008986332395017046,-0.0005616960892501073
0.00042226834416518816,-0.001800155617986306,-0.00032309762558203734,0.00043603245428683606,-0.0001496278192024111,-0.001014435899955448,-0.0006225196719928678,-0.0008542874464433617
0.00033976110689284446,-0.0008843474054627984,-0.0006341367824622791,0.0002971962309100972,-0.00021758694307849605,-0.0019060557189716787,-0.0007346168017996302,-0.000538426093757254
0.0008923688174715298,-0.0006212386317241985,-3.47469638878849e-05,0.0007198952812726434,0.0005991483959009975,0.0005829461950626482,0.0006822931490033647,0.000196078718685708
0.0009745147213397915,-0.0018649392405023747,-0.00027714617844610797,0.00043109718775365954,-6.504426702628453e-05,-0.0008685109168599497,-0.0003157131619320406,-0.0004514195939171248
-0.0007679156954058297,-0.00115557859800685,-0.0006519377045196907,0.00043099545469619773,-7.625342829252955e-05,0.000457900461689185,-0.0004254597534331534,-7.817384984846067e-05
0.00018738781440706063,-0.0010461703661401266,-0.0003021316282952098,0.0005754422051306354,0.0005173036648317155,0.0008279620356584522,-0.0002456976477103355,0.00011847247410947015
0.00020745946312085702,-0.001113254356026649,-9.962281973200235e-05,0.0005464401788380946,0.00045953362364780975,0.0006289802487910282,-0.00016581879756719944,0.0003193536296097985
-0.0004212129934544266,-0.001644512512032098,-0.0007769757364912256,0.0003129427184786234,0.00026845969202907654,2.7403396362784426e-05,-0.000345601689438308,1.041888696147119e-05
0.0003028203674828786,-9.57618405434076e-05,0.00022728793662062238,0.0008959692942691988,0.0010210475874247,0.00120277991213325,-1.647579303204484e-05,0.001765782396705229
0.0014714793833001465,-0.0014207213522095708,-0.00023397732595276707,0.0006481264058115988,0.0005508771660644022,0.0006546733834464232,3.051513651757811e-05,0.0005204461691596649
0.002426474657190858,0.0003865931155259061,5.268560653308923e-05,0.0015087216655646112,0.0008315420458856821,0.002623479056251444,0.001403163639608753,0.0013131811322495974
-0.0006319980224008629,-0.0017206441603664707,-0.0009128423846885774,0.0009948895917320563,0.00025865177636652157,5.30774201844267e-05,-9.780745344529995e-05,-0.00033052598108413377
0.000521157911900899,-0.0025579792976294755,-0.0007359966749796538,0.00035453557325128786,-4.274937986162622e-05,0.00046271855271165854,0.0002797101457563922,0.00037744497027969605
-4.652785473955008e-05,-0.0018591323243683858,-0.0011041183006471444,-9.501295023186619e-05,-6.526817478925765e-05,-2.9034908509220857e-05,0.00027731511750224793,0.00021917905898838398
0.0013719425833832863,-0.0009836484815505281,-0.000690675617107973,-0.00024424735688773427,0.00019548442744709915,0.0011055287603693995,0.0006587862201879365,0.001882851353897316
-0.002993991533340972,-0.0014070251069024878,4.319233328509721e-05,2.576939327439964e-05,0.00013570006782581565,4.159382109486114e-05,-0.0002924947068088752,0.0010998927518985249
0.0009335244011661234,-0.0002736852688195878,0.0002989919775355063,0.0003296782835309923,0.00020759522166430056,0.00017712354044215254,0.00016445848242876735,0.0013272598728487483
0.0005914537551104919,-0.0011523647231378227,-0.0002607366403251748,0.0003487297922170594,-0.0006403596914904874,-0.0007443088892271549,-0.0010926602003412836,0.0001551142379335668
-0.0004999490655996575,-0.002100717586332201,-0.001820466081326202,-0.0001060863787747101,-0.0004647277176368499,-0.0017333507356853237,-0.001360334378420618,0.0006561758354206625
0.0009747746695634061,-0.002271437437766198,-0.00022618587761269934,5.760285701466715e-06,-0.00041981864525477536,-0.0012700504653359245,-0.001303490984040947,0.00044541691718935985
0.003491495468971877,-0.001015454985703691,0.0008193305248889786,0.00014116081081223654,0.0004219419195968062,0.0013054953628145493,-0.001745980455570854,0.0008433112669013184
0.00046724043566575,-0.002505811876126126,0.00207578507993581,-0.00047297963505848117,-0.0008629831329820584,0.0006817447308774919,-0.0018080279197458355,0.0012857507753491217
0.0014842207027387525,-0.003097908505805523,-0.0017493303832989348,-0.0009086517525060009,-0.0005179501167533868,-0.00035387252897750755,-0.0014195738404123846,-0.00029248425270658886
-0.003265955394753909,-0.003207756889946473,-9.304381218947753e-05,-0.0010524203288132846,-0.0005905708858425027,0.0007299160781650534,-0.000978796172004454,-0.0002917072629301257
-0.0007286165221779729,-0.0016396221557239165,-4.022476462714254e-05,-0.00028439943269641024,-0.0002404150473435125,0.0004667797131339501,-0.001291288571366272,0.000415968524473408
-0.0010117994983978517,-0.001164117897568908,-0.0019785842879754246,-0.0002731278768383562,-0.0014916826498156796,-0.003928492035077741,-0.0023115999696907206,-0.00025005432461812496
0.0008262508560740847,-0.002392059946732235,-0.0009322290423122017,-0.0007130905538032743,-0.0007361696209059825,-0.0007220969931119209,0.00022043417589071872,-0.0008284297865926334
0.003940522179384944,-0.0017446045705873544,0.0005790332050080033,0.00016130634585428104,-4.341776903938511e-06,0.0007148473776777263,-0.0014540402989139146,0.00023991854286910139
-0.001625057661744543,-0.001548216132287968,-0.0006515509781826603,0.00025055058021024253,0.0004756182404684737,-0.0025529044616931593,0.0008512140915184957,0.0007809946918425803
0.0020489525042095822,-0.0017402676467868437,0.0008288289761916669,0.0007275482068357611,-3.776098378576884e-05,-0.0015065178360362196,0.00039473851140847774,-0.00013032664062778603
-0.0005455697609015685,-0.002481539054423282,-0.00021262955092154177,-0.0003000065228979075,-0.0006772792366754794,0.0005464247941517797,0.00011297127224720956,-8.785559487229132e-05
-0.0008459132510206945,-0.002142993506247671,-0.0012914908735518283,-0.00042058056985893233,-0.0009758104548296138,-0.0003551978777880255,-0.0004583630782856317,-0.0011577253560719851
0.0001700308917528374,-0.0015850598711120998,-0.0010203251224190455,-1.3208669753642069e-05,-0.0009050240329592767,-0.0008891112587249499,-0.00033872941345949165,-0.0010130017276311256
0.0005679010129649583,-0.001229114716384251,-0.00039665897760659077,0.0003772935570807858,-0.0005607227824594402,-0.0013519914625335573,-0.0007194139332523136,-0.0005651116150769957
-0.0004874162061511663,-0.0014622374739159947,-0.0011476311593756126,0.00045959305962749424,-0.00040947016947546756,-0.0025147883957556917,-0.0015932692819735945,-0.00039646701463403537
-1.0353943222130298e-05,-0.0017081859273341033,0.0003149444679113841,0.00024693123614184884,-4.172119482879472e-05,-0.0004557138021351573,0.0010732402718042838,0.00014122539316883815
0.0011837996042355918,-0.0004715685168681956,-0.00045723457835744017,0.0002607660067580476,-8.874957188715371e-05,0.0004487543572579218,0.0005121671135536615,0.0007301066167410257
0.0007288909396522829,-0.0007300966750300809,-0.0006396263496719613,0.0002641852577950173,-0.0005197810836230211,0.0015703454860323185,-6.272190718219941e-06,0.0005849771474280731
0.00017040013097154835,-0.0016875238519480334,-0.0002878200253686885,0.0001887508166823308,-0.00017634266507676917,-0.00022244400954695608,-0.00035030584232735254,0.00011265332412123576
-0.0011896874456419778,-0.0017633568876761453,-0.0014911177840134476,-9.108379357056346e-05,-0.000885023844224515,0.0008590352338544012,-0.00044216721170979155,-0.00012848949785789542
-0.00030620633818039244,-0.0015839998280133335,0.00018762741235642542,-0.0004434464354082939,-0.001125711276832341,-0.0009351367272150981,-0.0005959089872160152,-0.0001487361295572965
0.0019404145335291528,-0.0018267049356513188,-0.0006221342801326672,-0.00010719877327161663,-0.0005293199661857357,-0.00019802640653834513,-0.00090202032437058,0.0008038795481738656
0.002366515388035487,-0.0016165118216861082,-0.0004994380076065169,-0.0003115648335641479,-0.0005328407143425937,-0.0010455860041207977,-0.0009042671398268396,0.0006740843305874344
0.0010240003119257957,-0.002493350528632628,-0.0007927369237060829,-3.132218475509047e-05,-0.0007735557041444116,-0.0016466213233605205,-0.0009106031412427866,-9.335366232288892e-05
0.0019970675504025976,-0.001378908115495895,0.00065314144370033,-0.00042769482155760667,-9.541081726275374e-05,-0.0005569452317135081,-0.001360248399524118,9.990616944972343e-05
0.0026621965213008314,-0.0016726471014728583,0.0016760134069999366,-0.00014225847217688096,-0.00030435741850398185,-0.0004925600838800628,-0.0008999376737736434,0.00043086413605801955
0.0011744350621385612,-0.0022629510620995074,-0.0015114555302837376,-0.000507298521149639,-0.000693006706016896,-0.0010062642521571038,-0.0005606874637541286,-0.0010915432388788732
0.0005583492710221305,-0.002686559430775745,-0.0017157553534637635,-0.00019866833948823363,-0.000759547011648423,-0.0012158715383945836,-0.00026414930761480953,-0.0002531846459721127
-0.00019227784441463,-0.0011511806815094577,0.0010372401480054627,-0.0002622982323340844,9.704918041499867e-05,0.0001086237474509684,-0.00086739737349567,0.0016406981415456228
0.00020756773607729783,-0.001481644592209692,0.0009562155689657622,0.0010022783340623285,0.0008987503983504387,0.00032913432225138077,-0.0006098534847853075,0.00013673765971151955
0.0012091500942953176,-0.002235486446547872,0.0004562591899183696,2.196542145839936e-05,0.000255266374565175,-0.0009051269276906075,-0.000653137578546467,0.0012304539215659775
0.002926315233049615,-0.001959000437096252,0.0009569693590009856,-8.806334207273399e-05,0.0015388776912716787,0.00032719739937487024,-7.022523129439977e-05,0.001363670015254728
0.0016495887950935192,-0.0024964775071645946,-0.0007490883066097852,0.0004666089241910466,0.001240985209736305,-0.0005079672683395958,0.0005435357093695257,0.0008528886680581575
-0.0004177171592131572,-0.0006994920583651621,-0.0001620749978511715,-0.0001322352960692163,0.0005037721661817062,-0.0005372894564807852,0.00011309168364320282,0.002445190940682261
0.0005384902173126833,-0.00118546092015182,-0.0004415147595172561,0.0002130936030379289,0.0008151095065407623,0.00025727895248965204,9.391763875921408e-05,0.002106479631419194
-0.00047080689725451634,-0.0007916745796052566,-0.000806754503409833,0.00010244386257304845,0.00024430489510906015,0.001382635021010191,0.0011285230862757697,0.0011184407624515345
4.423230976864581e-05,-0.0010468562825217114,-0.0006623031901228102,-0.00034172064200470645,-0.00015003586887394566,0.00047123419561861864,-2.739975267547567e-05,0.0010303199349176143
0.0014881776561578735,-0.0007560821554819968,-0.0003615554176267665,2.7500062853486878e-05,7.054082783126804e-05,0.0011772591411471855,0.0003319298965471698,0.001283107098535891
-0.0026213252774045944,-0.002049756172021925,-0.0013345193403967123,0.00011664654914735016,0.00011453587326782791,0.0013925335429068274,0.000555436641296714,0.0015078362281420565
0.001286080333451199,-0.0008914208507035308,-0.00023969278325999206,0.00016222520334920287,0.0006143116187509386,0.0007467563953798853,6.577697424501157e-05,0.0015456150623281435
0.0004995050208444598,-0.0008641094260843185,-0.00014331728646974407,-0.00035019628073560083,-0.000431315127686517,0.0006008314730829615,-0.000302191706985277,0.001312952822649463
-1.4660143488567279e-05,-0.0004933556946088039,0.0013109428081438284,-3.28895928688168e-05,0.000572782106820867,0.0007214614176315285,0.0004814270581618202,0.0015225161085907117
0.0002815961587591323,-0.0007775063671706583,-0.0006298020322671641,-0.0004188524507381821,-0.0004513049532122402,0.0006784818459269413,0.0001496992214513384,0.0019176754616188777
-0.00010660686130443754,-0.000543806661753593,-0.0001534519944944777,-0.0003479571205421852,-0.00011039437354945957,0.0015204866875390122,0.0008975543538655451,0.0023514336762359912
-0.002026562409227312,-0.0019816776889169754,-0.0006617484731083092,4.1146178020278405e-05,0.0002897846585009862,0.00037886602757181365,0.0003385865964883881,0.0007553653669630021
0.0006854489375416302,-0.0012798480822939422,-0.0005617464273669225,-0.0002146888195607071,-0.0006113936668789087,0.000530882692727187,-0.0009862597389840638,0.0004524106568826681
-0.00327047296016907,-0.0013333106171588489,-0.0010841672461441875,0.00015531147925266885,-0.0004825572344273469,0.001320011452841089,0.0005680052731087183,-0.00040346758371337605
0.00025547280429068036,-0.00010528061291295618,-0.0008111406171326204,0.001080487637207068,-0.00021298020022861343,0.0008764287889138251,-0.0003403559338066008,0.0003431805744426679
-0.0012322631935593796,-0.0014387620326425667,-0.0003717761640708429,0.000749147091721354,-0.00012609800758806648,0.00013589967635526813,0.0003254305714781315,0.0014829556558948358
-0.0008866442119047743,-0.0001554120369451194,0.0003555265014426024,0.000853134397047755,-0.00010616675450725381,0.001174261483851095,-0.00018617791379698138,0.0016088746393304928
-0.0004446095425486312,-0.0004935273826877232,0.0001355235086084944,0.00011092767967877739,-5.0167792088024256e-05,0.0003332785785791588,0.0011714079062873444,0.001808928729560353
0.0011042705710061279,-0.0007523094498111168,0.0006045461728466699,0.00024036264205325088,0.0007250491629231771,0.0007913750829099377,0.0005999045579896457,0.0017182997294402753
1.4579581751283774e-05,-0.0009725610229650151,-0.0003777216687977338,0.000519475329867667,0.0003835773226905298,-3.620547490001994e-05,0.0011142288141470765,0.0013754250632528196
0.0014883572967289464,0.00019998871995219225,0.00036817603395388995,0.0005498566144857327,0.0008114640402108305,0.00014988598482029242,0.0010298806507099867,0.0018929963085001563
0.0009659249063142626,-0.0006279069340004692,0.00019683581675579851,0.0004893945663518462,0.0011171327177025847,0.00068960949403842,-0.00017603556083248305,0.0021802518468232207
0.0011702884287904908,-0.00047606920241810195,0.00015886629808521005,0.0007353878931434928,0.0010229642033033931,0.0012321288221993393,-0.00043720224425660385,0.001789893533980962
-0.0030365807854389544,-0.0004979699643730547,-0.0008401936996551637,2.8555969401693897e-05,0.00033681286669729973,0.0002314763306915417,-0.0005159932765052521,-8.474711893665539e-06
0.001666757453051395,-0.0002622798229482037,0.00032255986045296917,0.00045885648931033135,0.0006470355506518273,0.0006652300905021923,-0.000285121143850037,0.0006245122806505459
0.0015587869164050195,-0.0003900852184362031,-0.00157365052949139,0.0003285324672358406,0.0005850460400309389,-0.001553377698522058,-0.0016597029993481208,-8.831417275277284e-05
0.0014634557986272765,-0.0012971767045861272,-0.00036986549919986524,0.00010093331026808383,0.0002683409186501743,-9.482451051406898e-05,-0.0012576462723399983,-0.0004618099094962266
0.0013808589477920877,0.00031677365607605396,0.00011059238244279355,8.793968111831567e-05,0.00029541425395102007,0.0005670705734133472,-0.0031227774812091777,0.0008131282196375875
0.0013824359378018655,-0.0006788154446085189,0.0008509625026246827,-0.00040749083760751795,-0.0002996400736168131,0.0002787267243313083,-0.0028172046716424203,-0.00017130808905455042
0.0033593775073783175,-0.0002542931459291957,-0.0002606374784726867,-0.0005870248035069727,-0.0005704157982055655,-0.0003420930523718921,-0.0032409825791008757,0.000213105110758878
0.003466609632421446,-0.0003049142934564408,0.000949489168947445,0.0001890093212747463,0.0003055108378890002,0.0005419057735081848,-0.0025107308707746777,-2.7497902110622654e-05
-0.0007914791533257644,7.216948864958262e-05,0.001542239587160658,0.0003253828969143623,-0.0010968346821455502,-0.0012751826994491205,-0.0020983287367102644,0.0017450083837399159
0.004555091112134707,-0.0016960843811626631,0.0014865049968134606,0.00026094498855513574,-0.0001970511139186046,-0.0003355340050313864,-0.001591308914000632,-0.0006399768955616893
0.0025471841652914286,-0.0011568445700949905,0.0009619702025774269,-0.00015518987122603714,0.0007187994046320321,7.869332176224593e-05,-0.002445658441397754,-0.0006005203769908735
0.004106856512520379,-5.6228511673517464e-05,0.0019909045874102484,0.0011492299925743702,0.0019841738082756063,0.0010670337781551488,-0.0011952128118269086,0.0016669657061928376
-0.00012831632605939838,-0.0005241913509140175,0.0008237090023145373,-5.187408110742625e-05,0.000164112859793518,0.0012725646869937005,0.0004394374445124366,0.0002690272879008878
0.0010000996977449857,-0.0002218017055059046,-9.72596604046749e-06,-0.00017505954280969856,-0.0005805680140484067,-3.187350386545549e-05,-0.0022133881604431385,0.0014076532533549813
-0.0002116665287499074,1.9347235385663033e-06,-0.0008882663747161839,-3.973904575256814e-05,0.0008963856381735472,-0.0017656441846066282,0.0007496015007911842,0.0009583943896907649
-0.002927443582844466,-0.00038164668532448957,-0.0006956034500223227,-0.0012787869830569079,-0.0003531072289509636,0.00042245304088203185,-0.0003950061610370164,0.0006772682111663974
0.03172685682036627,0.001150176982391981,0.013972957559482788,0.0029402329293520923,-0.0003601033464034518,0.0027129750595432487,0.002591182730170904,0.0020442676932887504
0.00041845610929329007,-0.0023090103290486423,0.006841604374929581,0.000966036702839128,-0.0020388746284453287,-0.002394626246272675,0.004939647144722419,0.003049604134440208
0.0036188996035739283,-0.0022721234009678,0.006473379386671355,0.0008726875026682391,-0.0013902477385494304,0.001034667933302545,0.0029428946660480333,0.0027570683141090705
0.00346797728110528,-0.0019079560082253045,0.0074257093552620255,0.0023823340233529396,-0.0017350235915377116,-3.0173614819146014e-05,0.0038230861467668307,0.002910666123606947
-0.0023877842254062193,-0.0013402792626100656,0.008181538646380975,0.0028713753887451,0.0001046863237735366,-0.005102125710065318,-0.0009233180587916355,0.0018156612245167755
0.0028963720307317482,-0.00044844787690345196,0.003228871789913834,0.004972890561262727,0.0007053585122844779,-0.0009834857357716555,0.0006426027754364035,0.0010387070768640067
0.0029569697167778236,-0.0004103456781257416,0.001811306780737487,0.005217880261264723,-6.362571295950956e-05,0.0007662880361174849,0.0007401320173587807,0.0005742020001618419
-0.005753409012390193,-0.0009204229410864514,-0.0007582292692249533,0.005223752348054873,0.0005260135039531332,-0.002007206026805288,-0.00015713023198890734,-0.0006107587932646353
0.0024353335653215374,-0.001393215847789063,-6.598611018232929e-05,0.001971849927365249,0.0008003710692385051,-0.0007984479926356205,0.0025668667996120802,0.0003372682447996062
-0.0041498975750071205,-0.0008940306129474741,0.00042894443568480784,0.0007517809160661597,0.00022884166383979206,0.0028283093064624823,9.195706627956438e-05,0.0012186356231045075
0.0008330276897932194,-0.001621635680736726,-0.0003318419334443528,-0.0012915077685847866,-0.0019081638296683128,-0.0004398163214388299,-0.0014088793360122736,-0.0012895030467655606
0.0007064814490543553,-0.0017670412986276224,3.949006698796334e-05,-0.000722084385416873,-0.0034754280741544716,-0.0005679349311298193,-0.0018647447422705022,-0.0010737211123008853
0.0009862941925182745,-0.0015274101879531835,1.0932891085736326e-05,-0.0007671032382473836,-0.003924108893308395,-0.001396360998103636,-0.0031635727014974065,-0.0006284183789792505
0.00013270294984574598,-0.0019702591628072952,-0.000978822473728116,-0.0011225123735972157,-0.003468654225863198,-0.0016219171647864712,-0.0030148073929525065,-0.0019106836459335634
-0.0018107131025083653,-0.001075512134086847,0.00010299771789329912,-0.0008642078821401693,6.221358399067191e-05,-0.0011622823979816818,0.0009443759134747961,-0.0013892088958377836
0.0013636153808686076,-0.0011568202762776685,0.0002801185101491387,6.931972211259313e-05,0.0009846272493685233,-0.0007394505347464231,0.00011729396365482039,-0.0021335351582023538
-0.0023041660133631438,-0.0018272402347128283,-9.97237594952456e-05,-0.0006017739979709459,-0.0013972938458153025,-0.0006502790448807151,-0.0008190485873478852,-0.003191429662068007
-0.0018306552239397708,-0.0009271109993859236,-0.0011424915703226346,-0.0003822501600175193,-0.0016994794615718793,-0.0008383392608342581,0.000568041054642763,-0.0020394150298497075
0.0004172224273704123,-0.00040394926367119834,-0.0003753245412989714,-0.0005580403665430257,-0.0023908857455833426,0.0010263056773355266,-0.00020192560744746208,-5.9048798443957965e-05
0.0011986477217465548,-0.001564339677583875,-0.0010346596422011994,-0.00014695802398553305,-0.0026122029856449755,0.0009515267355295213,-0.0009118425064635373,-0.0005627123500292308
-0.006204902013056064,-0.0009236348663404874,0.0011728105054744935,-1.4844557404068986e-05,-2.9041296162960376e-05,0.0008170911647447919,0.0012965140308261697,-0.00020923556426701476
8.791304555084271e-06,-0.0011336312746907,-0.0008616523903027042,-0.00020754079509281234,-0.0006540603691197326,0.0008710692559959026,0.0003131779003983868,0.00048211868182946867
-0.003646122651913687,-0.0014407434974015951,-0.00027743735383116343,-0.0008167550398830394,-0.0004752441342472912,0.00030225460279152135,-0.0013376501155821174,0.00033121185332941644
-0.001008390622301767,-0.0007298800685370143,0.00018859255738684248,8.477106996776625e-05,0.0005715596333717434,-0.00034881440094457894,0.000561664112108089,0.0008324875144279189
0.00054528828150476,-0.001341366745204497,-2.4313672588736255e-05,-0.00012123031951316254,0.00048207580104109754,0.0005100254654092783,-0.0007996964204998759,0.0004847569025974023
0.00040302890185941895,-0.0007496288947622425,0.0005619847761496803,-1.1752112644229832e-05,0.0011438675140431527,0.002238520992460256,0.0005060790611890318,0.0014057767815683427
-0.00234096006525713,-0.0011110271101952894,-0.0001851707829892736,-0.0004793485122206832,0.001210164252757254,0.0010693337605946777,0.0009473405890629145,0.0010145483126058525
0.0014152988451305924,-0.0007916439549827175,-0.00016617918255155067,0.0006337205818700545,0.0015028668041994855,0.00032601762165897495,-9.958073154028659e-05,0.0005122466414140865
-0.0007908696069883921,-0.0016738634489332157,-0.00031572597683515046,7.42808550250075e-05,0.0004104897190152973,-0.0006727005965768268,-0.0012043228177278996,-0.00039615155306970204
0.0013462804986254047,-0.0015923958082566822,-0.0005348687871671292,0.0005499453309838406,0.0005678616470123104,-0.0009790996208112425,0.000962902876703408,-0.0005308925445628846
0.0001882946984339189,-0.002454474067451515,-0.00010176099978382264,-1.8622367834919588e-07,0.0003622936941601085,-0.0013292579882158901,0.0011636162209001752,-0.0006422582012224935
0.00043909674922360377,-0.0020270139724308705,-0.00011838548830466504,0.00016191773343891713,-0.00030704566875164633,-0.000497620363814543,0.0007732238049279905,-0.001283887796086197
0.0016940170686947135,-0.001925311067622645,-0.00068299194821629,0.0002794811225855226,-0.0001969035851722548,-0.0007198839723306649,-0.0004422706597069808,-0.0006659508287876442
-0.000992465505071532,-0.0014496158476454883,-0.0007797641983523443,0.00029770177854421465,-0.0003817933906448644,-0.00037186059498700585,-0.0005114193769803221,-0.0006635073516734892
-0.0004576007781562002,-0.0005456430131234246,-4.29590890482651e-05,-0.000197404767586962,0.00011365938608976585,-0.0005705689989504392,-0.00016329204624752618,-0.00029612052322288936
-0.0008778293577011643,-0.0024150713674061593,-0.0013385002731524283,-0.0006853798048835257,1.576996499091146e-05,-0.0014065378528488953,-0.0011221617475150514,-0.0012330000132881281
0.0010150915472493546,-0.0007569445329240825,-0.0005298179387867356,9.696581617045322e-05,0.000595734715745948,-0.0007409188231769025,0.0004806285973501469,-0.0004862164029293831
0.00019359017901015877,-0.0009479112367191659,-4.163205676359668e-05,-0.00031735504230751834,0.00024513573947070104,-0.0006860742135681241,0.000593898813381869,-0.0002123195050627354
0.0006771179716319924,-0.0009047648992230542,-0.0004218982739286054,-0.0005213823471244129,-0.000154194430759605,-0.0007037695976807362,-0.0002868072068175795,5.7397667396867026e-05
-0.0020493727253319063,0.0001600670122068532,-0.00021331702960189041,5.1984111067845787e-05,2.6092733121523423e-05,0.000659333374005083,-0.000601964642860427,-0.0005189051929707754
0.0008292445774829058,-0.0009170067741168923,-0.0002768080017553557,0.00017528204697648126,4.3452209919042066e-05,0.0007804964671556102,-0.0005961574430873519,0.00065906268388942
0.0022201715681601604,-0.000754077573278522,5.4109736809413124e-05,0.00021368153374883307,-0.00032453654388652696,-0.001237272768389953,6.750961281348472e-05,0.0008373234385777137
0.003073632239841155,-0.0016856515392722588,-0.0005699712999810354,-0.000268646492951513,-0.00037423692874619037,-0.0015898107839875746,-0.0015872320328361527,0.000299741676969063
-0.0009587623617504695,-0.0015936873599888002,-0.00023294173266067504,0.00028622833697235526,-0.00034677976928978755,-0.000737836223877477,-0.0005589100189549066,0.00015361382333713223
-0.0041861391266636285,-0.0008035384668811408,-0.0010804267006988143,-0.0006790917977482698,-0.000709017085517813,-0.0020339600477078737,-0.0009240129753360839,-0.00011572516914068878
0.0031553019864141497,-0.0009867575975239416,-0.00038266467329368037,-0.00022188821588550037,-0.0002535959665485732,-0.000573594791158155,-0.0031105496207226545,0.000527423888849977
0.0018631251417786953,-0.0016394401979975208,-0.0005813084930555884,-0.00036778400069715074,-0.00036567017781327573,0.0011410099808233185,-0.00035593116673169445,-0.00015200954990066018
-0.0006962080978302419,-0.0025915245471782775,-0.0029223555190916978,-0.0010054632249343824,-0.0013982738171258342,-0.0005663126855772265,-0.003836543009262953,0.0007135474413879833
0.0006251458567844981,-0.0022861433953530533,-0.0005816766027267221,-0.00018467404053892694,-0.0008887778668895355,-0.00020047267034850003,-0.0004845830394110113,-0.0004884683641595801
4.3709008411701624e-05,-0.0015539133616099983,-0.0005863847076790121,-0.0003896911289241062,-0.0008846142081059167,-0.0006856960271241684,-0.0012371060246123232,-0.0007882007694058201
0.0007719331370412887,-0.0018380029360357936,-0.00030060502929973295,-4.3313658318569915e-05,-0.0008148684674029352,-0.00039470189729598243,-0.00010659111935546642,-0.00011620809600942407
0.00011144259144896323,-0.0015692983775163253,-0.000503215473882744,-0.0002197481389605461,-0.001078506565508923,-0.0020473403583856466,-0.0006086963993564831,-0.00047629561919156863
0.001444529971646792,-0.0010919441554860514,-0.0007072856294816781,-0.0003459697605402514,-0.0007511101590936017,-0.001501317706053522,-0.0001634763630092487,-0.00045215445134690215
0.0004288204612376164,-0.0009134734835995989,-0.000624691246084018,-0.0005069624525887024,-0.001040932869178715,-0.0015930765604586028,-0.000595987071114466,-0.0008830471251558285
-0.00034463079597240806,-0.0004215797436744112,-0.0006841875535373935,-0.0005456931517127803,-0.0006666406347542816,0.0007309670481069566,-0.00031242612386470845,-0.0010573523105377183
-7.480533264045385e-05,-0.00010408014359840796,-0.0007326904564703481,-0.0001885862751845693,-0.0007115309046044877,0.000981051705316021,0.00038570042899241066,-0.00010939806815787924
-0.00013070315315058496,-0.00022998947757257716,-0.0010959482088562574,-0.00015791202946892054,-0.0006880393500311356,-0.0003705927983425678,-0.00016761271434642834,-0.0008371649052911088
0.0019986217550141475,-0.0010056852703023134,-0.0008351685643599066,-0.00039318599406536566,-0.0007686495046661862,-2.6771534002837844e-05,-0.0005135001769934898,0.0007510036944976371
-0.0004693683961643633,-0.0009485110797870912,-0.0017018647663846432,-0.00023887539128178323,-0.00099714220408855,-0.0012880307980357609,-0.0008792807741827836,-0.0009822246768475312
0.00036395451344670176,-0.0019251335998803298,-0.0007794315981012369,-0.0002555367272578285,-0.0008566788530379525,-0.00070973932863087,-0.00021100384293961503,-0.0008749205938577174
0.0006323287280315817,-0.0014996658910139348,-0.00028689935313350304,0.00010255818800214594,-0.0010910268722867916,-0.0003828482853850928,-0.0007937548772594002,-0.00037074354685668714
-0.00010574352047188223,-0.00025817614861041064,-0.0006113527962315357,-0.0003963932089734328,-0.0010680573785693897,0.00023833485998872388,-0.0009315359479666771,-5.1512161196694824e-05
-0.000844350472408298,-0.0006006330187388149,-0.00078616928352816,-5.214339478327166e-07,-0.0007722588711016159,1.6759364264915953e-05,-5.670473451571092e-05,-0.0003703714601738655
0.0034564891777538126,-0.0005271540423306449,0.00018700545703201324,-0.0002867007501974159,-0.00039018588667410814,0.0006213731807721356,-0.0005141440711754951,-0.00040947560608524505
-0.0017920592033661093,-6.979786339330989e-05,0.0007762271347934837,0.0005375641415973282,0.0006313978232509945,0.0030675843856340238,0.0017509733203628023,0.0015261296211767598
8.974691958714292e-05,-0.001320346184137705,0.00010960357170044297,0.00019477776194705906,8.428290811069872e-05,0.0007980723574227308,0.001108029725094759,0.0004674026883802426
-0.0013242521669676966,-0.00010197899692319876,-0.0009753355058425381,0.00016898651683136727,-0.0005867294445981987,-0.0008781664922995867,-0.00013633872584843098,-0.0005164721983629719
-0.0071510039282410955,-0.0010164298180135125,-0.0014071018924394789,-0.0007717516979924108,-0.0006123312904040748,0.00023592219018850108,0.0009071157414183066,0.0009266401824863464
-0.0011843996044670875,-0.001994818154798058,-0.0020213899655539495,-6.403702283213509e-05,0.00027791927060578806,-0.0013390623214293992,0.0004066640219402772,0.0004996226514814636
0.0012176984739102506,-0.0011792879434124762,-0.0014002186965017354,-0.0001250823896037477,0.000348851184734582,-0.0014617700282492326,-0.0013884054907095601,7.488258636381263e-05
0.00042591609486042147,-0.0007005488159894561,-0.0008193513840527094,-0.00012449332273870137,0.0012140628021867577,-0.0009284434124839625,-0.0019075910082148172,0.00032187869283603236
-0.0007400905277664508,-0.0018604600601965706,-0.0010899455263797334,-0.0005728196299007474,-1.5655118618491892e-05,-0.0015695832582143295,-0.0021543267938902723,0.0007293750076790048
-0.0029631051857885804,-0.0021218211804848756,-0.0019310371968839022,-0.0009248431990591718,4.9318046349029884e-05,-0.0005668235231494301,-0.0021883344015250312,0.0009433487317464967
-0.0002453606698759788,-0.0011308011385253631,-0.00042920759321895435,0.000254214391855642,0.0012458069556287026,-0.001936898550829436,-0.000461089943856325,0.0009984858047049744
-0.0012061512317204258,-0.0012032672822221298,-0.00033980573070907906,-0.0013519758428356227,-0.00045477020536146244,0.0005085915465520301,0.00012956510971047649,-0.00026044077048575166
0.001659205276841095,-0.0009497326489613095,-0.00028087558513488476,0.0009643189373845344,0.0010597978174953415,3.1495356231661724e-06,0.0006578021600580794,0.00041575007748159427
-0.0020357630496327167,-0.0012606501265773208,-0.000558276815329052,3.884718216434896e-05,-0.0004870305244614398,-0.0017623353691885533,0.0004944956208928974,-0.0010063454112323711
0.002490973619426544,-0.000624623452945197,0.0004448862557468489,-4.364726961887219e-05,0.0006063207747599948,-0.00045035703983834445,0.0004048392197305022,0.001368408394205447
-0.0018484628096125592,4.6143646223003686e-05,-0.0014480449135899761,0.0002913946901080339,4.6917357766882165e-05,0.0010930409729919708,-0.0009102097127300909,0.000750250473276158
0.0021482346515363858,-0.00010830046728790052,-0.0008329574632075184,0.0005847880151143788,0.0009290729008058016,0.002786765612763227,-0.000595522985942026,0.0010278094153748207
-0.002808028852487205,-0.0004195803436100952,-0.0013098872010407535,3.0984630024929864e-05,4.9088882782383145e-05,-0.0007249443466430062,-0.0005002698233451078,0.0005075568539688117
-0.002752638304230623,-0.0009888765738649212,0.0005465138584686976,-0.0003926271357956598,0.00016061452750252547,-0.0017165190033466638,-0.0006538688586185066,0.0014238805851566451
0.002395771264881029,-0.00015397366736177862,-0.0002706852375415674,0.00041466600653997104,0.0010731108424746898,0.001035585970866953,-0.002759086843829392,0.00026099817228656026
0.0007701535983339962,-0.00012013722503071493,0.0006057886292967532,0.0005122132133274796,0.0004677447431637901,0.00013940045966378124,-4.3412393904750015e-05,0.0003551669780479465
-0.0006793226440339949,0.0005102043293036666,-0.0004508689901802102,0.00013346618311355405,-9.386066712499373e-05,0.00016385005675964071,0.000260988709584496,-0.0005191053033671135
-0.00036346094330077155,0.00031805257703885304,-0.00042166238900596465,-9.106769007543347e-05,0.00025278580005939,0.0017058707460961317,0.0011489963396371008,-0.000519894744153848
0.0003254813485626589,0.00014908685208343033,0.00012794657265083982,0.00016917800635499975,0.0003661206860457117,0.001264958293443298,-0.00015739340699855576,-6.360965571556344e-05
-0.0002223081712822393,-0.0005634510965040066,-0.0012482128779522461,0.0005020427352072672,0.0001443035833417439,-0.0015000520506155829,0.00039133178166106234,-7.689505550157525e-05
-0.0015235035163371257,-0.0025078735999329474,-0.0019065243891261978,-0.00047485642884264733,-0.00047262815530287093,-0.0021764873243046235,-0.0026596348808203773,0.0005969839245557673
0.0016192719693563268,-0.0014195048842130622,-0.0014788154814541947,-0.0008042313869681773,0.00045148894375360077,-0.0013930405420393625,-0.0004353618839351789,0.0010869737854740519
0.0013666365498202762,-0.0010806884645476289,-0.0017863994076857128,-0.000574772935479764,0.0015114827204512533,-0.0020142340672904325,0.0010500979885749624,0.00057299969709846
-0.0010698899721338253,-0.0019919285378551654,-0.0003638238359072572,-0.0013408098364554816,-0.0015842677892736648,-0.0009528945646564601,-0.0013203250879161,9.661506474274383e-06
0.0009900879204278036,-0.0022365718423805812,-0.0019893640442350496,-0.0018201014827220903,-0.0015035004403080314,-0.002509632681202207,-0.0010639025453019477,-0.0001790734078701012
0.0004251405514216148,-0.0014364639723223591,-0.0010048049034738428,-0.0017574891308216704,-0.0034700478710715846,-0.0017080614995740565,-0.0006076764263951725,6.494221649427517e-05
-0.0030216264420652016,-0.001696358135718729,-0.001572278475554921,-0.002123352572266512,-0.0030253423194047347,-0.0007108148601751915,-0.004034117789947202,-0.0011003491162324488
0.0005467373129477095,2.2793597578810142e-05,-0.0010690205673521919,-0.0018640039165847264,-0.0050557446996524705,-0.0012078062528928155,-0.0001614824854095665,0.0008913013798998694
-0.0011018648008653408,-0.0007833934196469577,-0.00030328040583079015,-0.0015944344822420651,-0.0029273414455492602,-0.0006743338483003682,-0.0002553915841056951,-0.001382324348881869
0.0001122066071581537,2.778494244181178e-05,-1.2954853925325207e-05,-0.00042984658630675565,-0.002800961217704122,0.0003837870836034883,-3.1361260329283236e-05,-0.0002376346876206271
0.0012202609697407557,-0.00029936648259620754,-0.0003992487603981572,-0.0002471976860836239,-0.0034165907196036694,0.0014038980648625238,-0.0014786295307251608,0.0001541661361687217
0.000950656669284792,-0.001075300299505352,-0.0005371559219532879,-0.00015408159851534994,-0.0029859196533258154,0.0013114516744959213,-0.0023905986302013983,0.0005049258449792014
-0.0013101195112824493,-0.0003795698259536218,-0.0005738623840573641,0.00010965985796235835,-0.0019234730138053256,0.0006358656335304781,0.001777687607211612,0.0007192452705226143
0.0028154357301603274,-0.0010323683708629856,0.0001388377987549876,-0.0009570906896340493,-0.0020719629266565663,0.0015537637490942195,-0.001323461852456668,0.0013174405321171754
-0.0018624262796398997,-0.0023199498728998184,0.00012852225021629438,-0.0013434340152067303,-0.0020303286623920354,0.00025490877300940294,-0.0014468305043839778,0.00046773548333143444
0.0012938201436150365,0.000244557555585672,0.00033115477878767655,0.0003235527155496422,-0.00018799558944342017,0.0006447220538576782,0.0010427135262032548,0.0010094380166340534
0.0007437219790632235,-6.329679103708856e-05,-0.0006638502284124666,0.0001607247308461797,-0.0004648443854907571,0.0005663546027240858,0.001571029644861452,0.0009093893189130786
-0.0018284415531889904,0.0006412281365935252,-0.0008146554988286574,0.0007207617568240622,0.0001585234246535592,0.0004373207731756934,-0.0011751929380927613,0.0009504747046774694
0.0017347400184699025,-0.0007638642595993679,-0.000462148548358223,-0.00018488014865939773,-0.00017616139741590808,-0.0012637436176839597,0.0002516693291294008,0.0001102764011201016
-0.00042833197351521766,0.00015371696873923787,0.0005376837284701633,0.00014050016755445775,-0.0004652249972689693,-0.0009263175286340044,8.365852591946707e-05,0.002122654546661986
-0.0004164308794638605,0.000470117444543428,-9.99138727745364e-05,0.0001836026830638923,3.222979528453907e-05,0.0015515206042331158,-0.00038207521833119254,0.0022080862760616273
0.0002878006087736233,0.000612755026841417,-0.0007418432919054845,-8.713650828910983e-05,-0.000352762721929824,0.00022746365270499193,4.136957909931911e-05,0.002359207872803142
-6.479894657181634e-05,-0.0006674692774605811,-0.0009363292118705537,0.00019849832737892743,-0.0002460040081227017,-0.00011302673964399298,-0.00029974230303594874,0.0008729345285794919
0.0005906992577485166,-0.00012311778140932945,-0.0003693456472270481,0.00042208927656968626,-0.00014855431215810052,0.00013824560332161598,1.4778552560801093e-05,0.0010491276979566683
-0.0002504527102256565,-0.0006808132976080811,-0.0006258531965529098,0.00045583933726955276,0.0001537587633113357,-0.00014058804265208586,-0.0006755718653350129,0.0006637591307373825
-0.0002725015657737691,-0.0009529246521561333,-0.000270837099137525,0.0002556613706061503,-1.3448260431730793e-05,7.317557690021348e-05,0.0002924753996577733,0.0006574817317789361
0.0007578747613526106,0.00045454482962137884,0.0002651881056493117,-8.451748774199038e-05,-8.017346633723236e-05,0.0007320758509419757,0.000756368733802853,0.0017822642864081036
0.0007663445797987258,-0.00011050271327731318,-0.00013417834649107543,0.0004914653659529003,-9.029521453412682e-05,0.0026019012832219804,0.0005807767587435948,0.002104269347500165
0.0007609303030130324,-0.0010188642956548545,-0.0009135742900460805,0.0005549691858007647,-9.590535353595894e-07,0.001527563790398882,-0.00020742068729524314,0.0004789092310350539
-0.0001776997377176753,-0.000598890975524027,-0.0018817578898249966,-0.0004286420412342709,-0.0011508598069654133,-0.0004212964662769109,-6.494361068298388e-05,0.0003449493973386324
0.001060065728322495,-0.00031133904345161654,-0.001198146091597138,0.0004676208378101822,0.00028751389621954496,0.00010316729268237417,0.0003648088129948128,0.0008817546902861542
0.0007550723900745008,2.244908015376279e-05,-0.0007654999488888391,0.00019622068124958297,0.00017552013787028184,0.0009162529103333804,-0.0001203295142035632,0.001107841171572145
0.00108303721381551,-0.0004999755012733316,-0.0019986506004611884,-0.0004791228882337003,1.235841094735962e-05,-8.469604827213948e-05,2.662064245144611e-06,4.226785897146526e-05
0.0011288974794697857,-9.961305815637164e-05,-0.001027843611112912,0.0002510882070086433,-0.00011898059773268978,-0.0004286724772073512,0.00021078559171615986,0.00043502797476804796
-0.0002362950629170298,-0.0003244642132916779,-0.0019399884265466603,-0.0007266867028840498,-0.0002926776425988579,0.0004941941835371034,1.225566273676472e-06,-0.00012656914768529662
0.004259093622365408,-0.0008024242314147297,0.000687800394333757,-0.00043793981724953214,0.00016096904744874907,0.0015671608291933658,-0.00020703301671110724,0.00011773110416758146
0.0020056029319772428,-0.0010055446937218741,0.00023736047970535082,0.00032674691405972303,-0.00012286381620478146,0.001142737678371781,0.00012708148315689521,0.00015960433238794324
0.0013778418883695367,-0.0009715076182262422,-0.0004916513250092598,-0.0002518111869147223,-0.0002548723545631995,0.00045631359661245504,-0.0002478848832123032,0.0005698520488252565
0.0009280518676303955,-0.0008970618435946213,-0.0011558963189446645,0.00043668518617863053,-0.0004809485197052431,0.0010503486091509053,0.0002662134840857365,0.0007417812451676988
0.0021337606927488316,-0.0014611997742439383,-0.000821534871218067,0.0001657861551973562,-0.00033442743576210824,0.0020226430138350097,0.000489467235271204,0.0016925811756042537
0.0010520491687320767,-0.0008118615971827663,-0.0003291136547234416,1.2313117188387851e-05,-0.0003838145028529219,0.0009618345177699676,5.211338335279576e-05,0.0008895085038844693
0.002395034492086069,-0.0016427353416464828,-0.001383452188770743,-0.0005233871862108479,-0.00022436684527663047,-0.00013958753183656298,-0.0034632543594231525,0.0004265014288944552
-0.0006892610619401966,-0.00027667149731383587,-0.00015771229405131938,0.0001367844520449422,-0.0003486961282633756,-9.767747462117082e-05,-1.127380228393072e-05,0.0011948649609836248
0.0014069366874761994,-0.0017872539170003666,-0.0008605649927126047,0.00011819426429733692,-0.0005217956549746783,-0.002091005186183922,-0.003917363482288557,-0.00040778744760525587
-0.0019740488491369087,-0.0022066737713968745,-0.002315237645362881,-0.00032572959293017336,-0.0005723490755799118,-0.002462841223587599,-0.003236302375397771,-0.0011647271146745118
0.0015019800398473795,-0.0013203255593915242,-0.0017587999864645458,-0.0008015741473163442,-0.0011126400223638792,-0.0016529308042499123,-0.0010212276958933052,-0.00014567862183157405
-0.0015218982267385377,-0.00044537323918267984,-0.00028610690260471,-5.489659831653346e-05,9.550726606784485e-05,0.00037105398795701414,0.0012181648285078824,-6.048624576043525e-05
-0.0015305961417161906,-0.0007498271021087588,0.0001771980893837395,-0.0003605280943396811,-4.443456263335549e-05,0.0006306836480650312,0.001070954694295384,-4.900921113480448e-05
0.00203760648421309,-0.0014204067826188208,8.3952234946484e-05,-0.00024075507831776384,-0.0002589484075760861,0.00032912460432373106,0.0002641449128480154,0.000637664106543316
0.0009213297087609136,-0.0014020302675155545,-0.0006068126720205521,-0.0003561083064289168,-0.00014376586790372053,0.0012326356830442819,0.0005529204750960782,0.000435763583957223
0.0015288718732816761,-0.0015354007213999746,-0.000679253298038478,-0.0007410583296953702,-0.0005656119752109388,-0.0006335097222628423,0.0009680882680961642,0.00020964003592914267
0.001977688975640155,-0.0012004781604113754,-0.0005996172757881941,-0.0003281812952458355,-0.00014261330027299574,-0.0005307268545283006,0.0006786798625252251,0.0010745674347205684
-0.0005824972590694298,-0.001352225562880156,-0.000464455059652572,-0.00012774194785287007,0.00018729983746712162,0.0017163677543430634,-0.0009271006996538911,-0.0003023931941545678
0.001536204776198693,-0.0016169556734097915,-0.00013597455572181145,0.00011041433806504195,-0.00024352003296156604,2.2458512553016124e-05,-0.0025274952308204385,-6.795301817563796e-05
-0.0008012943321768849,-0.0013158585171770484,0.002288577331649958,0.0006727448517146446,0.001122379273697672,0.0001295024835169764,-0.0018915665048080815,-2.713859275571672e-05
-0.0008030496112033743,-0.0016531610504251701,0.0004758366958875288,0.0001900539170279942,0.0009607951200252051,-0.0012483094362095183,-0.0010192001014792571,-0.00015416615636375985
0.0014720121407132034,-0.0016845395139646192,-0.0008148254880874954,-0.0004051816980916977,0.0010209054902177242,-0.0007294111342837221,-0.0013734698295635038,-0.0006396782323819767
0.002245350963636693,-0.0014206790853538705,0.0013499756029804403,3.8634775200514847e-05,0.0001511153435899882,-0.0009676478426496538,-0.0014821494496083775,7.249118016344968e-05
0.0020062216226597704,-0.0015088313097340461,0.0007989114704496118,0.0010290984411422928,0.0005388007836788366,-0.0006986599830843211,-0.0023352890643516034,-8.573112254553517e-05
0.0014903242778276549,-0.00014002216675761413,0.0033601248842800037,-0.0001175727247574741,-0.0007460758400795146,0.00037016353337716157,-0.0029183700855747404,-0.001203818424421695
-0.000561062828946885,-0.0007891791361078847,-0.0014758358289436813,0.0017378612754094366,-0.0003395214133545953,-0.0016592116724470057,-0.00153685569943516,0.0006777070257065979
0.0018536664292145627,-0.0011720694704120454,-0.0018207770443933692,-3.4080973671298135e-05,-0.000985488160614051,-0.00041124783005868346,-0.002564557210508982,0.00022550391243879295
0.0005257613570811381,-0.00014777761727550006,-6.741663213063028e-05,-0.0008216220421998451,-0.0008316628299107167,-0.0026363482143074175,-0.0004872438334397639,3.0336997979270053e-05
-0.00047891349770549853,-0.0001123419036391005,-0.0007996058435122791,-0.0007811225321786204,-2.1609595901392168e-05,0.0006505328227383911,-0.0010760358502154837,0.0003150611915280364
0.00034599469435060487,0.0004981870807595203,-0.0005210691316103073,-0.0004899647979304809,0.0008328443216924131,0.0017125192093155241,0.0009976521732786318,0.00019957543073725106
-0.001483531915164708,0.0003494432205502812,0.00016246390945946125,-0.00045992954146775776,0.0007860207371899963,0.001820813976426162,0.0016409783430591145,0.0007853293467955434
-0.0009166055828999216,0.0005727384130453965,-0.0001304080323090006,0.0006064167853834941,0.0008270416792000485,0.0014119499399123125,0.0005836425993375542,0.0012747703558271771
-0.003715486235762908,-0.0011887527989465345,3.445398581058851e-05,-0.000178146573175057,0.0003401399932292978,-3.8232778370513066e-05,-0.0010117670483426925,-7.772588730136273e-05
0.0007305341425967919,-0.0012039012518317049,-0.0006250581380705753,5.657894890848451e-06,0.0007048349369067404,-0.0013544810421759115,-0.0009746750472463493,0.00013169180951107373
-0.00015818076727566955,-0.0022155353961852654,-0.00016850203080534556,-0.00026139496312419734,0.00036646033069281036,-0.0023376889757524737,0.00019330452173564483,-0.00011826160863718007
-0.0005870576119815827,-0.002568945195056806,-0.0007955453204167551,8.771101669842743e-05,0.0007256714958856127,-0.0018659378090048718,-0.0024327860451344788,-0.0006630163146637389
-0.0006997111663292011,-0.0017107817585312673,-0.0011664567285615355,0.0002771910566856442,0.0006837072529170242,-0.0013064730172146386,-0.0009928953866602964,0.00021047316410983136
0.0007561860657854094,-0.0009459851791098783,-0.0003762372299291183,1.849928056253828e-05,0.0001085592941533289,-0.0011342281527619484,0.00015497696590819403,0.000849243492204841
0.0008084109701202958,-6.608232236942145e-05,-0.0001627223496013887,0.00011481003679152734,-0.0003221013944753118,-8.930077363973415e-07,0.00035509658123854504,0.0010102071431865249
0.0008567553721825882,-8.708870929179783e-05,-0.0003027138384242983,-6.289206953894082e-05,-0.00024792403245172767,0.00070458041165167,0.0005722258868790224,0.0013234838477095001
0.000616306763150701,-0.0002442889890017682,-0.0006820592232975264,0.00029381525656116804,-0.0007071351914917595,-0.00013730574505433613,0.0004864758789508253,0.002000859097840085
-0.00022668226925837132,-0.00014657367669967087,-0.001304307245303465,0.0003034322842517317,-0.0004200853019292461,0.001277873486928243,-0.002437186444209141,0.0005788319717224919
-0.0007795865402773819,-0.0015927663825533892,-0.0012604932961126681,-0.00041048764079074015,-0.0011516263708782487,-0.0002779890709626093,-0.0003151465809781762,0.0006550959083026314
0.0009834025519086524,-0.00025085190602865674,-0.001425198797042579,0.00016032667488644642,-0.0002713085353545893,0.0006292586287850708,0.0002635494641069932,0.000648364129313619
0.0019106321075966766,-0.00028980830783169933,-7.376613739271173e-05,0.00047411215840650065,-0.00028149932171117945,0.0008630577463570311,0.0007641414865843903,0.0014593639736459724
0.0003420754615312554,8.74205173593167e-05,-0.0004435219810602856,0.0004539089062300433,-0.00024014073439983122,0.0006711935718853572,0.0007256051475898059,0.0013997882792598877
-0.0007632544516557955,0.00043329938321502406,0.00014588157883003395,7.845593000618504e-05,0.0002902131215817911,0.002121156566364008,0.0004457264976970774,0.00037525952574682424
0.0006065504535060634,0.0007857040513798791,-0.0003576018080694339,0.0003205441805579282,0.0003089211369089064,0.00232187089017754,0.0010974081511919951,0.002096963987863803
0.0002561485344120948,6.689297144504555e-07,-0.0006297198595665339,-4.9188796911440995e-05,-0.00047715912469574765,0.0005151141280219533,0.00015625361001228295,0.0010268948541350064
-0.0005023956170997955,0.0007673791819781256,-0.00014332190929059737,0.00024343348405150419,0.00016463896319769583,0.0028294279754512435,0.0009747157843419302,0.0014923432533197757
0.0012394788981225824,0.001627570349674832,4.1937080573228226e-05,-0.00015044042521315454,0.0018024930156627134,0.0008961193153955207,0.0015054427131811433,0.001794638091963534
-0.0013474143834693666,0.00043956006031162286,0.00025085513214302175,0.0005394250370455583,0.0006971551233909229,0.00020676257854681068,-0.0010359484578154339,0.0011746525573274693
0.0009039186884664018,-0.0008821911227792973,-0.00043849570215144534,0.0007474684150201935,0.0005000446146429081,-0.0003226626709178699,-0.0015717227123877035,-0.0004301833384095116
0.00045701963961603263,0.00020864675734107575,-0.00012040362111041667,0.0006818443499142749,0.00033969078383180396,-0.0021067620966520135,-0.0012735246917634049,-0.001370871397748864
0.000510898254509681,-0.0006371816596382137,-0.0006122151495934605,0.0005272427004630848,-0.0002620314575711921,-0.003391641400003382,-0.000404234484100262,-0.0008152058687392153
0.001681537539157367,0.00020976967387572443,0.0004458358167242147,0.0004844989845427202,-0.00030185286348756245,-0.0016937771648630696,0.00011899872271926384,-0.00015117107950958942
-0.0007008788983650912,-0.0003041427407878963,0.00042663762726994394,0.00023959661311210624,-0.00037474673204665584,-0.001340935552094691,-0.0004143591342378614,-0.00021675631778406528
0.00015966495823279867,1.766250416907225e-05,-0.00013563538893303923,0.0005727564196830479,-0.0006198922972032646,-0.0009575595775148958,-1.1277625818553398e-05,-0.00011900186714387177
0.0011062924673911115,-0.00012975183386427315,-0.0005414445610740561,0.00023777877861647664,-0.0008250700834904749,-0.0016749047973370072,-0.0010829462270069909,-0.000579496694214546
-0.0004990428299207672,-0.000103546374654373,-0.00014140125903012784,0.0005044667316390207,0.00023481795880386458,-0.0008749313217254339,-0.0001869704433264416,0.000440565888301826
-0.005326986807738036,-0.0005668256285712069,0.0019973584715792256,-0.00015754335287416945,0.0012165495526215184,0.0036532588555469514,0.0017593016962757521,0.0015159292111095659
0.007213982232592222,0.00016890236969951773,4.753192321118879e-05,0.0005215803368100223,0.0006887887171610999,-0.00023163318518954973,0.000675067611384653,0.0004917832250254167
-0.002316254296886767,-0.00020580418785998811,-0.0003379039243749665,8.324730257261934e-05,0.0007258125698976945,-0.00012821885993614737,0.0002639009787713099,-0.0018540206063052032
-0.00011685067700798261,-0.0005365736505668239,-7.389312077275719e-06,0.001086161051858757,0.0010260767663322161,0.0003682669397191391,0.000718690196626722,-0.0015839480595135694
-0.0005202278600962108,-0.00039653655102843616,-0.0006595646213996524,0.0007612617347653319,0.0007625179128399004,0.0017733161021168552,0.00048591553625281934,-0.0019021969157236212
0.00019966669577641455,-0.001316157296843865,-0.001279004959548663,0.0011367048866523202,0.001490533350304271,0.0007699336144570041,0.0006362912870716278,-0.002950516117950394
-0.0002312538302523762,-0.003030885897057419,-0.0014949008906428936,0.0006622331263165141,0.0009516610209994101,0.00011559268240083007,-0.0003172768142826685,-0.003765618492342708
-0.0011451943021293402,-0.0012353039831983735,-0.0007423818450208357,0.0008508327176800216,0.0009338698088278782,0.00038125957531990294,-0.0005227693020189581,-0.0015657086002156117
0.00047926964228434354,-0.0010920255882262894,-0.00044591635900350474,0.0005312906535284027,0.0009210010328726461,0.0008446904161923736,0.00031423420914511446,-0.001733257266311178
0.0013482843882624967,-0.001297051253060659,-0.0012762817111702765,0.0019594465761874932,0.0017107708467678554,0.0008987866394434262,0.0016364012304785095,-0.003411211401167324
0.00022124496805226506,-0.0018559335213505933,-0.0008089727776405374,0.0005353162935383846,0.0016218747585143827,0.0006493994162802676,0.0006721520543941526,-0.001584916988667782
0.00039107946152900616,-0.0014249994743334808,-0.0013780405547109916,0.0004855597930271674,0.001654147415523213,-0.0006981224230318713,-0.00029199009123366255,-0.0018020807787983639
0.0007767159775258755,-0.0017872547654471233,-0.0008379219792593092,0.0004739553414893592,0.0013218349749614857,0.0003125217133648247,7.560035051640877e-05,-0.0026464152637581304
-0.0006746466391858917,-0.0017387959856727255,-0.0013347270876424384,9.862758001238255e-05,0.0005734456668927548,0.00019379782070580974,0.000271418370338582,-0.0024855490440929633
-9.969871287099695e-05,-0.001988169651328867,-0.001124988425906527,0.00048132053285332985,0.001199312535155017,0.0008038238048237366,0.00015630050603735682,-0.0018719130575021142
0.0011858137527457958,-0.0023979243101834038,-0.0017175535429486063,0.0006737980900193536,0.0007281530434410868,0.0005720208096379282,8.538607093108605e-05,-0.0007814414033690602
0.0004590413519675093,-0.002345402611361967,-0.00150094488574318,0.0007044203842522192,0.0010211650205631518,0.0005118738768390538,-0.0004387233882911213,-0.0016352274870637478
0.0003308003572121931,-0.0020609539424825455,-0.0013257628170572314,0.0008876059380770177,0.0005811490150159907,8.449887287166236e-05,0.0002635123589364531,-0.0014731300621472164
0.00037798565551272375,-0.0020062519691330574,-0.0005148728187775843,0.00043533960258860936,0.00037930420661971587,-0.00022092001846892617,-0.00023964244656789405,-0.001413492387490484
-0.0026285233402952583,-0.002004429818456473,-0.00038514832351230677,-0.0003981874826876368,-0.00018154816288142722,0.00022543437110940248,0.00034763383912720476,-0.00032440735034340915
0.0003548460137143412,-0.0013687236577140044,-0.00016994025183070396,4.4958895439714644e-07,-0.0005228954562142659,-0.0014551162889426372,-0.00012273790161409096,-0.0006944620001150375
0.001129909970369279,-0.000639551736923923,-0.0002157141768373682,-8.077691570157834e-05,7.639561925893504e-05,-0.0023650344277309403,-0.00039249907854351906,0.0016098568633202107
0.0011376776562282381,-0.001317803773642578,-0.00010217326232529536,0.000726258314844743,0.0001825553340687844,-0.0006144545041516538,0.0007041507010441644,-0.0001248292514754687
-0.001334491180217842,-0.002190970308749599,0.00017567195731632551,2.713880586235665e-05,0.0003580251949669264,-0.000570134329914866,-0.0006589024268861368,0.0009396635614984121
0.0015564992595557203,-0.0014617424069109765,0.0007642608656318522,-0.00044865793638712104,0.0007639131578386356,0.0005735425145599509,0.00015250549675059516,0.0007310460774051929
0.0015607706234649255,-0.0010630512969246146,0.0007997665729721881,-0.00020715969701144354,0.0009763480574630991,0.0006025384536551074,0.0007355051517325144,0.0008109097006208419
0.001520697366433659,-0.0010649662869695803,0.00030670612601534,-4.6338774103464925e-05,0.001061718032972694,0.0009058317979653778,0.00015448493092510331,0.000805183120524549
0.0017352856585863754,-0.0007060726912727844,0.00014704172050164808,0.0006170731972915103,0.0009259262708714204,0.0006246895660772621,8.367728384111719e-05,0.001291388339562303
0.0026451317474448584,-0.0007467658670273964,7.012612973204713e-05,0.0005633907019635987,0.000584862604012122,0.00017331032154020644,-0.00040246793395440133,0.0007562546787606843
0.000638192395034608,-0.0013767647673769653,0.00042940558923728,0.00022007347178383568,0.00039323939952739883,-0.00039210407586005803,-0.0005820362912843696,0.0012531015683959138
0.0011344694295458363,-0.002001231268206358,0.0002399369069503625,0.0001617959132418846,-0.00019902972356478587,-9.395632648680793e-05,-0.001002081014959312,0.00016440756599614761
0.00136910252543582,-0.0006362813706080959,-0.00035620846072203686,0.0002357469943166182,-0.0001430045203433644,-0.0009096740836425015,-0.0012345374259439435,0.0009818771120286252
0.0017138296085026862,-9.183124321422668e-05,0.000504270672602545,0.0005918761361411688,-7.793980017133501e-05,-0.0004927841930793398,3.950174565644952e-05,0.001521040771974193
-0.0008480666345350424,-0.0016501359598067786,0.00023705877338942656,0.00034203505163685205,5.389974067426143e-05,-0.0005421131343845814,0.00037533048027063744,0.0013971103165908243
0.0012408779441668253,9.434222851848278e-05,0.0003128030239008739,0.0007753753713441813,0.0002220200850516354,-0.00011391916246921861,0.0005176022929803783,0.001833373049236108
0.0010724507302043564,-0.0008964977971835695,-1.2022569188037087e-05,0.0008763856934951332,0.00015222856135334,-0.0007134091440390422,0.000750767211948548,0.000614597531222867
-6.800976887403054e-05,-0.002082476969555292,0.00022416039166975595,0.00019745706354851384,-0.0002444154926990628,-0.0008262205704913492,-0.0006508485180185025,0.0012701781778644517
0.0017032198005641906,-0.0006042421648472666,0.00019970181830212356,6.4310789838878504e-06,-6.179740745563459e-05,-0.0005599057753874784,-0.0004444645814316048,0.0021575201802896534
0.0017398761737268493,-0.0005863274470442415,0.000318973400187876,0.0004461605730645988,0.00011278586872992673,-0.0007134076739501,0.0005205511126208247,0.002555548746195608
0.0008124726657468967,-0.0014550852487205403,-0.0008320829418697683,0.000326662446392625,-0.00012065958016452417,-0.00020983472719419158,-0.00022133260454119036,0.0005368033713609132
0.0019461287489530483,-0.00017932352279465292,-0.000318975236611107,0.001206647018018118,0.00033535509513024376,0.002743285676931599,0.0008159816795942764,0.001870684955179476
-0.0008212443580190873,-0.0015070289588868684,-0.0009303157237531504,0.0009729719944702169,0.00023724838166511975,0.00047808352391622336,0.0003563521120044726,0.00024058972408802018
0.000527933386482611,-0.0012354699744766778,-0.001425148981174782,0.00019952075648637621,0.0003839938789388957,0.0006945586858129497,0.0009854366793787827,0.0007393396057507048
-0.002851053035390341,-0.002330901679333238,-0.0005387880690922394,0.00037512526836119765,-0.0004390985917055406,0.0001291583290228333,-0.0009560771529760245,0.00014383377147953616
0.0008082856659193891,-0.000860893067347914,2.07641551179759e-05,0.00024445675620591125,0.0002598422545172576,0.00011687688267120713,0.00023827781505248648,0.0005160159977500773
0.0009854763111349489,-0.0012473320122185069,0.00016809420319891487,0.00029781336137839044,0.0004485163768275407,0.0009297276682509582,0.0013224577311914541,0.0013037148001665115
0.00013844370005312124,-0.002251055857991195,-0.000688135048709338,-0.00012526041737700712,5.427174091932722e-06,0.0005612443795991446,0.0008833138554695418,0.0004351678974161114
-0.0022585434803207385,-0.0006701856985624597,-0.000436034791617241,-0.00010304047556473236,-8.462489097451226e-05,0.0005287656759946566,-0.0012837622296214923,-0.0004898715787138892
-0.00025373055733851163,-0.0016982924809475228,-0.0009798672283507657,-0.00032075123569084524,0.00048351693051613135,6.528305703978887e-05,-0.0002642168179854388,-0.0009549364259693426
0.00023497276321224865,-0.00045224573864088364,-0.0012220155886318081,-0.0001410345697061371,0.0007023620426775912,-0.00016391557630738397,0.00026542010163875556,-0.0006350279455187997
0.00014804727726589774,-0.0009924612648833744,-0.0013479497044266064,-0.000516204671160807,0.00021138132841129782,0.00015155224814505453,0.00047031904622714176,-0.00016583683828227616
0.0025033045312343478,-0.0006991311841028729,-0.0010806018009143488,-0.00027010641942298375,-0.0004518260087061592,0.0011307599722734235,-0.00027309584179474464,-0.00027030630199350876
0.0015850608024916355,-0.00045296544536001633,-0.00019035604126133385,-4.91424938591882e-05,0.00021369922238591153,-0.0001817949962883573,-0.0014006484362829486,-0.00044474584340148296
0.0011135240459339332,-0.00015463755646776678,-0.00014793615766133558,0.0004597510161231694,0.0009123054420203407,-0.0020902748829944784,0.00048009501436233905,-0.00011459773815844556
-0.003270889538599767,-0.0013424634254643457,-0.001769716064793067,-0.0001008163770426678,0.0006712003626291918,-0.0017400965191140148,-0.0009095667107555644,0.0001903479847775573
-0.0006299210142283841,-0.0011441076022766815,-0.0016883747736508193,0.00032321666417553323,0.00057742749707155,4.300594455605716e-05,-0.0004491426820716128,3.786601066957427e-05
0.0005391805465619403,-0.00038825382762570557,0.0008030901319880275,0.0005398367558996267,0.00011361222569756796,0.0015531930634441664,-0.001042653394095132,0.0003405621097301225
0.0022937467475664663,-0.0009651833660579417,-0.0016034826272694085,-0.00046176020552242267,-0.0005556602191439618,0.00044113109569755924,-0.002418520423488758,-9.906289771777741e-06
-0.0025458607052694687,-0.0013801096996222406,-0.0034145037904883915,-0.0009017476275719794,-0.0013711425214607581,-0.0016915831168749893,-0.005374147360362914,0.0007126602567425815
0.0014640730109513693,-0.001860713029128852,-0.002703650463271687,-0.0009212381792149837,-0.0007002040310157019,0.0005312226707642758,-0.003881158651967431,-0.0004515175872435497
0.002183565994010207,-0.0016032561654106099,0.0002505124209384472,-0.0007018672704596686,1.7808469558967246e-05,0.0015760655240654395,0.001383187722154669,-0.00034651472931751846
0.002661366834683997,-0.00249878218489704,0.007041132322831667,-0.00027506449268909655,-0.0002592491177154851,-0.0014012538907645286,0.0015482557104600592,-0.0005742244541157314
0.004041139934062261,-0.002787448463889263,0.012839116628758739,0.0011321504694609486,0.0012667657575618542,-0.0008651990100876063,0.0013205479725017415,-0.0005132265397949776
-0.0022573029737472388,-0.0010630161682085475,0.0006431684626402951,0.0006986206022849251,0.0009512743171910043,-0.002385580045709089,-0.0008760208209590532,-0.0013146475663551613
0.002977523700301263,-0.00033135392322249395,0.0010239356610642588,0.0015171440816763007,0.0013803804737640148,0.001004591528629515,-0.0021167795087397912,0.00024930531066725056
0.0032522410624448318,0.00019032409844280538,0.0008896628972590501,0.001937529707308145,0.0008515787604269181,0.001500510279592105,0.0018961720670524036,0.0014590986348569474
0.0021684525843161983,-0.0003106778302829758,0.0008492657237132739,0.0016521968061113967,0.00016100491600572675,0.003226511371269826,-0.0002590459317269875,0.0006931277072526129
-0.000457502620100238,-0.0014211743478755544,0.0006720380394022234,-0.0005101771473095345,-0.0007883882268180185,0.001510420226311507,-0.0015641972693436555,-0.0001410413165756294
-0.00023016826238537514,-0.0030336824198551387,0.00751192006031956,0.00032559716885807553,-0.001722282777699565,0.0004365929746708759,0.0031581153502192425,0.00028650332039301964
0.0012529412211685694,-0.0029510862461924426,0.006687356441089186,0.0018777418662230022,-0.001895852182840302,0.0005747650467449556,0.0012296775375241146,-0.0003140360214965451
0.0005969300492893721,-0.0034881844408811533,0.007279372042074888,0.001760753433527955,-0.0015625108148621955,-0.0012874991358573663,-0.003997196346822423,-0.00043732091980471194
-0.0018889610811911972,-0.0001341893941406449,0.0010448957333445555,0.0008818659570461267,-0.0021204946324088997,0.0006953799004334675,-0.00026261703719590525,0.0012967310185476833
0.0005764613033118416,-0.0009705875584109204,0.0010378130624793254,0.002077898494861999,-0.003167465087294216,-0.0008262221345261864,-0.0008576800895707364,0.0015448882540167734
0.0017392675080371274,-0.0006425652354479394,0.0012993403919425877,0.0038390486774007144,-0.002212059490040219,-0.00031293141141329294,-0.001079056754971658,0.0005705282098131171
0.0008193808793270311,-0.0015264302877752009,-0.0007773753818093816,0.0015641915322271184,-0.0010912187728628633,-0.001752515731145207,-0.002113587088581687,0.0008244090020517918
-2.680732243950775e-06,-0.0015658854126257796,0.0008157583960662193,0.0030517953617791318,-0.00036112079495538997,-0.001256534553511692,-0.0009720100781698173,0.0004622688703554056
0.0018532427913372155,-0.0012763241746724448,0.0007394854514711895,0.0025586221931454974,-3.4240283336620805e-05,-0.0012913441166699856,-0.0009686665314400199,0.0007735407169974231
0.0006401785584948914,-0.001355846926882104,0.00012310951400797148,0.00042817520019648237,-0.0014969928524037404,0.001289761812831649,-0.0003368894873702483,0.0011405728882198768
-0.00012010193450064652,-0.0006182815815808984,-0.0005059208065780814,-0.002073218217138502,-0.0047558942740899305,0.0017039745919170443,-0.0024195715619555343,0.0011781096999951776
0.001663466024478999,-0.00023723469820113448,-0.00020676291087331738,-0.0008824263867353974,-0.003023779924895192,0.0007372221776272313,-0.0008368811898116845,0.0005323655342776235
-0.00033701508770977735,-5.706697160961702e-06,1.964945549105208e-05,-0.0009688422475792374,-0.0022075889860246976,0.0001229352222705521,-0.0010158021822542366,0.0010984777000536904
-0.00017018832065304867,0.0004239292721345971,-0.0018375200239551582,0.0007225658051383311,-0.003624192784839644,0.0011589088487560372,-5.254399269080211e-05,0.0006948487907165263
0.0014635311316619313,0.00029870293784146017,0.00047703780566922164,0.0003016169997966908,-0.0015775336359674396,0.0010359080320861637,0.0002542979531535954,0.00172971550965185
0.0013670765931424137,0.0002517060693034245,-0.0007722955293151298,-0.0002596390154806618,0.000131560747271214,0.0009658347669848058,0.00017541526568669603,0.0007560864735565104
0.00047579022367212723,3.886201756633108e-06,-0.00045118682740729704,0.00037231029821665264,-1.0523599594385587e-06,0.0014271892930553247,-5.3084442879840855e-05,0.0006974230837911684
0.0004352976427363605,9.32229551661216e-05,-0.0010217689405278539,-6.226585087123438e-05,-0.0011181424126127893,6.450504728259492e-05,0.0004080806920563169,0.00014370340246164196
-0.0009656025082005261,-0.0008303411964800057,-0.0006930952866927657,-0.0005529247610918405,-0.002284432225657648,0.0005150680807958796,-0.00027220470052660375,0.0005362429614732385
0.0009144594227018726,-0.0002695110862738327,-5.2767617204353914e-05,-0.00012668409159086874,-0.0002819340874576657,0.0020070376644816266,-0.0007954979416512397,0.00025900382717927625
-0.0009641995506590762,-0.002599226056049698,-0.0003252711835325882,-0.0009291436134294574,-0.0031041291588294333,1.2461516855127607e-05,-0.0017957823855822674,-0.0009692843212382801
-0.0002574192075891782,-0.0010207309120643998,0.0021887143778011597,-0.001150726109277335,-0.00360162944126531,-0.0005058145789073528,-0.001977617092509029,-0.0017602685223622456
0.0009645170781236762,-0.0010897843448586012,-0.0009197812675524071,-0.0003302236888737466,-0.002826698609547183,-0.0019065841153740333,-0.0018281938257596097,-0.0015788207070602754
7.462696471055298e-05,-0.0028206628677158495,0.0074812859078638785,3.941236984606974e-05,-0.0021006392225334587,-0.0014632361273334655,-0.002438785909260596,-0.0008280407818539475
-0.0005793029843872507,-0.00277259811223521,0.006394401893772924,0.0007238395645635088,-0.0009927279558292323,-0.0019118431203424167,0.0036338223638469093,-0.0015693187936426027
0.0012963054754875204,-0.0021853914179527254,0.00424025887987338,0.0014389712073538939,-0.002127143407092409,0.00015265140722417158,0.0032277769382814884,-0.0017176263319864066
-0.0025823687897597483,-0.0003978548513840156,0.0035788612513574913,0.001790223687864544,-0.0013258868224897394,-0.001867195839963214,0.0006763034945611227,-0.0013281719296641614
-0.0012483500920060218,-0.0005544276612309741,-0.0012284247528679042,0.0010273651425551777,-0.0019648635306614977,-0.001736009427351366,0.0003831977944645563,0.0008254784052514398
6.187645306828474e-05,-0.00021059974787369313,0.0008497384800610325,-0.001090451320747506,-0.0019355158669991488,0.0015215428881730096,0.00017882158730433232,0.0007480832656660773
0.0018519271107420208,-0.00010803092795112684,0.0008352391172080015,0.00038561295104121905,-0.0019160289961885223,0.0013412431499017956,3.1822722142439205e-05,0.00036042875623917435
0.0008081000360458532,0.0002348440867748002,-0.0005796908459367635,-0.00020837649641997544,-0.0033775129919917067,0.0013130233572348118,-0.0006027634430463858,0.0005547909118660028
0.0012830425255364098,0.0008698212408289244,-2.5790230773752788e-05,-0.0004230358141463439,-0.0011285250517632664,0.0012986531138287898,0.00039053595090529994,0.0010952262335182348
0.00024955190316123133,0.0008243199968246272,0.0010765288456720714,-0.0001960182027562688,0.002257469312496452,0.0013228118245166248,0.00011055063640903001,0.0011545251658526563
0.00012359124507416896,0.0005406502078181386,-0.0001645099755053654,-0.0010358634298693087,-0.00013255413406475838,0.0011502016583826461,-0.0013204739159373845,-9.551331867854741e-05
-0.00032310246463645976,0.00010455623901736142,-0.0012163518723745334,-0.0012011278091379348,-0.002081756197022896,-0.0006456010736794941,-0.0015220694620180445,0.000866745903776874
0.000863961622607107,0.0004952318466211472,-0.0011001397631719139,-0.00032481270861734775,0.00034242189291628,-0.0002463545875066382,-0.0026538629212225088,0.0006210192743585
0.0010194107533388571,2.5093336113144948e-05,0.00018612068831993668,-7.945812781334323e-05,-0.00027419110292863135,0.0006981382246164245,0.0005411000064849396,0.0018831843095303434
0.0007864573256816978,-9.857466776277591e-05,0.00026267355827561513,-0.00027388731013730863,0.0006641041092964621,0.0009541288093013572,0.0006651625199998176,0.002218421584322983
0.0001921557358131806,-0.0012015253014979112,0.0002449931644060791,-0.0004195576446589346,0.0016076091683214935,0.0008715816915151085,0.0015253324397662398,0.0018826973121114602
0.00023865384253223766,-0.0008080687934354776,0.00011684004398236655,-0.0001302264303423868,0.0005925811131388432,0.0009770998773573022,0.0007978520289796536,0.0022138759420035122
-0.0005884367984935144,-7.910700677953411e-05,-0.0001904165442935502,-6.197808332798952e-05,-0.0008201601667312701,0.0006489578176907841,0.0007666337899941764,-0.00010312746811677896
-0.00035043899567293625,-0.0011838394717264482,-0.0004173143729165241,-0.00023129118272780438,0.0005756313812662162,-0.00029576687110294915,7.92812445474748e-05,0.0003257082734093813
0.0001211039487152062,-0.000984085092728738,-0.0008031001050825286,-0.00035284280441666573,-2.6106957457069165e-05,-0.00023039146846265255,0.00111683297202466,0.00031156343925662077
0.001075659355561006,0.0004499316343118431,-0.0003853418919614985,0.0005702654753667125,0.000960496728726699,-8.513485130574979e-05,0.0008012624006482099,0.003163505049928585
-0.0021928966342668246,-0.0012130030488994123,-0.0016239914406552855,0.0001530596363374531,-0.000144725344621321,0.0005060839821780977,0.0001351992914644803,0.0011588786191553658
-0.0005672122939451689,-0.001192920565365435,-6.593814204438293e-05,-0.00039688136773260524,-0.00023271762928074634,0.0001987227604502029,-0.0002682746050690966,0.001757253786654407
-0.001719453645350959,-0.0011859348180884642,-0.0005377378013634648,8.120408418160693e-05,0.00045967375884525564,0.0017218076465866994,-0.0009490094006774965,0.0012944601537853166
0.0005934963716512135,-0.0009203718115160246,-0.0005992733742745692,-3.334306233850346e-05,-0.0003800396760317811,0.0011966060090222155,-0.001070227641563161,0.0021137927407419255
0.0018166916169054272,-0.000378358076507916,-0.0012101587974811473,-0.0005254151854116066,-0.0005974616053228613,0.0013478667374323147,-0.00013121031678086907,0.0032750571667286587
0.001286397712878667,-0.00024225427876003826,0.00029872728801078226,-0.00030051457574165773,1.5199674761741226e-05,0.0011951107023108064,0.0004095422278515551,0.0033698152354808357
0.0010265830746428231,-0.00021522032321640014,0.00022497499441765184,-0.00037150022180396384,-0.00010695196053161312,0.0006152760785972509,0.0012049962567889385,0.003164071107164872
0.001172685095470242,-0.00038801439166253574,0.00023022253483009555,-0.00012839392493833838,-0.00025045364241113984,0.0004947978926166226,-9.959869926535385e-05,0.002652092399534637
0.0006509369657414448,-0.0007809315221346001,-0.0005523902075887287,-0.00037686555141309,0.00015266983791921925,0.0018006269099619576,-0.0003471236352018319,0.0027311950940161183
0.0009178395807709995,-0.0005494823930108464,-0.0007219701864447113,-0.000739498399733173,-0.0004085287385755181,0.001414199689536557,0.0008750413925121283,0.0028223097331252483
0.0009091958967379164,-0.0001330442782083083,-0.0001908917761371539,-0.0006978294317489892,-0.00034908883295770314,0.0008909971654603501,0.0011010109845127937,0.0015579211387189412
0.0007626963719704865,-0.0003518641503626362,-5.385853668023679e-05,-0.00024946739052574116,-0.0006644416209219532,0.001089411129307012,-0.0003724126536334688,0.0031096588628530836
-0.002707840136126126,-0.0011460022264021229,-0.0010733196154987976,-3.301979846088404e-05,0.0007109736435158481,-0.000132849164618478,-0.0007616727932607199,0.0023151775159673633
0.0012867621731926303,-0.0008387506084129288,-0.00010340239837584677,0.0004080900341546683,0.00013942263144770114,-0.0012141871099863,-0.0009628026266214713,0.001781150149405427
0.0004936559920575592,-2.4477468438663327e-05,0.00016899384622748003,-0.00017849265650252512,0.0001202767733476144,0.002173030883548648,0.0007191387499878811,0.0029546277577712316
-0.000649637550303142,-0.0006486796017578706,-0.0010296486914220544,-0.00036508722275356125,-0.0004134802635709191,-0.0001875062240070016,-5.7680997206339907e-05,0.00139186812891015
0.0018058924038286909,6.338111686650548e-05,0.0007705353623561194,0.00011854762002743586,-0.0003020817915368793,0.0013669359064601087,0.0009569040113859956,0.0024443350303936045
-0.0002778339781696689,9.040731492143236e-05,-0.0005638573206941164,0.0008461845877976893,-0.0005006436620663705,0.0008775378697203844,0.0007477707693601292,0.0009092035129783512
0.0005204073538685932,-0.00023991219296096286,0.0001184133787760704,0.000925906272213267,0.0005811393795529038,0.0011214929377720577,0.00034131394520394424,0.0015901572060675708
0.00051569709181236,-0.0007202340360363456,-0.0007976631890731367,0.00032916240791269546,5.804696507472349e-06,0.0009463901255979562,-0.0002931839902841692,-0.0005139813280194705
0.0007178713088651547,-0.0016980252910245685,-0.00044976346181313634,-2.032785881415028e-06,1.016265115954646e-06,0.00047442935356205556,0.00027324975753705976,-0.0004527184545975347
0.00020239937298211763,-0.000519885862646005,-0.0007971332908036337,0.00043119521050159613,0.0003661337701160452,0.00045638381138808176,0.00035881593345538196,0.00030667088387456825
-0.006229398282499813,-0.0001301651190444398,-0.00030748335032685704,0.000158198388942952,-0.00023202002961621472,0.0018481447939234963,0.00012702105231414374,-0.0008796479313696038
-0.0033116791935842746,-0.0010396579256264735,-0.001353288699359743,-0.00014895154229941032,-0.00012363056216004002,3.4766217150936385e-05,-0.004623175419685236,-0.0012235224276814587
-0.0003341180333549024,-0.00044775854856166124,-9.365008296697686e-05,-0.0004976303027841559,-0.00011512714489304987,0.0011607904463238937,0.00036101968276540787,0.00152173883499036
4.4953583316385416e-05,-0.0014108396550473622,-0.0010920001904633678,6.80220465262578e-05,0.0007421390904322952,0.0007559577923084321,0.0005670811699356636,0.0013449284669516213
-0.0005430853089789078,-0.0010465292752764564,-0.0020142512553811853,-0.00014169310298193003,0.00016735636750162198,-9.704124334417271e-05,-6.941011434157908e-05,0.0005392697158594265
-0.0018244794159418727,-0.0010949022213676528,0.0005176723448971229,8.51292529679748e-05,-3.735315579430403e-05,0.000762244556845519,0.0003490132909180528,0.0015124054746372456
-0.0028263756797621206,-0.0013458956361865311,-0.0003762671705289422,-6.966355828035595e-05,0.0002816151141294019,0.00027041946676811997,-0.00012877407830611285,0.0008790583364022496
-0.002594867125253206,-0.0014117589352993344,-0.000516197957125941,0.00032275489391069267,0.0001577919654270384,0.0005481464345249653,-0.0002787081641192599,0.0012732770197016767
-0.0015908696936036439,-0.0010433063587814498,-0.0005579060345427652,0.000281947325945304,-0.0008881905362593399,-0.0017324040069789893,0.00024168077391431588,-0.00025203967675053676
-0.0020062927711375395,-0.00048261878848866117,0.00045947027566431637,0.000936287420502797,-2.980050122513537e-06,-0.0009083110095788495,0.00038205440066669605,0.00011620812198583099
-5.3704322681861746e-05,-0.0027939001836103134,0.00015140882127585135,0.00012098141825992253,-0.0007876357064761817,-0.0021557590637121256,-0.0009687179985926348,-0.0002105452095193827
0.0005385895077857893,-0.0014978120850150346,-0.0002616140091725764,0.0001909020861950918,0.00022129224122304324,0.0015836052193447154,-0.0025636984065692944,0.0001264392767398967
-0.0005228971027603494,-0.0017904897869468813,-0.0005430843285024392,-2.562054978908612e-05,-0.00019439029634819274,0.0009369067149580519,-0.0019654222019432365,5.408164324256494e-05
-0.0011122513847487143,-0.0009318478286021962,0.0002251680666999016,-0.000558457433785042,-0.0016172295782186377,-0.0009667111379060077,-0.002909772878989791,0.0003205596372229897
0.0025456213705234527,-0.000836098493588178,0.0004573845385869643,0.0001993386767611229,9.493601845322128e-05,0.0014668842664033162,-0.00047869363798695247,0.0009248440479041355
0.003362589624898307,-0.000921702257809204,-0.000734584302103394,-0.00027252326837586655,9.641587989971787e-06,0.002672126543078189,-0.0008171952865079579,0.0017821742985694386
0.003518041865459124,-0.0012661392516527734,0.00033006122106642855,-0.0001620119859150709,0.00019382697075748346,0.0008371914508057048,-0.0016219876968778064,0.0003931255490926117
-0.003069815019026807,-0.001987772855638171,-0.0005046948782321695,-0.00022315561427129995,-0.0008429001695732102,-0.001318845834587591,0.0007213648280930297,0.0004954154021187741
0.0022938247795552887,-0.002335044504696806,-0.00024193936363250883,-0.00012029557811151024,-0.0003701463395861119,0.0004475981069630035,-0.00027112047363416766,0.001168550916810741
-0.0006560106119097726,-0.0016246370999445608,-0.0006779674993645977,-0.00032719178570391925,-0.0006457040707413016,-0.0009713106715127042,-0.0001722119483725241,0.00022606031969750202
0.0005682655006365002,-0.002462981916603368,-0.0010975669347950635,-0.0008203332258135656,-0.00026285914322876413,-0.0008553732765931784,-0.0004187413590125117,-3.6239170007064324e-05
7.159420547226603e-05,-0.002077291638407356,-0.0005026186212694332,-0.00031132644101545826,-0.0005849036378091282,0.0009815707991359082,0.00034544575922997744,0.0006966025273717875
-0.00033352331184428256,-0.0007364229408458504,-0.001083043466137678,-0.0005816388846895077,-0.0008135219631045185,0.0005975231774318423,0.0006840266425302185,0.0013807092111618824
-0.0021102263310636277,-0.0017360818155871035,-0.000245741546672691,0.00033450837589634174,0.0003076479826665752,0.0014854458887195718,-0.0005739654882117597,5.597496177494746e-05
-0.0019196988945976775,-0.0007814999683084493,-0.0003174919475843914,0.00025146835625810936,0.0005752342263408075,0.0008977356036755739,0.001093258462111853,0.0005564637648383904
-0.0021756732214573108,-0.0013831091611790443,-0.0011238126920630326,4.7706519597311676e-05,0.0007042594822542924,-0.0005361728039294892,0.00035020267606128484,-0.0002576980841303014
0.00047309536330441095,-0.0018306473866256912,-0.00033585587722389745,0.0003600688226458913,0.0008244718903089296,-0.00013201129295132606,0.0008147835642943501,-0.0008447277465642572
-0.001019895159123514,-0.0016711735730635343,-0.0014758696351468076,-0.0006675234706718643,-0.00021166367084314664,0.0004211447111411128,-0.0011858699058229804,0.0004559945142171089
-0.0007173781876855098,-0.0023907190223060428,-0.002597943105683693,-0.0005095567895598591,0.0011120747552527622,-0.001710393665847355,-0.0012730039317215573,-0.0012325633254712956
0.0029859711575189202,-0.0013955189413291619,-0.00015532465736628343,8.093286025657079e-05,0.0011222700500954238,-0.0018238809093231332,-0.00044826186643330405,-0.0018318197591240246
0.00024478404412174744,-0.001480463901379376,-0.0008680815168453968,0.00013907284440869703,0.0012540426058866526,-0.0014341863158730387,-0.002317630386205141,-0.00034894378424999757
-0.0023637604235916395,-0.0022327148871723584,-0.0008667156181361109,-0.000627893765641898,0.0005873510963714119,-0.0012952187121698226,-0.002550049349698416,-0.000723714403959664
-0.0025502239896361962,-0.0024781869252484463,-0.0015866126545151088,-0.0006961185151755827,-0.0004636157151056489,-0.0014486221345952487,-0.002242677522454721,-0.0003229027561559069
0.0019953344052753568,-0.0010837866171376006,-0.0010756970699560462,0.0006035099018067161,0.0012867176526647484,-0.00036961280385590823,0.0011515166387930222,-1.4244432129406702e-05
0.002289644099242619,-0.0005597748752654588,-0.0012642171319660665,-0.0006299440636641478,0.0007929303760679399,0.0012540270589472286,-0.00019229456684284572,0.0009713363811945756
-0.0038466416991389894,-0.000948426972209088,0.0003433655631043231,-0.0008635069219531047,-0.0001205239526737547,0.0005112529634249258,9.903486673625644e-06,0.0001914199490247317
-0.0015264058533992137,-0.009217699423307463,-0.0018222466120478714,-0.00015882741216224073,-0.0007308310405007186,-0.0018541111655142489,-0.002383311866043553,0.0007759207865159874
0.00019566852174941385,-0.009501104875078131,-0.000849806670589095,0.0003543881693121425,-0.00028020800516706317,-0.0010917292763988114,-0.0012465015670435598,-0.0006413393996293611
0.0006005180956225965,-0.008625719898246252,0.0002991832297240571,-0.0003961949096993165,-4.296331554365615e-05,-5.1762880613875355e-05,-0.0002888597112430221,0.000552498328083949
0.0009169649716995121,-0.008781528236667188,0.0007095297200756305,-0.0004365182665724407,-0.0007013390455384245,6.073635379823571e-05,-0.0009674576659341802,0.0005397666988873729
0.0008262071426607632,-0.008334239331317219,0.00013522854696412556,-0.0003586804246823861,-0.0006180097643614046,-0.0007440056556434018,-0.0009032849016867344,0.0016405560584531462
-0.00011079861905016201,-0.009044080249606257,-0.0004156306836845991,-0.000532494241048963,-0.0006163082542102789,-0.0016640649911527307,-0.0013418248541698214,-0.000729076853580687
0.001742932344615371,-0.006450477724222889,0.00021597751408911712,-8.224558832014664e-05,-0.00023711994587097417,0.0015978495392573629,0.0004379671450699504,0.002209840692154593
-0.00016767115345273076,-0.006581751161121969,-0.0006631050497487373,2.1314542523004306e-06,-0.0006753230566843322,0.0013498062180306515,-0.0003293750993597421,0.0004581788980531784
0.0003352972768474414,-0.004607397953616568,-0.0008380906830998078,-0.00020858129743423032,-0.0002903904480979295,0.0009960971461897227,0.0007031005490998793,0.0007430284157412217
2.861383925665266e-05,-0.00541967687514819,-0.001355036665244303,8.551809733740825e-05,3.4085276835976665e-05,0.00020853413963199032,0.0009497003694948236,0.0003094515370103043
0.0008831168335997644,-0.005704411595213611,-0.000877696555742074,-1.904021599119716e-05,0.0002236460595345025,0.0011211102950892185,0.0006967170319042669,0.0009577988270030005
0.000314116989451894,-0.005246057374348889,-0.0005745099628340069,-0.00022798114588265934,0.00011210743078247503,0.0007688220474690075,0.0018279109312810363,0.0010777792866784916
0.00034926268388931907,-0.0052938173273621705,-0.0007846140254862784,-0.0001658291839506431,-0.0005126870768985941,0.00018635080560664054,0.0006609588316446337,0.0005982986167518057
0.000995130435273607,-0.006017616773046445,-0.0007214550637050717,-0.00016286581628715898,6.401370241848385e-05,0.000879525861633348,0.0006656149350433613,0.0002889759632879519
8.004127967675325e-05,-0.005184497007898373,-0.0006686315055984554,-0.00046003515883674456,-0.000284752847896662,0.0009353682117008681,0.001241094063969107,0.0003579154939688149
0.0013054972455095063,-0.004851433401852323,-0.0008564820213930541,-0.0011711776927212775,-0.001319338472947164,0.0005047820127996121,0.0011803558276931555,0.0005662499208778625
0.0010856709147204248,-0.005047634371975804,-0.0012527002058295735,-0.0009899948062885918,-0.001796427831775153,0.0006924069264459205,0.0011757395135933316,0.00032755191073361405
0.0010874637558377588,-0.005151642151332818,-0.0007690540408007013,-0.001028809317404421,-0.0027533134265200904,0.0010249749467507825,0.0003996700581895802,0.0006603282544230006
0.0007762175166572306,-0.0039169572647983816,-0.0010776743756052709,-0.0009293030139020341,-0.003996971397294391,0.0003544955692069489,0.001076221086961179,0.0008523410747249017
0.0005607094223283037,-0.004386357426978929,-0.0013065149636293444,-0.0010581138640425587,-0.0043423341302220265,0.000162759730199026,0.000583917098463928,0.00023809597076963567
0.004165898748882442,-0.003546970331987467,0.0001629897626485404,-0.0011096004652992,-0.003637768129202186,0.0006637967292230548,0.00018085066344962115,0.0020862951068680194
0.0013835299358733026,-0.004465307747412806,-0.0001688263182034389,-0.0013763500753397524,-0.003907582263659983,0.0012945608303719075,0.0004956556831993834,0.0016576506196972942
0.0011629924299919171,-0.004008460521871957,-0.0005534777739161129,-0.0011237135927299091,-0.003655492515663622,0.00022061161837311306,0.0007784209651397625,0.0015151795919045427
-0.00038610621161535864,-0.00581322521570767,-0.00029264442989986896,-0.0010523241071045252,-0.0028660704630919915,0.00021358016827102173,-5.4422423265282424e-05,0.0015146460513938498
-0.0008401015021780096,-0.006212167396406429,-0.0007481742041705048,-0.0017447927220818088,-0.0036100503847822153,-0.00039569424742822,-0.001189574880338822,0.00047892348435507457
0.0016193364768334756,-0.004175366573342628,4.356157802236978e-05,-0.001142242170311416,-0.0035752424667517364,0.00141256059933367,0.00019977242239234985,0.0012748787165900194
-0.0004877991948686501,-0.0055484781029590275,-0.0006580630469759773,-0.0014362909727567352,-0.0031884102572659447,0.000480999554459199,6.998604313046012e-05,0.0004084848726436834
7.21402454534472e-05,-0.00407746210568178,-0.0003575066655460625,-0.0010816132665225913,-0.0032071431666071295,0.0004081086754629243,0.0011342263108775018,0.0018365297135307479
0.002342556437058259,-0.006004209062830457,-0.0002971451334710933,-0.0011729992443124723,-0.0014535174064793132,0.0014266090793406008,-0.0009599412879726055,0.0009947216342728945
0.00020123043222864531,-0.005913876153734972,-0.00035084325073749727,-0.001495897261171633,-0.002289524137826373,-0.0012538404993634698,-0.0008788342305462286,0.0011078948427270241
0.0008928479324135083,-0.007619736554975379,0.0005043950782896731,-0.000560525258891975,-0.0020242349549962194,0.0004686757768809257,0.0005651473530610282,-0.0003137570150465228
0.0011696240958888261,-0.00813107870881357,0.000292355971380858,-0.0008364729330188366,-0.0029609821245008467,0.0007345849538814498,-0.0007591290113450154,-0.0003325864691364996
0.0018689285620971726,-0.006378120041302942,-4.518459173879466e-06,-0.0009589329987154572,-0.0026325553584499502,0.0005705309937712631,-0.0005972914814514919,-0.00031463711467054546
0.0010749863263076586,-0.007317142871591128,-0.001154553424366807,-0.0004022064037860442,-0.0021912449844298074,-0.0005564326275059887,-0.0011134890969368072,-0.0006440253607870489
0.001494440201753595,-0.008372445902245899,-0.0017967908135349436,-0.0004311165675630009,-0.0011886530258518886,-0.002176250440241338,-0.0010311986540060963,-0.0008152399399845759
-0.0025694165775501506,-0.006591232984530788,-0.00047172717599662463,-3.2107454478280865e-05,-0.001559764751170893,-0.003367696328626768,-0.00041622363000180454,-4.580886077321545e-05
0.0016158258396796737,-0.009596591134191836,5.403350146221304e-05,-0.0003478156521936788,-0.0005082515382043994,0.001468856937228836,-0.000746495781023017,-0.0006283515579877383
0.0015851789534660507,-0.00899703312932377,0.000597269750125787,0.0005226832881669917,0.0007454432955445393,0.0006299177918984743,-0.0011904051841511276,-0.0006145108715930578
0.0010992474822988224,-0.008679833888347812,0.00036773854305687274,-0.0002992673602735431,-9.866882210019417e-05,0.001147892575655826,-0.0005951425714567661,-0.0008478458393262593
0.000948216923891915,-0.009234768476713645,0.0005179701800750178,-0.00010859307444295279,-2.0890707549568893e-05,0.001273875368292308,-0.001571564134438143,-0.0008047403024107915
0.00023673117180244616,-0.008623536875068612,0.00016508853154494971,-8.085932878111619e-05,-7.548116703884206e-05,-0.00017817751010115555,-0.0008973729152093555,0.0005913825135505479
0.0002926122424993399,-0.009267058897332337,-0.00038922031294689877,-0.00010623312916145352,0.00033335495170985476,-0.0014628230747653318,-0.0003729786876316321,-0.0001603164490729054
5.5736525367641104e-05,-0.00895813907548519,-0.00035489856921830663,3.475338807651686e-06,0.0003038666339463988,-0.0022602485578357627,-0.0005699511847488423,0.0004387800000395874
0.00511023983864467,-0.00800482712370659,0.0001550014408203353,1.2665805208969208e-05,-0.00017138142515937845,-0.0014899387866858136,-0.0006831233525939031,0.0002530827347597255
0.0012833552259006293,-0.008819740303861552,0.000486502132611027,0.0006979178085483132,0.0003033357530231833,-3.96630706249209e-05,-0.0014928700158965335,-0.0003654275740879461
0.0005982632000212449,-0.006067344738837786,0.0002072525628557432,-0.00024700359129077213,-0.00029261201171840596,-0.0003687670351990214,-5.7156058944573255e-05,0.001419809645454694
0.0006418782216458404,-0.007792561923759985,-0.001332119888256336,0.00013190076522947178,-0.00020556379106773012,0.0005631405613301073,-0.0004995114240187178,-0.000684712683434374
0.000306586488008431,-0.008847970246363308,-0.0018004377940213968,3.5748040333411657e-05,-0.0006599533894901924,0.0002693528454298706,-0.0012069066476393011,-0.001268388968732146
-0.00039854738198136013,-0.0069021352818508935,0.00024081834263758916,-9.505861671520531e-05,-0.0003716077366821902,-0.0028377050593066176,-0.0003435042111824559,-0.00040278695706743504
-0.0008508704978294609,-0.00934627072834905,-0.0014286401257201055,0.00014132987172613137,-0.00031210157919685916,-0.0027664508719813835,-0.001519077025463325,-0.0010407773229838262
0.0005311681268216837,-0.004606694297504997,0.0001034938307136066,0.0005258157382123074,0.0007073988126196116,0.0021042316916758284,0.0009774799233877398,0.0007517642456466981
-0.0014584023728054186,-0.007304214670840279,-0.0008883973545956428,-0.00014832915801956856,-0.0002651747526779659,0.0008418390949823897,-0.0014060250800916822,0.000666719526905539
-0.00031332129682048673,-0.007692777495535453,-0.0005250216203172849,-0.0006578694805875972,-0.00042559060178726027,0.0006457168236212576,-0.001898118149264984,-0.0011974427929934072
3.885772258647021e-06,-0.005256883616899298,0.00013085464324009516,0.00024902564837109547,0.0001618497669826221,0.0010699951456863187,0.0006755351566140962,-0.0002670458493250428
-1.2761421097383853e-05,-0.005639809129215024,-9.947550727349568e-05,0.00028005588765136547,0.0005324077338944981,0.0009746289144066098,0.0009644605953528843,0.00016340006191571064
-0.00012075338743284843,-0.005055788583221615,0.00032883334707897895,9.933123670330051e-06,0.0006879359897984293,0.0016324099813174032,0.0009076269173833173,0.0003168374078698027
0.0007348528519689783,-0.00631579773052779,0.00018589959751901905,0.00026338308388557726,0.0006835908316126857,0.0021057297618553754,0.0009573993632484355,0.0004978655624287727
-0.0016040114045013211,-0.006713465421041545,-0.0005292265259508207,-0.00036236326713384465,5.6279563345531933e-05,0.000728010749904252,0.000627386839027965,0.0007374670469224024
2.262089979341872e-05,-0.008253809692056791,-0.0003220502407541161,7.734467656120292e-05,0.00020464577253250538,0.0009509346619707476,-0.0009416506420271408,-0.00048405268968320357
-0.0006616899721401771,-0.008712558023721383,-0.0006550471635102937,0.0003285999471462057,-1.5919248048737344e-05,0.0010345406868505368,-0.0009922362330079557,-0.0005987932326426711
0.0004930478341299736,-0.009260947317878156,-0.0005976762732157374,-0.00012329711444924893,-0.0005148998512147934,-0.0005381819174270468,-0.00017316174853385303,-0.0005951127428065594
-0.0004668051400070527,-0.007954955526421923,-0.0006617407971452453,0.0003517672806643529,-0.0005646602328671453,-0.0015115633710971119,-0.0017117937980223202,-0.0007197284188165731
0.0008225072639819015,-0.010293749089151101,-2.1779592237034824e-05,0.0001953627796033928,0.00032918628227937205,-0.002195841225938539,-0.001155351154093175,-0.001040190087269649
0.0010377417304977372,-0.009752853836656278,0.00020755580544923647,-0.0005910037698473517,0.00012250155216843363,-0.0006248564230189509,-0.0010034739939859898,-0.0004753055302425022
0.0009807436534621406,-0.00910086910992314,-0.00032128536279908167,0.00015758118194704845,0.0006890942781417347,-0.0008128442067757113,-0.00038075985862145767,-0.0003477114785025045
0.0016143484579549483,-0.007425629004123865,0.0006674770639349918,-0.00021353598909623682,-5.761701446090111e-05,-0.0009457740061723129,-0.0001691354910207241,0.0015445193534228754
0.000744751481517886,-0.009286505695174675,-0.0001351096557579986,-0.0003581962356903124,-1.8962712056437192e-05,-0.0017135120470732977,-0.0005229689562355365,-0.0002701742747745276
7.058569300095495e-05,-0.009119512852931111,-0.0002554655898612954,-0.00017115392425862298,-7.753775255770504e-05,-0.001477976269614542,-0.0013685142663934608,-0.00018182874968022814
0.0006097038077377691,-0.009493806623143551,-0.0002674522301908134,1.915801072546819e-05,0.00028559644946360955,-0.0014949440330709121,-0.0014622164680627827,0.00011146102555491765
0.0008927417606617733,-0.007952476586248472,-0.00044867807632811423,0.00014167380368750084,-0.0002864737165386396,-0.0011199158471200184,-0.0011825092197116254,0.001000589212219755
-0.0031716406076694064,-0.009049410532358027,-0.0007034583634435116,-0.0002714226230620137,-0.00018973187629117317,-0.0020750248235447684,-0.0017703840309546397,0.001207425376304135
-0.002007217766834948,-0.007908559091319576,-9.904788637289708e-05,8.837958029417223e-05,-0.0003536320130209375,-0.00035829269005023713,-0.0005709157207795765,0.0009952720804511097
0.0012759832082241994,-0.008639504976118702,4.329417794151472e-06,8.399711658161943e-05,-0.00023939736037916344,-0.0005900638062977942,-0.00033432029166756205,0.000704786110723226
0.0012460774117529685,-0.008380976817367866,0.00046846701447314265,-0.0007152324300456703,-0.00026394700535027036,-0.0006379520150559669,0.000350961758838156,3.061439931305907e-05
0.0007260329311161559,-0.006391289325878737,0.0014167204993503423,0.0008002306024962446,0.00011568091891586551,0.002350738645137367,-0.000678354715740563,0.0007061731297567565
0.0009985266208232142,-0.006368676880833656,0.0049745705926554015,0.00039278095696005847,0.0006224567895896264,0.0001868018802321639,-0.0015406711229047634,-0.00039852079617682057
0.0014484822333979222,-0.007055910299405507,0.00021412734562206926,0.0008045755938174594,0.0011544364825838906,0.0014145055389781318,-0.000879282660365262,3.84238353519606e-05
0.0009360025510955771,-0.005646183097033897,-0.00013259509161996444,0.0007196704683087225,0.000802223684439637,0.0008831928831700311,-0.0008653830446326084,0.0028389497981349127
0.0011986957870189895,-0.007734810303266756,-1.0041426629099081e-05,0.0009843714209749133,0.0010962562973521604,-0.0014460787874010618,8.62764773333236e-05,0.0007679068690275744
0.0018847031320020904,-0.006094384998699597,0.001454444951278692,0.0012128192855485897,-0.0004970536049664948,-0.0002723816712256165,-0.0017234357748844964,0.0002459637713563678
0.0017834755968177446,-0.00699097816971561,0.000326976665844983,0.000983092260874686,-0.0009903511988303686,-0.00021150695330543552,-0.0006030398036460824,0.0017018073021468603
0.0005142237536765334,-0.008054753466804895,-0.000685677423770186,-0.0014164974557439641,-0.004258296526118982,-0.0008289783931919178,-0.00044551457179603873,-0.0005607436169855305
0.003311330896840874,-0.006888372754751499,0.002323746053019928,0.0021739356610186323,-0.001539949624816542,-0.0011458058165632677,-0.0020441372503779555,-0.0016511647308471349
-0.00021321510103899816,-0.007095811431069661,0.0008584549858795526,-0.0006734567765540524,-0.003583307322520081,-0.0024236028081917327,-0.0012324208846612025,-0.0003913361854704865
-0.0001281722033822197,-0.007697008316306855,-0.0007310382971528594,1.242028572410883e-05,-0.0035608785936245132,-0.0030394028799599925,-0.0007473210012009315,-0.0012948232227149392
-0.0022890568567776044,-0.007217654337978621,-0.0013998299069870265,-0.0010100792715317598,-0.0028376789436159694,-0.0028417329412803866,-0.002812679773892766,-0.0004269198358735837
0.0008829252795894465,-0.007079811629400348,0.0004456075486080618,-0.000834849965180373,-0.002918479358331744,0.0027488145742842586,-0.0008781585396720738,0.0003339078614187319
-0.001392006089114164,-0.006447339980409168,-0.00128192792021945,-0.0002883262729120682,-0.0023356662288000095,0.0015608892971787473,-0.0020056446112783673,-0.00036455527701365737
0.0012086998825273831,-0.006253458030385104,-0.0009200871422037569,0.0004960971881445221,-0.00046326733236245663,0.0016778861354478014,-0.0014576775531812147,0.0003104596628440999
0.0009465413146339388,-0.006108791622054635,-0.00021546758236158143,-0.00039641259282583666,0.0006607450807783972,0.0011170077237770517,0.00010576717208012137,0.0005592690451834861
0.00032803820544654064,-0.006599830169309138,-0.00017365086706433485,-0.00010436826518178777,0.0006519328242858384,-0.0005173425621742894,-0.0007684317337529137,0.00029698403281809836
0.00025256407024444605,-0.007243312138586482,-0.000792958642842525,-0.0002585210273060976,-0.0017452500964838618,-0.0003941339814200572,-0.000589659734561736,-0.00026862946636848446
0.00019119451716193087,-0.005171379776727117,-0.0003307928204043611,1.910464007923768e-05,3.586672743293953e-05,0.0009173677608104729,0.0010246757470001862,-0.0001429516029244663
-0.0019078460069282333,-0.0050435718834878525,-4.753703823626413e-05,-3.210155126285004e-05,0.00082067841626663,0.0004444669257258277,0.001132898537759953,0.00015095116383397896
0.0008625940354826524,-0.005823394144752541,-0.00014957130824463572,0.0006994411478545242,0.0010268663898662742,0.0015128658537131693,0.001961113407462676,0.00021955048499880934
0.00033530774512222506,-0.007230639324740476,-0.0005936054078023699,0.00027904175548390005,0.001136957197017844,0.0009997565134816382,0.00040088987509585985,-0.00012861586821963288
0.00043013627275419083,-0.007158686874511552,-0.0003160695328637462,0.00042262837045607264,0.000554817583612753,0.0013710199022941684,-7.64097916707918e-05,6.389521548271105e-06
0.00019473592961053994,-0.004563261995505577,-0.00010465266702548672,0.0004100954670643954,0.00038418477077367354,0.0015517241466867352,0.0010349387313285672,0.00019073009881344808
0.0008212921562118298,-0.005818734940596253,-0.00011109326247629612,0.0005121887704101557,5.9243418364243356e-05,0.0018308219231112555,0.0011316869789987861,0.00025122863997683264
0.00017844109852195947,-0.006683704316492972,-0.0005080292485174632,0.00028917881232608375,-0.000539539205710495,0.0013497008945344217,0.000694317255177219,-0.00021881139806362616
0.0004443256429838469,-0.005598729859571355,-0.0002651442488078488,0.0002478818658141667,8.063213825600518e-05,0.0012290849316301607,0.000606762489855061,-0.0003820941611597472
0.00016279187873873943,-0.0061174078880502315,-0.00031756494338137865,4.755903603321652e-05,-0.00010653224773024664,0.001007850850723373,0.0005466018746452612,0.000126511821948083
0.0008768528969530985,-0.0071252543853154065,0.00027388790786336684,0.0005412892327004843,0.0003822993011580498,0.0014129374038728988,0.00015401637454322696,0.0007109936577852082
0.0031726111500395226,-0.0069999195486813715,0.00015094200343484032,-0.0005225138594236262,-5.5795314815345014e-05,0.0010625682089429364,-0.0011908662463079912,-0.00015845327639187333
0.0004133210501813985,-0.009210495830615626,0.0008175823621891664,-7.021975334382321e-05,-9.176678067995304e-05,-0.0018070757391856521,-0.0004221330612284847,-0.0002540813495587576
0.00095391924537805,-0.009003119647516407,6.5579280213720205e-06,0.00027361186799662666,0.0007204921810293571,-0.0005928462582996771,-0.00012020979802733718,0.0008699782246930296
0.00021699137511182524,-0.008573312870329142,-0.0014371442643333443,-4.38500476495584e-05,-0.00026621693758268185,4.577154354575466e-05,-0.0005725230449685017,0.0008620608995433539
-0.0008402696919498364,-0.007043529921795095,0.0005743122373918146,-9.223299541440331e-05,-0.00017487749064266835,-0.0004407547641117597,0.0005055837328431498,0.002170013009848705
0.0003122989723530522,-0.009594806624525137,0.0001723079833499293,0.00014911184561032753,-3.084288662150399e-05,-0.00021293520788581688,0.00018764187464141336,0.0004560164208741595
0.0002718641994208035,-0.00947740218921096,0.0001472257216689168,4.97286970732722e-05,-0.0002064294212770081,-0.0015576565925917738,-0.00046467963456739745,0.00021163008827076516
0.00024450154416879807,-0.008147755283229622,-0.0006822092442856181,0.000113002375984373,-9.198061412112531e-05,0.00042652196970712777,-0.001119116976952115,0.0008913997568346093
0.00016019784582323404,-0.007362843821540297,-0.00047406417885935713,0.00018496300691715086,0.00020649366130818923,9.988842800699126e-05,-0.0017813788198811945,0.001034182850620889
0.00010058842154496238,-0.005090180079810572,7.974828678403666e-05,0.0007467292633054478,0.0001864697966732142,0.0008649353812605416,0.0006077912324318341,0.0008390615982711809
0.0003093212440235687,-0.005545719784158256,-0.000636213876142346,0.00019494845909483432,0.0004094689510691998,0.0012587432814235413,0.0012132759947091718,0.0007838181685662373
0.0007358513972005302,-0.005825180578773776,-0.0009187060959986071,8.018353845324216e-05,0.00017200900694919966,0.0011254440295376282,0.0009604002995713483,0.0006490993731199591
0.0005434298890130459,-0.0054739303310749905,-0.0006486903143570141,-0.00015907781788031776,-0.00020778779023226636,0.0005890628354826613,0.0008590201420961082,0.0008409327418368569
0.0004494184558784914,-0.005610827080939376,-0.0007780536520133837,-0.0005702874285866856,-0.00042481279771202626,0.0013888489876339445,0.0011646709340990787,0.0002637099366176091
0.000570123161336853,-0.005787378575130142,-0.0008215784923895396,-0.0008619652997861507,-0.00011697798627099147,0.001011918649181385,0.0008034419520244225,0.00040112685050877844
0.0005324892087655825,-0.004958275226361848,-0.0009853391950695514,-0.0012123014810799687,-0.001717986883001142,0.00027495708347796227,0.0019267114075498888,0.0009062272020328983
0.00038026839842767465,-0.005361169570116628,-0.0002887961098823142,-0.0009549312706267631,-0.0014213013898864738,0.00046302039991718083,0.001274850966587765,0.0008141308544842441
0.0007476986737088581,-0.0038002586863382045,-0.0012279798316930288,-0.0012013540961908695,-0.004552625025573224,0.0006683381341676348,0.0012094406103641978,0.001335907318889711
0.0004029915032974035,-0.0042490570592438204,-0.0008092652363741421,-0.0013560035863612544,-0.004471275920904611,5.715210602791936e-05,0.0009351112059846012,0.0005706152009530019
0.00028512007128601527,-0.004802207289158483,-0.0008073522552740275,-0.00156153199548254,-0.003956771850918299,0.00021284847467768382,8.088882659920137e-05,0.0008302204442867658
0.0021886878076428353,-0.005458809442262523,-0.0003144533521690674,-0.001574242577736676,-0.0029898825984258598,0.00037514620345463143,-0.0009441136370739842,0.0007693141358246268
0.0015773943875157092,-0.004157743374786241,-0.0003476650212251998,-0.0009425480705629318,-0.0044988508707467295,0.001032938078671683,0.0010315791968487926,0.0012983961499179147
0.00036880916214416284,-0.004774026215529823,-0.0008759982431184251,-0.0015252828097498587,-0.004002133004933118,0.0008666953970612464,-0.00023477022381855313,0.00021506281587202168
0.00033874569950102877,-0.004500484514646708,-0.0010079467375163575,-0.001414032321071662,-0.004015367889374002,0.0002724317349498544,0.0005690092554412975,0.0004171940563827245
0.0007325794039424864,-0.0036583963068299525,-0.0011601094071618217,-0.001326177744823791,-0.003996897224312914,0.0004189214900679984,0.000473445628322538,0.001099581072643142
-6.193893341914019e-05,-0.00411586909900306,-0.0010630511266704423,-0.0014333676868551245,-0.004301496455216721,0.000405963476829266,0.0005035805518373822,0.00022090807180688094
-0.0018102333315258897,-0.004343358102550418,-0.0004169863449556398,-0.001508232971009883,-0.003341400817755039,0.000690791618001131,2.3237214900281884e-05,0.0016696426747035923
0.0004477007116648319,-0.003944246009250931,-0.0006871218444827642,-0.0012730438634056672,-0.003015636456414925,0.0005716134402266226,0.00113100742409608,0.0011973899299530123
0.0010019053857168781,-0.005670103708259837,-0.0006513220917581381,-0.0010934482916388696,-0.0014086211780548461,-0.001485053117540313,-0.0011346235114489778,0.001741356383543411
0.0004032769400819321,-0.007423327693577576,0.00018739801151055748,-0.002528381330919091,-0.002739159912190812,-0.0008264120817353081,-0.001485502880963788,0.00021092678221543116
-0.00048285577319070593,-0.008471386618889664,5.420402394727975e-05,-0.0014745737052013132,-0.00309193579073013,0.0015916773498037592,-0.0001968948174883741,-0.00031806885847841375
0.001026709381705815,-0.007218314179425949,-0.0010775068235002517,-0.0007178570018144505,-0.0018340157176150722,-0.0006928154894468296,-0.0011011265969083518,0.0004220929104333943
0.001690640009435022,-0.006459869675046994,0.0008574519270351536,-0.00039651935931896327,-0.002254536157685688,0.002166956671595558,-0.0010238922871291173,0.0014569735448750594
0.0013834417980209052,-0.007421285126170008,-0.0008955701022815006,-0.0004090638298789811,-0.001342059106484623,0.0016316715511336764,-0.0009378750626592332,0.0012247020504667385
0.0016505939577005427,-0.007440097917875852,0.00018787820290815102,-0.0007770960918507225,0.00011093241973904776,0.001892801542937201,-0.0018865566298743492,0.0013924753469157366
0.0015013745812794336,-0.007150797406041023,0.0014631660874200527,-0.00019221916943531274,-0.0003964639774259418,0.0026713758117152763,0.0006273098791708174,0.0025971598610108485
0.00043410949480411404,-0.007451526055868805,-0.0022456434442571574,-0.0005326313034880368,0.0004713806571328306,-0.000917504888627504,-0.0009682710706182537,0.00041735632640238295
0.003283584282588929,-0.005179513805560847,0.0009434470227655584,0.0007575934935624572,-0.00033278962970111347,0.002517784760365084,-0.0019524407079367337,0.00010888991655135709
0.0007749982014301948,-0.005784911079457392,0.010344395145467984,3.408978457593683e-05,0.0004954804780577221,0.0006135213320388774,0.00018900993452891586,0.00010685804569212562
0.0013074133352442244,-0.005919669472328922,0.0016931238047118938,0.0014743557825737223,0.0002146838236568197,0.003926710296382268,-0.0009224392967440931,0.0006412071264462739
0.0007089408074767294,-0.007299254337121076,0.0007656361710677645,-0.001336775105682744,0.0010806588894769142,0.001413959016037404,-0.0018347224422608894,-0.0006571445437163453
0.002115649359564094,-0.007039124154416465,0.0016158190747971675,0.0022339719361535422,0.0005183632755264893,0.0026464749295219267,-0.0013092952004336938,-0.00014069831216929316
0.001648595462985991,-0.007026223581470832,0.0011326691104389284,0.0045748663589328595,-0.0015136876278068648,0.0016731473369475962,-0.0010931035143863543,-0.0016080452927182715
0.0006221201498705503,-0.00775288562162746,0.0015599182977519054,0.002771913354874059,-0.0007393495082413092,0.0006385174295166248,-0.0014337598889680087,-0.0012235928330068288
0.001717347940776367,-0.005930000111052079,0.005755632996681304,0.004127942081511036,-0.0022166472403976605,-0.00034514091034741525,-0.0011803357247477054,-0.0016273728806479463
0.002504224759003277,-0.0046311397188367395,0.00018096180616900684,0.003322144389260573,-0.0007340437314309423,-6.983450011342482e-05,0.0008945665781064494,-0.000790844463319598
-0.0013803224188081158,-0.005745940712374665,0.003757979869271986,0.0016313931195558178,-0.0014497416917880622,-0.0007986362581045158,0.003651437085579253,-0.0004052327396291095
0.0010298363569680958,-0.005772326121531358,0.006745479734691195,0.0053326779559703715,-0.0009584627977642538,-0.00014672625687503236,-9.21993358257467e-05,-0.0006729813446690383
0.0002617410801612275,-0.005564445644043815,-0.00012351962279984942,0.004686410466257366,0.0019918436729518202,-0.0006801828282628365,-0.002686909433080219,-0.001214759089206572
0.0005550305513106446,-0.005354535326395522,0.0001974264934407173,0.006719733951916267,0.004519076029181644,-0.0004601514473665893,-0.0017284735346286498,-0.0005158695438738363
0.0014921156957081638,-0.00588970245312228,0.0007573473536009083,0.007678155407785143,0.005569097536349619,-0.0010189237386003557,-0.0013609185645377673,-0.0005067563018881925
-0.0015595597769452112,-0.00553845528448766,-0.00040199137431915475,0.00722972234911152,0.005118394709423712,-0.0007794894480416568,0.00014872569401692457,0.0002604313505737685
0.0004693423846707896,-0.005872977223256128,0.0004236722056519487,0.007641188699480649,0.005860671091695122,0.0011596584548602456,-0.0009660557919571807,-0.00015839249794988102
-0.00013150084233313952,-0.006652779467085554,-0.0012325194507267969,0.004496477405057431,0.005322191846948285,0.00020305008167902482,-0.0012707582702708301,-0.000787386796753949
-0.0008934343593503899,-0.006882567322885205,-0.0013682913779190413,0.0037067711831624515,0.003113748207274846,-0.002858276779398683,-0.0016586780622694667,-0.001041471060432736
-0.0003953740959404092,-0.005672887513507416,-0.00157364599327599,-0.0007878151805920467,-0.001363882118853962,-0.0012474430405413162,0.0003295886542873321,-0.0012950176791082357
0.00014860595014634147,-0.0048585480298090076,-0.000951438655188265,-0.0013875725812331355,-0.0030154298538457355,-0.0027895131373036363,0.0008238591890313984,-0.0007448467484295723
0.0006646553675852024,-0.004970621727352643,-0.0003758855840271901,-0.0008813065598382777,-0.0025111039200259744,-0.001363252985140942,-0.00010945365424937074,-0.0008809030074046887
-0.002327827807720532,-0.005265116520507172,-0.001730367581577575,-0.0012505172849835427,-0.001970694861609058,-0.0005560867175349554,-0.0008319771503102085,-0.00028989766213778986
0.000848185425806106,-0.005802231408992847,-0.0009975334371825496,-0.0012625056965528706,-0.0009086719279164737,-0.0012204952441493503,-0.00196198770990424,-0.0006021280019961502
0.0002420435940993574,-0.005616590110816547,-0.0012187964955190551,-0.0007619610921227112,-0.0015274917225356502,-0.0011133923577466571,-0.001511373930972364,2.6546694784054717e-05
0.0016548115600253902,-0.004968027018514596,-0.0002895235960796199,-0.0004907935871839259,-0.0002909186712733663,0.0021401118186677196,-0.00071089635918987,0.0006613103320320416
-3.283013641942719e-05,-0.006274644262742595,-0.00047718247004174434,-0.001242455989612718,-0.00395151758024924,-5.836776551526154e-05,-0.0005310213974747084,5.267732368697256e-05
0.0008439984538464237,-0.006219609561041599,-5.176790818807847e-05,-0.0006068770767383917,-0.002816757963460051,0.0009225293352245645,-0.0006689763301354906,6.794599477579749e-05
0.0006223707412859984,-0.0057430782030915475,-0.0004366033634763241,0.0008502321370235325,-0.0014507717547998882,0.0005072875149514512,-0.0012992163473738744,0.00010611890467046872
-0.002856658110921557,-0.0060670485697401815,-0.00045611063735737545,-0.001259222069991973,-0.0036544680408464245,0.00026074854698562855,-0.00029640528360174096,0.0011125030583445975
0.0005909975961436496,-0.0070932690243188014,3.73802211718335e-05,-0.0009511826262529901,-0.0022499265881773924,0.0007650115963369225,-0.0016710678033467743,0.0006824657770014747
0.0005982908216234492,-0.006715087527204107,0.0007282465571409161,-0.00047845435700309723,-0.0020153434361923554,0.0003132649988129435,-0.0018460931364454056,0.0006087070442769494
-2.315766734192911e-05,-0.005734397165470355,0.0012096875537877393,0.0007550045726851208,-0.0008858077074921032,-0.0012144172807541094,-0.0014491632056964478,0.00037346413179145525
0.0002485790384891856,-0.0065999848404090225,-4.62337378997607e-05,-0.0006816644548741105,-0.0016459886625521253,-0.0017334836843584704,-0.000546966328127785,0.0005311305612914366
0.00036882909211517317,-0.006334485354060271,-0.00016533878937727409,-0.0016079506469173107,-0.002028277430713554,0.00207073200540728,-0.001605863691178035,0.0011351902341069856
0.00012771586198110033,-0.005576987719055793,0.00020387154467452838,-4.625095029891214e-05,-0.0016915021070444507,0.0005297351570991654,-0.00027605651182598264,0.0011804609242918418
0.0009489312964675524,-0.005484835075006149,-0.0004527308990366995,0.00019955947387868657,-0.00014336838014710002,-8.36119962988724e-05,0.00040666248232300116,0.0006262257273913359
0.0007157889092964599,-0.005212466880799694,0.00015865465575959397,-0.0002967796225605523,0.00012669241432286567,-0.001051130271611879,0.0007190045600831469,0.000241450959219429
0.0002608173989205636,-0.006039371703978808,-0.00012276855079160638,-5.9637223763980745e-05,-0.0015844534922020994,-0.0010582451174890486,0.0002474939314581521,0.0005237941086511594
1.5642710163138718e-05,-0.004258085450913787,7.857587330431086e-05,0.0004895934910356562,0.00017518134189861283,-0.0006456698095725058,0.00166485078949915,0.0009326375814722152
-0.00016795743785015378,-0.005628472595706022,-0.0005888934656152769,0.0004952120163429325,0.001082568732580792,0.0002384911758421315,0.0009707850616801066,0.00037185322475043653
-0.0002460088522473582,-0.004659708075118629,0.0004869808744814843,0.0005252155679548396,0.0009973029391049156,-0.0004250746989118188,0.0008355827267788755,0.0008501891113895637
0.0005024273466498601,-0.005303843379422446,-0.00034623596606921694,0.00032438963468360365,0.0007944196946455022,0.0002869266645591627,0.001052627415896004,0.0008487711357010004
0.00033691358485025643,-0.005744492187730168,-1.0725733702291743e-07,0.0003537854838128631,-0.00011546984557278658,0.0013681378057239907,0.0017446568647412773,0.0004251179441278247
-0.00024104831095955373,-0.007244004301876305,-0.0009834669155483811,0.0005497285932550455,-2.538687472639582e-05,0.0003402611267188343,0.0006367397540385978,0.00037589613161302643
0.0008809789246131705,-0.006326701896085016,-0.0005216781574055096,0.00042868719854079695,-1.56624740469224e-05,0.000427660066016664,-0.0009705689405731959,0.0010538809946205737
7.656375607075796e-06,-0.007759408802541433,-0.0006311410159997364,-2.5195527284204613e-06,-0.000557409359646821,0.0008034966431735932,-0.0014174152637051914,6.048467116732317e-05
2.0830224502921636e-05,-0.007398609184124944,-0.0003652526221270482,-0.00015243869963379875,-0.0005731495485913303,0.0004941142908318865,-0.0013779770771198115,-0.000468149802212386
0.0003808821797403234,-0.007624512675079342,-0.0002792391216585692,-0.0003384662823251687,-0.0008340783868183086,0.000298010665587183,-0.001586644928995666,0.00024841623090436795
-0.0020107371910468414,-0.007610765846147086,-0.0008926741615327456,0.00012180647654934277,-0.000793392394875876,-0.001282923354460334,-0.0007740966489105964,0.0013829499032698863
0.000493283954713359,-0.009100507885413825,-0.0006878242173954319,6.673601408589005e-05,-0.0003268173988364008,0.0004371087816020111,-0.0011376547871143887,0.0003066215622548307
0.001953972190115898,-0.008665568299876723,0.0006129014841715772,-0.00046557355250159287,-0.00036223554549239895,-0.0013256472599449344,-0.0006366192543941338,-0.00032464473447409175
0.0015628952530926247,-0.00838672447700808,0.0008607566693650203,0.00014197240498076984,-0.000249580995523851,-0.0005946417634163884,-0.0006755802332496023,0.00044757925432580616
0.0012418480088556897,-0.0061537447175730705,0.0015710564320648031,0.000777145888313506,0.00038100549125439005,0.0021152181025823947,-0.0008816007341775718,0.0011348861536785153
0.00046331592671049237,-0.0074961285089412055,0.00012231698559807676,0.0007811289466495391,0.0005819902367373979,-0.0024380817029211487,-0.0004298859350799491,0.0014432664636056004
0.0012032277278478944,-0.007614933261511986,0.0005657769220078985,-0.00015824160238983988,0.0013363773043300702,-0.0008908993969360482,-0.00017970022783536072,0.0016184243190812833
0.000879217633202217,-0.008076320814522307,0.00023223456708723096,0.0005789299080637867,0.0016720584712534715,-0.001114713799158863,-0.0005121951330069503,0.0008625018351748541
0.0005046001504411387,-0.007861530851264708,3.9669627789011296e-05,0.0002679038304916476,0.0010982256331825444,-6.89273871394178e-06,0.00042808054439157057,0.0006776456675116826
0.0005152896678469079,-0.007526133824010235,-0.000487917691653955,0.0006823054743499968,0.0008981319525466545,-0.001858947051793399,0.0006586310224373738,0.0012310905192291662
0.0002368815185902435,-0.008018898255681401,-0.0008770087058703119,0.00017005285326799583,0.0008815006840415004,-0.0021208039642365947,-0.0011288316457409113,0.00029337935778215836
-7.118291567505891e-05,-0.007800191288029485,-0.0005352183324274067,-0.0005812354434988316,0.001393461381952054,-0.002588390551735142,-0.0014237381715912808,0.0006697390758797641
5.962385375279761e-05,-0.007556237625136691,0.0002350844622543164,-0.001086262867487025,0.00020544225991866465,-0.0025401305129067434,-0.0015404227057548277,0.0007550342536127615
-0.0002805791338477596,-0.007673166164247306,-0.0012803901054435904,-0.0008325436112163652,0.00036653657254463783,-0.002567708156156412,-0.0019044637634922266,0.0005278529711831456
0.00012021148403385386,-0.008038184862843233,-0.000354511769310114,-0.00025705974627454316,0.0012577994645917951,0.00041893279627796534,-0.0001762433230807418,0.000745362497522136
-0.0001305823371832899,-0.006222503731899207,3.816106193207163e-05,0.00019864918104170817,0.0008293117444048351,0.0007942938089904495,0.00040724918733300516,0.001641753604202879
-0.0005282337023535807,-0.007827825094900548,-0.00032432488548297814,-0.0005027594130897833,0.000854559293221389,0.0016878904186021478,-0.0009857010551650193,0.0004603493154407546
-0.0003763172779954478,-0.007418392415417575,-0.0004102650291130597,7.317446307013718e-05,0.0010009336468132827,0.0013710309267215524,-0.0003310319047366341,0.0008705103927121205
2.9700922762987064e-05,-0.006045307195880573,-0.00038904431663069704,-0.00042780964316900495,0.0003769346963013032,0.0007535009214658333,-0.0003203577742917638,0.0007981392686205628
4.500642759628372e-05,-0.007624665839949147,-0.0007031877946947312,-0.0005238919374994764,0.0009665426632993627,0.0005143635878732687,-0.0009146291157612121,0.0006795875054037356
0.00038652775250228196,-0.006168309829491881,-0.0001550929930584638,0.0002553764471622694,0.0009476816844739456,0.0011280807962623465,0.0003488621038046212,0.0013188533300316175
0.00038098472608738836,-0.005908819128728093,-0.00017008839217446767,8.142823446892695e-05,0.0003954806847120296,0.0015244367339307444,0.0006119439500660545,0.000483889293477822
0.010622904765127275,-0.00556921734633623,3.8733860046841826e-05,-0.0006847711116048307,0.001289095105826208,0.0014280980036411027,-0.0005770351383505967,0.0004204063974082713
0.00034265361451193635,-0.007418655886119431,0.000794135153604717,0.0008207144150599627,0.0012328861220224957,-0.00034845529747858496,0.0006268282903492471,0.0005477614884917812
0.001452639617204034,-0.007091772264756768,0.001222046608886121,0.00012473877149115863,0.0018248535588745978,0.0012126412552760316,0.0002979361179993423,-2.7813710624110272e-05
2.3438331799211056e-06,-0.007276097607041871,-0.0007018701846815385,2.431039357364155e-05,0.0014398204252499254,-0.0004647993372314609,-0.001182157937200787,-0.0008749914601912706
-0.0010005430761657328,-0.006382462343423783,-0.0003665140883788701,9.824758150762861e-05,0.0015540879052849431,-0.001644214385463015,0.0006312517756067176,0.00029141451018310126
0.00039827841626172367,-0.006986246287967053,-0.00019351783434085664,0.0002566386894422245,0.0013654826205013611,-0.0016752661552640303,-0.0007093081213531859,-0.0002756084847853319
-0.0008256424842457795,-0.008125416275082875,-0.0003511314284123109,0.000148729908514206,0.00034800616323269005,-0.00015446292465312876,-0.00021129583049644225,9.455481299017925e-05
-0.0011629043151494475,-0.008736749247732678,-0.0005352951809718638,0.0001554501837239769,0.0006251958600944532,0.0010807599325538626,-0.0005186183046985177,0.00020744421532887928
0.0007843101566156327,-0.0077177412330499,-6.19428784977778e-06,0.00031255197857514165,0.0011913822816765605,0.0006855201800980941,-0.0004278994276938545,0.0005282298215338976
-0.00034805507242081246,-0.006722140805110396,-0.0006709821979981795,-0.0002953070184453483,0.00011203606640140703,0.0001595251697396241,-0.0014896285807623362,0.00038808412056103947
0.000530668701799138,-0.005880564495539182,-1.9611166777364653e-05,-0.0006305420381927805,0.0013991793382900893,0.0012143257465133679,0.0006823995355228411,0.0009848709287836252
0.0009169182465687427,-0.007437280801968414,-0.0005039777586681914,-5.919579072913493e-05,0.0018883976224941949,0.0016255805439845687,-0.0005281556583508202,-0.00033874956353075017
0.0006407342537320651,-0.00869605774894159,0.00057720526632206,0.0003943660526870083,0.001600538094444461,-0.0005971626196347395,-0.0007790129597023487,-0.00024583269101374197
0.0003781220015527266,-0.009195664654872919,-0.001370253893820232,0.0004526791790772745,0.0008965382364176676,-0.002027468863147104,-0.0009350202950791343,5.411185000441075e-05
0.0008005006812072548,-0.008668447827075543,0.0007249266351108046,0.0007987795973706575,0.0011375802045533476,-0.0009956907093100031,0.0007070070738229248,0.0004066494372126625
0.0004071829625724492,-0.008726186537742982,-0.0005469994119457059,0.0004844136250183443,0.001124891055977596,-0.0006236081367152601,-8.680051232296825e-05,-5.523998952137766e-05
0.000452950514976151,-0.008349109157257482,-0.0010303592786306756,9.638615791954293e-05,0.0012159918744040028,-0.0007978158741855287,0.00022956687167499862,2.5190721721931578e-05
0.0005187844203794598,-0.007680766732173137,-0.0013484855717779333,0.000481822939295184,0.0013244247234006148,-0.0014354327992941993,-0.0010158713352532655,9.206324094845448e-05
0.0008908005505648029,-0.006579219284367373,-0.0001994582208085692,0.0002247655312376129,0.001265275687890209,0.0010449115530942658,-0.0004040180630196964,0.0004946666655772851
-0.0009587396833729094,-0.007267894336280018,-0.0009659030470766093,0.00046702895362397804,0.00031340669477996784,0.0006313403874527025,-0.00048570605270391233,-0.0008861117476967598
0.0001261898761468224,-0.007740472533023291,-0.0007803105264770147,-0.0004310966770889252,0.0008680199374920889,0.0006077370975169756,-0.0011880499507795487,1.5752112253113988e-05
-0.00028489008593601556,-0.005582338261291384,-0.0003330266461829966,-0.00020131139161591455,0.000734345399147753,0.00019835650433804136,0.0006002701106409126,0.00013205178102509155
-5.08272869200444e-05,-0.0058655333735894285,-0.0005830935582756857,0.00029083865370239096,0.00048716333876248013,0.00119866801266959,0.0002547907981017418,-2.8023770707911403e-05
-8.831039527366119e-05,-0.00559313560168089,-0.00010779409863297933,0.0004990034349299277,0.0004235383882293807,0.0007774822238469026,0.0009878147150769656,0.0002866750192685686
0.0007153656414711664,-0.00444032843163751,-0.0003146929220984992,0.0005542006711947605,0.00042174398048589113,0.0010505505323350232,0.0015450584033819678,0.0008026083747417632
0.0008395251405820865,-0.005337342284384917,-0.00012453117413890871,0.0005525945849788617,0.00020014656866468845,-0.0004880631579408192,0.0012619070961904168,0.0007683453088077281
0.0008645099083342431,-0.00482317884661149,-0.0005670941289237485,0.0001189462055637589,3.944757399069308e-05,0.0006358721242746356,0.0011886529033349686,0.0008366214447786502
0.0007776176556958846,-0.005526817278043726,-0.00016586856040632457,0.00022313508194179448,0.0012218535251928332,0.0016659669136925598,0.0015374108008522995,0.0010152227599594475
0.00019900971270137813,-0.005253984931141709,-0.0006790888312973489,-0.0001660431228485153,0.0003074327518694015,-0.0007207810495563569,0.0011665017320333956,0.0012304328682800306
0.00046012806686717783,-0.00505924984546936,-0.0011509053607852346,-0.0005345920736194373,-0.0005239992868160425,0.001791761995064758,0.001556484144898381,0.000646631913478209
0.0005213143493941445,-0.0057113036977677455,-1.3605172138071376e-05,-0.0005886021037439343,0.0002176871143664624,0.001603778651666524,0.0013018209882566642,0.00066750978469964
0.0004523474437483457,-0.004788176104130094,-0.0008055342502366806,-0.0011892996881038883,-0.0012654098314914784,0.0002727748260177799,0.0006800297212073179,0.00028740179083635545
0.000545942461734023,-0.005206643426811949,-0.0009861353902288995,-0.0009787323492139264,-0.0016583887953172032,0.0001146873024431022,0.0009133615386081852,0.0004910772247829241
0.001515211815657968,-0.005391427760160006,-0.0007038461721947183,-0.0005558372831013018,-0.0017369150342814847,0.0006520649208502097,-0.0009334676516100528,4.495706705082699e-06
0.0004655022137983503,-0.008718350670120976,-0.0013368554837711038,-0.0006689890006935695,-0.00120167697961868,-0.0017325259258089845,0.00024189916883372937,-0.0008382551417116287
0.0005991114307136747,-0.008798946121142077,-0.0008625092326993078,-0.0005307996103946089,-0.0009255154155501318,-0.0002875131659924152,-0.0003248885498756673,-0.0005193578465869296
0.0010706838911505984,-0.008716296135246914,-0.0012293059821500264,-0.0002188540053345267,-0.0006002117389052281,0.0007747682805671098,-0.0013042119752359122,-0.0006864535922698335
0.0011220076604945078,-0.007866728086350125,0.0006663954584684715,0.00033433679339121917,0.00028964020026060733,0.0013916827492352363,6.227712152602596e-05,-0.00021700429352207405
0.0013712523057875434,-0.00872497106196225,3.376557780141052e-05,-0.0005883615983382728,-7.774300917681497e-06,2.984607378587877e-06,-0.001123342788112548,-0.0006589451769294734
-0.000908648247671776,-0.008081562604342157,-0.00040079215595697235,-8.802596459350602e-05,8.623358067015169e-05,-0.0005332246816371664,-0.0005299942261316362,0.000995685512107008
-0.0016666273975948027,8.438672529705362e-05,-0.0009290652714796994,-0.0007889426524658178,-0.0001373092529419808,0.0006193106353372694,-0.0006545137364522526,-0.00031582715551494096
-0.0005814576004123916,0.0001658972051621768,-0.00013587165847337942,-0.000971206458468808,-0.000352865339220299,4.310318239125291e-05,-0.001369294675765451,-0.0005267161047702708
0.001430326395562254,0.0021662796026889696,0.0005845227042255818,0.0001135580018816404,0.0002627037551530032,0.001026771936128541,0.0023517534024669285,0.0009975751323604857
-0.0015827918784770546,-0.0012429815159234565,7.901532397413946e-05,0.0002344886692111561,-0.00016218480852234953,-0.0012804574500083616,-0.0004895740595491582,-0.00013031484745373102
-0.002872884874273957,0.0003543708847261761,0.0004404199576239091,-0.0005618176587498758,0.00020820177316147168,0.0021428980535947596,0.0009803484267586755,0.00023114409502263315
-0.000616602964032605,0.0005840862056592947,-0.0012580341734051764,-4.488046894303801e-05,0.0001422062534849392,0.0026716751384951577,0.000666488779845154,0.0010769633294363378
-0.0018774380904974831,0.0006586436010233258,-0.0006161394811924971,0.00011069248529413599,-0.00011333298253554582,0.0023253202703328725,7.0124523507407e-05,0.0012239853103791984
-0.001377222047877882,0.0003670128979109107,-0.0013714362079178136,-0.00016679880244935085,-6.472745546377895e-05,0.0005610619215880129,-0.0002483289373586453,0.0017157380304368844
0.001174231897058339,0.0011992163253408807,-0.0012328747917834545,0.00043868589332930286,-2.4051304691940668e-05,0.0005241348252067801,-0.0010940079267890053,0.0013213767508123964
-0.00033646056652397884,0.0008344001180611333,-0.000620273578486437,0.0001463928616323026,0.00043487248069821435,0.0012281581771072688,0.0011541932484245537,0.002849341520574774
0.001549307966201246,0.001602852184138048,-0.0007987732800905787,0.00013879923711697216,4.629759926392556e-05,1.9441381748575563e-05,0.00016156869870794974,0.0022297170755439305
-0.0010666058175934675,0.0019492981884966518,-0.0011265071427769078,0.0003929177088025196,0.0007782013797640618,0.0015691709046092965,0.009351730172558647,0.0042875896274156946
-0.011345724239210441,0.0012763013412171755,-0.002194753856338332,-0.000226213941458693,0.0003209706114538132,0.0015144209026313716,0.002201899819131729,0.0020195158729146823
0.002940950289173588,0.003706821386274709,0.001248198451666525,0.0004730663391854654,-0.00017550379232386115,-0.00015461619875301757,0.012231586829382864,0.005746155787302746
0.0009192382393715187,0.001723619790800694,0.0023509060253380197,-0.00012719845940354697,-0.001352421272724058,0.0006220597964438208,-0.0006378198476921132,0.0015367391307540103
-0.0030054917497243793,0.0008007778304234153,-0.002384540253997661,0.00047230428672546737,-0.0006517166483160875,0.0007092814292813163,-0.0015463051046857514,0.0015405548014970438
0.0007501632156462505,0.0002081095489452785,-0.0024480028592371475,-0.0006355032179789941,-0.0012321365643684099,0.000415228951494278,0.0002796254926141298,0.0012251048671125557
0.0010771062082452173,0.00013229889651477262,-0.0020052956509542617,-0.0010094653556216796,-0.0006759050539600834,-0.0007375206711274837,-0.001548665424436461,0.0004611248088105326
-0.0027798703768910746,0.0006803790331993435,-0.0014502337367618043,-0.0007617429728915902,-0.0010394142364731464,0.0016347033472833678,0.0008927287068691544,0.0022256337929159892
0.0005992685721038032,0.0005435502689718658,-0.0008987955659319352,-0.0011944871473341936,-0.0021205641917293456,0.0011842927705264794,-0.0009793105853906118,0.001155576647308416
-0.002653959008214384,-0.00013835984495942568,-0.00033817752090824845,-0.00013670902040502494,-0.0009201448571288044,0.0016507644752274007,-0.0007278358783440308,-0.00043833319062295265
-0.0025354108103941525,0.00077417706703925,-0.0019413220826344547,-0.001015241199031066,-0.0013902964177741359,0.0018668919606354348,-0.0009937468926500515,-3.350928673179977e-05
-0.006249551877549874,0.0005476970005298752,-0.001769724143324834,-0.0012548980802919148,-0.0012508258696611544,0.0028192391043241564,-0.0007115753097927961,0.0009070596322489415
-0.009646773819559959,0.0004887100327121775,-0.013229024048223164,-0.0002645700553739108,-0.000430660431629934,0.0017633439566672488,-0.0011113529649367793,0.0003468914301774326
-0.004217883016072664,0.0002305396287754425,-0.002912624113602594,-0.0004767044347131813,-0.0003773956040569982,-0.00015606701087614557,-0.0004905430986062274,4.15058994894418e-05
-0.0022189643788227795,0.001670456724326105,-0.0013073354836800784,-0.0003146322865597712,-0.0006036201722252316,0.0006042059544790602,0.00036574102406269324,0.001557116235166276
0.0010324516962927494,0.00026796732078605823,-0.002129470333190508,-0.000575289463615718,5.870378212614057e-05,-0.0006294105499470337,0.0019380646881864089,0.001404095509273635
-0.0060593272372406,0.002420047489042667,-0.00047666164556973723,-8.603840631137462e-05,0.00018132142228079393,0.0012698093828902243,0.0021382008275810695,0.0027429987179657814
0.002250032757458729,0.0020734506793215995,0.0006175261407192162,0.0004364527024178621,0.00034313012279726387,0.001069114271144181,-0.00044510033040067473,0.0021517428351291628
0.0016669490584685035,0.002423364888990034,7.994184260103098e-05,-0.00011551949774058398,-0.00030914852801171234,0.001682439171908901,0.0005297640306061416,0.001954593397953375
-0.006050977225416407,0.0024897763356066856,-0.0012325562196147414,-0.0001093111812496139,-0.0003415084111407159,0.002950635299469341,0.00988843313326667,0.0036523062265556997
-0.005190851140754717,0.0023025950654231363,-0.0022698815738077423,0.0008706759043815045,5.964924970565171e-05,0.0020112544920389028,0.0002771100413278006,0.001602531210699103
0.0009366367425056976,0.0013529242199312773,-0.0015425746584051391,0.00024481040298698285,0.0006975516564520606,0.0015815822355317237,-0.0003798379348887578,0.0011807111019726028
0.0016667592886932484,0.0014543450073246107,-0.0006670194767417444,-0.00011613751075940855,0.0005817033425562289,-0.00013750912337254177,-0.0006506310751214102,-0.0005098112032794939
0.0024521928871334537,0.0015555258418387533,-0.0010496642370899163,-0.0003015124406356375,7.0606966956399186e-06,0.00031774345423037683,-1.5074805044408833e-05,0.0012131569045467083
-0.011115781792231735,0.00019958477349455128,0.0036379665690403776,-0.0003295906201318906,-0.001014053191953166,0.0067397908312133905,0.001186469344558267,0.0037927170230514
0.00043854246416955,0.00016973140476144187,-0.0014188625269926551,-0.0003850163717007803,-0.0006728595507044916,-0.00038774006749046875,-0.0023942082777623423,-0.012222793145083607
0.0007376022548368932,6.574975123082079e-05,-0.0006802946346387925,0.00017035087598074028,-0.0005323116516251765,0.0004590947498517662,-0.0026013399827877013,-0.004066431382373105
0.0017273916828770607,0.00022630377586670497,-0.0006844197222491208,0.00027508862201521125,2.1267276930900598e-07,0.000690989152228214,-0.000658469409247964,-0.006216675537670564
-0.00038254350568000877,-0.00015588996752690084,-0.0005521174333967092,-0.00011226511025451159,-0.0008204402656152785,0.00038751691532400915,-0.0011822444576919668,-0.011218892773549507
-0.003752286581412404,-0.00016164651374152143,-0.0003846965420676611,-2.2308907494854773e-06,-0.0009157129243254717,0.0009257193773759952,-0.0002618953292338115,-0.005746791115574093
-0.0062802313558527265,-7.222820614727312e-05,-0.001038477783373749,-0.0005496690636972143,-0.0017417608791123378,0.002285699905125385,-0.0005120998077442566,-0.008628523257700723
-0.0038728534963391823,0.0004893910490399978,-0.001106368581539267,-0.00015590339097920996,-0.0001997923784948077,0.002006516612388089,-0.002076751783457911,-0.008072533392872235
-0.0004039137483442624,0.00042259185790276163,-0.0019244992672828936,0.0005858284841247146,-0.0003684645897500523,-0.0008253549095465075,-0.002593701932541383,-0.00939822296426352
-0.004532074556387327,0.0010020627509594168,0.004287091223753652,-7.33031662518891e-05,-0.000777716809344593,0.00017936265550349428,-0.0010275258110152537,-0.009120463921080868
-0.008881485758713625,0.000295169238863407,-0.0017910574638114766,-0.0010268323943186683,-0.0020475852601959284,0.00029238782573270256,-0.0021709671171813746,-0.0026970887153038026
0.007615050312930192,0.0013617029687883558,-0.00012611070632795597,-0.0005221370330739432,-0.0016018673070101774,0.0004612551120808444,0.004058036516975608,-0.01007189082285905
-0.0010812509472528699,0.001531803282867996,-0.0006438979139780039,-8.506398464979937e-05,-0.0017899152944214729,0.0007059584687100573,-0.0010574639884434656,-0.009796503359301989
-0.01255887396875771,0.0008582607354667992,0.00017515724458178002,-0.0011396272962456487,-0.008073671186245265,0.001411883968342647,-0.0002907149111453548,0.000874884790710079
0.0006984719971161666,0.002095223970451817,-0.0009588320382328348,-0.0004374550061334472,-0.0017514989402785998,0.00045803607198010963,-0.0017311810500489364,0.00017639416354826615
0.007325873803247224,0.001887373276855517,8.146507061044344e-05,-0.00019944097169711085,-0.002442923010155772,-7.57370148774119e-05,0.002847490195265324,0.0017500931761478807
0.001899756418014766,0.0016072669684051462,6.709646233541465e-05,-0.0003906388830998754,-0.0013843940019898787,0.0003995517210563422,-0.00026955472119006657,0.0037892881495464443
0.0028049223716507805,0.0007956787466100832,0.0005116611154929242,-0.00043369839660345846,-0.0009484368413773032,-0.001469051485484423,0.0005805053068902313,0.0029302308537587436
0.0019275305555491744,0.000356163081987244,0.000567279368454311,-0.00041897293140011327,-0.0009324607544622637,-0.001813416354925603,0.00044314564826390695,0.0024086424188785654
0.0024984447230487357,0.00046944116501520893,-0.00046585929848328345,-0.0005647748464755939,-0.001271433476299992,-0.0028981951134150045,0.0014131513018854713,-0.006355298566992594
-0.0005886515574331989,0.0009713773898063461,-0.003230207334492143,-0.0005769318241942036,1.215179755559872e-05,-0.0012380485914671275,-0.0009809770685297627,-0.0012523262919282596
-0.0029618382035179708,0.002548253743848931,-0.0008906116902291063,0.0006649410675877524,0.001985390261884566,-0.004813001634478366,-0.0012562882819022005,0.00013103957131093015
2.6586737072538982e-05,0.001811019626646523,-0.0017471724378855644,0.0004788008576935985,0.0014843256915033395,-0.0012235722864768843,-0.001421670674051837,0.00042422643310309916
0.002490151136910647,0.0017331868741296014,-0.0019523149175438798,-0.0008707013095702449,0.0011519624773341603,-0.003588960907997766,-0.0006256642408662181,0.0021601213709586202
0.0014485532019796073,0.0005238489865979232,-0.0002872569084994645,0.00020711777016513405,0.0006340974673264984,-0.001297270094002535,-0.0005670659565349365,0.0032681465778025645
0.0022854728909704356,0.0022719188120350954,9.132943741375788e-05,0.0006839679138663445,0.000916772220432838,0.0008534128889167659,0.00013101931272330286,0.0013081190637059142
0.0023352424587614147,0.0025871613604445043,-0.000324287144939103,0.0006646943775366083,0.00048055727389680704,0.0025774574803539845,0.0006403013727937178,0.0014982381498584035
0.001921455043071262,0.0007760582828083951,0.0004319271493189513,0.00045170078200482334,0.0011579808688695228,0.0021404228657118875,0.000521879066306636,0.0006467873461490524
0.002900866198446444,0.0002905329939501117,0.0001604714948983058,0.0011252033949250065,0.0009970620072549297,-0.00043217496942099694,8.944104692852453e-05,0.0005480588076412045
0.005928522725785493,0.00022911645814283925,6.548887767796833e-05,0.001331766520871065,0.0012898112406569938,-0.0005755222885638829,-0.0013027222148005453,0.003130051710190897
-0.008267009373060047,0.00029203186622246555,-0.001037032266981823,0.001106228265598595,-0.00036739195959604017,-0.0012333719484210273,-0.003912898126900313,-0.001689799346367583
0.002175977285272495,-1.4705888260848458e-05,2.5225551410592723e-05,0.0006025297077034886,8.547345005994844e-05,0.001670191459318099,-0.0022835909580213257,0.00041416858676192894
0.0010876012890380338,0.0030699186513116067,-0.0026609610773220462,0.0013871906319822905,0.0002996610847363723,-0.00020990499523308446,0.004062475674470348,0.0007743853220540978
-0.004304666790452844,0.0011505124955414378,-0.0024807554086336337,0.00016354162735518994,-0.00018377451017115905,0.0005769639834487722,-0.004505358909467823,0.0010978652593587894
-0.012072488970354114,0.0008752668543861721,0.0011196395160844538,-0.00035603767235763617,-0.001534708752418616,-0.0018075279084494146,-0.00017740691580451617,0.0013999570518850792
-0.000450288775430011,0.0023246768291978986,-0.00033623076580697873,0.000709606907516378,0.0005589104414717554,0.002510212818739838,-0.0009064580798086998,-0.000387401382597647
-0.001288495975038398,0.0021938831043605543,-0.0011015753206955047,-0.0003238752512394517,0.000303436708409364,0.00103259526919696,-0.0018794344208473224,-0.0003479813624402444
-0.0033175992388637427,0.0017161060409132385,-0.00041873862977460474,-0.00029013069578679265,5.035895061427212e-05,0.0009755193450898759,0.0002550462467839672,0.0013723188343977427
0.00048296561479515594,0.00012230590637664742,-0.00010646018875799039,-0.0005579583003525281,0.0003914624100057404,-0.0001724142009852706,-0.002399482746896748,-0.0016966024143713816
0.0011239104141136551,0.0006113902038541912,-0.0010573049166123505,-0.0003635200838002361,0.00031744374940537867,-0.0008400836607595166,0.0007780994574614307,-0.00021022105757647
0.06076626876832754,0.00039607718262767903,0.004800117805531237,-0.0031461189082807985,-0.0013803435207252952,0.0016404095774077206,0.0027905162537426036,-0.0027516376134592707
-0.019907576832240242,0.00020545707109212037,-0.004555454382999525,-0.0003006627506382729,-0.0005000854934902677,-0.006983846555711746,-0.004698954169527541,0.0015841683776954983
-0.005838253427432335,0.0015020210712803123,-0.0002674630475241848,6.798941225399571e-05,0.0005231802797626481,-0.0036728841267565046,-0.0015271353548891322,0.0011077802567816776
0.008032797750276571,0.0017838107808351086,-0.0001717355948275295,0.00014632615662938094,0.0013799745735931202,-0.000605911705958261,-0.0017671312818415155,0.004367099275087139
-0.010650352081927366,0.0008688649128510983,0.0004559476465762908,8.729596521004649e-05,0.0008341177619725605,-0.0021439443526618785,-0.0028661430556869167,0.0024803407542393556
-0.00260920827685955,0.0004517355634386072,0.0014374048133090987,0.0014532385016277243,0.001957517387582928,-0.001231331295623934,-0.0010347743942704748,-0.0029182803043666496
0.000747030247491546,0.0034355158092862345,9.437489089341822e-05,-0.0005005619894049059,0.0011934790796582482,0.0006696466903547181,0.001911260017097902,-0.005510591860054598
-0.000693889532505286,0.004800874341803739,0.0002879551989249689,-0.0005963093909401903,0.0014540815372120776,0.0006328510489469987,0.001992299066914621,-0.0019548906055966856
0.002801393636198544,0.0024361752838063144,0.00039399862444691774,-0.00019826720698097768,0.0009532134336571189,0.0016380958364195708,2.003145548436364e-05,-0.0014592245724890489
0.0012234540116931364,0.0022090487575295295,0.000211238268951051,-0.00022543958319387635,0.0017782249212108972,0.0018761236068982334,0.002046355682809203,-0.004346968319453648
2.6594785586204066e-05,0.0017397812134973727,-0.0014480624096436239,-0.0005680309522605009,0.00044222090282304625,0.0021342882185214776,-0.004203653411867813,-0.007816184044175098
-0.010337343441846926,0.0008559309369460255,0.00038615973308662197,-6.544801059462143e-05,0.0014859445561986333,-0.00019765012691399204,-0.0036905383048139585,-0.002273200357269928
-0.002446484481608647,0.00201974383438618,-0.001365173452674301,-0.0009434923950549757,0.001295876414011996,0.0010190894764119697,-0.0018879457645392525,-0.004846549289541564
0.0016169554997331873,0.001942120612935603,-0.0005073709921625726,-0.0012700270841749985,0.0006773978513416884,0.001178154508025636,-0.0016402629245083887,-0.005797642656822844
-0.0016566612265961499,0.0026099293892817466,-0.0003170448420456977,-0.0007911511742146689,0.0013572701377200227,0.0012533093694326607,-0.0007329550645105876,-0.004920402313724886
-0.0005645469928294462,0.001403129940869543,-0.00028763570459235013,-0.0003634704821087182,-0.00018181806472840106,0.0018433154724427135,0.0010965912835865228,-0.002692744246643453
0.00023857155739787862,0.0024157486089511726,-0.0005282539983458062,-0.0003736650820207276,-0.0006290260407310501,0.0017183172816986109,0.001535031322607895,-0.0015392538976845688
0.00041680149570222645,0.0020573875839275707,2.039592530927085e-05,0.0014027054907294922,-0.000810062587853237,0.0013739062194642947,0.00027372362563583537,-0.0028727165041724477
-0.003899716266651484,0.001308511368082143,0.00015473776646404334,5.6517121977021014e-05,0.00029706496597353807,0.001014184475993204,-0.0014691187818391606,-0.0012977598809067337
0.001264645912221356,0.0031368615671083728,-0.0011230508275935688,0.001151643587082196,0.000730575956692956,7.771587694310437e-05,-0.002591291669145946,0.0015256704253718781
-0.0006343553301708599,0.00198442307000875,7.067206095422074e-06,0.0009743686369082315,0.0006284898749327873,0.0004890757996793453,0.0004732359814270042,0.0019208427202770015
-0.0027570984723148946,0.0014330891970261985,-0.00017536858487463838,0.0004818559609503457,0.0008559684614559018,5.613094806184929e-05,0.0005574207679065979,0.0001346340591724053
-0.0010564295786034629,0.0013427997767066293,-0.0009163026581831183,0.00020713363560189801,9.490214561572161e-05,-0.0007453796550680193,-0.00010536851633958194,-0.0013235755810688382
0.0007920960058878292,0.0019351622740744288,-0.0007243119934456959,4.481328940160388e-06,0.00037666919847821075,0.0009511305882342832,-0.0005336331421114084,-0.0013833422755162171
-0.006700994982799587,0.0014042686873902838,0.0019178078563059204,0.00020927521426205206,0.0013363576400861595,0.003110201865938449,0.0009844511403531474,0.005700200936331634
-0.00349472196303159,0.0021253286541361633,-0.0013790816178454247,0.00011965839779112438,0.00037063163142010957,0.0009404681760886195,-0.0004611821145181758,-0.0006152011120157817
-0.005993261585318055,0.0012624775195730833,-0.0015138403254610399,0.0003538640615198987,0.00017266874953863904,0.0015811109831424452,-0.0016884808985185532,0.002339991798708321
0.0002666946509942199,0.002174033684434291,-0.0018241472208744716,-0.0005314470488844251,-0.0001700378948644255,-0.0003022107382829809,-0.0015773573948632946,-0.0004200900156827894
0.0032836187179082986,0.0026774745262579235,-0.0004318575851772435,9.362214589606733e-05,0.0022298556237584544,-0.0005082357841488627,0.0025343648162230495,0.0029019440872329457
0.0004298784053843189,0.002780148991686609,-0.001099664142808791,0.00010116091216458462,0.000632709798871372,-0.00030573600801798203,-0.0008447933708523864,0.0024269471946307833
-0.006127541471429417,0.0015300410705210224,-0.0002871230542233889,-0.0008908418862220234,-0.0003083489659947896,0.001369024198657815,-0.0011800554447815427,0.0018639782835598638
-0.0008039003222972779,0.0006995708376551278,-0.001708819072640229,-0.00027201136598885474,0.0011434351616328598,-0.0008099226705609567,0.00022121100013301864,-0.00020004544135891308
-0.012262037359351677,-0.0002044174525111009,-0.0019416225284379046,-0.0009497982602228736,-0.008141611798915177,0.0002652483556755061,-0.0007054105949478026,0.0008077246242140986
0.0027127946139365385,0.0007131237117395431,-0.0009288468539996256,-0.0011167434497633987,0.00020238585853383847,-0.00028577589430747334,0.0011526020649926913,-0.0003231906921581811
0.00030355024429186466,-0.001803634037609024,-0.0013218284795610416,-0.002271631684120397,-0.009388157730637099,-0.000171435656010984,-0.0009410363478400874,0.0006737336932071082
-0.00016697184123643544,-0.0019615013796918618,-0.0019727384060403337,-0.002312904265706953,-0.009933905281855122,-0.00026553761647277066,-0.0012174203292018718,0.0008850411541485362
0.0003123006746021852,-0.0019978626149247222,-0.0007250621917025876,-0.00230535573975355,-0.01006721674802799,0.0008642778912890855,0.0004452104299931946,0.0005673510300542409
0.0008016223151089425,-0.00014766102843490785,-0.0010733331634307415,-0.0008528631344102679,-0.0066938833977447845,0.0007683962021982385,0.00043186661602508716,0.001469019378062905
0.0007871198161009406,-0.0020242167221340263,-0.0014789817619772485,-0.0016386797417949524,-0.007383291225640315,0.0005803007413002243,-0.001479636386494396,0.0016803834426725793
-0.0005566962069879578,-0.003099673927127234,-0.001241105875802138,-0.0018322314775322103,-0.008087166790448254,-0.00010784528741002336,0.004134735927471835,-8.692604557611089e-05
0.000472298367831962,-0.003245482576691807,-0.0012519296775754855,-0.0021391913321758,-0.010505955534343846,-0.0001583427487692531,-0.0005264289224998161,0.0037584821269190756
-0.0006452162285271451,-0.0029669862883823666,0.0008049312861499654,-0.0012949825294310477,-0.006997894547135777,0.00015903480651109574,-0.002193911203784675,0.0025390285133199265
0.004639880169269898,-0.004700281192020007,-0.00040509109897722827,-0.0031166942957180387,-0.00795494089405859,-0.00039375985741850017,0.0013953985272485295,0.0018598153223820073
0.004172894174730885,-0.004699512754214576,-0.0004323753588229756,-0.0027010767264985624,-0.009091967445271205,0.0002259254205706588,0.0018364925420437715,-0.000631998765391219
0.008347815358324325,-0.004440135255339326,-0.0015294598125259074,-0.003510036737252455,-0.006814724911304748,0.001479089499429612,-0.0025741636558677247,-0.0013112247802287292
-0.008230529510672388,-0.001812618181560067,0.0009037803085309754,-0.001242291275307566,-0.009719100274036677,-0.0005805074603018136,0.0020613948477632817,-0.00117026857198354
0.0003194897673711831,-0.004333944418075572,-0.00032994586127890627,-0.0014431521970737827,-0.009778435310899699,0.0002623604599553149,0.0013702127366114407,-0.0030017959270232848
-0.0008516594737243524,-0.0027497658595312825,-5.74965174694285e-05,-0.001511004592235155,-0.008094874533679602,0.001410040184661717,-0.0010173808043207743,-0.0038445118419978856
0.001116526336066907,-0.004411643755341378,-0.0005738270630404491,-0.0011233109168525273,-0.009304669978641527,0.0012274432137814976,-0.001528271605382646,-0.0022984340098805805
0.0016498957087530003,-0.0034492025800354344,-7.834333161729258e-05,-7.641013671076366e-05,-0.008322682970003025,0.0019252012278453585,-0.0013116878102836572,-0.0014147919534746695
0.003418846437858883,-0.00012369510454287823,-0.0008999185908953759,0.0013522012528191056,-0.0030467185740813913,-3.455771812817221e-05,-0.002284054962503872,-0.0014814636594558906
-0.01798958860596107,-0.0007669519253747476,0.00018918046950262179,2.9866522544428397e-05,-0.005490041883021186,-0.004778303528961101,-0.0035640897169115166,-0.0007004622079109197
0.0015672481570102117,0.00022197957376341574,-0.00022045971157484147,0.0012859131632117966,0.0004858267124864456,0.0021920536166467053,-0.0011965293720877482,0.0016826635261086912
-0.003126371824266802,0.0002087327403354778,0.00047710464857384774,0.0005227579169014046,0.000679718314993583,-0.0009075576427271239,0.0010329126063985312,-0.0011461199864718555
-0.0054198961522135426,0.00018886468295118265,-0.0005734205121852648,0.00046229965588189356,0.0002429752693953565,-0.002798423038099302,1.933391144827056e-05,-0.00027646133759094997
-0.004566349998485632,-0.00011648828434563676,-0.0008975594704792728,0.0012793608369157429,-0.0003346276449688764,-0.004408497618458126,-0.0008004084530497197,-0.001996705163707432
0.0028722070097596964,0.00033801282164395015,-0.0014775198692486874,0.0014806598572481113,0.0009379210281947694,-0.0001612987477008083,-0.0013580921570402577,-0.002008257214437281
-0.0010304026781939454,0.0005039740539376069,7.1794585559596936e-06,0.00037866522327907224,-0.0003744409408091171,-0.0018548440704779878,0.0005213461969527558,-0.0006866548507876007
0.0015293501240872106,-0.0007330971968290929,-3.1461306216963525e-05,0.0008492189045191335,0.0009054634385682986,0.00014881072310514098,-0.00024399505534083976,-0.0017122682280949534
-0.0003102752883470256,-0.00022784388110589062,0.0007039129665830911,0.0009306696671170084,0.0009619807680431629,0.0006987119306707651,-0.0005636736218591173,-0.0012590944661197547
0.010670774679609602,0.0003130516172955055,0.001146424967196347,0.00039800218393977834,0.000963909560637047,0.004245879303306064,-0.00014685442989646456,-0.0008768031397835313
-0.0061708310181729665,0.00024655226803081795,-0.00034306071789161916,0.0004829365668667107,-3.143368314971561e-05,-0.00441899699311732,-0.0022058517030726674,-0.00281965112419286
0.0011321036411058233,0.0009125810728924096,-0.0009446537101074019,-4.104424149261143e-05,-0.00019935293036774056,-0.0013225280070836218,-0.0018266994605656047,-0.003323274655206475
-0.015693417622978344,-0.00014310810619349597,-8.409088032187005e-05,-0.0002951706020619733,-0.00013750729639316065,-0.010070968066972927,-0.0034342200979246016,-0.0007550365805242944
0.0020537218979989483,2.9886188496803173e-05,-0.0010862423662056358,-0.0002642776012718584,1.3793996738189742e-05,0.00046356640592547265,-0.002725710724633535,9.482154408318079e-05
0.011518833763994589,6.515989999418014e-05,-0.00023688822453049387,-0.00110895382442475,0.0012570327944004091,0.0027715378087694287,-0.004599793975913637,-0.0010526131171232456
6.336099593853058e-05,0.00021779110720466924,-0.00037805166781211053,-0.0003651964614818509,0.0001579307823132131,-0.0020044908868868134,0.005682710257263112,-0.002530614207264062
0.001453189512665247,0.0003356572521764672,-0.0015585509248041479,-0.0005607274223335042,-0.0007583167042845802,-0.0016028195984878386,-0.0007698229131178645,-0.00420600200386053
0.00028426662280169924,-1.0943014991162127e-05,-0.0019176234866223553,-0.002005030202915217,-0.0005187992119316276,-0.0016620761639304798,-0.005301043203012548,-0.004890531355150909
0.009845008519343803,-0.0010504107994221677,0.0057451625127565124,0.0017954722951439492,0.0021776721372176954,0.003416202755401879,-0.004777793323942839,-0.0008480751475768176
-0.0383429230804715,-0.0001931348653232972,0.0003867103970472642,0.00017001898830403735,-0.0010464548949354645,-0.014154496600768389,-0.0022535155222088653,0.009532311201742043
0.01031806197056425,-0.0005964503933461267,-0.0032247137528190043,0.0011627697307866338,0.0007382254395821514,0.0005310989239559712,0.00254598834376465,-0.0038886723355441863
0.003402820241250507,0.00027581914023898043,-0.0031531337740528806,0.000554487222953143,-0.001679963563306899,-0.004452679698526079,0.002041769190525822,0.00048138416577864516
0.006599882206822836,-0.000595811734466511,-0.00037063858378682087,0.00018872374776915586,-0.0018434007555096178,-0.00012979116879174366,-0.0009182414604789493,-0.0011217068926833473
-0.014669897263206402,0.0010990615166249853,-0.0041969744729116465,-0.00031592500608979023,-0.00019233978629414262,-0.008518156869550333,0.0016399083156637192,-0.000830450113938074
0.0025634558974506902,0.001542430355889536,0.0013038216113590382,0.0030247721907949152,-0.0018297687608054166,-0.001847348391242745,0.004414394715014395,0.006364303827575365
-0.023832881411901152,0.00129079398584422,-0.003046316922265342,0.0009924757080510807,-0.0015894036968139298,-0.007695991401476846,-0.006074433932677012,0.00219542221412541
-9.459535829885502e-05,0.0016202129693947591,-0.0023047296909088836,0.0018988549061075457,-1.9546837300069453e-05,-0.0007189738918313064,-0.0006014093289468335,0.002354059638248128
-0.009750035695725657,0.000721356533549896,0.0009784869711741034,-0.00027365577906532677,-0.0004235618782108121,-0.002143676780534329,-0.0015061372150689278,0.004643016358436221
-0.015112692124589521,0.0008266090263891173,-0.0005540694624606762,-0.0007481230427452039,-0.0023670757335160415,0.0021812898804090875,0.0007465353355497975,0.0012426741046228118
-0.0029520743540448176,0.000169632594640324,0.002094188977147814,-0.0012792687698765974,-0.0030753387687821915,0.0012936756935175246,-0.0016618988505470776,0.00771615848522529
-0.006949111524909135,0.000344446215652295,0.001232676194212946,-0.0006705438516289048,-0.001054915799777857,0.002246874166894284,0.0005589357972128324,0.008966443056284676
0.00028190681662059814,0.0021243323411164676,0.0020109706352794405,-0.0001439871552466236,-0.0008734342617710341,0.0022504257049974705,-0.0027041987086904675,0.011994610648873614
-0.009483287699362462,0.0003399558500503709,0.0017118366880530974,-0.0001745821130590768,-0.0003273245079010175,0.0005892762584236717,-0.00018310910098064484,0.0065963098314676385
0.001145306697818932,0.002392733227286576,-0.0014422538419162011,-0.00032355663899140744,0.0003851816858529697,-0.0003372690514277335,0.000107156075672096,0.009326119659277656
0.00035969351507990105,0.00027269521371491446,0.0017709484401471122,-5.706795438673523e-05,0.00022390637313888685,0.000555884779493788,-0.00013808260447568517,0.004632161794191785
0.00018733467534048844,-0.00019453080314719493,0.0008040863875572375,-0.0004373547205341587,7.358416445315498e-05,7.740791976481738e-05,-0.002772319558873376,0.005947700142327372
-0.009681474734550482,0.0004711592471466447,0.001175142721175761,-0.0002601520750432312,-0.00019836477341531682,0.0021847676710152414,-0.002630377060031452,0.004632169126488118
-3.2581109235531867e-05,0.0011939990801447023,-0.0008347732130839968,-0.0005526901234691421,-0.0019920312250859625,0.0007622204236816615,-0.003132303115329496,0.012224657595765812
0.00038693030570676503,0.0008136186301470162,0.0016233248273265246,0.0004970039613096874,-0.0013029214817468803,0.0021229483838411996,0.0003816438905771021,0.008708138915257993
-0.0029957187248402894,0.0005394955736480845,-0.0001347477389187125,0.00041153762239383424,-0.0011206875712799131,0.0002144508404759775,0.00017897987084729966,-0.006585769040808263
0.0032646954082180455,-0.001186442772834432,-6.924680208499356e-05,0.00022937243103182765,0.00015552845590659564,-0.0005606743147732773,-0.0004998697923823887,-0.0018958232934980427
-0.002305549332743852,0.0007022516101525343,-0.0008637752067232521,0.0012444860928283608,-0.0031636822069990187,0.0007478337793471007,-0.0022829759957975937,-0.004195415177922373
0.04820873332183362,-0.0005111726289903194,-0.002998499210601443,-0.0025964581520402006,-0.001191728008657187,-0.0005493875899216719,-0.0038650942998514084,-0.004476559052286058
-0.0004156389464792461,-0.0010933792229534211,-0.0009645067945094608,0.00010169535749581494,0.0006515183602366399,-0.0012008865904302364,-0.0060301282784857605,-0.0010498236338508313
0.0008564872959197226,3.51034628334596e-05,-0.0011381781118215083,-7.98117034024873e-05,-0.00014731280683621403,-0.0009636576539954259,-0.005075071303138391,0.00022868404456516807
0.002475406465191104,0.0005257648311078106,0.0008770688386958873,-0.0007275716129980923,0.0014092396608660122,0.000481547809837645,-0.005001604053608956,0.0002793773459562542
-0.005681377792383139,0.0009460788863932105,-0.002499718241668342,0.0004191184807626523,0.0009484881148010357,-0.0053805545994122335,-0.003917492866460673,-0.0008424053084345049
0.0002882720854173475,0.0016605009400497712,-0.0019906806032425565,-0.0002687203431476286,0.0006998997160899974,-0.0014407886654725787,-0.001902608833668688,0.0008017660637881574
-0.009622156057231579,0.0006969812602213263,0.0019277737879095271,-0.0014408624826492628,0.0006833650392971688,-0.0051216593106443555,-0.0040330898126113455,0.00010359397830327141
-0.001645357023150017,0.0007877497022425683,-0.0003664873068349319,-0.00020400157530891315,0.0016381942977457735,-0.002064759379314725,-0.0020364795772873467,-0.004084175732005805
3.238097028165963e-05,0.000762603629287911,0.00021810187247238623,-0.0011942778639930083,0.0011820120532637529,0.00013449507843464324,0.0007456538552218368,-0.00533540842613096
-0.002269218678389864,0.001039170207155815,0.00010679349908385563,-0.0005980185471381872,0.0014411415423741614,0.001699597844608405,-6.294913010823759e-05,-0.0034074807500844083
-0.0004435588021285857,0.000445692810121497,0.0006823636961578105,-0.0007945478004597842,0.0005414025745094837,0.0025701954618985007,0.0003634372325078281,-0.006298468912263502
-0.00320812150882976,0.0007148798820923466,-0.0007444335691717254,-0.0005447607414594222,0.00014047794090775432,0.0020574384381181364,-0.0006286283858530048,-0.006086556993696434
-0.0020551533591602017,0.0005371470142686924,0.0010080034426732808,-7.471550855960279e-05,0.001486661824583024,0.0030077193165872367,0.0008159746009446175,-0.004046071334883004
-0.003505976852371598,0.001755255362258956,8.932196633751182e-05,0.0006121329215241071,0.0017825693140663785,0.0025662212907772448,-0.001167624010311967,-0.004135284688061872
0.0005148420933803058,0.0006666811469368105,0.0006388444478517304,-0.0008127618212337986,0.00041922204328019645,0.0019449820755485696,-0.0003627411835108045,-0.00329708926204572
-0.002863277181153026,0.0015464743632022117,0.0009960331089925896,-0.00024484918782673295,0.00153043434962047,0.002278651358112686,0.0006371214637062523,-0.0039990291822450865
-0.0003800483494985668,0.0020834751900120655,-0.0006132186293663301,0.00044527395453553996,0.0009119054730188651,0.0030848279382333314,0.00044101189018991597,-0.0040805339514366976
0.00011830115579345845,-0.0006627328242312059,-4.842016337995472e-05,0.00030070145541574234,0.0009345273307168322,0.0011162146500431254,0.001689626102648789,-0.0028340291033205887
6.156550622181399e-05,-0.00051301803845661,-7.262207569588125e-05,-0.0002622792359495637,0.0006866752802093998,-0.0006107858563146223,0.0011079449569638365,-8.979422915684633e-05
0.0011276528966809765,-0.0010718264390379214,0.0007607533592230652,0.0018959325852157339,0.0014603231340165686,-3.885372466547877e-07,0.0013645664303941925,-0.00034532092138120807
0.0034870792394832402,-0.001588910005908608,0.000999355572982184,0.0005447451633385403,0.0019323440518672513,0.0016685067699018469,-0.0002703915230345819,8.361200160916804e-05
-0.001946272749034696,-0.0008078017686398456,-0.0006745385450155706,-0.0006916472632419665,-0.0009245937634170385,0.0023131690613519607,-0.00019652200988421392,-0.0018058828349877469
0.00247152105408205,-0.0006865485462728731,-0.0005732464968792384,6.869605024220938e-05,-0.000468698478543679,0.0021740955065294673,0.0003647018973504098,-0.002163038521596801
-0.0010634789550591852,-0.0010140010876105179,2.9216338278734556e-05,0.000578119744613572,0.0009027458265315368,-0.0007710880340541128,-0.0008796044971827678,-0.001181442324515241
-0.0008429095765961684,-0.0011914926655902515,-0.000871826864631433,0.00022667405336956257,0.00050217656440834,8.075557853414821e-05,-0.0013335243937762544,-0.00016423910974182042
-0.003174616929915642,-0.00012210077074478376,-0.0006411370072272702,0.0002466101008976211,0.0004865101635877461,0.0012601951687924117,0.00016141796498624975,0.0006671847766697717
0.0007763133613161485,-0.0009720072642226973,-0.0014117642420929685,-0.0005301579858153848,-0.00023599950432188593,-0.0018144689259826509,-0.0005170066072707715,-0.0007822435533501548
-0.0016082373988857504,8.981718483147987e-05,-0.0005524790802961089,5.4848997246629934e-05,2.4779200662802897e-05,-0.0016414450563976152,9.293553842202294e-05,-0.0009534910297417316
0.0005163857635618086,-0.0011019044133364917,-0.0016200117555549161,-0.000473481468221882,0.0002807341941685374,-0.0018741605021435678,-0.0009168034690874064,-0.0008236523845324097
-0.0011611980411314609,-0.0007283839892824255,-0.001472259315527527,0.0003407236617198784,-7.714752524343388e-05,-0.000745271794032891,-2.4993794301031188e-05,0.0009468148268252755
3.620090337496472e-05,-0.0006500089607139962,-0.0005066001065526422,0.00023271564048391296,0.001488465482811038,-0.0022091366208484052,0.0034549888250112975,-0.0007743556885316772
-0.0007655864374055143,-0.0007093259623379879,-4.39174253639111e-05,0.0002109037500079953,0.0002454044238138948,-0.00020244987760070486,-0.0016934361890621737,0.0008195095976081422
0.00014520617490916687,4.425394380001521e-05,-0.0006450980046885897,0.0005461401246444251,0.0018085527048039415,-0.0008577701585916472,0.00029470739647960865,-0.00046474384284976626
0.00039638998266896034,0.00025775522959132607,-0.0006147009911969442,0.0005340642186372005,0.0013776416076648561,-1.0414686233661e-05,-0.003022462592685603,-5.2935529690437285e-05
-0.0054043609653734795,-0.0002919326781633924,-0.0007144385896614097,-0.001029983156576194,0.0005568352309627032,0.0005110159575590779,0.0012019977440914855,0.00035321117943305503
0.0007332281013514516,0.00016572483328562685,-0.0020852895917717103,0.0003700342429221778,0.0008972747446838738,-0.00038305357067751664,-0.00019553464141547935,-0.0008846658398835437
0.00043551121827384445,-0.0003657991407297344,-0.0003973425220323307,0.0004342651465258556,0.0004086645449960054,-0.00020618100393017611,0.0006120556984501933,-0.0008268831080141357
0.0005618320109237087,0.0006972959441296051,-0.00018568533475528718,0.0014147227348039503,0.0017596085778095226,0.00044755465222834107,0.0009649774980953414,0.0002775340688061972
0.0017002763929159124,0.002040229519580366,-0.00012911419363074235,0.0010038649520571785,0.0021681483230541567,0.0016116691808362835,0.0014444971622320818,0.0008470325970263907
-0.0002701421330281334,-0.00028444711838185825,-0.00048067262364380757,0.0007319424044067235,0.0022608468029286124,0.0001986261623358761,0.000312719664040608,-0.0005988013900898522
0.0010094755349018708,0.0005427733168966201,-0.00012934230262149593,0.0011564941833550942,0.002337746148172957,0.0007412555187459547,0.0004682958179441688,0.0012170235881004265
-0.0009531875062293051,0.0006575849337947848,-6.533436205920351e-05,-0.0006260361569260248,0.00010408784024707421,-0.002804719809316344,-9.952684786236136e-06,-0.0005979848408640026
0.00048769230178396725,-5.841368499711227e-05,-0.0011263935244869051,0.00019217466686245467,0.00042577151605538064,0.0015105821290444044,-0.0007822093661622215,0.0012158437786117682
-0.0032755923654225706,0.00010476686116427268,-0.00018771136173327687,-0.00012989387697684283,-0.00054736392394209,-0.0014766420465068672,-0.00027074686995208665,6.667055992285744e-05
0.0016866838641906305,0.00016643998686949668,0.00024254618862675558,0.0008708848733540585,0.0013037967172370266,0.002237912193739271,-0.00228306200028911,0.0009218752145278395
-0.001800664571235874,0.0010027957831912188,3.020211423569797e-06,-0.0001786455864560403,0.0001374363220437582,-0.0005610593628415802,-0.0011410516476645705,0.0004446566290535106
-0.008414040471724626,3.4670893931232726e-05,-0.00016789404492822466,-0.0008305471288319002,-0.0008546511543044828,-0.0023879896567204186,0.0008259007337726243,0.0006816939980775009
0.00042694732333913244,0.0005496598420093577,-0.0003044249626829628,0.00048148651768182253,0.0008181975406384982,0.0017278355991138727,0.0009005414239659594,0.00020255230450718183
-0.00012749538695383224,-0.000816188319789206,-0.0003969171143465304,0.0006395010543167026,0.0014009011671457397,-7.601827163853716e-05,0.0006902933812886731,-0.0015152274955814902
-0.001988189890070892,0.0001631134521922578,-9.667259981405563e-05,0.0003614629366144465,0.0011747096037677432,0.00041362907284059656,0.0006404841072623952,-0.0008509783064172611
-0.0002703271891275648,7.159419807127963e-05,-0.0004185313737888323,0.0003899501083904249,0.0009498666724439579,0.0027050894299467144,0.0004646219076486633,0.0005681314896959967
-0.0026063494230873785,-0.0007549094656896087,0.00047995776790382564,0.0002774641099610405,0.0004299424692659275,0.0005723311216225547,0.00044113563545808947,-0.0004768539945201885
0.0005044915972343564,-0.0011425799228646381,-0.0006119576561074276,0.00031447328457222734,0.0009909388043687743,0.00031352455895607427,-0.0013866277201894444,0.00045894993668567423
0.0033347835941947494,-0.0008935549171756307,-0.0008303586290033079,-0.0008015773311378827,0.00017650076952419006,-0.0009031829225637888,0.0009166269113327203,-0.0004690688913271644
0.0004454291079672026,7.64130457736055e-06,-0.001556125986372241,0.0005303720705722841,-3.921248447093334e-05,0.0005281328615353824,0.0004294106656550159,0.00018753441734264687
-0.0058496135114926955,1.65138591950249e-05,0.0019282911533665312,-0.000824367585287171,-0.0006714015310411891,-0.0016397174727528134,0.0009608358066620403,0.0008117565446160961
0.0015953091396670503,-0.0007303157168867691,-0.0001278367449935022,0.0008204442269835698,0.0005860193857657837,1.3242552866197077e-05,4.6327317651765005e-05,0.00040486411136694063
0.002105191327160692,-0.0007554298433597523,0.00047287015209456233,0.0005731739131209739,0.0005346079052980996,0.0002901488836795702,0.0008335477856273637,0.00035016211411449856
0.0035370452414970064,-0.0013370023786289165,-0.002014238269057182,0.0004806284536081198,-0.0005008103234781076,0.0004746983614963022,-0.0035654495264563534,0.00035879010934765165
0.0016852056307616395,-0.0013235832703362954,-0.00024420687268312266,0.00021050401720387524,0.0009137867038973077,0.0017937808388755006,-0.002290637627811239,0.0017069065636585712
0.0021434219828934662,-0.0010429025427627094,-0.0006934655589607029,-0.0005449144206494367,-0.00041164194262447763,0.0022117961669040286,-0.0032421270854812584,0.00031492032846926996
0.002642792790286838,-0.0012962466547955913,-0.0021154912475032763,-0.000678371204102224,7.355114042997784e-05,0.00016141972889837405,-0.0026987159783355245,-0.0006557518715104567
-0.003313672937396623,-0.0008656626567999374,-0.0007238407853148767,-0.0006446820835354512,-0.001162771861404378,-0.001314903995113562,-0.0023933315890197378,0.0013335135439070456
0.0023492654290607584,-0.0006026308622911373,-0.0006461469660966919,0.0002708402202358428,-0.00015133356348612806,0.002779584667868001,-0.0009545857257504399,0.002109151117858912
0.0008889701241794061,-0.001220668972997375,-0.0011674914743722959,-0.00028107927632827406,-1.2651368055773187e-05,8.311549950324388e-05,-0.0017960085613919863,0.000499238467232655
-0.0005476625782667128,-0.00042565172260544036,0.0006237833324759189,-0.0004694143403882241,-0.0013216370437547117,-0.0011430969203457808,0.0004880131873198807,0.0017167885301998076
0.0020827039191043794,-0.0007164794106234278,-0.0007212296117766459,-9.705103456200121e-05,3.5363431718771457e-05,-0.0011016023729146607,0.0015480259440785347,0.0011900449215749818
-0.0023887129661586052,-0.001582591570470507,-0.0008743906448034,-0.0009810865461756606,-0.0003627889369780826,-0.0019288260165951621,-0.0009563469963467668,-0.0006700989278122093
-0.0009656267609907245,-0.0012058153044724326,-0.0017499811355237175,-0.000887075682881497,-0.0007231381361956758,-0.0007730832943421674,-0.0011014995512667685,-0.000567933850054864
0.004392852366217611,-0.00038088758671414423,0.0010572776664886936,0.000300530006458737,7.038719368172836e-05,0.0010372342628214562,0.0015587003027247887,0.0008151488333543907
-0.0023413875451653784,-0.00034815045512321806,-0.0007951084748224704,-0.0002758537891046819,-0.0009045906457243708,-0.0027716816461314624,8.962390197972156e-06,0.0008120322006061274
-0.004562425602808558,-0.00203891051679634,-0.002201787886147937,-0.0011126215698947937,-0.00012765926869231714,-0.00028768857644559387,-0.00012958884023343725,9.092464790206221e-05
-0.0004848789772155057,-0.0016278510692151592,0.0010385044791497153,-0.0002577218329003007,0.0002029513858722904,0.000497829106850536,-0.0006407280888745505,-0.0005923806576018069
-0.0010501259185680387,-0.0006631714210907684,-5.332265487118639e-05,-0.00017154118863257393,0.000829384493829417,0.0003715715762095125,-0.0008320819161163588,0.0004396679693601939
0.0021753735002991055,-0.0004954087263988478,0.0007697311010531444,-0.00015696734315577692,0.0009002038246270215,0.003527172179178388,-0.0017923407673605051,0.000696999438789147
0.0028328315706416516,-0.0006271824593037624,0.0009336225828050336,-0.0011225369103408408,0.0005305362671552358,0.0016559070914099903,0.0029609419209399458,-0.00014883216080828796
-0.000248999073031082,-0.0005445670833327013,-0.0014696357875299986,-0.0005260994329063995,2.2286966926017467e-05,-0.0010159444882113582,-0.0012260178488983325,0.00018704687294492
-0.0001875980558769999,-0.0009254742414165199,1.6153743117485132e-05,-5.7099233474822676e-05,0.00030953356158864063,-0.00242863558997067,-0.0024692405355873216,0.0005338208684151769
-0.003543911584865785,5.591308191008641e-05,0.0009502090301520308,0.000445382529980111,0.0007199388137582437,-0.0015441924827344026,0.0012421113947139472,0.0008022926312492982
0.0005863237735162177,-0.0003994302911319786,-0.00020690401602184113,-0.00018747035920097186,0.0016126278877790776,0.00042660647533703254,0.000533655610267522,0.0008388493500344844
0.0012301390074423968,-0.0004825734011453806,0.0005326189553921556,0.0004903737409888389,0.0022510628278219614,0.0012713066617148464,-0.0007520967883110256,0.00031225302375731385
-0.004397219801306893,-0.0008742061500248158,-0.00045376971845098764,0.0005812673831373737,0.0006300555472717604,0.0013325988870093962,-0.0005852459233514324,-0.0012764430697210344
