Daily_Return,EMA_20,RSI_14,MACD,MACD_Signal,MACD_Histogram,Momentum_10,Rolling_Volatility_20
0.0028426803,0.0010497135,0.001879882,-0.0017914864,-0.0017538546,0.00090469857,0.00012429048,0.00029891997
0.0019446849,-0.0007677991,0.0051916926,-0.0004731173,-0.0009536609,0.0022302202,-0.0010534107,-0.00087792677
0.002053251,-0.0026309714,0.010571601,0.0012223419,-0.00047351304,0.0021376167,0.002474674,0.0005818894
0.0011409083,-0.0016020047,0.008881214,3.076894e-05,-0.0004883849,-0.0029264495,0.0010873436,0.00032073038
-0.003584033,0.0019058759,0.0018467442,0.00089275173,-0.003978904,-0.0015356998,0.0013769803,0.0013348114
0.0030989281,0.0011448051,0.00072569103,8.88708e-05,0.0011913675,0.0007982073,0.0010090462,-0.00020532933
0.002715674,0.0025699928,-0.0009797957,0.00037507585,0.0016601231,-0.0006745654,0.0007010787,-0.00060665846
-0.00028772207,0.0019013867,0.00069361646,-0.0016218411,0.00081070635,-0.003041939,0.00095031236,-0.0001088073
0.0008482158,0.0018977011,-0.0010840184,-0.0006841941,0.0018945409,-0.0006291352,0.00081975106,0.0014738619
0.00079818524,0.001999317,0.001169646,-0.0015950823,0.0011782954,-0.0020097569,0.00081228395,-0.00024259413
0.00032352743,0.002293186,0.0014912533,-0.00065838214,0.0021087255,-0.0014128084,0.0012606925,0.00051092095
-0.0007655069,0.0009451994,0.0012350115,-0.00025668475,0.0016238706,-0.0015136114,0.00015301471,-0.00017742574
0.0002582735,0.0013560503,-0.00010004923,-0.0004895995,0.0016718003,0.002914609,0.0006194408,0.00056972855
0.0012766353,-0.001014,-0.0013372076,-0.00044667383,0.0009281517,0.00037683352,-0.0011591578,0.00043045759
-0.00025031265,-0.00017818724,-0.001038869,9.099254e-05,0.0011008462,-0.0024067431,0.0002478076,0.00030667166
5.6689216e-05,-0.00010464098,-0.00040042016,-0.00075691065,0.0010447551,-0.0017529675,-0.00019357324,0.00030435692
0.00033866227,-0.00013297732,-0.00053972675,-0.0011174078,0.0012248576,-0.001748787,-0.00027603735,0.00076691457
-9.82245e-05,0.0008201311,-4.8205743e-06,-0.0012357517,0.0010894423,-0.0007761093,0.00045410567,0.00067431765
-0.00014650138,0.00047543013,-0.00015494246,-0.001255846,0.001349839,0.00047108726,-0.0005118915,0.00095683575
-0.0023123792,-4.6710657e-06,1.4786822e-05,-0.0012809196,-9.154892e-05,0.001300827,3.4385175e-05,0.00049280835
-0.0022612729,0.0021325178,0.0027522477,-0.0012916221,0.0007612568,0.001100557,0.0020331428,-0.00017025594
-3.0355593e-05,0.0019911306,0.0005044947,-0.00056754804,0.0022441624,-0.0017700584,0.0013831457,0.0017899607
0.0014506378,0.0019754788,-0.00049699453,-0.00015879692,0.0017693475,-8.4728e-05,0.0011117986,0.0010408013
0.00026283882,0.001616336,-0.00067346235,-0.0001814789,0.0015722296,-0.0015231102,0.0006770778,-0.00043183618
-0.00025676138,0.0020284557,-0.00017971601,-0.00063398853,0.0008230293,-0.001232815,0.0014108592,-0.0005819821
-0.0002003739,0.0016797112,-0.0008947814,-0.00022469093,0.0021678947,0.0006389807,0.0014597784,-8.9839494e-05
-0.00036697357,0.0018760177,-0.0009182698,-0.00049741793,0.0014048918,0.0006076714,0.0010891086,-0.0011111441
-0.00026824122,0.0017978761,-0.0014131557,-0.00043558242,0.0018656114,0.0006402511,0.0013005084,-0.0005698424
-0.0004633564,0.0017708936,0.00011360591,-0.0005565111,0.0014325627,0.0008237015,0.0010144807,-0.0005916306
0.0013270127,0.0019372656,0.0013234045,-0.00028140124,0.0013656063,-0.0014370532,0.0011504522,-0.00084152573
0.0009674914,0.0010014471,0.0018209813,-0.0004363736,0.0007630854,-0.00083146687,-0.0006393835,0.0007339797
0.0010463153,0.0023526903,0.0018055777,-0.0009586368,0.0010834145,-0.0014250596,0.0013782269,0.0007223436
9.857595e-05,0.0024043717,0.0011522465,-0.0011409506,0.0009913608,-0.0012247539,0.0011106975,9.869227e-05
8.068835e-05,0.001975442,0.0011081618,-0.00089521223,0.0013706731,-0.001976113,0.00020849545,0.00037983584
0.0012282997,0.0021169374,0.0010388739,-0.0010114753,0.0017116346,-0.0012128133,0.00028384477,0.0016788266
0.0035133131,0.0019627544,-1.339935e-06,-0.000631976,0.002075549,-0.0005607678,0.0009545248,0.0029070792
0.00014471634,0.002149287,0.00069077633,-0.0007273708,0.002014771,-0.0013853959,-1.8388753e-05,0.0007386869
-2.0031617e-05,0.0022424145,0.0009881116,-0.0007035358,0.0014159774,-0.0014811256,8.425923e-05,0.0008342547
0.0018023131,0.0035434389,0.00078850344,-0.0013212363,-0.0005155407,-0.001984288,0.0010916165,0.003275393
-0.0002452769,0.0024488838,0.0014580232,-0.00064365455,1.6395916e-05,-0.0016133599,0.0012831477,0.0007952266
0.00056416454,0.0016676681,0.0017581108,-0.00017036939,7.5923554e-06,-0.0011113724,0.00036240992,0.0031052958
0.00057589955,0.0015084466,0.0018130797,-0.00020368565,4.5647423e-05,-0.0012993099,2.1892698e-05,0.0029885038
-0.00031896096,0.0011326515,0.0074416804,0.00052085205,0.00022820408,-0.0023879898,-0.00074137177,0.00043880843
-0.001021785,-0.0042763306,0.0050085443,-0.0005684785,-0.002332713,-0.007606808,0.00016844984,0.00016240714
0.0011531613,-0.0041166483,0.008938422,-0.0015212882,-0.0019309188,-0.00015227216,-0.00078633433,-0.0021723525
-0.0007429349,-0.0045282505,0.010689771,-0.0031191783,0.00057824195,-0.00064107386,-4.0208513e-05,-0.0022927644
0.00333022,-0.0033586116,0.01137008,-0.0021964656,-0.00092737353,-0.00076687563,0.00032376157,0.0014446132
0.0057712006,-0.0015702432,0.0027465736,0.00069160445,0.00041794777,0.0011315558,0.0005097933,0.0014701498
0.001085808,-0.001528931,0.0017268073,-0.0035391916,0.0014278175,-0.0017818285,0.0006106318,0.001394919
-1.6569966e-05,-0.004424903,0.011861759,-0.00013355454,0.0014008924,0.0012134893,0.0024878061,-0.00011298213
0.0038368811,-0.0013101797,0.0021723234,-0.0013088689,-0.00044485222,-0.0017545186,8.3255756e-05,0.0018435802
0.0004114679,-0.0008399341,0.0019845965,0.0015277031,-0.0030018634,0.0012839008,-0.00015540651,0.0012819931
0.00087869546,-0.00085926533,0.0009307368,0.0012632387,-0.0044036005,0.00094351044,-0.00046400988,0.0041072397
0.0015515971,-0.000103129176,0.0002416958,0.0019616282,-0.0043146512,0.0026724583,0.0007227841,0.0015071364
-0.0008121691,-0.0018114012,0.0003251048,3.6097008e-05,0.0019890524,-0.0017526017,0.0014342815,-0.00039974588
-0.0006167863,-0.00079154567,0.001271536,-0.00057088933,-0.00084232696,0.00034191427,0.001293185,4.7419144e-06
-5.644624e-05,-0.00067883113,0.0043303077,0.0005937789,0.0013150827,0.0013738527,0.0005226618,0.0004206445
-0.0008328485,-0.0011192756,-0.00022431748,-0.0003015104,-0.0004219251,0.0011468879,0.00032668287,0.0003997914
-0.00041417932,-0.0010807576,-8.810933e-05,0.00092958164,-0.0005277783,0.0009978984,7.315022e-05,0.00023812783
0.0010703981,0.00030231563,0.0007463663,-0.00023618701,0.0029432073,0.003659908,0.00019841237,0.00060033944
-0.00021923312,-0.0016184144,0.0021556127,4.863894e-05,-0.00037989355,0.0018478247,0.0004329,-5.1650844e-05
-0.0006863651,-0.0010147701,0.0009368583,0.000100367535,-0.0004523832,0.0011243024,0.00021675465,0.00030582031
4.4572997e-05,-0.0003739619,0.00044965916,-0.0001919939,-0.00061680714,-0.00096569856,-0.00092199567,0.00069879886
0.00036176987,0.00011383837,0.0003232685,-0.00018436696,-0.00042218345,-0.0007416963,-0.00069892354,0.00035030837
-0.0002658529,-0.00017778722,0.0010465151,-0.00057019904,-0.0007288594,-0.00063110556,-0.0003122119,0.0004626055
0.0004469897,0.00015607708,0.0013955695,-0.00018454064,-0.00054458546,-0.0015339708,2.0531563e-05,0.00039567467
-0.0002846566,-6.32192e-05,0.0010352232,-0.00010466354,-0.0006573503,-0.00054767076,-9.5419426e-05,0.00023695413
0.00014011007,-0.00095883245,0.002240598,-0.00019994647,-0.0002989979,0.0025997816,0.00022650398,0.00016717626
0.000735333,0.00011206158,0.0013965092,-0.00022594134,-0.0007450278,-0.0010127951,0.0002846117,1.0881654e-05
-0.0016235845,-0.0009964877,0.00094299763,-8.126646e-05,-0.0013925398,0.0008402675,0.0006996217,0.0012582522
0.00017038187,-0.00086364656,5.587885e-05,-0.00038430802,-0.0020752558,-0.0013809067,-0.0008660985,0.0002023928
-0.0012412386,-0.0021913552,-0.00022985578,-0.00076045556,-0.00039641297,-0.00023398537,0.0005612384,-5.1008254e-05
-0.0037739608,-0.0015984084,-0.001788851,-0.0015264839,-0.0006131767,9.991134e-05,0.00017547801,-0.000538458
-0.0004899296,-0.0017903418,0.002219037,-0.000315234,-0.0012350279,0.0018102993,0.0006981717,0.0002804758
0.00020410618,-0.0004345297,0.0020032378,-0.00047559766,-0.0015002968,-0.0016691188,0.00024657007,0.0006299648
0.00096155173,-0.0017338238,0.0008351495,-0.0008731087,-0.00063642,0.00088714744,-0.001126848,0.0002763705
0.001220379,-0.000990865,0.0016668895,-0.0007918352,-0.00043194837,-0.0013172835,0.0001480311,0.0009290184
0.00082209596,-0.0011424976,0.00081446767,-0.0008414957,-0.0005635005,-0.0026691672,0.0006144808,0.0007258093
0.0021970468,-0.0014988625,6.6691166e-05,-0.0008636453,0.000116757124,0.0016178429,-6.720133e-05,0.0009795451
0.00034828103,-0.0015549789,1.46784e-05,-0.00065989414,6.4256674e-05,0.0012391065,5.979407e-05,0.0004722245
-0.00015420356,-0.0013922728,0.00030411163,-0.0005537436,-0.00085177564,0.0012285099,0.0003032309,0.00027487206
-0.000970619,-0.00092511106,0.00031581233,-0.00024313189,-0.000118068994,0.00042316047,-0.00016093634,0.00072350295
-0.0028127637,-0.0026010254,-0.00064564875,-0.0007058615,0.00074430543,0.0012624994,-4.6633828e-05,0.0009776307
2.9827726e-05,-0.0016885779,2.644995e-05,-0.0002594614,0.001306231,0.0008403495,3.332925e-05,0.0002887296
0.00018144447,-0.00090537535,-0.00072760636,-0.00042708623,0.001267295,-0.00015897614,0.002750599,0.0008436484
-0.0035297514,-0.0009661646,0.0016304521,-0.0026170942,0.0017668698,0.00093622453,-0.00093446963,0.0014335696
-0.0011383283,-0.0006741608,-0.0013253808,-0.0029385388,0.0008128054,-0.0006265456,-0.0009056237,0.0005504546
0.0007524083,-0.0009954338,-0.0010194534,0.001309897,0.00091751077,-0.0004094838,-0.0005456702,0.00027724606
0.0009820673,-0.0008736995,-0.00082499534,0.0009981628,0.0002755401,-0.00010047748,0.0001794349,0.00038714876
0.00048474316,-0.0010244716,0.0009966398,-0.0011697973,0.0002696151,0.0002774952,0.00076027407,-0.0002232433
0.0006145525,-0.001180222,-0.0006579636,0.0008132657,0.00024008189,-4.0271192e-05,0.0001871068,-5.9704358e-05
-0.0019210383,-0.000770367,0.0010489856,-0.0011936027,7.789214e-05,-0.00057065574,0.00093846914,0.0002224404
-0.00045596878,-0.0012493151,-0.0018327867,0.00048828946,-3.5185058e-05,-0.0004142511,-0.0008605388,0.00014359216
0.0016563276,-0.0022668443,-0.0021740827,0.00066436426,8.843084e-05,0.00035497174,-0.0009739375,0.00027690857
7.0451075e-05,-0.0011152143,-0.0009767835,0.0005737472,0.00013358386,-2.5677626e-05,-0.0012953004,0.0002780888
0.00023783014,-0.0010629464,-0.0004786488,0.00054993836,-2.5283296e-05,0.00043007405,0.0017790531,0.00032743235
-0.0004884857,-0.001065558,-0.0007107064,0.00041704287,0.00017386797,0.0003251413,0.00089861534,0.00022294806
0.00022283877,-0.00051890034,-0.0009027847,0.00036690733,-0.00036886078,-0.0016873184,0.00090243056,-0.00011576891
0.0006097229,0.0008837833,-0.0017107888,0.0007000139,-0.0003997278,-0.00080527726,0.000604131,6.187654e-05
-0.00013628852,0.001467886,-0.00048508658,0.0004907463,0.00028408322,0.0012379114,0.0015406931,-0.00044426133
0.0001803541,0.0010261862,-0.0013013432,0.0008513709,2.633467e-05,0.0027092735,0.0007339441,0.00016223424
-6.843997e-05,0.001011269,-0.0010847308,0.0010730416,0.0005576601,-4.8246005e-05,-0.00027864994,0.00029860987
-2.0465099e-05,0.000594927,-0.0011775754,0.001061562,0.0001050925,0.0006751378,-4.1227828e-05,0.00019446218
0.00035835544,0.0022182781,-0.001980869,0.0010997149,9.3783776e-05,0.0007856789,0.00058694876,0.00014964354
0.00041907976,0.002206109,-0.00081172166,-0.001065045,0.00010414689,-0.00029155755,0.0012454374,-5.2965624e-06
9.848803e-05,0.0010016032,-0.002375892,0.0005500737,-0.00012796935,0.0010318307,0.0004617565,0.0020940066
4.022251e-06,0.0007021573,-0.0025559964,0.0005345251,-3.2446722e-05,0.0009299149,-0.00029204736,0.0013411861
0.0005674165,0.00091058447,-0.0010689981,0.00041803217,0.0004355545,0.0005306588,0.0001842763,0.0020090127
-0.000481588,0.00069246534,-0.0013641833,0.00022920342,0.00032071688,0.0006407544,-0.000553043,0.0007572734
0.0015635341,0.0004106005,-0.0017396741,0.00043517328,0.0005252108,0.001177585,0.0017738314,0.0021861116
-0.0034861886,0.00012271013,-0.00066200085,0.00024959928,-0.00012645274,-0.0002687564,-0.0011434335,0.0013811609
-0.00385657,0.00127403,0.00078194006,-0.0014757589,0.00029425073,0.0030183059,1.1815282e-06,0.00048593522
-0.0024765234,0.00042282214,-0.0020982267,0.0005736959,-0.00012719721,0.0013566641,-0.0021312304,0.00086799916
-0.00027413803,-0.0004885617,-0.0014315769,0.000494611,-1.942329e-05,0.00030378468,-0.001241018,0.00075765623
-0.00022966045,-0.00045541543,-0.0012648297,0.00062438136,-0.0039271,-0.00029550554,-0.0018129327,-0.0002030864
-0.0017416877,0.00082287274,-0.0017722422,-0.0025304668,-0.0038004534,7.073684e-05,-0.0015329724,-0.0002356393
2.184173e-05,0.0018689726,-0.0012244036,-0.0030031027,-0.0041035856,-0.00027284556,-0.0011616431,-0.00035911953
-0.00035532026,0.0013363353,-0.0009437611,-0.0024467267,-0.0038593614,-0.0012176986,0.0008697318,-0.00056957686
-2.1634194e-05,-0.00072391896,-0.0006240475,0.00048482112,-0.0042192247,0.0001307934,-2.4173172e-05,-0.00012324909
-0.00019125968,0.00029269987,-0.0010074142,0.00045737354,-0.004020881,0.0010235624,0.0017967355,0.0005946848
0.00093529135,-0.00084780715,-0.00091471133,0.0008331316,-0.0039453586,-0.0036002402,-0.0023138279,0.0003761796
-0.0020396586,0.0007944535,0.00022189875,-0.001347377,-0.0037384597,-0.004229983,0.00046017725,0.0009980059
0.00085565384,0.0003236393,0.00016602791,0.00018693096,-0.0052715754,-0.000689092,-0.0010671116,-0.00019560644
-0.0015485486,0.0014834609,-0.0010361322,-0.0015166354,-0.0057698707,-0.0013450717,-0.0022570542,-3.9479793e-05
-0.0020439832,0.0011439936,-0.0013536201,-7.443936e-06,-0.0035800382,-0.0035083268,0.0008784235,0.0013895457
-7.9150246e-05,0.0014866476,-0.0010470288,0.0002169421,-0.0029172997,0.0019264019,0.0013525895,0.0001291124
-0.0007601784,0.00028963533,-0.0011339003,0.0004200889,-0.003717423,0.00044287278,0.0019437791,-0.00017371078
-0.00036325038,0.0018272285,-0.0010451115,-0.0026570016,-0.0037387966,0.0004338389,0.00019611522,0.00034407756
-0.0009097632,0.00041377931,-0.0019671323,-0.002192467,-0.0046935403,0.00056682056,-0.0020710102,-2.067652e-05
-0.0005394023,0.0016268005,-0.002011105,-0.0028456124,-0.004579311,-0.00093838567,-0.0011014505,-6.5732376e-05
-0.0012602955,0.00097418745,-0.0023894235,-0.0025538614,-0.0040479167,6.017289e-06,-0.0013816627,0.00035845817
-7.406702e-05,0.0023667496,-0.0018088288,-0.0032310747,-0.0031181134,-0.00020911357,0.0014482364,-0.00039624903
0.0012240389,7.683601e-05,-0.0027128384,-0.002462169,-0.0037363374,0.00019257804,0.0019974264,-0.00070393295
-0.0023348045,0.00056594063,-0.0028218443,-0.0026195084,-0.0033670142,-2.522242e-05,-0.0019454516,3.9386996e-06
-0.00011674744,0.0022641076,-0.0014004881,-0.0031397939,-0.0035009615,0.00030807368,0.0015397372,-0.0006540343
0.0023052776,0.0013778084,-0.00097587187,-0.0018514886,-0.0034931898,0.0032642835,0.0014631662,-0.0003627001
-0.0020925028,0.0011109352,2.1354292e-05,-0.003294846,-0.0046790694,-0.0009464609,-0.0019442197,-0.0006488785
8.806453e-05,-0.0002603451,6.295067e-05,0.0002257343,-0.0034145974,-0.0002541208,-8.674231e-05,0.00043558684
0.0019456102,0.0008433514,-0.0007391429,-0.0021105837,-0.0031788084,0.0012400127,-0.0011544006,0.0004340864
0.0008952631,-0.0006288618,-0.00079951494,-0.0013481193,-0.0024355154,0.0014108536,0.00017160647,0.00036976315
0.003916284,-0.0015294192,-0.0014457188,0.00018157995,-0.0015496117,-9.435168e-05,-0.0011437695,-3.7245012e-05
0.0011242282,-0.002040132,-0.00022532737,3.2567452e-05,-0.002172325,-0.0035707487,0.00034712956,0.00034544815
0.0022218318,-0.0019516309,-0.0003449899,0.00045056237,0.004397315,0.0013653804,0.0015131662,0.0012541579
7.179754e-05,-0.0020961757,-0.0016579529,-0.0014400572,-0.0018335066,0.0003010166,-0.002385089,-0.00025252288
-0.00097809,-0.0030619751,-0.0015757813,0.00022593632,-3.095197e-05,-0.006191341,-0.0032169046,-6.8905385e-05
-0.001480556,-0.0016280568,-0.00052171905,0.00018237247,-0.00044426936,-0.0022712676,-0.00020564102,0.0008582371
-0.0010575983,-0.0014447382,-0.0011381295,5.637703e-05,-0.000598435,-0.00036429308,0.0009695188,-0.00020582713
0.0008553112,-0.0013434526,-0.0014377636,-0.0028705443,-0.0006104442,-0.00048524016,0.0008748037,0.0003742531
0.00017216636,0.00077779347,0.0027935093,-0.00055761036,-0.0013815319,0.0018053589,-0.0010332154,0.0014480667
0.002738867,0.000412933,0.002037683,0.00047185013,-0.00031989202,0.001644367,-0.0016650241,-0.0008473874
-0.0017580104,0.00026598087,0.0019574354,4.828115e-05,0.00016704931,-0.00239275,0.0004952436,-0.00044690009
-0.0020027873,0.0007488989,0.00050189527,0.0002737092,-0.0005032082,-0.0021135285,0.00077190116,0.00076837686
-0.0006052108,0.00014731375,-0.0011513266,0.00039184646,0.00049538654,-0.0011959998,0.0017531844,-7.104556e-05
0.00030704026,-0.0010682152,-0.0016845585,-0.00015837043,0.0011494873,-0.0009033596,-0.00031195034,0.0003932594
-0.002212616,-0.0006903932,0.0004880154,-0.00037241838,0.0005671449,-0.002712906,-0.00061665254,0.0011529628
-0.0005182746,-0.00062003435,-0.00023586681,-0.00047566602,0.00026275526,0.0011344211,-0.0012517836,0.0002812282
0.00037832506,0.000658981,-0.00074973906,-0.0009992784,0.0014625769,0.0022085323,-0.00038553035,0.00040032508
-0.0004864372,-0.00022173848,-0.00084572705,-0.0013380423,0.00090283586,0.0005387937,-0.0003227351,0.00031492906
0.00022725115,0.00010253889,-0.0005762945,0.00077001,0.00029198133,-0.00012835013,7.3670286e-05,-8.0335e-05
0.00027726675,-1.0103593e-06,-0.0005741668,0.0008887105,0.00016735874,1.5046779e-05,-0.00074982684,-1.12258385e-05
0.0001702084,0.00015164985,-0.00039614883,0.00078959006,0.00030128946,-0.0001702152,-0.00011059391,-5.5307926e-05
-3.6558074e-05,-0.0015221378,-0.00016626142,0.0007824726,0.0002648486,0.00013452308,0.0005000807,-0.00038552683
0.0004351025,-0.0009067902,-0.00074748625,0.00048402834,-6.22086e-05,0.00039265346,0.00020201365,0.00040925533
0.00023429314,-0.0003674018,-0.00054711296,0.0006062712,8.025525e-06,0.00030374367,0.0004944325,0.00031552627
0.00024815844,-0.0003941255,-0.00045701518,0.00056341017,0.00017001442,0.00031558645,0.00027230594,0.0006061764
0.00032977058,-0.00058559445,-0.000457643,0.0005786695,5.973558e-05,0.00052836246,2.6324618e-05,0.00017573047
-0.00089847046,-0.00030168923,-0.0008197396,0.000777227,0.00015131371,-0.00019990826,0.00022861014,0.0006553088
0.0005223824,-0.0011168047,-0.0004214428,0.0005875679,8.969405e-05,0.0004650536,-0.0006699706,0.0005990168
-0.0008205361,0.001089764,-0.0011053924,0.00038437228,-0.00065818237,-0.0009856542,0.00047449337,0.00080911675
0.0003525092,0.00011769825,-1.3409176e-05,0.0005664955,-0.00078611344,-0.0017282291,0.00060544134,0.00056968955
0.0023437606,-0.00076233945,-0.0013513607,0.00061374233,-0.000899698,-0.0008258587,0.00057404506,0.0027255411
0.00018468626,-0.00015830062,8.576107e-06,-0.002351727,-0.0007780089,-0.0020867302,0.0006591271,0.0010229843
-0.0012594208,-0.0008394442,0.00012954872,-0.0011748737,-0.0013645558,-0.000989686,0.00040016306,0.00026993072
0.00040580577,0.0008516159,0.0016661466,-0.00014182273,-0.00088662637,-0.0021070098,0.00028595846,0.0007275039
0.0035217598,-0.0012376716,-0.0014138954,-0.00010263338,-0.00080110505,-0.00083386566,0.00081257254,0.0023384034
-0.0012987258,-0.0009889946,-0.0010726373,-0.00010410912,-0.0010236761,-0.0016601422,0.0009928264,-0.00010015452
-0.0002555835,-0.0007007612,-0.002030807,-0.00014535942,-0.0015645765,-0.0013009976,-0.0004570569,0.0008064348
0.00092095276,0.00088476995,0.0028378416,-0.001190135,-0.0005647034,-0.001864115,-0.00045801877,0.00058075023
0.0009124181,0.00049615954,0.0011069269,-2.5918816e-05,-0.0010236208,-0.0021016041,-0.0010765505,0.0016864369
-0.0005860309,-0.0009850098,-0.0013992449,-0.0007663476,0.0013525252,-0.0027736635,-0.0011292816,0.003041617
-0.009165201,0.00025660044,0.0008700254,-0.00033135698,0.0017203948,0.000987961,0.000349637,0.0021779211
-0.0005280498,-0.00026039197,-0.00044996652,-0.0008226378,0.0012191543,0.0009589504,0.00087038794,0.0005913507
-0.0004420608,-0.00040707842,-0.0004257149,-0.0008260226,0.0006150095,0.0011210182,-0.00016763706,0.00038458698
-0.00042296355,-0.00047505333,-0.0002927588,-0.0012492078,-0.00012988174,0.0008543435,0.00011610453,0.0008182546
-0.00039799302,-0.00047008222,-0.00016417942,-0.0008923422,0.00038082385,0.0013871635,-5.000161e-05,0.0009446699
-0.00037974198,-0.00051612814,-0.0002728487,-0.00037037773,4.9865e-05,0.0008565536,-4.848334e-05,0.00055281416
-0.00033063377,-0.00059569295,-0.00033746022,0.00087340537,-2.5696943e-05,0.0007519302,0.00024522532,0.00019510018
-0.00074272376,0.0004919143,-0.0008843989,0.0012297328,0.00017343837,0.0010074072,-0.0005636086,0.00013804926
0.0050951685,-0.0005769906,-0.00073069,0.0006535943,8.262778e-05,0.0012682806,0.0017867754,-0.000118677555
-0.00041146297,-0.00068652775,-0.0002376359,0.00077037566,0.00022635059,0.0009767305,0.0001971737,-5.882637e-05
0.00049081305,0.0010733043,-0.0007798379,0.000803267,0.00021033194,-0.0008949058,0.0006472711,-0.00019995669
-0.0009184977,8.605885e-05,-0.00078906084,-0.003378097,-0.0005754772,0.00091386284,-0.00051987596,0.00041636598
0.00069497817,0.0011139653,0.0008413737,-0.0021314488,-0.00023679095,-0.0009838339,0.00051418337,0.0006151758
-0.0028186291,-0.00058009726,-0.0012912005,-0.0020133264,-0.0008816551,-0.0031087957,0.00031160942,0.0013292872
-0.0001171061,0.00018542906,-0.0007620462,-0.0028527342,-0.00084014796,0.0020695985,-0.0005881234,7.118026e-05
0.0001559304,-0.00036857888,-0.00032579948,9.988373e-05,0.00065187085,0.000116795905,0.00026395216,0.00035046024
-0.000112577676,-0.00071883085,-0.00050815137,-1.13913065e-05,0.000111940404,0.00088061654,-0.0009931257,0.0006352367
-0.00025083002,0.00024566698,-0.0010519435,0.0005295091,-0.00027576784,0.003061228,-2.7623635e-05,3.6207177e-05
0.0007766141,-0.0009974284,-0.0015399437,0.0009492419,0.00013253043,0.0011160161,0.0015862513,-8.9019326e-05
-0.0003257707,-0.00055302505,-0.00033057606,0.00087722886,4.558468e-05,0.0008470674,3.1249292e-05,6.3597145e-05
-0.00050345587,-0.00068722095,-0.0007252283,0.0008689665,0.0005594019,0.0008109043,0.00030635935,-0.0006851594
0.0012003103,-0.0010756378,-0.0014541178,0.0006515466,6.519488e-05,0.0007468863,0.0016560587,-0.00045739036
-0.00036080208,-0.00022898006,-0.00081610604,0.0006898842,6.113356e-05,0.00018076043,0.0007952538,-0.0006425717
0.0006033022,-0.0003404358,-0.00059497135,0.00058040733,0.0001601788,0.00038526,0.0005339497,-0.0005957072
-0.00057638326,-0.001169995,-0.0003579452,0.00034084514,-0.00013288963,0.0012346891,-0.0010118694,-0.00030588065
-0.00028054527,-0.0007703187,-0.00065182784,0.00036743295,0.00028766604,-0.00026620165,-0.0002556277,0.00045456426
-0.00012693927,-0.00036686735,-0.0004503471,0.0008255484,-0.00024917207,0.0005047669,0.00039750402,5.3401498e-05
-0.00081898127,-0.00063757383,-0.00042457914,0.00069579424,-0.00028441416,0.0007559225,-0.0010322856,-0.00021938163
-0.0015780074,-0.000984643,-0.0001618587,0.00077741843,-0.00042692776,0.0010399483,-0.0009631982,-9.493935e-05
-0.0009815769,-0.00058399886,-0.0020101655,0.00090411486,-0.00048619648,-0.001458195,0.0007330635,-0.0001121605
-0.00091457163,0.0008620354,0.000797063,-0.0026932152,-0.0006597585,-0.0009107845,0.000790717,0.0003031345
0.0017700612,0.0013942154,0.0028037855,-0.0016190517,-0.00057010906,-0.0021160054,0.00032236206,0.0001328028
0.0019867453,0.00091462885,0.0031630162,-0.00088204327,-0.0008421704,0.00029457608,0.0005835412,0.00039817955
0.003252672,-0.00029862256,0.0019327195,-0.0003962405,-0.0013951155,0.0018920538,0.0009655659,0.0034135468
0.0007776028,0.00095551147,0.0020377084,-8.676294e-05,-0.00034587627,0.00011505022,5.163913e-05,0.00033754355
-0.00067185506,0.0016909213,-0.0015359268,-0.0006069093,0.0021303748,-0.0036797153,0.001517122,0.0027162866
0.0003919777,0.00028686528,-0.0009625673,-0.00014637464,0.0010144338,-0.0014922188,0.0014223754,0.00020502329
-0.000102261125,0.0019777915,0.0011983851,-0.00044953733,0.0013635615,-0.00092237873,0.0007797401,4.3834943e-06
-0.0005676777,0.0020906138,0.0011241001,-0.00068312616,0.00084605603,-0.0009919952,0.0010205965,0.00058483874
0.0008893154,0.00093869946,0.00012948882,-0.0005848102,0.0010872341,-0.0006017205,0.0012419833,0.0019495822
-2.7698105e-05,-0.0005122443,-0.0003601559,-0.0012530738,0.0012124901,-0.0038224864,-0.0012273536,0.0033081789
-0.0029426224,-0.0010631555,0.00012474286,-0.00079137716,0.00059553597,-0.0015358857,-0.0019807338,0.0016803181
0.0019372903,0.001075582,-0.0005451254,-0.0008283038,0.0014717892,0.003056757,0.0004395297,0.0020871214
-0.0013103563,-0.00019233188,-0.0004484795,-0.00027469016,0.0004931738,-0.00023699744,8.4695195e-05,0.00046262835
-0.00030189875,-0.0004047662,0.00041070906,-0.00025575436,0.00093424245,0.0009893435,-0.00013940012,0.0018947212
-0.00042508624,-0.00092847267,-0.00027888158,-0.00029276594,0.00085195765,0.0012942662,-0.0012488968,0.00097365637
-0.00044303044,-0.0007474489,0.00054176716,-0.0003324328,0.00084315724,0.00094608415,-0.00079503516,0.0024761031
0.0031484019,-0.00045525597,-0.00034490053,-0.00073598686,0.0012877673,0.0005141835,0.00018252994,0.0019022772
0.0003488323,0.00039084558,-0.0008498927,-0.0008838263,0.0009656002,-0.0009845729,0.00014917822,0.0018959243
-0.00037691454,0.00017311945,-0.00085272704,0.00091576076,9.610553e-05,-0.0005012177,0.00057872705,-1.47064075e-05
0.00054833794,0.0001064999,-0.0015183397,0.0011030424,7.431464e-05,-0.00035364748,0.00077923044,0.0011090555
-0.00013148609,0.0005843735,-0.0011330188,0.0004497065,0.00079635414,-3.096621e-05,0.000860889,0.0012907779
0.002025716,-0.00034608264,-0.0017015581,0.00040697533,-4.300834e-05,-0.000394342,0.0016964464,0.0014685827
-7.4248164e-05,0.0004307635,-0.0009880821,0.00037260196,-0.00012291373,-0.0005145468,0.0016722716,0.00066982955
-0.0008290926,0.0003427593,-0.0009686454,0.000374733,-0.00018068965,-0.00021096392,0.0016315049,-0.00010687815
-0.000569949,0.00025534438,-0.0031250394,0.00067333906,0.00014929437,0.0005477805,0.0006980279,0.0011570521
-0.0013128801,0.00039991757,-0.0007283053,0.00024759007,0.000302708,-0.0005501675,0.000996007,0.0017247781
4.5686626e-05,-0.00024304098,-0.0020928148,0.0005158028,0.00023060478,-3.9414637e-05,0.0011609092,0.0013779255
-0.00039253462,-0.0003892143,-0.0021983224,0.00048960396,0.00047247962,0.0006182538,2.3171517e-05,0.0010035387
0.00022692273,-0.00061787735,-0.0026140143,0.00040420122,-0.00011825164,-0.0005345621,0.0013255408,0.0018490278
-0.00038582354,-0.000631896,-0.002581018,0.00049160747,-8.028256e-05,-0.00022165586,0.0011986935,0.0006191915
0.0023034255,-0.0014572028,-0.0026289362,0.00057918864,0.00011167409,-0.0002721729,0.0009550159,0.0018432197
0.00033370976,-0.0004103849,-0.001953394,-0.00082182785,6.6048044e-05,-0.0005878237,0.0016508474,0.0018284296
4.3081356e-05,-0.0010680641,-0.0010177993,0.00061573926,-0.0013717914,0.0006301518,0.00037872847,-6.347545e-05
0.0020004832,-0.0006110169,0.00075267034,-0.0013806954,-0.00024011228,0.0009099545,0.0004504104,0.0030089477
0.00040924654,0.000883302,-0.001151464,7.316605e-05,-0.00058341475,0.0020159362,0.000914751,0.0012853163
0.0004982681,-0.0006247831,-0.0014559511,-0.0009394789,1.075371e-05,-0.00018656203,0.00245227,0.00082299515
0.001328705,-0.0012598711,-0.0018283377,7.75615e-05,0.00011800464,9.385586e-05,0.0015840455,-0.00047800757
0.00035893286,-0.00033518166,-0.0012641785,4.2417436e-05,0.0009964514,-0.00021988958,0.0014987806,-0.0008088813
0.0017373919,-0.0003137586,-0.0005094601,-0.00034139765,-0.0003601607,0.0007922697,0.00084867654,0.0010732375
0.0021794788,-0.00070988614,-0.0001388321,0.0004951428,-5.5826342e-05,-0.00090646197,-0.00041623058,3.1851196e-05
0.00076449657,-0.0008842716,-0.0003037128,0.0017431591,8.240045e-05,-0.00064312,9.4856274e-05,-0.0013477394
0.0014193427,-0.00044026054,0.0018102061,0.0018762083,-0.00010131685,-0.003488367,0.0009047169,0.00072323217
0.0015694665,-0.00013786233,0.00029029435,-0.0018940712,-6.8974536e-05,0.00065116136,0.0007785335,-0.00016264312
-0.003910191,0.00035930693,-0.0008419762,-0.0027409822,-0.0005657434,-0.0021914423,-0.0002938658,0.0019469352
-0.0014344152,-0.00022398822,0.00015282434,-0.0015751147,-0.00017601275,-0.001570039,0.00024523714,0.001417944
-0.0023596033,-5.2291205e-05,-0.000454145,4.3868033e-05,-0.00041327602,-0.0026709253,0.00023401093,0.002088845
-0.0007796428,6.922991e-05,-0.00088293396,0.0011384013,-0.0002620912,0.00059756247,4.3642503e-05,-2.114987e-05
-6.555902e-05,0.00025193536,-0.00025891507,0.00097101583,0.00039861887,-9.403418e-05,-0.0006222948,3.1049385e-05
-0.0001406127,0.00015535101,-4.9076898e-05,0.00085643545,0.0004307945,0.0001318172,-0.00051354186,-0.00037054796
-0.00013357702,-0.00019110553,-0.00016683782,0.00081972394,6.0772436e-07,0.0007969114,4.6378946e-06,0.00019990232
0.0018704904,-0.0014110487,0.000113568065,0.000498221,-0.0001221004,0.0010096976,0.0018331417,-0.00065010256
0.0010126814,-0.00026301618,-0.0013739506,0.00096638047,0.00043148856,0.00026024698,0.00062382,-0.0005550305
-0.00064641354,-0.00030904418,-0.00021028503,0.00091689744,0.00043061606,0.00059383264,0.00092825654,-0.0009901166
-0.00039901593,-0.0005569483,-0.00042082192,0.00088928017,-0.00010693478,0.0010773547,0.00055894966,-0.0006629255
3.3625824e-05,-0.00043587649,-0.0007539625,0.0008692082,0.00030805156,0.00075271394,0.0017266648,-0.00059756666
0.00030276712,-0.00054423866,-0.001113562,0.0006445075,0.00041425315,0.0008749166,0.00018283742,-0.00020222228
-0.0008079268,-0.00041394492,0.0010338328,-0.0011184264,5.5796183e-05,0.0010205527,0.00018452539,-0.00044315206
-0.0008778479,-0.00040859345,-0.0012245466,0.0004875211,0.00021528147,-0.0004156167,0.0015773161,-0.0007241543
-0.0017422091,-0.00019159784,-2.8896495e-05,0.0007337152,0.00015988565,0.00070066075,0.00070319034,0.0013723073
-0.00036309886,-0.00042243514,2.6712092e-05,0.0002836767,-5.3475167e-05,0.0015861908,0.00016171159,-0.0005479517
0.0011522631,0.0016995015,-0.0001710279,0.0010072124,-0.0002821674,0.0036049432,0.0010936754,0.0006222892
-0.0046111713,0.00049699075,-0.0010958211,-0.0006258534,5.2522006e-05,0.000261501,-0.0006149166,0.0006829139
2.0178835e-05,0.0014459529,-0.0014878724,0.0005829478,0.00015247385,0.000523822,-0.0016715465,0.00042254638
0.00066419184,0.0015367859,0.00017020806,0.00018438874,0.000156437,0.00055331824,-2.9000876e-06,0.0003553876
0.00066033966,-0.0006668991,-0.0016019292,0.00041306848,6.0891136e-05,0.0006045381,0.0002459594,0.00047759627
0.0009976849,-0.0004534592,0.00093096314,3.4752935e-05,0.0005100567,-0.0004941253,0.0002826591,0.00061025756
-0.0025195125,5.099761e-05,-0.0016944112,0.000119842625,-0.00035631328,0.0009155221,-0.0028474776,0.0012826178
0.00089379953,-0.000643547,0.00050463545,-0.00016369639,0.000472692,-0.0006497312,0.00084792735,0.0005340242
-0.0005001546,-0.0013218666,-0.00045637807,0.00033487874,0.0004473379,0.00041844748,0.0002737277,0.00020153035
5.490758e-05,-8.257447e-05,-0.00097467937,0.00056737184,0.00024376783,0.0016813868,-0.0008669053,0.0006718716
8.5972475e-05,-0.00093700626,-0.00041931492,0.0004354132,0.00029196515,0.001226756,0.0008712876,0.0005717839
0.00082068914,-0.0005619525,-0.0009919527,0.00055461784,0.0003279671,0.0008535394,-9.250369e-05,0.0006732167
-0.0019416382,-0.0009732961,-7.988019e-05,0.00033410886,0.00019968065,-0.0008932295,0.00023608061,0.00044015597
0.00053913164,-0.0008800103,-0.00063223264,0.0005752501,0.0003889228,-0.000750665,-0.00049810205,0.0006524251
-0.003270965,-0.0014211219,-0.0021130666,0.0006609021,1.3799434e-05,-0.0041440893,-0.00051492726,-0.0007641242
0.00024227606,-0.0018504955,-0.002680276,0.001656877,0.0002802036,0.0005622463,0.00011001222,-0.00036712943
0.0007575343,-0.0017551612,-0.0014190405,0.001647792,0.00023507005,0.0008377149,-0.0001906053,-0.00010411292
0.00044398723,-0.0018735705,-0.0009255864,0.0014721652,0.00027509875,0.00066940143,0.00033085904,-0.00067849905
0.0016833482,-0.0026739703,-0.0013795613,0.0012376044,0.0003071877,-0.0034448705,-0.0006957564,-0.001200126
0.0013398912,0.00031147926,-0.0024035492,0.0007347638,6.592554e-05,0.0020368344,0.002315162,0.00029705852
-0.00017877476,-0.0012063518,0.0010617163,0.0003588657,0.0004920752,0.00070155144,0.0009151047,0.00062020635
-0.00018084481,-0.0013273734,-0.0010152012,0.0011069739,0.0007243858,0.00080237805,6.267976e-05,0.00050952134
-0.0036950589,-0.00259559,-0.0014324345,0.00050758955,-9.175614e-06,-0.0008650376,-0.0010634471,0.00045527768
0.0009862593,-0.0016552554,0.00045726978,0.00048484074,0.0003162161,-0.0009774986,4.938708e-05,0.00065877644
-0.0020132659,-0.0010032257,-0.00024229416,0.00037897102,-8.767558e-06,-0.002866757,-6.480655e-05,0.0015445999
0.0009356814,-0.0019535962,-0.00037001053,0.0006028239,0.00019523781,-0.0005721901,-0.00046223326,0.00023025287
-0.0022826956,-0.002516455,-0.00024405858,0.00037657085,-2.434325e-05,-0.0002848027,0.0004448064,0.00043160323
-0.002179508,-0.0013116857,0.0004774982,0.00028036628,-8.5865315e-05,-0.0027083158,2.7805989e-05,0.001601139
0.00044766336,-0.0019121593,0.00046498055,0.00065298,-7.371642e-05,-0.00045639608,0.00017239006,0.00075572036
0.0018926233,-0.0017624048,-0.00066562137,0.00067753636,-0.00023949123,-0.00095871766,-4.5738125e-05,0.0008668453
0.00020302682,-0.0022040415,-4.5133573e-05,0.0003496707,-4.2435397e-05,-0.0005057047,0.00014380873,0.00038900078
0.000987202,-0.002036421,4.092464e-05,0.0005309024,-8.8670495e-05,-0.0004431278,2.0114181e-05,0.00077936094
0.0009768468,-0.0019216931,0.00043847325,0.00056481705,-0.00046844926,-0.0005019439,-0.00060971134,0.00031505252
0.0028657601,-0.0020959086,-0.00069816224,0.00078482,-3.35762e-05,-0.00087229453,-0.00045535457,-0.0006166217
0.00074543746,-0.0017981294,0.00036965366,0.00064561353,-9.551863e-06,-0.00091633183,0.00048158923,-0.0001670701
0.0008546601,-0.0015654408,-0.0005926887,0.00065969216,-6.568685e-05,-0.0020536885,4.809696e-05,-0.0004344662
0.00028171393,-0.001713439,-0.001333851,0.0006243533,-6.36148e-06,-0.0001668322,0.0005289098,-0.0005402478
5.622759e-05,-0.0020387408,-0.0006937312,0.0006815144,2.9195646e-05,-0.0003192342,0.00018082326,-0.0009303443
-0.00048541595,-0.0013538616,-0.0005620971,0.00058892794,-0.00014214616,0.00051029306,0.00024601672,-0.00041837236
5.6763798e-05,-0.001388633,-0.00062926696,0.0005605239,-1.3584302e-05,0.00080008135,-0.0006353392,-0.000370648
-3.684009e-05,-0.0012981968,-0.0012415948,0.00086573523,-6.3578715e-05,0.00089663273,0.00073877955,-0.00047873892
0.00041572246,-0.001506246,-0.0011958499,0.00072180404,2.6917254e-05,0.00095412286,0.0017326485,-0.00025788785
0.00023006956,-0.0005886908,-0.0014503557,0.0010653615,0.00032140902,0.0001430338,0.000879479,0.0019690949
-0.0004137123,-0.0017411452,-0.00064636243,0.00046835194,0.00046392146,0.0009803174,-0.00057132216,0.0009456119
0.0012847654,-0.00013744755,-0.0012319443,0.0007759912,-0.00011763918,0.004030124,0.0014988089,-2.1073109e-05
-0.00018539316,-0.0017584279,-0.0011123718,0.0010385844,3.9980183e-05,0.0011375804,0.0017389583,-0.0002935523
5.0921285e-06,-0.0016841504,0.00089682656,-0.0010856194,0.00022011537,0.0007420131,0.00016815704,0.0010468686
-4.2674656e-05,-0.0015370679,-0.0003824256,0.00021485989,8.6486616e-05,0.0007232768,0.0007262984,0.001035278
0.000876733,-0.00041831183,-0.0015181716,0.00029928843,-7.4416403e-06,0.0020423692,0.0009864003,0.0019360418
-0.0036017436,-0.0021795623,-0.00076962233,0.00068462256,0.0004432729,0.0009731106,0.00036845493,0.001209097
-0.00017180324,-0.0013882059,0.00013100341,0.00012952524,0.0005315142,2.2695629e-05,0.00015962876,0.000633247
0.0004836764,-0.0014391879,-0.00027753005,0.00030040418,6.072769e-06,0.00024355575,0.0002372148,0.0012795454
0.0010278082,-0.0025517514,-0.00064673746,0.0002739766,0.00020131198,-0.0012223653,3.804927e-05,0.0004930164
0.0007932907,-0.002936192,7.907904e-05,0.00031006127,0.00018370684,-0.0018855614,-0.00031552865,-0.00080706005
0.0017299256,-0.0018775074,0.0025960198,-0.00091728487,-0.00081501313,0.00039654772,-0.00013929541,0.0012935209
-0.0007213909,-0.0019909071,0.00018400371,-0.002547332,-0.0005536948,-0.0021524446,0.0008661438,0.00038960588
0.0034763801,-0.0027918457,-0.001133098,-0.0013263171,-0.00043545532,0.0006805984,-9.580326e-06,-0.0006879161
-0.0015384902,-0.0024828499,-0.00018819168,-0.0003081357,-0.00011471873,0.0018971361,0.0016544026,0.0013300697
-0.00030359984,-0.0023559458,0.0008124299,1.9446645e-05,0.00032154444,-0.00059196877,-0.0014795574,0.00010234251
-0.0014962867,-0.0015210122,-0.001995899,-0.00066936866,-0.00033026695,-0.0054689553,-0.00011597559,0.00019588221
0.0009982765,-0.002004908,-5.4204345e-05,-0.00047204798,-0.00021943996,-0.0004139559,0.0004832626,0.0008904005
0.0008791447,-0.0022811017,0.00025021346,-0.0013452499,0.00018504323,8.71868e-05,-0.00027376515,0.0008694954
-0.001961974,-0.0015813598,-0.0010634119,-0.00039182694,-0.00028932447,-0.0026606848,0.0005791633,0.0017444072
0.0011847472,-0.001251558,-0.0012333516,-5.7328914e-05,0.00047391758,0.0011257781,0.0007544587,0.00067692593
-0.00028315108,-0.0015918302,-0.00033713703,-0.0008066567,-0.00032694233,0.00094183296,0.00048006375,0.00021272809
-0.00090985023,-0.0012513686,-0.0005733289,-0.00034559242,0.00036157868,3.9262148e-05,0.00041790758,0.00041383173
0.00046465825,-0.0013498138,-0.00043612867,0.0008227645,-8.3047e-05,-0.0006279424,0.00091473304,0.00014764757
0.00041475534,0.0006195653,-0.00018054133,0.0007811937,0.0001941033,-0.00060728285,0.00079252943,-0.00023608725
0.00060521526,2.9846706e-05,-0.00039003193,0.0005840856,0.0001544405,-0.0001679807,0.00096297165,-0.00025950398
0.0006801506,0.00061435765,-0.00061154936,0.0005902336,0.00042541773,-0.000119277145,0.000378864,-9.871819e-05
0.0003779083,0.00021389543,2.5682393e-05,0.0005101818,0.00016327914,0.00052531855,-9.927005e-05,0.00015694574
-0.00022030993,-0.0009493813,8.245863e-05,0.000436762,-9.3574505e-05,0.00056288164,-0.0006873294,0.00017039712
0.00010167825,0.00016003379,0.00014367985,0.0012270431,-7.036708e-05,0.0009654289,0.00039901174,-0.00037830265
0.00090912695,0.0006097151,-0.00081195193,0.0006867413,-0.0004354685,0.0011192764,0.00019020542,-0.00016783841
-0.00039620206,7.564122e-05,-0.0006005733,0.0007457099,-0.00084875413,-0.00017840925,-0.00022171963,-0.00011220745
0.0012256221,0.00048491062,-0.0015218923,0.00084004406,-0.00043613382,-0.0014553462,0.00052803615,9.297196e-06
0.0016879021,0.00048088795,-0.0010766133,-0.00225868,-0.00083897455,-0.0013568978,0.00082712166,0.0004017147
0.0010637594,0.00035030773,-0.0008654712,-0.0015690045,-0.0008625938,-0.0011596392,0.0009285191,0.0009547409
0.0019769508,0.0003171757,0.0002685318,-0.0019038087,-0.0005682064,-0.0012209795,0.0009885308,0.0001495524
0.0028733825,0.0005193949,0.0006196031,0.00013762085,-0.0004365703,-0.00011244966,0.00023415018,9.725912e-05
-0.00041063078,-0.00037882998,-0.00037289358,0.00027381568,-0.00092602335,-0.000797437,0.00024925423,-0.0016834507
-0.00015777118,0.00042183753,-0.0003627733,-0.00042434153,-0.0007132,-0.0014463222,0.00059540226,0.00038893384
-0.0024296693,0.0001961936,0.0018258076,-0.00047929585,-0.00048571354,-0.0023572836,-0.00012638437,0.0011201362
-0.002349415,-0.0021730384,0.002359973,-0.00020560085,0.00018143443,-0.0023296864,-0.00042907105,-0.0010401858
0.004022795,-0.0019498969,0.0015576767,-0.00019249537,0.00035872537,-0.0019539746,-0.00066485786,0.003010033
0.0025894954,-0.0018657804,0.0009862578,0.00048103332,0.0016493791,0.00034193043,-0.00031910214,0.0034909756
0.003743072,-0.0024223896,-0.0005798918,-0.00016651175,0.00056020316,-0.0008720869,0.0009930244,0.0023864103
0.0011685218,1.773402e-05,-5.19055e-05,-0.00036116672,0.0012519474,0.0016897328,0.00012729444,0.0034668942
-0.0011393736,-0.0011666913,0.0003392907,-0.00036837102,0.00026514396,-0.0007684362,0.00040161723,0.0013368479
0.0011108415,0.0019882862,-0.00093449425,0.00057248835,0.0017225748,0.0020712256,0.0011408092,0.0015681485
-0.0012911571,0.0005168398,-0.0003754727,-0.0006638492,-6.627035e-05,0.000693236,-0.00045978907,0.000615914
-8.098192e-06,0.0005345796,-0.00042380713,-0.0010554162,0.0010371066,0.0006421594,-0.00053692935,0.0014979963
-0.003624562,0.00013094755,-0.00051800016,-0.0009826345,0.000809005,0.0014304506,0.00019214909,0.0014020758
-0.001309231,0.00037325805,-0.00035676575,-0.00079171563,8.1260754e-05,0.0017095787,0.00010993527,0.00093897217
-3.818983e-05,4.0214916e-05,0.00040208068,-0.00082909415,-0.00038706962,0.0011286469,4.16196e-05,0.0019765503
-0.00076686835,0.001036027,-0.0010194049,-0.001045529,-0.0008055704,-0.00072402175,0.00015857346,0.0011131009
0.00076001376,0.0012885727,0.0004784173,-0.0009963464,-0.00046553308,0.0026868326,0.0005479117,0.0029616395
0.0006368742,0.0013324051,-0.0008473756,-0.0012270795,5.393092e-05,0.0025359779,0.00029928263,0.0026270968
-0.0026195461,0.0017785191,-0.00018016872,-0.0014293898,0.0001988931,0.0013222122,0.0025545335,0.0005818919
-0.00038538655,0.0004450143,-4.5132554e-05,-0.0014711462,3.2121927e-05,0.0015179301,-0.00054394075,-2.130102e-05
-0.00075254904,0.0008632219,-0.00059972174,0.0010784967,0.00024864104,0.0009482278,0.0036432017,0.0008067784
-5.403649e-05,0.0007747404,-0.0007326037,0.0004041907,0.00073697057,-0.0004976102,0.0018057375,-0.00014990209
-0.0017566509,-0.00054706464,-0.0004431706,0.00047950013,3.155117e-05,-0.0028455,-8.091447e-05,-2.9284807e-05
-0.0013412145,0.0010045951,-0.00085022347,0.00082369527,-0.000104776016,0.0007024545,8.019499e-05,0.0004521812
-0.0009766973,0.00073926075,-0.0003556743,0.00036154522,0.00023269007,0.00057318603,0.0001250873,0.0001717185
0.0007805385,0.00026455894,-0.00061123614,0.0006453598,0.00033006613,0.0007860033,-0.0009243705,-9.535837e-05
0.0014483435,-0.0004172569,-0.0019129653,0.0010835635,8.02977e-05,0.0011752945,9.910011e-05,7.769153e-05
0.0004958839,-0.0004981366,-0.0008593577,0.0010220048,7.674242e-05,-0.0017345088,0.0003614577,2.8493494e-05
0.00024888891,8.967627e-05,-0.00084631797,0.0010522476,6.844682e-05,-0.00022310112,-0.00019909482,8.543737e-05
0.00040872724,-0.000679727,-0.0007295427,0.0010245886,0.00023539356,6.966256e-05,-0.00071224757,0.00018858345
-0.0007540075,0.002032724,0.00035383075,0.00034664868,0.00023455775,0.0013371191,0.0021310402,-3.6213158e-05
0.00026215796,0.0010035704,-0.0001098098,0.00047113435,-9.0926296e-05,0.00081102975,0.00025792944,0.0003795881
0.0011392811,0.00035736783,-0.001025791,0.000655723,0.00015171763,-0.0010081625,-0.00069502555,0.00020069748
0.000681795,-0.00014004827,0.00018368976,0.00052416994,-0.0007165245,-0.00040961872,0.00016496617,0.0004477461
0.0014067078,0.001580545,-0.00013942263,0.0015969392,-0.00044745483,-0.0022882991,0.0015219526,0.00020201891
0.0021275799,-0.00031897865,0.0007648622,-0.0014602977,-0.000998279,0.0003397883,-0.00039328972,0.0005630099
0.0028288083,-0.00029136083,0.0005427614,0.00072659506,-0.0010378622,0.0006362134,-0.0015623975,0.00046364532
0.002382477,-0.00040904898,0.0012849311,0.0009989969,-0.00057864835,0.0008008236,-0.0016697698,0.00046620905
-0.0007324652,0.0006583192,0.000106096035,0.0009953714,-0.00033013214,-0.0004969523,-0.0005424747,0.0009849758
0.0041157543,-0.0001604706,0.00086709723,-7.949022e-05,-0.0005531105,0.0005656784,-0.001742841,-4.9685666e-05
0.002070243,0.00030606627,0.0013057328,0.00051129726,0.00083667546,0.000588586,-0.001648682,0.00046425476
-0.0015459376,0.0017568247,-0.0003975988,-0.0016481559,0.0020011966,-0.004726776,0.0007003438,0.000109637076
0.0015701426,0.0010640437,-0.00013619887,-0.0010513599,0.00052196876,0.0027259963,0.0024668633,0.00046537595
0.0012570038,0.0019849837,0.0004769773,-0.0012175513,0.0009954443,0.0009985362,0.00020591811,0.00043601755
-0.0015940669,0.0012430624,-0.0013761778,-0.00038098625,0.0018743507,-0.002872933,8.708652e-05,0.0020026958
-0.0032401076,0.00039833452,-0.00022418614,-0.002183385,0.0015962864,-0.0005531842,-0.00017960688,0.0010595535
0.029600948,-0.0077340044,0.005872138,0.009037623,-0.0010189813,0.005926691,0.005405951,-0.003153874
0.002228233,0.0001653241,0.007841035,0.002481646,-0.004710997,-0.006835206,0.00604392,0.0006146694
0.0019753198,-0.003948261,0.007993756,0.0023113524,-0.0005664717,-0.00021377436,0.0095024165,-0.0026427559
0.0018060392,-0.0050365888,0.01017686,0.0017426055,-0.0008259723,-0.00010212071,0.0051372363,-0.001576919
-0.0037905627,-0.007610126,0.010005508,0.0027578257,-0.001264112,-0.014230406,0.0009897326,0.001396234
0.0027254256,-0.0033662561,0.0041158004,0.0027540242,0.00015387367,-0.00023794542,0.0013158153,-0.002170391
0.002461589,-0.0028128645,0.0037547876,0.0022793894,0.0022418238,-0.0008619683,0.0012671328,-0.0029954875
-0.004775262,-0.0029577366,0.00025028895,0.0036550509,0.0029043008,-0.0033343134,-0.0005102844,-0.0028570383
0.002067714,-0.0036588043,-1.2602506e-05,0.003684387,0.0038819876,-0.00038588647,0.0013983161,-0.0038891605
-0.0009980355,-0.001959978,0.0017153164,0.0008923762,-0.00071232376,0.0050541563,-0.00028778895,0.00012974998
0.0004183029,-0.003355875,-0.00062699436,-0.0016715432,0.0020310108,-0.0005565279,0.0014300392,-0.0028459386
-0.001546544,-0.0031846818,-0.0003464589,-0.0015522174,-0.005687328,-0.00093111733,-0.0036421216,-0.002843199
-0.00024042265,-0.0030900696,-0.00037566086,-0.0025045762,-0.0044622594,-0.0020305985,-0.003419664,-0.0031974735
-0.0007277844,-0.0031371415,-0.00021684443,-0.0023486535,-0.0049905786,-0.0015814363,-0.003490498,-0.0030143918
-0.00055760046,-0.0033960857,0.00012490983,-0.0022663802,0.0021534152,-0.0009839362,0.0010694754,-0.0028205698
0.00019888402,-0.0030799496,3.1030486e-06,-0.0012079602,0.00146523,-0.0006060223,0.0017077636,-0.003050597
-0.00073971355,-0.0029713719,0.00015886134,-0.0012716867,-0.0005755696,-0.00054015435,0.0012992499,-0.0030696322
-0.0031389708,-0.0028948116,-0.0014112951,-0.0032007054,-0.0018465804,-0.0019353123,0.0005692646,-0.0032810243
0.00019110244,-0.0029203463,0.002013365,-0.0020741872,-0.001637195,0.0012486508,-0.00037639413,-0.0043403176
2.176842e-05,-0.0033456504,-0.0021706263,-0.0023411282,-0.001219959,0.000505168,-5.5136275e-05,-0.004055565
-0.009928498,-0.0017041797,0.0018461312,-4.832908e-05,-0.0009299655,-0.0006732327,0.0005248061,0.00089128566
0.0006809907,-0.0019678085,-0.00021412423,-0.0007062558,-0.0007500489,0.00077371707,0.00045430625,0.00018875556
-0.0026664927,-0.0019303672,-0.0004052118,-0.0008836207,-0.0006641659,0.00016140623,8.742766e-05,0.00088614353
-0.00043125893,-0.001028581,-0.0005980267,-9.1928116e-05,-0.00021127923,0.0003052927,0.00019493287,0.0005848581
-0.00027985396,-0.0017950496,-0.0005270248,-0.0011598122,0.0008280539,7.3310875e-05,-0.00079216453,0.00020237519
0.0007819696,-0.0008605078,-0.000868601,-0.0001659912,0.0013770411,0.0025981218,-0.0002960589,0.0006866057
-0.0035470778,-0.00094697677,-0.00079529145,-0.00028815772,0.0012248063,-0.00017243426,0.00022673939,0.0010595374
-0.0002622298,-0.0008566412,-0.0003333612,-0.0001964849,0.0010476853,-0.0005641253,0.0011384792,0.0008311628
-0.0019996774,-0.0006863871,-0.0005929507,-0.0012858734,0.0015246815,-0.0021272737,-0.00088584784,0.0007182162
0.0008958482,-0.00062131026,-0.0005512823,0.0007875881,0.00047333242,-8.648205e-05,0.00041760196,-0.00011649369
5.204652e-05,-0.0011027883,-0.00041073674,0.0008401609,0.00023088581,-0.0007874968,0.0016376737,-0.0005535262
0.0017193345,-0.0018786719,-0.0012154224,0.0005220961,9.735387e-05,-0.00037170848,0.0013212579,8.677692e-05
0.0007769896,-0.000931131,-0.00024660956,0.00048950926,0.00042421347,0.00017477329,0.00025210626,-1.2947337e-05
-0.0014745813,-0.00079045584,-0.00076533516,0.000645938,0.000116300296,0.00026494954,0.00081804354,0.00030973638
-0.00038456437,-0.0011851279,-0.0008024663,0.001345374,6.7438545e-05,-0.00046654211,-0.0009737391,9.454892e-05
0.0012997786,-0.0012539836,-2.063379e-05,-0.0006796827,-2.3941811e-06,0.000388873,-0.0013833678,6.87647e-05
0.00036321377,0.0002920825,0.0011173533,-0.0010631434,9.206453e-05,0.0003535274,-0.00016237983,4.191558e-05
0.00019244816,0.0005865033,-0.0008835783,0.0010978214,5.6361958e-05,-0.0001400636,0.00033992794,-9.436617e-07
0.0007624428,-0.0006885264,-0.00031834905,0.00061569165,1.9817913e-05,-0.0023974152,-0.0003890464,-0.00014958902
-0.0033486108,0.0019455022,-0.00011936924,0.0004232596,-5.8178994e-06,0.0011081077,0.0012090554,-0.000388745
-3.067941e-05,0.0022892626,-0.00046345647,0.00054447853,0.0003373947,-0.00024703282,0.001958555,0.0001307339
0.0012219491,0.00045093583,-0.0007336248,0.00059173204,-0.00040784787,-0.0012132745,0.00060220674,0.0003622517
0.0018613718,0.0001623354,-0.0014607565,0.000663725,-0.0004827958,-0.0010764821,-5.888331e-05,0.0002347981
-0.0013906792,0.00047713972,-0.00029673928,0.0006095506,-0.00033185352,-0.0027712649,0.0010409891,3.0846575e-05
-0.0035439231,0.00012077375,2.633208e-05,0.0007583853,-0.00095884467,-0.0015492764,-0.00019899225,0.0019148838
0.0027754074,0.0011315045,-0.000561891,-0.00045669888,-0.0014716998,-0.0031268357,-0.00027306844,0.0005055842
0.0026700958,-0.0006925489,-0.0008136411,-0.001990633,-0.0012290924,-0.0015743416,0.00015401423,0.0009229816
-0.0017881518,-0.00037070384,-0.002237026,-0.0019542836,-0.001327317,-0.0032050137,-0.000881556,-0.00048281235
0.00063652074,-0.00025066332,0.0001558387,-0.0017650607,-0.0008340466,-0.00042383125,0.00015986945,0.0015283847
0.0016982098,-0.00021851195,0.00075442245,-0.002149242,-0.0006505019,-0.0009976393,8.218386e-05,-0.0014928967
0.0006719093,0.0020670553,0.0006312139,-0.0025782732,-0.0007560786,-0.0014449288,0.0016431679,0.0008302058
0.00037508356,0.0020734367,-0.000371876,-0.00032532203,-0.00017483893,-0.0027256522,0.0020592865,0.001008254
0.00068000273,0.0020819022,-0.0006955807,-0.0025497726,-0.0006293144,-0.0027480484,0.0015363485,0.00046740315
0.00024869142,0.00026327747,-0.0010033114,-0.0022886347,-6.756683e-05,-0.0008013951,0.000644203,-0.00036272398
-0.00041003435,0.002193153,-0.00033030807,-0.0006028366,-5.7458372e-05,0.0006832178,0.0018625101,-0.00067767897
-0.00091482286,0.00082006963,-0.0007973524,-0.0035571125,9.56734e-06,0.0006856769,0.0003973348,-0.00072357664
-0.0005417091,0.0007161779,-0.00027202177,0.00060139346,0.0004269663,-0.00020710731,0.00084346667,-0.00091309025
0.0005585674,-0.00013731456,-0.00033246845,-0.0025143484,-0.00010144929,0.00042258104,0.00010852206,-0.00070722884
-0.00064351666,0.0003622792,-0.0013693409,-0.0016552948,-0.0005357842,-0.0013034508,-3.893412e-05,-0.0013323891
0.0006865258,-4.0132258e-05,-0.0005982149,-0.0017797292,-0.00032204998,-0.0016762215,-0.00038997005,0.0003303094
0.0002365207,0.0004942257,-0.00044845825,-0.0016957419,-0.00043660562,-0.00023387102,0.00015146796,0.00016815923
0.002462987,-0.00043240772,0.00032254224,-0.002027077,0.00019348795,-0.00031121573,0.0005018178,0.0005454653
-0.0004900087,-2.9446433e-05,-0.00039528153,0.0008775734,0.0001179884,0.0009783227,0.00014218329,0.00050440757
0.0007662675,0.0013308795,-0.00034852422,-1.1647886e-05,-0.00077579264,0.0008251174,0.00022567499,6.460683e-05
-0.0023658394,0.00076642,-9.690492e-05,0.0008425172,0.00021930721,0.0018058749,0.0013950168,0.0006061213
0.00068230013,0.00041274243,-0.00044199673,0.00047251812,5.4109998e-05,0.00028410417,0.0008484381,-0.0003507316
-0.0012233077,-5.166261e-05,-0.00091769424,0.0008930406,3.752029e-05,-0.0019719827,0.0009339495,0.00023754146
-0.004524059,-2.1451484e-05,-0.0017107215,-0.0013877703,-0.00018624372,-0.00035826906,-0.0009153221,0.00040005703
-0.0007886054,-0.00044597904,-0.0015005671,0.000670183,0.0002157712,0.00033686307,-0.0014726553,0.0004908036
-8.017965e-05,-0.0007925555,-0.001972322,0.0006113313,1.5282785e-05,0.00030285955,-0.0025277715,0.00014380587
-0.00029599215,-0.0002731454,-0.0010893951,0.0010762222,0.0004795585,0.0002898857,-0.0018760313,0.0001548482
-0.00020426563,-0.00047590627,0.00076148374,-0.0011754032,0.00021246391,-0.00015010228,-0.00091011054,0.00024416094
-0.0035438964,-0.00010645221,-0.0017826129,0.00073915796,0.00033990134,0.00011258747,-0.0022483887,0.0010928708
0.0009215707,-0.0004281108,-0.00037185085,0.0004939939,0.00017332805,0.0002218997,-0.0013698493,-0.00034732284
0.001081648,0.00058467605,0.0014777,0.000843853,-0.0010503965,0.000678934,-0.00014124511,-0.00033560666
0.00016544208,8.879999e-05,8.3760286e-05,0.000916305,0.00045410113,0.0021649268,-0.000101371304,5.7863184e-05
-0.0012961526,-0.00026524978,-0.0009137764,0.00027988886,-0.0003766114,-0.001385908,0.00023132983,1.7328477e-05
0.0018344541,0.0003879617,-9.50605e-06,0.0005182711,-9.6215335e-06,-0.0006216918,0.0003720664,-0.00019918715
0.0005599324,1.4555193e-05,-0.0014616359,0.001384699,-0.00031353233,-0.0020439553,0.00040157733,-7.024246e-05
0.0019354675,-0.0001753615,-0.0010127169,0.00031115478,-0.00020215313,0.0011978976,0.0019378066,0.0009162066
-0.0028433134,-7.070362e-05,-0.00085490756,-0.00052351225,-0.0007261495,-0.001633185,0.00055781,0.0020486615
-0.0004332428,-0.00046390714,-0.00020463768,-0.0003078425,0.00068789814,-0.0023568203,0.00020607197,0.0019091968
0.0014412982,0.00014712292,-1.9169585e-05,0.00040732804,-0.00020968383,-0.0003602703,-4.4388817e-06,0.0006378834
0.0033345018,-0.0015810378,0.00071942736,0.00072955276,-0.00053756824,-0.0003676828,9.394999e-06,-0.00085458165
-8.028205e-05,0.0009928648,-0.0010806357,0.00066701457,-0.00015371891,0.001168483,0.00055935525,0.00035875067
0.001556061,-0.0007466923,-0.0016225323,0.0010784303,0.00011332509,0.0011569025,0.0007984035,0.000280882
-0.00018791825,0.0009452506,-0.00015473546,0.00020086099,0.00017087285,0.0006269771,0.0009518015,0.00037003084
0.0017860518,-0.0007663051,-0.0020472382,0.0004832003,0.00019909983,0.0005751917,0.00090246607,-3.319091e-05
0.0009819808,-0.00018900624,-0.0014070679,-3.313266e-05,0.0025366372,0.0003403566,-0.0036182785,0.0011174236
0.00061060936,-0.0004923368,-0.0014120241,0.000615515,-0.0006745874,0.00012706345,-0.0032624477,0.00078249583
0.0016475418,-0.00016350826,-0.00230991,0.0009002819,0.003182571,-7.3355615e-05,-0.0018294419,0.0005579436
-0.0013637061,0.00050068094,-0.0017587268,-0.00078185514,-0.0025520613,-0.0005460293,-0.0016772271,-0.00013733176
-5.1830546e-05,0.0020189383,-0.0016452855,-0.002632635,-0.0039063534,-0.00036517574,-0.0012397883,-0.00025836303
-0.00010759528,0.0022945567,-0.0016933093,-0.0027157948,-0.0040944456,-5.2979987e-05,-0.0017829939,-0.00035905323
-0.0030282272,0.0009276626,-0.002685309,-0.0020681662,-0.0036405774,0.00013870778,-0.0029606353,-0.00039954038
-0.00016041112,0.002678761,-0.0016856779,-0.0028986202,-0.00345603,-0.00017150141,0.00052253733,-0.00057407026
-0.0031336513,0.00023115441,0.0015372398,-0.0018823766,-0.0061488617,0.0012354156,-0.0020792908,0.0004380691
0.0029664345,-0.002514441,0.0008973949,0.00053713634,-0.0056530116,-0.0015203945,-0.0012799166,-0.0001105872
0.00030752458,0.00060995267,-0.00070114824,9.2303606e-05,0.00037748172,0.005578084,-0.00058998284,0.00016646525
0.00059520465,-0.0009839565,-0.0005288633,0.00025193338,-0.0038229192,-0.00011576384,-0.0015508685,-0.00013941944
-0.0032167395,0.00030335475,-0.00080760947,-7.068793e-05,-0.0027339656,-0.0012752143,0.0009910172,0.00080989394
0.0012901645,0.0009253044,-0.0007134765,-0.0007643035,-0.0034549036,9.013835e-05,-0.0008535505,1.6736696e-05
-0.0017829192,0.0008049318,-0.0003457295,-8.11749e-05,-0.0025229405,0.00015324242,-0.000659524,-0.00022928245
-0.00024581107,-0.000669563,7.5743614e-05,0.00079037633,8.165052e-05,0.0010454329,0.0005805822,-0.00027316724
0.0003864437,-0.0008044332,9.095436e-05,0.00011660556,0.0003872461,0.0010123875,0.00023319003,2.414707e-05
-0.0025249152,-0.00044666746,-0.0011835448,0.0006953129,-1.4309382e-05,0.0006223295,-0.00079900376,-0.00026363714
0.0009665165,-0.0005560962,-0.0005817598,-0.0022108098,0.000230056,-0.0014449297,7.925005e-05,0.00019843673
-0.0028332684,0.0001739425,-0.0007874486,-0.003669424,-9.564611e-06,-0.0037395125,0.00013130506,0.0036761935
0.0011920014,0.000934293,-0.0013530992,0.00038105715,0.00016325491,0.0023926855,-2.4078316e-05,0.0027782312
-6.344368e-05,0.000114836,-0.000704835,0.0010623495,0.000322501,0.0008524188,-0.00042999905,0.0016290642
-0.00085988786,-0.0010877207,-0.00052176527,0.000883173,0.00018104354,0.0013970685,9.086115e-05,-0.00019277852
-0.00036252808,-0.00081495894,-0.000711995,0.0010959401,7.0544455e-05,0.00075590267,0.00018109621,0.000664269
-0.0017937341,-0.0018945469,-0.00058741565,0.00095003966,7.296796e-05,0.0011569252,3.0153271e-05,-0.0007513421
-0.0013726114,-0.0021490224,-0.0002764099,0.00095735403,0.00029329892,0.0011453085,-1.5096276e-05,-0.0005651773
0.0013862753,0.00020949976,-0.0010840709,0.00083882734,0.00018453032,0.0022957034,7.309278e-05,0.0015262912
0.0008460897,0.00085197523,-0.0015521831,6.2885396e-05,6.3207524e-05,0.002137641,0.00035884458,0.0019445581
-0.00047493726,-0.001831609,0.001247564,-0.0010918214,0.0003103258,0.00096647075,8.2978055e-05,-0.00068311254
0.000543478,-0.00062312966,-0.0016760615,0.0004288813,-2.9649917e-05,0.0002944647,0.0010457254,0.0013595674
0.0025144296,-0.0015793364,-0.0016034265,0.00042360436,0.00013660493,0.00040655906,0.0010660486,0.0013497613
-0.00036547656,0.0005132924,-0.001166775,0.0005940691,0.00010670624,0.00034120923,0.0010873819,0.002438245
0.0006491999,-0.00021811899,-0.00030149388,0.00042166945,0.0001644059,-0.0009145456,0.0011020631,0.0007108205
0.0006667257,-2.117271e-05,-0.00018763827,0.0004408732,0.00026902003,-0.0008916854,0.0006884146,0.0012109244
3.555996e-05,-0.0005957281,-0.0013697946,0.00044311376,0.00020690841,4.0072016e-05,0.00084468885,0.0008474284
0.010265672,-0.0032220113,0.0011564476,8.832617e-06,0.0005051302,0.0035674938,0.00010825733,3.2976118e-06
0.0011779694,-0.0005731194,0.00017075919,0.00037419455,-0.00038474842,-9.705133e-05,0.00021283992,0.00023264371
0.00022529169,-0.0003388993,4.331424e-05,0.0007822908,-0.0002550662,0.0005287211,0.00015864728,0.0002153901
0.00039133788,-0.00032163426,-0.0001112427,0.0009350544,-0.00026585677,0.0006078974,0.00022469583,0.00022874911
0.0011099463,-0.0006080355,-0.00013140713,0.0008637477,-0.0001389203,0.00063411705,0.0001967831,0.00035598967
0.00043051242,-0.0004933292,-5.6866364e-05,-0.0029561513,-0.00036348955,-0.000252179,0.00077552407,0.00051849283
0.0010019996,-0.0007014668,-0.00024101438,-0.0027005598,-0.0006722173,-0.00021728982,1.0865178e-06,0.00057642045
-0.0024153693,-2.3706381e-05,-0.00081846636,0.0006234974,-0.00026684278,-0.0027388842,-0.00025918966,0.0010741556
0.0011527447,-0.0006325911,-0.0008525501,0.0010783148,-0.00055587554,-0.0018070258,-0.0006669847,-0.00016172825
-0.0020564096,-0.00075343583,-0.0007107069,0.002049557,-0.000573184,-0.001616827,0.0005686738,-0.0002538045
0.002704861,-0.000109281864,3.737991e-06,0.00018117888,-7.034737e-05,-0.0011630823,0.00043659043,0.00074809714
0.00027931444,-0.00036649397,-0.00042274126,-0.0022988904,-0.00066420017,-0.00053866016,-0.0008611594,0.0007195065
-0.001743073,-0.00042936625,-8.1074984e-05,-0.00042849488,9.3027855e-05,-0.00015062261,0.0005578113,8.9330584e-05
0.0012046968,-0.0005249302,2.550251e-05,-0.00082024647,0.00012143984,0.00081148563,0.00016664129,0.0004918751
0.00071250444,-0.00050007016,0.000952549,-0.0003811426,-0.00045169517,0.00067103526,0.00020989485,0.00084753166
0.0030566286,-0.0013074582,-8.132759e-05,-0.00042132163,-0.00014817133,-0.00030081312,0.00078970194,0.0007770309
0.0010189184,-0.0010507368,-0.0013806538,-0.00040911723,6.94457e-05,-0.0013678223,0.00078932964,0.00093018106
-0.0017953323,-0.0012147742,0.000802096,-5.8013542e-05,0.00020851982,-0.00014496027,0.0003593415,0.0010545944
0.0004192463,-0.00070769415,0.00017612496,-0.0007237885,-0.00014177186,-0.0008671045,-0.0009599,0.0009827989
-0.0010625814,-0.00040112896,0.004536816,-0.0017423402,0.0008333737,-0.0010402459,0.0005662533,-0.0005674657
-0.0013056567,-0.0002744655,-0.0008889554,-0.00078450487,0.0007451846,-0.0029809787,0.000452194,3.1869917e-05
0.00097305025,-0.0009378784,-0.00018370063,-0.0013191403,0.0006076366,-0.0008755859,-0.00075819046,4.141044e-06
0.0012774225,-0.00080499466,0.0009968345,-0.0017138186,0.00028228055,-0.0028625214,-0.00021877549,0.00015528532
0.0015983585,-0.0006545265,0.0006418328,-0.0009253226,0.0009485724,-0.0022490444,-1.8194318e-05,0.00082144816
0.00094806025,-0.00035715481,0.0027416241,-6.78583e-05,-0.003318595,0.00076293235,0.0012490832,0.0044529713
-0.00085471704,-0.0002806839,-0.0004485865,0.0012439813,-0.0017139589,-0.004370436,-0.0017034226,0.0009699701
0.0014768662,-0.00063251297,0.00027010276,-0.0011934101,-0.0005869673,-0.0015478636,-0.0010109356,0.0001971997
-0.0018003051,-0.00029571954,0.001950397,-0.0006550015,5.652274e-05,-0.002931989,-1.7184728e-05,0.00090912805
-0.00026856142,-7.235624e-05,-0.0008898471,-0.00060752645,5.1761817e-05,0.0007309753,-0.00072699285,0.00010536804
-9.792947e-05,-0.00014211061,-0.00040328212,-0.00058270706,-0.0006790413,0.0012980596,-0.00078802236,7.53668e-05
-0.0019232654,0.00012501843,-0.000174898,-0.0003781072,-0.00014788218,-0.0001580968,0.0023405305,0.00017649157
0.0005745727,-0.0006394785,0.0004131693,-0.0004170989,-0.0016389083,0.00021723917,-0.00064990163,-1.1516207e-05
-0.0024687895,0.0001587339,-0.0005691516,-0.00076262665,0.0025188336,0.0003986306,0.00064800936,0.0010648657
-0.00033079716,-0.00030118565,5.3012176e-05,-0.00097497297,0.0010113359,-0.00079931604,-0.00058988086,0.00029880408
0.0014229073,-0.0006519806,-0.0008981257,-0.0012069354,0.0011924892,-0.00083176146,-9.727815e-05,0.00046764626
0.00015720927,-0.00020156284,-0.00013167801,0.0008151744,0.0005811676,-0.0015551039,-0.00030543658,-2.741103e-06
-0.0017067282,0.00011229218,-0.00038675455,0.0014217554,0.0009952033,-0.0023601395,-0.0008337701,4.547563e-05
0.0010981616,0.000115239796,-0.0002802711,0.0005685658,0.0004102883,-0.00031244042,0.00063709577,0.00018641827
0.0007982841,8.073629e-05,-0.00049579673,0.000951239,0.00041871378,0.0004389726,0.00013604273,-0.000109527995
0.00054150564,-7.391022e-05,-0.00054283376,0.0010443252,0.0003095965,0.00043907564,-0.00034399462,0.00016463803
0.00031296178,-0.00020082842,-0.00042209463,0.0010287734,0.00016130971,-0.0005237963,0.0007242872,9.980767e-05
-0.0014069558,-0.00015231824,-0.0015018043,0.00029596512,-6.3465915e-05,0.00066148536,-0.0018223902,0.00048385194
0.0006422458,-0.0004246774,0.0014387392,0.00076868385,0.00022015652,-0.0004444794,0.00076171785,0.0003819652
0.00045485827,-0.00017259146,-0.0007269248,0.00041363275,-0.00014935802,-0.0005526963,0.00089209416,6.1267514e-05
0.0015139319,-0.00060861144,0.00041531745,0.00036290986,1.4707008e-05,0.00056470046,-0.0006330328,-7.554606e-05
0.0014390536,-0.0013509897,-0.0010374481,0.0006316823,0.00012155404,0.0011616062,-9.2726455e-05,0.00020329996
0.00031417623,0.00046593405,-0.0011960089,0.0008567567,-4.0544783e-05,0.0026923378,0.00011657466,0.00039359278
0.0010081907,-0.0013516264,-0.0017845472,0.0010990867,-4.71844e-05,0.0013473484,0.0007581337,0.00018801888
2.549414e-05,-0.00043215623,-0.00086490426,0.001172623,4.2303374e-05,0.0010569827,0.0015036304,0.0002647031
-0.0008077868,0.00018293432,-0.0015004191,0.0003858599,-0.00029064654,0.00044302116,0.0010122263,0.00037207073
0.00030956732,-0.00046852947,-0.0006799572,0.0011304772,0.00028108555,0.0008197732,0.00054360065,-4.723918e-05
-0.0030626438,-0.00039340142,-0.00037949035,0.0009858502,-4.12548e-05,0.0024985198,-0.00043295667,3.750875e-05
0.00045504858,-0.0004272854,-6.416506e-05,0.00050293526,0.00017026649,0.0005954948,-0.000641431,0.00011539919
0.0007633177,-0.00043826192,-0.0003373428,0.00060932175,-9.470768e-05,-0.002607659,-7.415831e-05,0.00025254764
0.0007535984,-0.0005555671,-0.00039436502,0.0007763435,-0.0001431707,-0.0026596747,0.0010240668,0.00030723997
0.0016143126,-0.00071392814,0.0004242649,0.00036573113,-1.0303946e-05,-0.00075705646,-0.00017342798,0.00016370985
-0.0018187194,-0.00084660127,0.0002729968,0.0007692115,-0.0003999502,-0.0023063775,-0.00072955404,-0.0006923257
0.0008816553,-0.00086124224,-0.0010539659,0.00094162236,-0.00019573756,-0.00087562064,-0.00013889925,-0.0015685279
0.0016491162,-0.00048761582,-0.0016620447,0.00093324925,0.00028129434,-0.00051168475,0.0002417034,-0.00045958013
-0.001648241,-0.00076406583,-0.0002512217,0.00030202648,4.272469e-05,-0.0007000824,0.000116061405,0.00074980827
-0.008180766,0.0010923973,-0.0001520271,-0.0007495447,0.00019390591,0.0026264493,0.0018177083,0.0023774577
0.00074633665,0.0012571873,-0.0018779648,0.0016700492,-0.00072923326,-0.000778099,0.0008329018,0.0010585668
-0.0031361193,0.0015331401,-0.0005584192,0.0011561881,0.000351418,0.00052942714,-0.00016515554,-5.1247313e-05
-0.0007077677,0.0013377989,-0.0007702789,0.0010793771,0.0002897192,0.0007625392,0.0005575796,-0.0005092573
-0.0003338474,0.0024002693,-0.0014231852,0.00097303913,0.0002776824,0.0029850812,-0.00027200996,-0.00068547484
0.00029796822,-0.0021457123,-0.0008229557,0.0015030125,0.0004379588,0.0011048204,5.507132e-05,-0.0013122965
0.00028396677,-0.002272347,-0.0010893736,0.0013795964,0.0004462792,0.000641757,-2.575591e-05,-0.0022686413
-0.002474909,-0.0014170188,0.00067156635,-0.00050583377,0.00041493095,0.0013873955,-0.00046772853,-0.0020071547
0.001338755,-0.0018785472,-0.0009665099,0.0017432063,0.00054492103,0.00027935347,0.000616303,-0.0006931673
0.00033688755,-0.001565414,-0.0012271112,0.0016440714,0.000429107,0.0011594597,0.00015661208,-0.0011783066
3.3547207e-05,-0.0019445405,-0.0008494583,0.0009211955,0.00038075724,0.00096662884,-2.272306e-05,-0.0022201193
-1.8017132e-05,-0.0012672903,-0.0005961531,0.0014147649,0.0005843013,-0.0003227687,8.041923e-06,-0.0012291041
-0.00012164472,-0.0016677227,-0.0017643091,0.001829617,7.093022e-05,0.00094022864,0.0006497438,-0.00089288154
0.0008206039,-0.0020525039,-0.0022782404,0.0018674304,0.00056460453,0.001282562,0.0016478909,-0.0012567262
-0.0006144318,-0.0021563438,0.0005884906,0.0011573113,0.00015923349,0.0011816404,0.000770593,-0.0010316989
0.0012874249,-0.0030561597,-0.0029507882,0.0016945397,0.0001139092,0.0012247072,0.0010766429,-0.0017155673
0.0001681924,-0.0021519226,-0.0011546748,0.0015815869,0.00036261222,0.0005918744,0.0010687682,-0.0014633563
0.00018020929,-0.0020930858,-0.0011592304,0.0016121605,-0.00023250413,0.00045311285,0.0010454437,-0.00066184025
-0.0001453618,-0.0024431888,0.00042607266,0.0010574572,-0.0003203072,0.0011497777,0.0008701489,-0.00019111013
-0.003233883,-0.0021820148,-0.0017126637,0.001661704,-0.0006091447,0.00093669974,0.0007498121,-0.0004088076
0.00048240207,-0.0015443006,-0.0016189569,0.00070104154,-0.0016974697,-0.0006789405,0.00065227365,-0.00046224793
0.0017922114,-0.0012743649,-0.00089236634,0.00097021146,0.00011569043,-0.0016936574,0.00019861214,0.0024565565
0.00059407076,-0.001438036,-0.0004365266,0.00087348867,0.00055610057,-0.0010626536,5.1208077e-05,0.0009285924
0.00015922304,-0.00271787,0.00028846902,0.00020913882,0.00040276654,-0.00064472086,-0.00024642458,0.0004409652
0.0013434637,-0.0019947877,0.0004103661,0.00038663144,0.00029203852,-0.00045927614,0.00034333626,0.0017594323
0.001368383,-0.0018982894,0.00039109067,0.00038131812,0.00026337465,0.00012177206,0.00033059577,0.0017934558
0.0012754697,-0.0019082465,-0.0002955879,0.0005141697,0.000695574,0.00035669617,0.00021483573,0.0017719147
0.0012508534,-0.0009838731,-0.000585086,0.0004933574,0.00023802981,-0.00056585553,0.00034231617,0.002285605
0.0018203694,-0.0010465762,-0.00077313755,0.0006400848,-4.1741303e-05,-0.00033162523,-0.00024381556,0.002061471
0.0009655505,-0.0022287946,0.000745322,0.00015186488,4.3225737e-05,-0.000743139,-0.0005473723,0.0005011392
0.001212846,-0.00170418,-0.0002934136,0.0004526471,0.0002863281,-0.0003187722,-0.0002380701,0.0016529198
0.0012157452,-0.0010724877,-0.00041206804,0.00043677154,-0.00015812645,-0.00054938457,-0.00017312844,0.0021414557
0.0031310376,-0.0012111515,-0.00014833073,0.0005846709,-2.9182936e-05,-0.00096550037,-3.406194e-05,0.0040105637
-0.0024792224,-0.0021544874,0.00095774257,0.00023006955,0.0002713819,-0.000555177,0.0006180153,0.0009657089
0.00090917543,-0.00095697324,8.658281e-05,0.00046512356,6.670934e-05,-0.0009577365,0.00010592054,0.0023483867
0.0012999284,-0.0013595464,0.00024081513,0.0004622959,0.00011114468,-0.0009797841,2.9347575e-06,0.0018554837
0.00059161097,-0.001995989,0.0007876653,0.0008467473,-6.97914e-05,-0.0010546639,0.00038042045,-0.00014351017
0.0033505205,-0.0013565645,0.00078548584,0.00065579306,-0.00023355594,-0.0008017942,-0.0005017647,0.0033224877
-0.0009979053,-0.0005868324,-0.0005247205,0.00035901828,-0.00023336007,-0.0027413496,-1.749982e-05,0.004063432
0.00039230144,-0.0014602256,-0.0010969017,0.0003217922,0.00024372539,0.0008697469,5.4494045e-05,0.001611949
0.0018485001,-0.00030871303,-0.0016301061,0.0002918988,-0.00030826635,0.002610533,0.0016365545,0.0026301923
-0.0007026701,-0.0016844594,0.0003228171,0.0005112903,4.0262734e-05,0.0011054878,0.00067464326,-5.4210897e-05
0.00062421296,-0.0013582302,-0.0010850708,0.00072537817,3.745087e-05,-0.00014739326,0.0008280519,0.002177192
-0.004609658,-0.002285739,-0.0005495667,0.0004890299,0.00031917516,0.0010434244,-0.00033155884,0.00077704986
-1.9965455e-06,-0.0015246036,-0.0007199347,0.00078048825,8.6021595e-05,0.0006404992,0.0015192953,0.0011842814
0.0016668228,-0.0023897137,-0.0021189374,0.0010720551,1.1548707e-05,0.0013067424,0.00079922716,0.0016236904
-9.397774e-05,-0.0016032292,0.0008186715,-0.0011303935,7.608347e-05,0.00091205357,0.00086454273,0.00097349234
-0.0023777264,-0.0007443001,-0.0015682521,0.0002915087,5.5040928e-05,0.00053870876,0.00021437358,-0.0005189297
-2.0365955e-05,-0.00192172,-0.0014276758,0.00046697422,-3.5052988e-05,0.00018417247,0.00094339286,-0.00094087585
0.00048180454,-0.0019305081,0.00046304142,0.0005269184,0.00028957438,0.00044037527,0.0008325868,-0.0007581628
0.0012498604,-0.000351635,-0.0021473267,0.0006418719,0.00011019653,0.00063503045,0.0015416158,-0.00075892237
0.0027449902,0.0019207768,-0.00022196674,0.0003030073,0.0001326953,0.0016656667,-0.00020401127,0.00020151041
0.00070657965,0.0007528343,-0.00012985809,0.0004909343,0.00018152173,0.0006431314,-0.0003895961,0.00020667452
0.0008255347,0.00032681465,0.0018686404,0.00072352827,0.00018644395,-0.0021339285,0.00045789615,0.0016838317
-0.0020972262,0.0017652942,0.0005884335,0.00037546363,-0.00028281947,-0.00070994685,0.0011375584,0.00018960753
-0.0014646897,-0.00011978489,-0.0006703676,0.0003083319,-0.00038915942,-2.3976629e-05,0.00076089107,0.000513522
-0.0009905624,0.0005088537,0.00131929,0.0015558412,-0.00025871544,0.00021313447,0.0007122984,0.0004250528
0.0019838512,-0.00027728293,0.00041535645,-0.0013305688,-0.0005831102,-0.001090723,-0.00039074384,0.0008167797
-0.0015333134,-0.00016865187,-0.00372639,-0.0025102666,-0.0011667522,-0.00260204,-0.0008886488,0.0021642682
0.001021807,-0.0022510744,-0.0034744702,-0.0014738338,-0.00049050536,-0.0020099182,-0.0010467436,0.0004932142
-0.00083810015,-0.0027520086,0.00058981276,-0.0004600964,-0.0005711726,0.0014034064,-0.0014605273,0.0013882926
0.002735382,-0.0037883841,0.0070860134,-0.0001480018,0.00038104755,-0.0011244497,0.0014255019,-4.1317297e-05
0.0026888654,-0.0053290077,0.009656126,0.0013548355,-0.0003424713,0.00027771,0.0011281936,0.0011770645
-0.0015102179,-0.0064154537,0.0016945498,0.00065929577,0.0021671827,-0.011070933,-0.0018948563,-0.00019192781
0.0020532238,-0.0020354392,0.0019116132,0.0036604544,0.000379642,0.00016027465,-0.001465286,0.00076634705
0.0018093525,-0.001926773,0.00038328205,0.0016504797,0.0011044272,0.00025677,0.0005605098,0.00099428
0.00092890486,-0.00012194681,0.0014229289,0.0007913243,-0.0036922018,0.00043516236,-0.00050897244,0.0011841313
0.0007940138,-0.0020987117,0.0010639746,0.00020262186,-0.0013765936,-0.0010704494,6.925633e-05,0.00011773093
-0.0028302735,-0.004949212,0.011867857,-0.0015079937,-0.0018662249,0.0015234379,0.005115106,0.0014385226
-0.00033096227,-0.0034099352,0.010060552,0.003476496,-0.0016697182,0.00041108555,0.010208107,-0.0009577445
0.0019048665,-0.003874436,0.012704361,0.0033938882,-0.00047124014,0.0012935726,0.0028422952,0.0013542431
-0.0040964396,-0.00048668528,-0.0007568897,-0.00018160202,-0.004521229,-0.0032879983,-0.0006669289,0.000965157
-0.00016820517,-0.0009025592,0.0032604968,-0.00013233135,-0.0019656164,0.0016367029,-0.0024196885,0.00015191754
-0.0002346286,-0.0010473564,0.00047324292,-0.00084096333,-0.0016103168,-0.00084843003,-0.0025303736,-0.00022777246
0.0020883842,-0.0013341971,0.0013146502,0.00022484295,-0.001265778,0.00047094305,-0.0019815068,-8.849899e-05
0.0017827814,-0.000827131,0.0014255759,0.0030310417,-3.6247075e-06,-0.0010206228,0.001277399,0.00080664916
0.00065181614,-0.00024278529,0.0019710695,0.0025894355,-0.0012659058,-0.0008980073,0.0016983431,0.0004651332
-0.00054756406,-0.00056584954,0.00031922077,0.0012097458,-0.0019864785,0.0015080736,-0.000818269,0.0010139844
0.0007866058,0.00030491134,-0.0003807108,0.0013254764,-0.0055591054,0.001961126,-0.00020837532,0.0010720538
0.0007226835,-0.0008441035,-8.986569e-05,0.0012529424,-0.003384261,-3.8467246e-05,0.0004597051,0.0013952957
0.00035099924,0.0001539412,-0.00047006353,0.00089155044,-0.0043296325,-0.0018301727,0.00044584885,0.00089999894
0.0012049811,0.00013923831,-0.0013297228,0.00077870674,-0.0047768145,-0.00024136642,-0.00023190195,0.0004699853
0.003139003,-0.00047084485,-8.45996e-05,-0.0002941628,-0.0040005166,-0.0014475527,-0.00057341176,0.00066352607
0.0007685777,-0.00074149575,0.0006919571,-0.00071359606,0.0007611989,-0.0021297575,-0.000950047,0.00017543968
0.00013539534,-0.00058216625,-0.00026365314,-0.0008512995,0.0011385422,-0.000922685,-0.0003453932,0.00012651096
0.0004232249,0.00020762741,0.003681925,-9.949476e-05,0.001019408,0.00042852972,0.0010803563,-0.00012615649
-0.00074286066,-0.00018739425,0.00045316553,-0.00062174205,-0.00037370826,0.0009939772,-0.0003890664,0.00012872108
-0.00067157636,-0.0005502229,-0.0017697881,-0.0010614947,-6.3298157e-06,-0.00012133655,0.00021997179,0.0002435849
0.00012720474,-0.00013722386,0.0026111172,-0.0011256657,-0.00058959995,0.0010604613,-0.0006666298,-0.0007100698
0.00077860657,-0.0002576401,0.0022644561,0.0016858823,-0.0011246289,-0.0014622207,-0.0027319733,0.00024806138
0.0009553413,-0.00031104006,0.0011212315,0.00011004219,-0.0009444314,-0.0012481658,-0.0003178449,0.00044521375
-0.00079194567,-0.005388554,0.0030942378,0.0012742964,0.00040419845,-0.0046301866,-0.00012405995,-0.0003396771
-0.0022449265,-0.006375694,0.003906287,0.00019812785,0.0013364814,-0.005632035,0.0019878398,7.910481e-05
0.0017884332,-8.6485124e-05,0.009163692,0.0032132962,-0.0018801611,0.00019347537,0.005115032,-0.0009958796
-0.0053225136,0.0025220579,0.008487132,0.0045112986,-0.0010662256,-0.004253422,0.001082127,-0.002556895
-0.0017200238,0.003534556,0.0016749807,-0.0005324577,-0.0038615644,-0.003293136,0.0003740623,0.00069882127
-0.0003070923,0.0017734574,-0.00020420927,-0.00096109125,-0.0038137222,0.0027060034,-0.00022285496,0.0004539597
0.0008319342,0.0015865625,0.00022343345,0.0010631414,-0.00366643,0.0012519384,0.00012447007,0.00018748031
0.0002946679,0.00052648265,-0.0006018173,0.000109865476,-0.0042579565,0.0006970572,-0.0006842611,0.0003182825
0.0010648618,0.0009672145,-0.0009789742,-0.0012275006,-0.0040345606,-0.0021818406,-0.00062192697,0.00039371694
-0.0016277945,0.0018538265,1.4812258e-05,-0.0010854168,0.0007051267,-0.0022235399,-0.000756134,-0.0006235398
-0.000733794,0.0018651589,-0.00066927966,-0.000904368,-0.0014146954,0.0005167126,-0.0011547079,-0.0008616099
0.00064986915,0.0021486343,-0.00038834297,-0.0007027518,-0.0025323275,0.00048763733,-0.0010997407,-0.0009043575
0.00020282528,-0.0011724021,2.5366664e-05,-0.00020134676,-0.0017323034,0.00042654228,-0.0023145922,-0.00052545883
-0.0002661639,-0.0010720672,-0.00010149502,-0.0008486185,-0.0010845173,0.00012542719,0.00062550243,0.000584988
0.0003690161,-0.0006630746,8.594813e-05,-0.00046208058,-0.0017615956,-0.00020651077,0.00071678887,-0.00045099176
0.00012715274,-0.00124513,0.00013438125,-0.000498998,0.0012926313,-0.00067059783,0.0008396475,0.00034601172
0.002130061,-0.0009937492,3.3331595e-05,3.1486874e-05,0.00092604064,0.0005029229,0.00041908163,0.00032435497
5.383165e-05,-0.00014584875,-0.00041574734,-0.0011448822,0.00095366436,8.359987e-05,0.00026930834,0.00053176004
-8.51519e-05,-0.00042187065,-0.00030979852,-0.00075803895,0.0011169622,0.0002195612,0.00062146405,0.0008415359
-0.00013961481,-0.00043678263,-0.00015021149,-0.00023127972,0.00070043816,-0.0004405937,4.8933485e-05,0.00052715733
0.00036311537,-5.8788304e-05,-0.00023322624,0.000604815,4.7104262e-05,-0.0006806217,0.00018490481,0.0014804074
-0.0009205302,-0.0013749477,-0.00031031188,-3.6881123e-05,0.00027525536,0.0014461456,0.00037466516,0.0017105036
-0.00041731665,-0.0006086624,0.0005164293,-0.00034151017,0.000128499,0.00087811484,-9.2954004e-05,0.0027386474
-0.00358042,-0.001536971,0.00020003294,-0.0014308546,0.00038253085,0.001781596,3.491659e-05,0.0016922706
-0.0010488102,0.00017591848,-0.0005821404,-0.001334313,8.7979344e-05,0.00052549416,-0.0009686648,0.0014339896
0.00035974805,-0.00041569726,-0.0013319459,-0.0013527238,-4.2162137e-06,0.00052730873,-0.00078066677,0.002510473
0.0023350506,-0.0007248521,0.00019750396,-0.0013286197,2.604005e-05,0.00074624125,-0.0006027248,0.0025788136
-0.0001261745,0.000100679994,-9.561969e-05,-0.0017022413,0.00041845965,-0.00043032452,-0.0007640354,0.0024390449
-0.0002680617,0.00016940724,-0.0007792497,-0.0016855646,0.00053898257,-0.0013252656,-0.00066356634,0.0020256217
0.00031317802,-0.00053953344,-0.00073787774,-0.0014759797,8.8199246e-05,0.00086014264,0.00014528613,0.0016215778
0.00027985836,-0.00038409434,-0.00050772587,-0.0013300828,-0.00010586562,0.0005813225,-0.00013451654,0.0023531388
0.0002401511,-0.00043157002,1.765416e-05,-0.0008459639,2.9136942e-05,0.00077938294,0.0007146054,0.0020797004
0.0020901663,-0.0002935262,6.889177e-05,-0.00084348355,0.00013290535,0.000499809,-2.8162634e-05,0.0041802474
-0.002560632,-0.000857909,-0.00052481605,-0.0012520425,0.000335447,0.00018661279,-0.0003269388,0.0018197198
-8.266526e-05,-0.00063519465,-0.0002784298,-0.00013185154,2.05654e-06,-0.0017357363,-0.0012322171,0.0013303059
0.0004361626,0.00027082997,0.00014333008,-0.0010122642,-0.00012917988,0.0012385317,0.00040464665,0.0031617647
-0.00039483534,0.00026719025,-0.0003748807,-0.0007079663,0.00044469017,0.00021753932,0.00035010776,0.0023963552
0.00080147496,0.00022469355,-0.0010635714,-0.000413885,0.00022620316,0.0027632471,0.00018105363,0.0028054698
-0.00059874024,-0.0004469204,-0.0012824939,0.00031733836,0.00052431185,9.503493e-05,0.0021949848,-0.00079061853
-0.0032845654,-0.002548913,-0.0006441058,0.0005364068,0.0004271368,0.00040597827,-0.0006157427,0.00058477506
0.00034546,-0.0014127007,-0.00041068168,0.00114877,0.00030603932,0.00029171602,0.0002696074,-0.0011699673
0.0005788349,-0.0017897823,-7.9627e-05,0.0005402707,0.000414806,0.0004519046,0.00016576855,-0.001190282
-0.00031692508,-0.0016804377,-0.0006015203,0.00095609966,0.00054349314,0.0007853088,0.000143013,-0.00061127427
-0.0038293889,-0.00086708745,0.0012688271,-0.0015103387,9.5938e-05,0.0009389848,-5.697608e-05,0.0004889567
-0.0030193185,-0.0012527471,-0.001777638,0.00046892112,-2.9726863e-05,-0.00016291924,-0.003069532,0.00043913958
0.0012053086,-0.0014793024,-0.0011115927,0.00089401647,0.00032989366,0.00029872157,-0.00018284963,-0.00017118789
0.0018992629,-0.0019959928,-0.0020942213,0.00048057272,1.4095807e-05,0.0010609106,-0.00017185386,0.00012810506
5.6260153e-05,-0.0010319614,-0.0015342722,0.0004955965,-6.03933e-05,0.0001968406,0.0007478562,0.00016290566
-0.0020014085,-0.0016767868,-0.0008785883,0.0009599458,0.00043299884,-0.00076437404,0.00016945023,0.00047770503
-0.0029570246,-0.0023594594,-0.00023726524,0.00037648788,-3.2473436e-05,0.0005096286,0.00033063322,-1.7839858e-06
-0.0034066876,-0.0019523468,-0.00015810819,0.00035400048,-0.00028976734,0.0010648089,0.00072551536,0.00025188763
-0.001346885,-0.0018829479,-0.000807386,0.00050633843,-0.00051154103,-0.0016174898,0.0013921356,0.00054491626
-8.830063e-05,-0.0008293057,-0.0013846216,0.0005774308,-0.00045183094,0.00073521724,0.00030716936,0.0002830953
0.0016936999,-0.0020280718,-0.00042130848,0.00036929586,-2.132623e-05,-0.0017619345,-0.00046511993,-0.00029852273
-0.0025346102,-0.0023417813,0.0002871115,0.00010724828,-0.0009580218,2.07366e-06,-0.00240248,0.0009072441
-0.0013447913,-0.002524972,0.00014256132,-0.0017014047,-0.000759967,-0.00069979986,-0.0010607147,0.0003752177
-0.0026216954,-0.001966831,-0.00026346574,-0.0008485416,-0.00069846795,-0.003545655,-0.00038852778,0.0016639077
0.0010640197,-0.0021725192,0.00068639015,0.00045907058,-0.0012069277,0.00034394595,-0.0005697353,0.00095423695
0.0018495682,-0.0021699497,0.0007260468,-0.0003653795,-0.00040366995,-0.00018143773,0.00011429147,0.0011502341
0.0021902996,-0.002478169,0.0008800627,-0.00022937423,0.00022316861,0.0009833949,-6.496158e-05,0.00088615355
-0.0015430488,-0.0023038145,-0.00066134776,-0.00049257185,-0.0003284914,-0.003354609,0.00026684473,0.00047589806
0.0011361153,-0.0022943427,-0.00048780887,-0.0004758214,-0.00029227414,-0.00085382955,0.0006787154,0.0014060508
-0.0025106655,-0.001461611,-0.00027326858,-0.000299338,-0.00062392437,-0.0026509173,7.668803e-05,0.001467396
0.001144067,-0.0020154917,-0.00065943925,-0.00040655205,-0.00015426546,-0.0016559353,0.00036737416,0.00024856202
0.0017861072,-0.0019784078,-0.00023943021,-0.00094749953,0.00012526473,0.0010401921,0.0009080968,0.00043224936
-0.00010541277,-0.0013536549,-0.00022581349,-0.0013676012,0.0005881139,0.00053170306,0.0010433513,0.0007694371
-0.0030097577,-0.0016734158,0.0015553702,0.00072140346,0.00041263012,0.0015626454,-0.00036050688,0.001334811
-0.0046583577,-0.0013207917,-0.00013774818,0.00060465484,0.0005879671,0.0012158081,-0.0007257032,0.00038798616
-0.0052710134,-0.002003151,-0.0027240005,0.0011875051,0.00011682412,-0.00010518317,-0.0011567426,-0.00020325292
0.0007716112,-0.0022953318,-0.001248508,0.0019029125,0.00028572118,0.00032686934,-0.0006745111,-0.00040008963
-0.0015627786,-0.0019425881,-0.0015413025,0.00060630264,-0.00016178293,-5.979972e-05,-0.0029272789,1.2369381e-05
0.00041139594,-0.002501636,-0.0021613117,0.0009634416,0.00021823734,0.00016137025,-0.0026361272,0.0004505615
0.0013334295,0.0005349292,-0.0016594103,0.0005862486,0.00011548509,-5.382451e-05,0.0003105789,-0.0023680136
-8.29241e-05,-0.0002192045,-0.00010746049,0.00035723808,0.0007147305,-0.00013050268,-0.0010181501,0.0006653934
-0.0016661016,-0.0007939731,-0.0004820531,0.0005567279,0.0004957005,-0.0015148891,-0.0025027932,-0.0006528222
-0.002463758,-0.00079999946,-0.00084033015,-0.0003948546,-6.681558e-05,-0.0021458562,-0.002794611,0.001210525
0.0004211807,0.0004171513,-0.0012892379,0.0015166965,0.00013442105,0.000108187734,0.0014985299,0.0006184927
0.0014355998,0.0007154863,-0.0008841417,0.001539664,0.0018497368,0.0004953177,0.00012348071,0.0013981377
-0.0060167266,0.0019785836,-0.000671505,-0.00041195966,-0.00028066844,0.0010430763,0.00034614716,-0.0024856762
-0.0024387212,-0.0077327555,-0.0016942348,0.00011645236,-0.00037602923,-0.001469543,0.00032991671,0.0008309188
-0.0010827103,-0.006404582,-0.0012438083,0.0006513362,-0.00046725845,-0.0008211695,0.0019800789,0.00027707068
-0.001761029,-0.001815183,-0.0002608032,-0.0027415797,-0.00024488036,-0.0028501633,0.004680001,0.00078236044
-0.0015916725,-0.0019908713,0.00032925088,-0.001258382,-0.00041700553,0.0002266563,0.0052058958,0.0009083539
-0.001636576,-0.006201345,8.09281e-05,-0.0018513876,-0.0011163801,-0.002297816,0.00050228694,0.003658945
0.00058189133,-0.006924815,-4.56703e-05,3.530872e-05,-0.0010130171,-0.000977233,0.0007178508,0.0017480089
0.00022391848,-0.006407663,-0.00047763626,0.0008227452,-0.0005792757,0.002419399,-0.0014733578,0.0019602736
0.000105676496,-0.008085641,-0.001022763,0.00068821304,-0.0004006256,0.0006901346,-0.0015795403,0.0008071452
0.0005442704,-0.006452258,-0.00080127316,0.00023351832,-0.00041604636,-0.0006418588,0.0013791362,0.0014395848
2.4475437e-05,-0.004509465,-0.0014273438,5.228628e-05,-9.118475e-05,-0.0011299885,0.0012358496,0.0034233928
-0.00021026,-0.004820086,-0.0011520106,0.00014252363,1.2520952e-05,-0.0008096635,0.00025501772,0.004541208
0.0014224567,-0.0061337193,-0.0020805537,0.00018281446,-0.00021180934,-0.00070945825,0.0014010813,0.004442578
0.001583535,-0.0077776066,-0.0014588678,4.7598674e-05,-0.00063275173,0.00033080557,-1.126603e-05,0.0012393399
0.00021671015,-0.00671572,-0.00019797475,7.2801944e-05,0.00024471353,0.00036932348,0.00014902081,-0.00014764327
-0.00020893398,-0.0063709463,-0.00040847211,-2.9820225e-05,-0.00020642174,-0.00039270936,0.0011904429,0.00074579543
8.169717e-05,-0.0048539094,-0.00030445415,-0.001572366,-0.0015158419,-0.0005620425,0.0006876152,0.001358186
-0.0003733906,-0.0045716427,-0.0003253341,-0.00212334,-0.002024556,-0.0005433445,0.0007587502,0.0016114083
-0.0005253129,-0.003722711,-0.00043544784,-0.0025129186,-0.002051286,-0.0007797961,0.0005818879,0.0010135161
-0.00072704506,-0.0046512065,-0.00042280773,-0.0021011522,-0.0018553183,-0.0019952506,0.0016820752,0.0027601838
-0.0010276515,-0.003830821,-0.00034256896,-0.0025127612,-0.0020412456,-0.0008330074,0.00051572645,0.0017191488
0.0016055875,-0.0061924057,-0.001112985,-0.0020447627,-0.0015922581,0.00052943,-0.0013782877,0.0021857922
0.0005794739,-0.0032692468,0.00018106397,-0.0018553672,-0.00079182326,0.0022659232,-0.0002589555,0.0030831161
-0.00087032944,-0.0051001543,-0.0012211974,-0.0022779787,-0.0010508364,-0.00035928586,-0.00035379344,0.003169693
-0.003042029,-0.0030996923,0.0013102761,-0.0026210006,-0.0010519358,0.00088073,-9.420658e-05,0.0020987934
-0.0015032868,-0.0023900948,0.0010494428,-0.0024248585,-0.0013441566,0.00085432833,-0.0005353482,0.0018722764
0.0012994456,-0.004420379,0.0005749978,-0.002474377,-0.0010432701,0.0021321033,-0.00059602637,0.004363043
-0.0013806085,-0.0041929046,-6.8156456e-05,-0.0026743254,-0.0014744425,0.0012099617,-0.00074732583,0.0013951377
-0.0002602203,-0.0052398094,-0.00013608845,-0.0021126412,-0.0016404976,-0.00060104893,0.0006406795,0.0044780835
0.0028885806,-0.0036105248,-0.00083181757,-0.00216645,-0.0002576719,0.00045339653,-0.0016093595,0.00033784515
0.0013860902,-0.002602814,-0.00080121134,-0.0028853319,-0.004201637,-0.0010766061,0.001587747,0.00033363464
0.000105029656,-0.0068459357,-0.00026680453,-0.0021680957,-0.0013948388,6.374233e-05,-0.0007225505,0.0011547265
-0.00036572074,-0.0083905505,0.00021658393,2.3532946e-05,-0.0015417872,-9.9258425e-05,-0.0010026806,0.0006845615
0.00034767546,-0.0034596035,-0.00058088533,-0.0024406598,-0.0020217386,0.0013314384,0.0020970549,0.00016499043
-6.9386595e-05,-0.0035996647,-0.0010213145,-8.661147e-05,-0.001758121,0.0010300344,0.0040889843,-5.1830495e-05
0.0005524195,-0.0030231006,-0.0010559375,0.00011095997,-0.0015540353,0.0005851824,0.00405745,0.00027078346
-0.0026255266,-0.005187877,-0.0012935536,-0.0002634333,-0.0025987704,-0.0008657247,0.0007561353,0.0013543358
0.00041187953,-0.003189887,-0.00042581855,-0.00019531477,-0.0022290528,0.0012646981,0.0030660464,0.00021955752
0.00095358206,-0.0040629436,0.0002273972,3.7995884e-05,0.0032912313,0.0008559997,0.0031512326,-0.00054366374
0.0005989156,-0.003951087,-0.00041722532,-3.240748e-05,-7.4814765e-05,0.00022978713,0.0047294605,0.00028150578
0.0010312049,-0.007512931,-0.00048929447,0.0004535816,-0.0005123481,0.00045563927,-0.000114418275,0.0002122266
-0.0011055265,-0.00740722,0.0017457403,0.00029954934,-0.00027564436,-0.001192957,-0.002403555,0.001452791
0.0007896766,-0.0069098026,0.0016345686,0.0004663384,-0.00014678789,-0.0009832995,-0.0015451886,0.00081283186
0.00031579935,-0.007160708,0.001268229,0.0004382157,0.00017654317,-0.0016407863,-0.0018604567,0.0019060746
0.0027037608,-0.007116914,-0.0006068992,0.00017883632,-0.00067743607,-0.0030218638,-0.0004298411,-0.00039595587
0.001342086,-0.006248546,-0.0006277524,-0.00011098501,-0.00040300898,0.00014612377,0.0006149717,0.000972539
-0.003645283,-0.002605011,-6.58512e-06,0.00037913627,-0.00036264092,-0.0021928588,0.004947145,0.0019432929
1.2664728e-05,-0.0036237645,-0.0016555202,0.0008649086,-4.4272685e-05,0.00057483354,0.004653818,9.5512674e-05
-0.00037438152,-0.0024456342,-0.0009712879,0.00066163274,-3.0663774e-05,0.000758209,0.0052625616,-0.00033008127
-0.0027643978,-0.009462495,-0.00016135394,0.0007948026,-0.0010763148,-0.0026674184,-0.0018235785,0.0017945291
0.0005161408,-0.009181753,-0.0012333181,0.00048587561,-0.00041210296,-0.0021669352,-0.0022177906,0.00027933036
-0.0021803607,-0.0074729584,-0.00033312148,0.0010550251,-0.00021631154,0.0005847907,-0.0017211803,0.00046323612
-0.0027578229,-0.007324927,-0.0010201741,0.00010681112,-0.0004311196,0.0007233929,0.00046108454,0.0001073673
-7.1523837e-06,-0.007827885,-0.0005718922,0.0002658464,-0.0010742727,0.0006733987,7.149773e-05,-0.00018285071
-0.00054818095,-0.006215251,0.0014108177,0.0003259149,-0.00044167895,0.00030448436,-2.9154553e-06,4.8855727e-06
-0.00040310973,-0.0059335437,0.0013613398,0.00025023997,-0.00018180157,-0.00068162096,0.00039929626,-3.6729354e-05
-0.00031909108,-0.0067164763,-0.0003515632,0.0006989286,-9.201142e-05,-0.0002153243,0.00039550944,0.0014214315
0.00040980603,-0.007046281,-0.0005580257,-0.0006330176,1.2371538e-05,-0.00016072464,0.0011551741,0.001357189
-0.0019226656,-0.00819537,-0.0009241888,0.00018174533,-0.00064790226,-0.0005282277,-1.3120517e-05,0.0002640408
0.0008915065,-0.009761389,-0.00068872405,0.00027370956,-0.0004885083,0.0008083116,-0.0017412825,-0.00024351983
0.00011097684,-0.009797508,-0.00065525674,0.00026212513,-0.00061993726,0.0014841101,-0.0018271559,-0.00011164494
-0.00026574836,-0.0034354269,-0.0007426954,0.00023241731,0.00012024382,0.00013843455,0.0043223216,0.0007635192
-0.0004304518,-0.0065493477,0.0007779591,0.00036503564,-0.00019381725,0.00022781592,-0.0013942668,0.0010015324
0.0012157935,-0.010259707,-0.00038718176,0.00039742913,-0.0006302587,-0.0011812738,-0.0029113477,0.00017566814
0.0011370837,-0.006823999,-0.00062216487,0.00044773522,-0.0007596282,-0.00034161823,0.0003376482,0.00080699427
7.26561e-06,-0.003749785,-0.00073875434,-7.839276e-05,3.0937423e-05,0.00018744633,0.0045774407,0.0005493573
-0.003026091,-0.0034589863,-0.00023262098,0.0002510599,-0.00036230602,-0.0021139593,0.0041671,0.0019441656
0.00050546404,-0.0030684175,-0.00022505136,0.00033734067,9.882218e-06,-0.0006173171,0.004663003,0.0008416166
0.00076609035,-0.008158173,0.0017904786,0.000417289,-1.8951496e-05,-0.0009903095,-0.002477877,0.0024353773
-0.00014257805,-0.007119428,-0.00011883143,0.00023424355,-0.00032963007,-0.0012263994,0.00014679831,0.0012665194
0.003344205,-0.007765664,0.0013372304,0.00045373754,-0.000111285066,0.001359996,-0.0019539911,0.0029123705
-0.0031301004,-0.007284775,-0.0012998871,9.465225e-05,-0.00067887886,-0.0004713023,0.0010205348,0.0011098529
-0.003392435,-0.003845392,-0.00075319415,0.0004356279,4.863599e-05,-0.0022079144,0.004781517,0.0006125773
0.00057897315,-0.004272412,-7.7738114e-05,-0.00033048724,0.0002867391,0.00014312912,0.004646515,0.0016417789
-6.779426e-05,-0.004112302,-0.00021196825,-0.0017390503,6.5619446e-05,-0.0004873835,0.0048436215,0.00080086046
-0.0019293757,-0.0046220496,0.0015940063,7.352204e-05,-0.000332675,0.004517571,0.0048148762,0.0004570072
0.0002397888,-0.0046020467,0.0040956633,0.00065199577,0.0003720267,0.002469146,0.002602466,-0.00013623812
0.00042979966,-0.004070905,0.00081044226,0.0005387431,0.0012232022,0.0036772008,0.0026938512,0.0026634675
-0.0010869115,-0.0024822582,-0.00035475323,0.002467372,0.0020362479,0.0011250263,0.003828054,0.0045057014
0.0008271461,-0.0037856402,0.0010770416,0.002663717,0.0020043827,0.0001743479,0.002718255,0.0017183196
0.0021998202,-0.0017761213,0.0027511711,0.0009617056,-0.00057280273,-0.0038412672,0.0026439151,2.3466135e-05
-0.002046083,-0.001975291,-0.00041725725,0.0030491755,-0.0025713097,-0.001965764,0.0032234567,0.0023560992
0.00023871879,-0.0026658666,-0.00119933,-0.0035886574,-0.0039226655,-0.0024103944,0.0031262056,-0.0018252315
0.0051647373,-0.0029504795,0.003501475,0.001697958,-0.0007760376,-0.002523046,0.0021496092,-0.0008253651
-0.003342746,-0.001720617,0.0013453065,-8.274123e-05,-0.0058736447,-0.0042484123,0.0018809842,0.0009097064
-0.0004340052,-0.0024410195,-0.0007710819,-0.0013170012,-0.0031514466,-0.0011560303,0.00063013984,0.00027767167
-0.0033600384,-0.006474225,-0.0002876348,0.0021444904,-0.0006329025,-0.003514935,-0.0020886254,0.0009591827
0.001147733,-0.0046883454,0.00080496504,0.0022491417,-0.0027919954,0.004170438,-0.0025135458,0.0006876559
-8.962741e-05,-0.0043450654,-0.0007610048,0.0010418653,-0.0025238134,0.0012179156,-0.00020508355,0.0004081211
0.0002606196,-0.0037617655,-0.0006380337,-0.0002377156,-0.0020385997,-0.0013172806,-0.0009610859,0.000294157
3.918057e-06,-0.0075677107,-0.00011399527,-0.00026093933,0.0008853516,-0.00084890553,-0.0018448663,-4.254205e-05
-0.0009382844,-0.007857117,0.00015355149,-0.00013319956,0.00032674716,-0.0033224411,-0.0018241018,-0.0004719437
-0.00085847685,-0.006572446,-0.00039774485,0.00013607026,-0.0009306237,-0.002271878,-0.0021770992,0.00029797133
2.9336627e-05,-0.0056929747,4.5944074e-05,-0.00026540362,0.001510714,-0.0018010603,0.0011104182,-7.5352466e-05
-0.0021541035,-0.004035554,-0.00014586037,-0.00050700165,0.002387994,-0.00070078863,8.382588e-05,0.001069044
-0.00043432225,-0.0054271314,-0.0005278081,0.0010189139,0.0027660266,-0.0006384904,0.00044600593,-7.371115e-05
0.00037456208,-0.006666667,-0.0003847391,0.0007890793,0.0027091072,-0.00034814022,-0.0007377222,-0.00033738816
0.0008064997,-0.0066736285,-0.0004589106,0.0002409177,0.0012252025,0.00021218511,-0.00074859377,0.000449004
-0.00036659525,-0.0050900104,-0.00048133885,0.0006579702,0.00067986606,-0.00043304186,-5.9231166e-05,-0.0002576846
0.0001836825,-0.007039425,-0.00032378745,0.00080626406,-0.00016994536,-0.00043015007,-4.730558e-05,4.7058737e-05
-0.00010679284,-0.004853616,0.001555802,0.0003706858,0.00034325224,-0.00043736532,0.0015470736,-0.00016689925
-0.00048408596,-0.0052745356,0.0010787393,0.00042458417,0.0001354952,-0.0004908092,0.00061903085,-0.00015028688
-0.00010770129,-0.0053129275,0.0011149977,0.00056133623,-0.000106246436,-0.0010189338,0.0014223724,0.00039110906
-0.00021763942,-0.0073358803,0.001479372,0.0001806947,0.00045402074,-0.0016284727,-0.001951389,0.0012743141
0.0017931092,-0.0009371302,0.0007432033,-2.1884709e-05,-0.000455742,-1.3879066e-05,0.0047741514,0.0005869564
-0.00013866679,-0.002530614,0.00021917297,0.00022116737,-4.9053648e-05,-0.00095315045,0.004635962,0.0010820627
-0.00074154674,-0.0034998683,-0.00049044716,0.00010583111,-5.514282e-05,-0.002629568,0.004774425,0.0009347963
0.00017698335,-0.0039202813,-0.000745618,0.00061050523,-0.00018230877,0.00063326804,0.004700046,0.0022802143
-0.0026968902,-0.0031049172,0.00022690062,0.00031298387,-0.00022322574,-0.0015620966,0.004296732,0.003644794
-0.0018388755,-0.0036121272,0.00015238773,0.00075661665,-0.0003064174,-0.0013511329,0.004585441,-0.0002583189
-0.0011936355,-0.0024684127,-0.00011940314,0.0002280366,-0.00033990244,-0.0014911321,0.005011724,0.00081455306
-0.00052565034,-0.005093985,0.0010056149,0.0003526558,-0.0007545979,0.0010867956,0.0015867741,0.0030080464
0.00075679255,-0.005150895,0.00020212075,0.0005203151,-2.6939248e-05,0.0011817913,0.00043699925,0.001616013
-0.00055000524,-0.007879737,0.001487305,-2.1779942e-05,-0.00024388511,-0.0005056216,-0.0011627973,0.003527321
-0.0008349579,-0.0068495274,-0.0006474543,0.00010995655,-0.00041913067,-0.00087119197,0.0013779516,0.0006723383
7.617912e-05,-0.0069514243,-0.0013806482,-0.0011745454,-0.00068671233,-0.0012040674,0.0018035785,0.0010974476
0.0018728743,-0.0082722185,-0.0002570206,0.00021639866,0.0008397741,0.00032153106,0.00043195637,0.0016751696
-1.8490068e-06,-0.0064299465,-0.0008040144,6.0293685e-05,4.121283e-05,-0.00019228023,0.0007584839,0.00044900947
-9.164796e-05,-0.004693474,-0.00095602433,-0.001500845,0.0020990619,-0.0002935097,0.0006495313,-0.000891948
0.00024051452,-0.0050453874,-0.00025293685,-0.0019659423,-0.0020500342,-0.0006743108,0.00075604167,0.0028909636
-0.0009330045,-0.004053947,0.0002944982,-0.0027185304,-0.002072453,-0.0012142395,0.0013640446,0.0015319161
0.00034644228,-0.0048584957,-0.00031391662,-0.002066562,-0.002157934,-0.0009646308,0.0012543089,0.0026596957
-0.00041920645,-0.003959739,-0.00028051346,-0.0024690346,-0.0021186313,-0.00032853874,0.00054412417,0.002026903
2.2513424e-05,-0.0040271673,-0.00019882516,-0.002490845,-0.0012507122,-0.0005648243,-0.00018864723,0.0021103262
0.003424651,-0.0022063626,0.0013078618,-0.0026300068,0.0011141619,0.00036519655,-0.0012668417,0.0015309682
0.00025365228,-0.004585866,-0.0009752751,-0.002239587,-0.0011117253,-7.564928e-05,-0.0004809268,0.0029350617
0.00041781043,-0.0052554077,-0.0007925217,-0.0023096383,-0.001391578,-7.0505375e-05,-0.00047660063,0.0026206155
-0.00011103917,-0.003298141,6.0234874e-05,-0.0023873942,-0.0012576991,-0.00039407104,0.00012540068,0.0021375094
-0.00040430395,-0.004620733,-0.0004249589,-0.0020770472,-0.0017958133,-0.0010309514,0.00028159574,0.0026473636
-0.0006226135,-0.0037197925,-0.00034349918,-0.0025301992,-0.0020920304,-6.3362704e-06,0.0005282276,0.00175749
-0.0025652398,-0.0027659493,0.0007796494,-0.0021852686,-0.0008908858,0.00072761526,-0.00026827483,0.0024351357
-0.00038985742,-0.0046213255,-0.0011854166,-0.0020629426,-0.0019223223,-0.0007638816,0.0012513964,0.002746458
0.0003840457,-0.0049944646,-0.0005428034,-0.002012297,-0.0032500871,-0.0014604818,-0.0010911912,0.0031690067
-0.0002950923,-0.0046695364,-0.0006036789,-0.0025155146,-0.0026709377,-0.0012194479,-0.00013320449,0.0014761945
-0.00079896435,-0.008024588,-0.00072496815,-0.00037918115,-0.0009549644,-0.00020042315,-0.00045947026,8.2021455e-05
0.00026559603,-0.0036981164,-0.0009790396,-0.0007293214,-0.0014618952,-6.1313905e-05,0.003738979,0.0005075355
0.002719543,-0.003327169,0.00069642294,-0.00051924674,0.00086761214,0.003713197,0.003755929,0.0020467173
-0.00031918281,-0.0045134625,-0.0013636955,-0.00025949348,-0.0010366482,0.00443285,0.004233133,0.0024315717
0.00033849923,-0.004617308,0.0002555052,0.00025052074,-0.0007270477,0.003523088,0.0032037662,0.0020452682
-0.001307371,-0.00357985,3.3195724e-05,-0.0020882543,-0.0003189566,0.0010622231,0.006503781,0.005368176
0.00040327339,-0.004891039,-0.0010342152,-0.0021330798,0.00059419265,0.0025250218,0.004466115,0.0039837696
0.003910733,-0.0018959611,0.0011103781,0.00018139143,-0.0008258185,0.0026004058,0.0030703123,-0.00112715
0.001166725,-0.0041152486,0.0056640725,0.001545967,-0.00036845848,-0.0018813373,0.005354529,-6.890093e-05
-0.0028767772,-0.0025075285,0.001227443,0.0033343965,0.0011923548,7.2576804e-05,0.0025637462,0.0006269561
-0.00042865332,-0.004486806,0.001746494,-0.001791746,0.00069699745,0.0021160224,0.0034467257,0.00060691126
0.00016624348,-0.003175529,0.0017100688,0.0019494006,0.0014895838,0.0041507226,0.002718089,0.00027400887
0.0012928379,-0.0032304414,0.0022535725,0.004302963,0.00086130993,0.002108883,0.0034696958,-0.00046733939
-0.00010370557,-0.0038066253,0.0015525979,0.0027723657,0.0010813824,0.0006416968,0.0040246844,-0.0003031957
0.00071466435,-0.0038268126,0.0035535845,0.0033284803,0.0010976576,-0.0020846045,0.0019511534,-0.0025713237
0.0030348082,-0.0012456994,0.00754134,0.0022987374,0.0029521969,-0.0004960862,0.006562047,-0.0002808361
-0.00030124874,-0.0034058755,0.008247419,0.0014711131,7.132825e-06,-0.0034650343,0.0065942532,-0.00017441466
-0.0010395041,-0.0037570612,0.008218451,0.000723721,0.0008441118,-0.0010263614,0.0040692645,0.0011289252
0.00057099113,-0.0028198797,0.002106244,0.0016452394,0.0039046535,-0.0035201088,-0.0003583377,-0.001273252
-0.0014964292,-0.0025579256,0.00062266085,0.00043942197,0.0048473473,-0.0005403553,0.001902199,-0.00027301977
-2.324595e-05,-0.0028662137,0.0015002774,0.0023898135,0.0053906674,0.0012978144,0.0022240672,9.6290925e-05
-0.004622651,-0.0015619998,-0.0015297682,0.0025085954,0.004292417,-0.0030148523,0.0018338338,-0.00018374181
-0.0017339231,-0.0038024657,0.0019591383,0.0055757626,0.006273785,0.0014594711,-0.0015586646,-0.0008867876
-0.0010194413,-0.0064953496,-0.0015822802,0.004495223,0.006766106,0.00038655158,-0.0034379982,-0.0010508932
-0.002235344,-0.0066499314,0.00040415343,0.0027616862,0.0045883767,-0.0027336818,-0.0041228537,-0.0010407392
-0.0013623151,-0.006858181,-2.1769556e-05,0.00064889353,0.0043363846,-0.0010413987,-0.0012738183,-0.0013271606
-0.0004210533,-0.0056690015,0.00012443856,-0.0002021779,0.0018079747,-0.0021426596,0.0006869912,-0.0010212221
-0.00014190635,-0.005425213,-0.0006354623,0.0016970962,-0.0010136343,-0.001220504,0.0010991632,0.00051816355
-0.004022748,-0.005688335,-0.0005647717,0.0012353704,-0.0009512209,-0.0013319333,-0.0015142426,0.000549059
0.0003329853,-0.005094243,0.00027834956,0.0023629942,0.00079312356,-0.0015951063,-0.0019781438,0.000475762
-0.0007914111,-0.0056823157,-0.0029529103,0.0021123558,-0.0014246114,-0.004942593,-0.002075713,-0.00020121044
-0.00022434132,-0.0034663787,-0.0027958378,0.0020657205,-0.003601387,-0.0029039495,-0.00068317965,0.0010443471
-0.0010804344,-0.0018906153,0.0020204359,0.00224791,-0.004688333,0.00037552157,0.002949154,0.0007159532
-0.001299952,-0.001835018,-0.0020411029,0.0022830996,-0.0032833389,-0.0011905528,0.0028963163,0.0008880485
-0.00018906896,-0.0029920873,-0.00029454133,0.002096306,-0.0020363398,-0.002120759,-0.0011031824,0.0011726966
-0.003902904,-0.0030834624,0.0033055202,0.00028786628,-0.0015851477,0.001338776,0.0031986753,0.0012034196
-0.0011086762,-0.0027537907,0.0035446791,0.0013289974,-0.0029438837,0.0020170545,0.0026773238,0.0013262071
-0.0017427437,-0.0016482503,0.0016553922,0.0010680906,-0.0029227382,-0.0009885727,0.0026068594,0.0016337926
-0.0027222594,-0.0036954873,0.0017236527,0.0005620982,0.0022008552,-0.0005978726,0.0020670344,-0.0011486493
0.00012500334,-0.0028262925,2.6269085e-05,-0.0012108928,0.0005887863,-0.00034175918,0.0014154016,0.0021911114
0.0011895621,-0.0018138961,0.00080593745,0.000623849,0.0004637972,0.0032207712,1.5113037e-05,0.002176495
2.3593127e-05,-0.004778954,0.00028073805,-0.00031723,-0.00040612058,-0.0009998148,-0.0015792149,0.0034851094
-8.112783e-05,-0.005408537,0.00047695488,-8.8024106e-05,-0.00031002765,-0.0011771083,0.00016284641,0.0018239946
-5.563111e-05,-0.005144923,-0.00031941864,-0.00025467665,-0.0013602428,-0.00074986124,0.00025027228,0.0018437562
-0.00023572159,-0.0051504956,-7.091873e-05,0.000111752954,-0.00017158133,-0.000614695,0.00090407557,0.0015079702
8.510348e-05,-0.005695254,-0.0010658402,0.00069459603,0.0018920322,-0.0007733911,0.00042390893,0.0018088602
-0.0007187209,-0.0052885185,-2.7548953e-05,0.0002316021,0.0009737943,-0.00049336045,0.00037731003,0.0007654843
-0.0019638303,-0.0047580013,-0.00083589676,0.0004945154,0.0014965388,-0.0009584407,-0.00037390972,0.00024094415
-0.00021292022,-0.005186282,0.0001711246,0.0002335263,0.00040756105,7.4966934e-05,-0.00067651574,0.0007366816
-0.0007304054,-0.005872616,0.0015003112,0.00029700997,2.5050695e-05,-0.00030679436,0.00053227704,0.00081343384
-0.0007624287,-0.00834201,-0.0006456555,0.00035559016,-0.00035786317,-0.0010074663,0.0019881416,0.0009795501
0.0021280397,-0.009466968,-0.00024089808,0.00032823384,-0.0007401355,-0.00021599873,-0.0016613863,0.00394439
-8.3175495e-05,-0.009342858,-0.00067249243,0.00028428822,-0.0007063455,-0.0013217857,-0.0033501775,0.001189533
-0.0014036241,-0.0060659326,-0.0008035913,0.0003575294,-0.000612122,0.0010955193,0.0018669321,0.0016508584
-0.00039705777,-0.0075883428,-0.00011280519,3.613339e-05,-0.0009144188,0.0010837144,0.00014619937,0.0026959204
-0.00022938,-0.0030167368,0.00057021674,0.0001306321,-0.00033459248,-0.0006924191,0.0039177104,0.00072188507
-2.1897356e-06,-0.0036889552,-0.00014750358,0.00070859503,6.464121e-05,0.0014916151,0.004007679,-0.00024275802
0.002110202,-0.0037251469,-4.5761204e-05,-0.0020329093,-4.9056114e-05,0.0007941458,0.005640092,0.00042467925
-0.00027985655,-0.0043749786,0.0006495017,-0.0008816358,-0.0003171902,-0.0016810907,0.004453638,0.00050837954
-0.001188317,-0.0033916044,0.0020346781,-0.00092005054,0.00033291132,0.0045209,0.00298109,0.00047711653
-6.7815636e-06,-0.0030267595,0.00040082165,-8.545052e-05,0.0013902013,-0.0057264697,0.0030861404,0.0018815855
0.002780703,-0.0031282518,-0.0002983766,-0.00013567448,0.00093568466,0.0004073298,0.0028076118,0.0032784396
-0.0010156536,-0.003890362,0.00037555056,-0.00071138673,0.0014188099,0.00066142745,0.0027774344,-0.00012278042
-0.0017231033,-0.0029060133,0.00035872078,-0.00074097083,0.0006244452,-0.00026485624,0.0031656898,-0.00062110723
0.0008960317,-0.002548033,-0.0013080296,-0.00058947474,0.00053912523,-0.0030309495,0.0029809033,0.0020739804
-0.0009661839,-0.004210966,-0.00107187,-0.00052473234,0.0025773807,-0.002128745,0.0006730156,0.0002895993
-0.00055238884,-0.0042612194,-0.00019919236,-0.0003364391,0.0032671234,-0.001265357,0.00079550367,0.0009984883
-0.0016100659,-0.0038580021,0.00043255885,-0.00032660784,0.0032584711,-0.001701604,0.0007893344,0.00030839487
0.00023505774,-0.0041467403,-0.0014310881,-0.00025016506,0.0036426468,-0.0021590486,-0.000575807,0.0015259199
-0.00026121427,-0.0059039537,-0.0012110019,-0.00014925437,0.0032437122,0.0008037095,-0.0009224288,0.0013569947
-0.00047049194,-0.0048965076,-0.0002998299,0.0002515898,0.00417101,0.00033702998,-0.0010443168,0.0024518883
-0.00096048246,-0.006128773,0.0001946029,7.315474e-05,0.0030996166,0.0009052522,-0.0008626462,0.0010963999
-0.0012861954,-0.0056410045,2.8815775e-05,0.00047013542,0.003259431,-0.000586615,-0.0007849006,0.0007733841
0.00045738768,-0.0051867394,-0.0004127811,-0.00028266184,0.0032427371,-0.00068951957,-0.00089406065,0.0015283946
-0.0007765634,-0.0056413435,-9.7450284e-05,-0.00037541843,0.0030411968,1.5006974e-05,-0.00093034806,0.001358137
0.0011590202,-0.0060284375,-0.0006158862,0.0009956266,0.002118977,2.0215364e-05,-0.0008257825,0.001269594
-0.0005482658,-0.0045418413,0.0002280378,0.0003681856,0.00068599836,-0.0009788113,0.0010784273,0.0051227054
0.01003205,-0.0023016108,-0.001129204,-0.005986851,9.887343e-05,0.0038478277,0.0026633278,-0.00023294026
-0.0002774541,-0.0021551677,0.00033275734,-0.00022783752,0.00020778702,-0.0003502335,0.0028198138,0.00040996107
0.0005614539,-0.0028497833,-0.00023561207,7.560744e-05,0.0011209989,0.00044961055,0.0020342942,0.00013059661
0.00054027635,-0.0035511074,-5.7302263e-05,-4.6583256e-05,0.0013467405,0.0012511732,0.0027026655,0.0002253479
-0.0030614033,-0.002381246,-0.001969967,0.0002378241,0.0015607077,-0.0034791376,0.0031752423,0.00077837176
0.0020322935,-0.004717476,-0.0002568036,0.00028091308,0.0029702066,-0.00177142,0.0011139783,0.00018919187
-0.0010477655,-0.0018858913,-0.0007714714,2.1384463e-05,0.0011651464,-0.0012407904,0.0029735435,0.0002969614
-0.0010634302,-0.0022595087,-0.00049318,1.6188316e-05,0.001285176,0.0017598843,0.0025097232,3.0528936e-05
0.001231078,-0.0039365734,0.00018510196,-0.00038264573,0.0014029277,0.0016165664,0.0023800654,0.00021250082
-0.00071514567,-0.0028610628,-0.00032831207,-0.0014200663,0.0010195561,0.00064589875,0.002304906,0.00026659702
-0.00024244655,-0.005522437,-0.00022768452,-0.00038893305,0.0031089915,0.00035031288,-0.00010971972,3.865808e-05
0.0018611004,-0.006076726,-0.0002517851,-0.00026857114,0.0032716743,0.0026516013,-0.0018152103,-3.0372361e-05
0.0004147479,-0.00594274,-0.00037639614,6.295911e-05,0.003370903,0.0006113782,-0.0011109256,0.00018275739
0.0004368169,-0.0067184814,-0.00075381575,4.6698446e-05,0.0029164448,-0.002506695,-0.0019847732,8.89673e-05
0.00040222073,-0.002300124,0.00014788896,3.0152734e-05,0.0013470993,-0.0010902733,0.003078808,0.00041980346
-0.00016809303,-0.0027991987,-0.00011498305,-2.550676e-05,0.0012479621,-0.00021426729,0.0027663521,0.00010889896
-0.00047787273,-0.0020416179,-0.0006811226,0.000101126665,0.0013080386,-0.0010920919,0.003374664,0.00018566463
0.00015232543,-0.004296224,-0.0017722661,-0.00031013388,0.0025641355,-0.0014541144,0.0008841815,0.00016036723
0.0008597136,-0.00519815,9.1496586e-05,-0.00011104752,0.0032370135,0.00248352,-0.001180392,8.3683095e-05
0.0006948627,-0.003554131,-0.0004327991,-0.00016754575,0.002823651,0.000573996,0.0015771264,-3.20247e-05
-0.0014924257,-0.0012189517,-4.336014e-05,-0.00090755126,0.0016351854,0.0005659407,0.0033415619,-0.00041164178
-0.0014417358,-0.004338606,6.880559e-05,-0.00033909027,0.0017553194,-0.0011446984,0.00032959046,0.00015586495
-0.00025268813,-0.0049053277,0.0001739057,0.0005981272,0.00028366275,0.00012337498,0.00019971961,1.310775e-05
-0.0012444198,-0.0046747164,-0.00035623103,0.00031690646,0.0006159699,-0.0011443608,-4.789337e-05,0.00035220574
0.00073674484,-0.0063149896,-0.0017684449,0.000752941,0.0010977498,7.299342e-05,0.0004988032,-0.00010275617
0.000110186695,-0.0072284476,0.0015932356,-0.001342273,-0.00021962184,-0.0006457448,-9.84036e-07,0.0009915252
0.00042726958,-0.0070542702,-0.0008197289,-0.0013723648,-0.00022733369,-0.0006513885,0.0007791491,0.001341629
6.970208e-05,-0.0069077145,-0.00039655066,0.000472474,1.1659762e-05,-0.00035234017,0.0007601101,0.00055652746
0.0016739436,-0.007806445,-0.0013746871,8.018268e-05,-0.00025951333,-0.00022232062,0.0006358729,0.0016439136
-0.0007721353,-0.0065625166,-0.0008686514,9.036205e-05,-0.0018826484,-0.00023665855,0.0009653444,3.5207053e-05
0.00012849814,-0.0052583623,-0.00085846015,-0.0009844142,0.0025826963,-0.000115979296,0.00060159276,-0.001078365
0.00022988662,-0.00484561,-0.0007858822,-0.001515797,-0.0016703042,-0.0006545269,0.0002265108,0.0021220958
0.0018486419,-0.0047613303,-0.00012422536,-0.0020791972,-0.0020574655,-0.0013281906,0.001559775,0.004224334
0.0010906784,-0.0049866163,-0.0005726308,-0.00044965645,-0.005114553,-0.0008166698,-0.0008650041,-0.00034431065
3.6579113e-05,-0.002118148,-0.0006495443,-0.00042535804,-0.003752653,-0.0017873417,0.0030472432,0.00021605304
-4.2074753e-05,-0.0026401198,-0.0007099335,-0.0007267996,-0.002124625,0.0012498625,0.0031897565,0.00032510684
0.00050249486,-0.002867715,-0.000993231,-0.00010344328,-0.001966245,0.0009858861,0.0036185773,0.00014481824
4.9901664e-05,-0.0026676524,0.00050369574,-0.0004446182,0.0030402404,0.00051536807,0.003923348,-0.00044564804
0.00087105,-0.004153765,-0.00042746155,3.7681035e-05,0.00013187522,0.0005860673,0.0046740803,0.00066401454
-0.002021357,-0.004731979,-0.00018907788,-0.00029445786,-9.657175e-05,-0.00044623757,0.0048490595,0.00086884457
0.0009262982,0.0010045852,-0.0005271044,-0.0018946215,8.120324e-05,0.00021629274,-0.00072760024,0.0004294492
0.0013038688,-0.00028950712,0.00019828783,-0.0013681337,0.00032449272,-0.0003036835,0.0007310317,5.1313446e-06
-0.00071179343,0.00032354397,-0.0007996243,-0.0006831645,-0.00030847825,0.0018242954,0.00024397834,0.00034976134
-0.001797148,-0.00039983468,-0.0007154749,-0.0007307452,-0.000642875,7.976072e-05,0.00042000526,0.00093819975
-0.0029189594,-0.00017192846,0.0009425471,-0.0028443795,0.00023539168,0.0019691472,0.0020915777,0.0011937356
-0.001200813,0.0008685423,-0.0015406488,-0.0010019516,0.00080811407,0.0039276094,-0.0007121546,0.0016725593
-0.0014619868,0.0021385476,-0.0010225212,-0.00017227884,0.00034824508,0.0038387822,-0.00074449024,0.0016263629
-0.0013881491,0.001623617,-0.0011695956,0.00064140186,0.0006381179,0.001397343,-0.0002592317,0.00069167285
0.00013211131,0.001959519,-0.0024712181,0.0006837915,-0.00035250935,0.0016676015,-0.00034894916,0.000526794
-0.00091949437,0.0014551197,-0.0024026583,0.0006103471,0.00017335317,0.0021995208,-0.0007351537,0.0019228405
0.0009791396,0.0015792309,9.651118e-05,0.0020276983,0.0008926831,0.001682248,-0.00043899717,0.0014449313
-0.003851984,0.001004212,-0.0029166162,-0.00029560426,0.00022989797,0.0019379574,0.003210557,0.0030813254
-0.00642969,0.0008869109,-0.0006355329,-0.0017497273,0.00020796807,0.001820173,-0.0032837025,0.0012144052
-1.9122775e-05,0.0013661761,-0.0013507054,0.00029205752,-0.00053428765,0.00039546256,-0.0041843723,0.0004589097
0.0006810439,0.0020273891,-0.0014665563,0.00052261807,-0.0010893611,0.0010846725,-0.0019126553,0.0013802255
-0.00360349,0.0013392965,-0.0011326516,0.0016245707,-0.0008393672,0.0018903965,-0.00301454,0.0013576789
0.00042661623,0.0020390437,-0.00097036717,0.00053191005,-0.0004019816,0.0010682647,-0.0003755245,-2.7953127e-05
0.00025137648,0.0020581286,-0.0016065874,0.0005530764,0.00029130312,0.0015681671,-0.00051666796,0.00053902325
-0.0012495251,0.0015830772,-0.0019527784,0.0004166468,-0.0012815606,0.0019357374,-0.001248889,0.0017277722
-0.00017468137,0.0019779815,-0.0013566822,0.0005054943,-0.0004258797,0.0016800096,-0.00057885045,0.0011143446
-0.0034457552,0.0030875546,-0.002067754,0.00037628887,9.476597e-05,0.0029470222,-0.0008601885,0.0008146683
-0.0032361373,0.0023143392,-0.0020785797,0.00042048006,-0.0002640853,0.003807893,-0.0009749871,0.0010793456
-0.005658598,0.002095804,-0.0016934279,0.00033624755,-0.00063291634,0.004532331,-0.00010193056,0.0013967223
-0.0062781917,0.0012061271,-0.0011399257,0.0014286181,-0.0010764122,0.0026415936,-0.0024450328,0.0017741512
-0.0037124485,0.002585549,-0.0023045256,0.00035971517,-0.00040154537,0.0016579101,-0.0026439868,0.0014474969
-0.0025664668,0.0017678739,-0.001994708,0.00024148563,-0.0011135607,0.0017889404,-0.0020729275,0.0015373003
0.00035922273,0.0020351293,-0.0019166409,0.0005173089,5.058837e-05,0.0016261507,-0.00051913125,0.00079160533
-0.0020750465,0.0015248891,-0.003121177,0.0013173217,-0.0009966646,0.0013043499,-0.0037885786,0.0011328093
0.00072082574,0.0019372881,-0.0017598668,0.0016084921,-0.0009180505,0.0015120097,-0.0016317612,0.0013168753
0.0012644433,0.0020903691,-0.0023251772,0.00039997834,-0.0011335631,0.0014491557,-0.0017767178,0.0014938012
-0.0038134444,0.0010181204,0.014871379,-0.00019132532,-0.0014737784,0.0029144774,0.020150157,0.001918446
-0.0038080958,0.003153408,-0.0031873912,0.00026800932,-0.00032420806,0.0026412164,-0.0025741495,0.0011589917
-0.00035032636,0.0024059727,-0.0021771914,0.00024154424,-5.647252e-05,0.0032798648,-0.00045663572,0.0010050482
-0.00017568306,0.0008213478,-0.0017296107,0.0010013804,-0.00012708931,0.00010496691,-0.00030902203,-0.0005500623
0.0023444083,0.0008324915,0.00034539535,0.0004432863,0.0004026999,-0.0010486449,0.0009018125,-0.00020105134
-0.0061088456,1.127669e-05,-0.0005408883,-0.00044685818,-0.0010115253,0.002841768,-0.00018890233,-0.00038390598
-0.00080069125,0.0017367791,-0.0018245565,0.00073247566,0.0012081527,0.0031610404,-0.0015466235,-0.006539682
-0.00011123514,0.0014359853,-0.0014768973,0.0007156114,0.0012157002,0.003195032,-0.00095123035,-0.00038539595
0.0011104608,0.0012002297,0.00031528078,0.00064696395,0.0014436352,0.003312231,0.0013365995,0.0005822155
0.0007281544,0.0007961972,-0.0024576527,0.0008236901,0.0007838469,0.0026782844,0.00087005604,-0.005287983
-0.004174219,0.0001363366,-0.0013015922,0.0007875438,0.0001408793,0.0048462814,0.0015333018,-0.001704751
-0.004068696,0.0009156322,-0.0013067339,-0.0011664764,-0.0012379232,0.004490475,0.0014226787,-0.0039957697
-0.0026233783,0.0004298466,-0.0006993326,0.00073039375,-0.0017340273,0.0042248364,-0.0044322726,-0.0028635056
-0.0014793073,0.0001151313,-0.001913098,-5.5585304e-05,0.00012407659,0.0010483719,-0.004854029,-0.0035956982
0.0008100691,-6.6552384e-05,-0.0025014807,0.0006718709,0.0057327054,0.0023136784,-0.006942248,-0.00289198
-0.0036585317,0.00048709137,-0.0022616014,0.0014612328,0.005061639,0.0030344126,-0.006382528,0.00078723487
-0.0048231166,0.00216292,-0.0024578404,0.0010059252,-0.006558652,-0.00016730014,0.005758276,-0.012436529
-0.0037282913,0.0005531071,-0.0024214624,0.0013255654,-0.0028112016,0.0035412177,0.0006124569,-0.006421437
-0.0054335827,0.0024390563,-0.00039584332,-0.0010625332,-0.0028525877,0.0043705595,-0.0031503814,0.0014457592
0.0041375263,0.0011179766,-0.0032298528,0.00044508965,-0.004100623,0.0022637006,-0.0042102137,0.006763751
0.00769118,0.0021419895,-0.0031851567,0.0012681558,-0.0039484333,-0.0018809265,0.0069213384,0.0035796037
0.000347951,0.0015166277,-0.00065998576,0.0011493658,-0.0029038812,-0.0008773266,-0.0007887928,0.002337135
-0.0010273162,0.002166486,-9.516923e-05,0.0017289114,-0.003925173,-0.002782646,0.0017659112,0.0020779106
0.0015091142,0.0021196539,-0.0014036235,0.002982222,-0.0028788217,-0.00020678526,0.0013486288,-0.0001994422
0.0026846027,0.0018855653,-0.005596263,0.0017030925,-0.002454612,-0.0015701,0.00029106633,-0.0064623207
0.0014891125,0.0009915928,-0.0029007485,-0.0010256838,-0.005208724,-0.0013906963,-0.0029805647,-0.0021684158
-0.00048245187,0.0011257582,-0.0007727633,-0.000587865,0.007935808,-0.0068418365,-0.0026830316,0.0018754523
-0.0006697312,0.0016998926,-0.003957902,0.0004931268,0.003979712,-0.0020934923,-0.002647644,0.002450807
0.00041281953,0.0009257481,-0.0005950002,0.00088747323,0.0030382976,-0.0020216855,0.00055823615,0.003924409
0.0011457548,0.000662154,-0.0006731509,0.00091999955,0.0012312972,-0.0015000361,0.00010451485,0.0019978527
0.001270851,0.0011476977,-0.00022422826,0.0008829365,0.00047607932,-0.00068628666,0.000331296,5.0478047e-05
0.0011998604,0.0012552764,-0.00017651246,0.0009043977,-0.00078209885,0.00070726156,0.00026474294,0.00011841116
0.00033538902,0.001349832,0.00012097643,0.0012933728,0.00040975423,-0.0005565531,0.0003121575,-0.00022695959
0.0016780891,0.00082078285,0.00052175333,0.0007541826,0.000520542,-0.0018932455,-8.1289465e-05,-0.00022268953
0.0033733493,0.0014666037,0.0005704383,0.0011024923,0.00023251012,0.001337848,5.1906034e-05,2.2046896e-05
-0.00623176,0.0008545518,-0.00022091928,0.00023274025,0.00043228318,-0.0016897367,-0.00063591695,-0.0010510513
0.0026442911,0.0020609559,0.001032248,0.001547254,0.00014048234,0.0018762524,6.354773e-05,0.00036528322
-0.0011819685,0.00314239,-0.0013064207,-0.0022914724,8.017507e-05,0.0013266491,0.0018669527,-0.00039254676
-0.0033882083,0.0004411022,8.101113e-05,0.0022009443,0.00052236475,-0.0011901384,0.0020216748,0.00086522714
-0.00764341,0.0009666379,0.002211269,0.00041240043,-0.0002469391,-0.002706032,-3.0247367e-05,0.0021319995
0.0015780515,0.0011208388,0.0006424509,0.00071352633,-0.00020769514,0.0007406751,-0.00012793223,-2.2082997e-05
0.0005954978,0.0010381796,0.00017171956,-0.0022251375,-6.088078e-05,-0.0015661545,0.00030493108,0.0007668796
-0.0027568606,0.0010888205,0.0003384092,-0.0019897146,8.5847925e-05,-0.0010141114,0.00041970264,0.0020268182
0.001695074,0.00056790357,-0.0007177046,-0.0017291531,-0.0006689259,-0.0016248708,-0.0006610058,-0.0007494631
0.0012563094,0.0008712053,-0.00014034327,5.0588744e-05,-0.00026377116,-0.0019054594,0.0003137437,-0.00013921637
0.010903439,0.00041638472,0.0045950715,-0.012258546,0.00087191636,0.007090662,0.0056052776,-0.0036154892
-0.019942837,0.0022469007,-0.003174086,0.0006204821,0.0002762795,-0.0054141204,-0.0065915408,-8.654619e-05
-0.0034851397,0.0031540543,0.0007408057,-0.000768239,0.00093794905,-0.00134976,0.0001270395,-0.00052646775
0.005243219,0.0036583822,5.8779162e-05,0.00018662063,0.00027390086,0.0025057653,-0.0017647326,5.343292e-05
-0.01298621,0.0024232913,0.0033029912,0.00046739622,0.00095291465,-0.0005792869,-0.0033023786,0.0021222134
-0.006553501,0.0018647416,0.0014994439,8.592898e-05,0.0016532221,-0.003961455,-0.001364883,-0.0016196718
-0.000121665245,0.0010840112,-3.7084134e-05,-0.00079935556,0.0010695149,0.00029437183,0.00065090833,-0.0022255164
-0.00282125,0.00082292216,-0.00035320834,-0.0011479681,0.00036119623,-0.0031520133,0.00051813526,-0.0028830431
0.0038850156,0.0013922113,0.0036120755,-0.001320804,0.000781144,0.002138044,-0.0002814825,-2.9787489e-05
0.0026092408,0.0006672868,-0.0009460116,-0.0009999127,0.0008481882,-0.00019854205,0.0010430496,-0.0030661882
0.00025836495,0.001967081,-0.0010465776,-0.0018493141,0.0011390507,0.0036263051,-0.006707283,-0.004163258
-0.009776721,0.0003685148,0.0028016025,-0.0007934523,0.001905277,0.0007627754,-0.0027305265,-0.0035030989
-0.0044681407,0.0012855382,3.869196e-05,-0.003153636,0.0007833027,0.00041677593,-0.00020982129,-0.0037548558
0.0013749569,0.0016423749,-3.486092e-05,-0.0024421157,-0.00056139514,0.00088186725,0.00015002271,-0.0032759
-0.0035681317,0.0010658357,-3.1327992e-05,-0.0027654918,-0.0003684208,0.00068683154,-0.00045448667,-0.0037043223
0.0044276933,0.0019941283,0.001031983,-0.0011274802,0.00010342253,0.0020154149,-5.1426832e-05,-0.002610035
-0.0011696166,0.0006424424,0.000245144,-0.0012972103,5.442488e-05,0.000608443,-0.00020084293,-0.0031080225
0.0065235365,0.0033442406,0.0026278608,0.002087166,-0.001149642,0.0018873364,0.0006241138,-0.0014380261
-0.0015150167,0.0013720259,0.00019222297,0.001973958,0.00045973947,0.0007893048,-0.0019519709,-0.0011900323
0.0005327501,0.0013748688,-0.00014788599,0.002460762,0.0010277455,-0.00029244364,0.0002367004,0.0014600036
-0.0037421153,0.0011453362,-0.0002475047,0.0022183629,9.753292e-05,0.0005247106,-0.00011154507,0.00053050346
-0.0034692101,0.00021303819,-0.00066035124,-0.00087668956,0.00018888323,0.0008185184,-0.0002256899,-0.0015839639
-0.00013866575,0.00082009233,-0.00048460416,0.00028589013,0.00014143981,0.00038849266,0.00057865534,-0.001418427
0.0001271494,0.0019258428,-0.0003225075,0.001282719,0.00037364534,0.0011401444,0.00046404492,0.00058971415
-0.007162727,0.0025004684,0.00061460445,0.00074642774,0.0006189919,0.0034651456,0.0019002873,0.0053764842
-0.005903802,0.0012825357,-0.0053063184,0.0006240934,-0.00033273172,0.000894648,-0.0014012654,7.371821e-05
-0.0034646792,0.0014277295,-0.00024697598,6.869589e-05,-7.9185476e-05,0.000962699,-0.0033765177,0.0015455211
-0.00025695266,0.0014357731,-0.0015650115,0.0009848634,-1.4097995e-05,7.2390336e-05,-0.0043886704,0.002441702
0.00046928105,0.0026349365,-0.001004638,0.0031096207,-2.2040003e-05,0.00033722838,-0.0010770103,0.00391035
0.0011933083,0.0019360756,-0.0012406736,0.001748679,0.00080277864,0.00082568143,-0.00071813964,0.004140612
-0.0051913103,0.0008969234,0.00077043055,-0.00059929007,-0.0010484366,0.0009288919,-0.003791723,0.0013527219
0.0032387783,0.0027323132,-0.0018234213,0.0018044548,0.0046713133,0.0017904341,-0.0031225572,0.0049247425
-0.0015707982,0.0029221743,0.00011905703,-0.0027202736,-0.0016677023,0.0005480114,-0.0017026924,0.0007470408
-0.0002814575,0.00013886367,-0.0002715382,-0.0042672683,-0.0040035965,-6.297601e-05,-0.001731026,-0.0011546989
-0.0013456524,0.0012520639,-0.0012233194,-0.004981598,-0.0062330314,0.0010820547,-0.0012641068,0.002559996
-7.9665275e-05,0.0011975387,-0.0013865808,-0.003966216,-0.0043967455,0.0011523062,-0.00025772754,-0.000725407
-0.0011221565,0.00034875824,0.00019832858,-0.005627397,-0.0047493787,-0.0001962912,0.0025488117,-0.0008535892
0.00092223176,0.002078851,0.0005135822,-0.0037475785,-0.0027204836,0.0011600773,0.0020871833,-0.00092214195
-0.00016267547,-0.0051762266,-0.0006606352,-0.0030133717,-0.011617288,0.0021097483,-0.0017537468,-0.00054914295
-0.003116615,0.0008126788,-0.0036043476,-0.003189317,-0.004011935,0.0014340482,0.0017875896,-0.0015484514
-0.00060479087,0.006806901,-0.002087988,-0.0056787943,0.0015175138,0.00056630763,-0.0004936666,0.0027159774
0.0033055076,-0.0016241589,-0.0031522312,-0.0029367101,-0.0066961036,0.0017682101,-0.0031634322,0.0030566917
0.0028742151,-0.0077844714,-0.0036325976,-0.0033704352,-0.00982179,-0.0026999465,0.0031804268,0.002477657
0.00022884127,-0.006167864,-0.0047787298,-0.0032451143,-0.008528127,-1.4196935e-05,0.0014364423,-0.0009029961
0.011240793,-0.002666042,-0.00034154562,-0.009287262,-0.0039361636,0.004428362,-0.0023477182,0.001258156
-0.0041635428,-0.003392276,0.0003272092,-0.0012747643,-0.0068214387,-9.785753e-05,0.007906022,0.0019251673
0.0017653661,0.000626423,-5.866792e-07,0.0006337722,-0.002493776,0.004012271,0.0050201872,-6.817574e-05
-0.00035915032,0.0012199043,-0.0017066373,-0.001664487,-0.003181585,0.0017598979,-0.001412252,-0.0011384424
0.0024154342,8.3028935e-05,-0.0015437921,-0.002530178,-0.002133427,0.0013389094,0.0009094006,-0.0032765868
0.00014634892,-0.00012284242,-0.0014616566,-0.0005207375,-0.0024437343,0.00063479994,0.00058260164,-0.004287971
0.004957147,-0.00013647461,-0.0005817225,0.00084469514,-0.00052064407,0.00057803723,0.0006165516,-0.0023907765
-0.016713845,-5.649862e-05,-0.0010622329,-0.001137523,-0.0036885927,-0.010637358,-0.0023951062,-0.002230754
-0.00027457252,0.0006355843,-0.001975117,0.000559794,-0.0022147142,0.0018902885,-0.00014439637,0.0013373223
-0.0023709598,0.0006057937,-0.00039035728,-0.00058779813,0.0050499127,1.2672705e-05,0.0035672642,0.0018091864
-0.0041182367,0.0003656083,-0.001423446,0.00088847807,0.0035636998,-0.0062605194,-0.001316259,-0.00043174878
-0.004094036,-6.104966e-05,-0.0019960036,0.00023508992,0.00020971302,-0.0060476884,-0.0005313255,-0.0019549946
-0.002402764,0.00024485594,-0.000107449334,0.0015784441,-0.0020210834,-4.0649804e-05,0.00021618829,-0.0026322345
-0.002063605,-0.00051145157,0.00017516893,0.0007888491,-0.0011972438,-0.0024944963,0.00069775776,-0.0010620238
0.0013715253,-4.1505704e-05,0.00016998497,0.0009008482,0.00022906819,-0.00082524895,0.00080216705,-0.0013900107
-0.0007845453,0.00023920828,0.0006725891,0.00096382585,0.00012102754,0.0014360249,0.0012874115,-0.0008902113
0.013419006,-0.003234079,0.00068775256,-0.0004089289,0.0010972926,0.0037768288,0.000861919,0.0007717298
-0.005198602,0.00057267916,-0.00096459535,0.0016063079,0.00054697937,-0.0039335624,-0.00016153778,-0.0015599765
0.0023794225,-7.207382e-05,-0.0010482557,-0.0021987131,-0.0004523588,-0.00056124525,0.00045608298,-0.0014270956
-0.01435725,8.223343e-05,0.00045762848,-0.0025281284,-0.0006683705,-0.011540337,-0.002344197,-0.0008608581
0.002628992,0.00014433294,-0.0022609646,-0.0034167983,5.064573e-05,-0.0007363701,-0.00034337107,-0.0021025867
0.012934048,-0.00312147,2.1501408e-05,-0.0016441643,0.0014431013,0.0036744406,0.0022833014,-0.0006826449
-0.0025880663,0.00013534646,-3.088127e-05,-0.0009095312,0.0011064869,-0.0029598167,0.0054403604,-0.0042557763
0.0022287476,0.0016280363,0.000874061,0.00055078027,7.710985e-05,-0.0024826545,0.006473268,-0.0038503888
0.0012977804,0.00021955877,0.00019070627,-0.0010524878,-0.00012009832,-0.0037687193,0.0077008116,-0.0048657595
0.013869573,-0.0045325574,0.0014551942,0.0025866611,0.0051010223,0.006120679,-0.012461301,0.0013249947
-0.035347942,0.00048613964,-0.00046790173,0.0022882975,0.001432458,-0.017774098,-0.0049486705,-0.0051042154
0.016893156,-0.0027440228,-0.00031319645,0.005108548,0.0059498656,0.0037094196,0.0054495186,0.0014312668
0.006279461,0.0019301208,-0.0018218067,-0.0020230492,-0.0053785807,-0.0034450213,-0.0003397324,0.007869115
0.0038569241,-0.0033298559,0.005546797,-0.0039373357,-0.005187201,-0.0005911039,-0.0038191157,0.0021577433
-0.014208564,0.001466401,-0.0029756352,-0.0005894164,-0.007878257,-0.014269945,0.016620506,0.000889721
-0.0005363874,0.002089768,0.0060461685,-0.00010566026,-0.0024480629,-0.0015941763,0.011891606,0.012293481
-0.032663163,0.0004598787,-0.0037746376,0.00060685934,-0.0087055275,-0.018298756,-0.004990025,-0.008181362
-0.0013197779,0.0019854843,-0.00075405254,0.004124146,-0.001277767,-0.0028729418,0.0037427763,0.00014733624
-0.014966101,0.0016245809,0.001657129,0.0021432284,-0.0006479436,-0.0060340506,-0.001528989,-0.0019517597
-0.011739271,0.0023912238,-0.0009240545,0.00038543163,-0.005936338,0.005316651,0.00040656992,-0.006202132
-0.006871157,0.0016947604,-3.8993392e-05,0.000912827,-0.005592311,0.0015763581,-0.0010296725,0.0022187426
-0.009591314,0.0015722844,-0.0006808626,-0.00025213792,0.00094263454,0.004266683,0.000728334,0.0013995677
-0.0024877703,0.0008008603,0.00027148976,-0.00093340245,-0.00119581,0.001774457,-0.0030308256,4.198568e-05
-0.010233598,-0.0004483071,0.0008769936,-0.0011138628,-0.0014423755,0.004225469,-0.00015308755,-0.00060907373
0.0031509052,-0.0003467519,-0.005108533,0.0033224144,0.00076926505,-0.00029642895,0.0009568541,0.0065864786
-0.0028989858,-0.0028838597,0.0027345316,0.0018732003,0.0015260214,0.0019140051,0.00036872047,0.0049473983
0.0036557151,-0.0014665668,9.289272e-05,0.0054399013,0.002812569,6.45489e-05,-0.0036505505,0.004467274
-0.0060569183,-0.0007148637,0.0008192228,0.0004629873,0.0010036555,0.0052575427,-0.00073227606,0.0051178006
0.0007059781,-0.001751725,-0.0015749106,0.0037446425,5.3882075e-05,-4.3659755e-05,-0.0018650577,0.0033924691
-0.0045566484,0.00050535763,0.00036519457,0.0020113464,0.0008105093,0.0037118495,0.0010962095,0.004764691
0.00023167665,0.0011581373,0.00045571578,0.00071074534,5.590076e-05,0.001118091,0.0006008681,-0.0015626987
0.0012959838,-0.0018845658,-0.00069469056,0.0026893585,-0.00015578898,-0.0030709004,-0.0006852066,-0.0027114097
0.0013311348,0.00025345213,0.00019846032,0.005283243,-0.00050350995,0.00070672925,5.5751836e-05,-0.0013361521
0.028228514,-0.0023668536,-0.0025419625,-0.00667593,-0.0011321692,0.0024112337,-0.008588953,0.0008762958
-0.0051502385,-0.0018403821,0.0007520517,-0.0013615453,0.0018465796,-0.001356765,-0.011826231,-0.0026452797
-0.004281534,-0.0029919865,-0.00162479,0.0010753194,0.0028979494,-0.0007333404,-0.01143569,-0.0027068653
0.006046667,0.0028337112,0.00291898,0.00039572912,0.000386541,0.0072741983,-0.0067081344,0.0016849954
0.0006123616,0.0026112965,-0.0020116915,0.00030770717,0.00037763012,-0.009127818,-0.002244845,-0.0028711192
0.00036923957,0.0015586951,-0.0022971246,0.005357371,0.0008277979,-0.006368563,0.009774868,-0.0004281611
-0.012720711,0.00070937333,0.0004134089,-0.0004564489,-0.0021265196,-0.00628023,-0.0062116487,-0.000116259675
-0.004333705,0.00086856994,-0.0011495694,-0.00044491584,-0.0015971321,-0.0045420327,-0.00049578253,-0.0057235276
-0.0006856607,0.0005443191,0.000557369,-0.0007826748,0.00036889053,-0.0012242993,0.0011213155,-0.0030899725
-0.0033194053,0.0002772516,-0.0004638222,-0.0016642516,-5.841944e-05,0.0018475389,0.00024493912,-0.0037761414
0.00045612184,0.00031419814,-0.00029523886,-0.000691987,0.00061947707,0.0020768319,0.00083989504,-0.0021244509
-0.0056750528,0.00035433378,5.4862703e-05,-0.0017904456,0.00054603035,0.0015849044,0.0004892406,-0.003815764
-0.0014606933,0.0013579295,0.0004677182,-0.00041620852,0.0008728917,0.0036800026,0.0011525066,-0.0012753876
-0.005505223,0.0008919481,-0.0009854313,-0.0009951601,0.0005493473,0.0019907756,-0.002506907,-0.0034735398
0.0001954889,8.7251385e-05,-0.00031001115,-0.0008005622,0.0007128864,0.0026112164,-0.0008498644,-0.0011926981
-0.0016914112,0.0012608926,0.0008600418,-0.0018715172,0.00071350066,0.0020024872,0.001174065,-0.0013170217
-0.00071857515,-0.00014503498,-0.00024135328,-0.0011969408,0.0012140262,9.0864436e-05,0.0013090427,-0.0021209521
-0.0007792274,-0.0042496477,4.346525e-05,-0.00087015267,0.00053671777,-0.0016777375,0.0010308599,-0.0022856377
0.0030094765,-0.0042231856,0.00022394455,-0.005010796,-0.0010196088,-0.0027316639,4.348846e-05,0.00084693497
-0.0006276253,-0.0036212383,-4.8516147e-05,0.0017771067,0.00021277512,-0.0034574748,0.0011920002,5.342791e-05
-0.0002433888,-0.0022578824,0.001716058,-0.0016815966,-0.00018891665,0.00076498004,0.00020769397,-0.0015109213
0.00033198317,-0.0012460302,-0.00031950665,-0.0023382574,2.4807989e-05,0.0035899451,0.00018454458,-0.00082097587
0.0026527033,-0.00091520173,0.00023292511,-9.430303e-05,-0.0010580646,0.0025784983,0.00040473684,-0.0014049252
-0.0014379203,-0.0021350493,-0.0004893772,0.0021585524,0.0013369531,0.0012976475,-0.00086010667,0.0012267997
-0.00015070131,-0.0004085195,-0.00020061569,0.003577566,0.00090900256,-0.00032413067,-0.0005335366,0.0024634427
-0.002977143,0.0018206012,-0.000580374,-0.00044858074,0.00019626538,0.0019233712,-8.584084e-06,0.002407344
0.0014526105,0.0013387983,-0.00063015555,0.0010912098,0.00037765372,0.00064442126,0.00047947167,-3.0004117e-05
-0.0022954303,0.0012049857,1.9727964e-05,0.00024787462,0.00037579535,-0.0008831112,0.00091571093,0.00025560253
0.00022145607,0.00016262,-1.5688192e-05,0.00067611714,0.00023199784,-0.00078212965,-0.00010488432,0.00023411293
-0.002346704,0.000466414,-0.0009835875,0.00035740755,5.9568818e-05,-2.0622027e-05,-0.00013698159,-0.00039813336
-0.0044490383,0.001306803,-0.00055363384,0.0011168561,-0.00025303772,-0.0037388362,0.0019630422,0.002855023
0.0022406448,-0.00010755835,0.0005883925,6.339958e-05,0.0018601306,-0.00089653314,0.00017989635,0.0011884875
-0.00040915114,-0.00018481533,-0.00039686295,0.0011699074,0.0004900998,-0.0015885103,-0.00021879943,8.858244e-05
-0.00013733775,-0.00027306908,-0.0003389119,0.0011839955,0.00045530807,-0.0019216987,-0.00032924526,-0.00013757056
-0.0056137918,0.00021340996,-0.0011893468,-0.0018748582,-0.00048605993,0.00059726764,-8.646149e-05,0.00031542266
0.0007410988,-0.00048183903,-0.0009562624,0.001174266,0.0004403412,-0.00019896367,0.00087530003,0.0006042195
0.003515534,-0.0005952242,-0.0007825978,-0.00077011983,-2.5432018e-07,0.0007985898,0.0026679006,0.00015717636
-8.14643e-05,-0.00065529876,-0.00083246717,-0.0005299843,0.00035920052,8.32509e-05,0.0011528198,0.0002927928
0.0004946881,-0.00048646514,-0.0011304833,-0.0003275216,0.0017444507,0.0009353306,0.0007477859,0.0009928973
0.0006756211,-0.00065757893,-0.0008985245,0.0007061809,0.00224759,0.0010783256,0.00013491888,0.00070103107
0.00034585886,-0.00035939598,-0.0015594846,0.0008891606,0.001882066,0.0011260349,0.0010258489,0.0016439073
-0.0013955404,-0.0006083791,-0.0010248084,0.00045280205,0.0022454767,-0.0020024136,0.00033539583,0.00060879736
-0.0031347778,-0.0004334727,0.0006481726,0.0002785655,-0.00084131653,0.00086414453,-8.013942e-05,0.0012283513
-0.002685406,0.00022736102,0.00027951892,3.2093645e-05,-5.9686434e-05,-0.002561028,-0.000118533375,0.0013981063
0.0016499973,-0.00023370677,-8.892128e-05,0.0010650295,0.00020824136,-0.0009515574,0.0007868643,0.0010115483
-0.0035354958,-0.00015318087,-9.409677e-05,0.00015999292,-6.234872e-05,-0.002661585,-9.361228e-06,-6.744097e-05
-0.0075028352,-2.8967272e-05,-0.00033408948,-0.0015189783,5.443521e-05,-0.0047786557,9.981168e-05,0.001658109
0.0016054104,0.00089644146,-0.00036816325,-0.00024082811,0.0005165469,0.0034801485,0.0017242933,0.0014985597
7.4566335e-05,-0.0005540588,-0.00087509747,0.0007005449,0.0004271907,0.0010632233,0.0005339602,0.0009510814
-0.00433652,-0.0005420597,-0.0011166722,0.0004991406,0.00042454046,0.001229863,0.0004580194,-0.00010854232
0.0005129549,0.0007369619,-0.0010825493,0.0008356876,0.00017790156,0.0026704068,0.00030588897,0.00026368603
-0.0041981633,-0.00069822365,-0.00053453713,0.0011311905,0.0003846542,0.0023534268,-0.0008074973,-0.00025778532
-0.00042438135,-2.1238166e-05,-0.00066073274,0.00097221904,0.00084101496,-0.0003569047,-0.000238521,0.00057803764
0.0029364575,-0.00018831254,0.00088854064,0.00053028675,-0.00038393715,-0.0017149744,0.0002537101,0.00046878777
0.0016820484,-0.0009742203,-0.0006387925,0.00053369935,0.0003886932,-0.0007489037,-0.00019880454,0.00056497875
-0.008203234,-0.00024290495,0.0013068505,-0.0014427652,5.6018802e-05,-0.0057885437,-0.0001159207,0.0012278517
0.0012144925,-0.00062549673,0.0003813517,0.00050154823,0.00013521423,-0.00085497345,-1.562038e-06,0.0006711489
0.0012370065,-0.0006120037,-0.00044428362,5.191827e-06,2.5192981e-05,-0.0006637766,0.00016287093,0.00054920587
0.0014760969,-0.0006733468,0.00015390868,0.0017166932,-0.00033596862,-6.015094e-05,-0.00035346558,0.0007567475
0.0018643246,-0.00027410596,-0.0002511246,0.0015499826,-0.0006371566,0.0019279183,-0.0007991786,-6.9980146e-05
7.213393e-05,-0.0014419813,-0.000716797,-0.0017039509,0.00052420824,-0.0006937917,-0.0021048044,-0.00011402868
0.002987663,-0.0015326441,-0.0019524039,-0.0012915795,0.0005043464,0.0001486194,-7.1949915e-05,-0.0005405115
-0.0013114264,-0.0003724879,-0.0019979684,-0.0019933432,1.9023008e-05,-0.0029216893,0.0002594213,0.0019408243
0.0015047935,-0.0008069151,-0.00023906898,-0.0004687771,-0.00022551743,0.001081629,0.00084161106,0.0014594902
0.0035541675,-0.00092139764,-0.001032689,-0.00013384537,-0.0005775223,6.1753917e-06,0.0014248217,0.0016317298
-0.0010066904,-2.2558024e-05,0.00015036427,-0.0005223554,-0.00017389053,-0.002810675,0.00039936113,0.0012769271
0.001087256,-0.00069583213,2.0896236e-06,-0.0015050486,0.00023043393,-0.00096777524,-0.00012182449,0.000477345
-0.002191145,-0.0006481326,-0.00085508096,-0.0014064218,-7.798543e-05,-0.0016759755,0.00069724896,8.888828e-05
0.00084711966,-0.00063691137,0.0006444673,-0.0017530263,-7.2273826e-05,-0.0015826232,-0.00043282658,0.00015799685
0.0016083374,-0.00079160405,-0.00022834625,-0.0009585348,-0.00025875622,-0.00070412987,0.00021601903,0.00054276135
-0.00155854,-7.3049623e-06,-0.0007867489,-0.00087006093,-0.0004966563,-0.0036059914,0.00073945976,0.0022937122
-0.0023141226,-0.00093834347,-0.00055202394,-0.0005535611,-5.6664358e-06,-0.0006021573,0.0006701386,0.00097316224
0.0015378399,-0.0009468556,0.0001579393,-0.0015674356,-0.0007998453,-0.00012186196,0.00044254842,0.0008673853
-0.0027926792,-0.0007127779,-0.0011479148,-0.0023236093,0.00035724655,-0.0025867817,0.00031895933,-0.0005268211
0.002454994,-0.00013042869,0.0005113536,-0.0007568551,0.00016915468,0.0014144011,-0.0010866374,0.00039087728
0.0011842593,-0.00033565005,0.0008823319,-0.00044527726,-9.276036e-05,0.0007645733,0.0025787004,-0.0011370392
-0.0012394965,-0.00016759954,-0.0013017579,0.0002375975,-0.00065181596,-0.0020919,0.0004478155,0.0002699979
-0.0023809522,-0.00043811824,-0.0006047054,-0.0010311387,0.00092639937,-0.0053702113,-0.0007949694,0.00046199016
-0.0015086032,0.00039118147,0.0005266107,-0.0002903482,0.0008903177,-0.002542285,0.00084091054,4.2908476e-05
-0.0005014223,-0.00063888595,-4.5652643e-05,-0.00071449357,0.001715257,0.0015613498,0.00089738827,2.3273451e-05
-0.0005907786,-0.000802024,-0.00023675435,-0.00023079042,0.00039730588,0.0012260259,-0.00031235043,0.00063414493
-0.0034728267,-0.00094154454,-0.00054790656,-0.0005790843,0.0012142236,0.0017466876,-0.00016762559,-0.0003767253
