window_id,suffix,Ticker,Strategy,Weight
EqualWeight,252,AAPL,EqualWeight,0.2
EqualWeight,252,AMZN,EqualWeight,0.2
EqualWeight,252,GOOGL,EqualWeight,0.2
EqualWeight,252,MSFT,EqualWeight,0.2
EqualWeight,252,NVDA,EqualWeight,0.2
Markowitz,252,AAPL,Markowitz,0.24999999999999972
Markowitz,252,AMZN,Markowitz,0.24999999999999944
Markowitz,252,GOOGL,Markowitz,0.25
Markowitz,252,MSFT,Markowitz,0.0
Markowitz,252,NVDA,Markowitz,0.25
RandomForest,252,AAPL,RandomForest,0.24999999999999975
RandomForest,252,AMZN,RandomForest,0.24999999999999975
RandomForest,252,GOOGL,RandomForest,0.24999999999999997
RandomForest,252,MSFT,RandomForest,0.0
RandomForest,252,NVDA,RandomForest,0.25
XGBoost,252,AAPL,XGBoost,0.25
XGBoost,252,AMZN,XGBoost,0.24999999999999836
XGBoost,252,GOOGL,XGBoost,0.24999999999999967
XGBoost,252,MSFT,XGBoost,8.604228440844963e-16
XGBoost,252,NVDA,XGBoost,0.25
TabPFN,252,AAPL,TabPFN,1.27675647831893e-15
TabPFN,252,AMZN,TabPFN,0.25
TabPFN,252,GOOGL,TabPFN,0.24999999999999878
TabPFN,252,MSFT,TabPFN,0.24999999999999803
TabPFN,252,NVDA,TabPFN,0.25
EqualWeight,257,AAPL,EqualWeight,0.2
EqualWeight,257,AMZN,EqualWeight,0.2
EqualWeight,257,GOOGL,EqualWeight,0.2
EqualWeight,257,MSFT,EqualWeight,0.2
EqualWeight,257,NVDA,EqualWeight,0.2
Markowitz,257,AAPL,Markowitz,0.25
Markowitz,257,AMZN,Markowitz,0.25
Markowitz,257,GOOGL,Markowitz,0.2499999999999998
Markowitz,257,MSFT,Markowitz,0.25
Markowitz,257,NVDA,Markowitz,0.0
RandomForest,257,AAPL,RandomForest,0.24999999999999484
RandomForest,257,AMZN,RandomForest,0.2499999999999981
RandomForest,257,GOOGL,RandomForest,0.24999999999999553
RandomForest,257,MSFT,RandomForest,0.25
RandomForest,257,NVDA,RandomForest,6.179085021429387e-15
XGBoost,257,AAPL,XGBoost,0.24999999999999992
XGBoost,257,AMZN,XGBoost,0.25
XGBoost,257,GOOGL,XGBoost,0.25
XGBoost,257,MSFT,XGBoost,3.0531133177191805e-16
XGBoost,257,NVDA,XGBoost,0.2499999999999996
TabPFN,257,AAPL,TabPFN,0.25
TabPFN,257,AMZN,TabPFN,0.25
TabPFN,257,GOOGL,TabPFN,0.24999999999999944
TabPFN,257,MSFT,TabPFN,0.25
TabPFN,257,NVDA,TabPFN,0.0
EqualWeight,262,AAPL,EqualWeight,0.2
EqualWeight,262,AMZN,EqualWeight,0.2
EqualWeight,262,GOOGL,EqualWeight,0.2
EqualWeight,262,MSFT,EqualWeight,0.2
EqualWeight,262,NVDA,EqualWeight,0.2
Markowitz,262,AAPL,Markowitz,0.2499999999999882
Markowitz,262,AMZN,Markowitz,0.18694571292021472
Markowitz,262,GOOGL,Markowitz,0.24999999999999442
Markowitz,262,MSFT,Markowitz,0.24999999999999806
Markowitz,262,NVDA,Markowitz,0.06305428707980457
RandomForest,262,AAPL,RandomForest,0.25
RandomForest,262,AMZN,RandomForest,0.25
RandomForest,262,GOOGL,RandomForest,0.24999999999999925
RandomForest,262,MSFT,RandomForest,0.25
RandomForest,262,NVDA,RandomForest,4.718447854656915e-16
XGBoost,262,AAPL,XGBoost,0.25
XGBoost,262,AMZN,XGBoost,0.12746628703460847
XGBoost,262,GOOGL,XGBoost,0.25
XGBoost,262,MSFT,XGBoost,0.25
XGBoost,262,NVDA,XGBoost,0.12253371296530675
TabPFN,262,AAPL,TabPFN,0.24999999999999967
TabPFN,262,AMZN,TabPFN,8.881784197001252e-16
TabPFN,262,GOOGL,TabPFN,0.24999999999999936
TabPFN,262,MSFT,TabPFN,0.25
TabPFN,262,NVDA,TabPFN,0.25
EqualWeight,267,AAPL,EqualWeight,0.2
EqualWeight,267,AMZN,EqualWeight,0.2
EqualWeight,267,GOOGL,EqualWeight,0.2
EqualWeight,267,MSFT,EqualWeight,0.2
EqualWeight,267,NVDA,EqualWeight,0.2
Markowitz,267,AAPL,Markowitz,4.9960036108132044e-15
Markowitz,267,AMZN,Markowitz,0.25
Markowitz,267,GOOGL,Markowitz,0.2499999999999996
Markowitz,267,MSFT,Markowitz,0.25
Markowitz,267,NVDA,Markowitz,0.24999999999999356
RandomForest,267,AAPL,RandomForest,0.25
RandomForest,267,AMZN,RandomForest,0.25
RandomForest,267,GOOGL,RandomForest,0.24999999999999986
RandomForest,267,MSFT,RandomForest,2.7755575615628914e-17
RandomForest,267,NVDA,RandomForest,0.24999999999999833
XGBoost,267,AAPL,XGBoost,0.0
XGBoost,267,AMZN,XGBoost,0.25
XGBoost,267,GOOGL,XGBoost,0.24999999999999975
XGBoost,267,MSFT,XGBoost,0.25
XGBoost,267,NVDA,XGBoost,0.25
TabPFN,267,AAPL,TabPFN,8.881784197001252e-16
TabPFN,267,AMZN,TabPFN,0.25
TabPFN,267,GOOGL,TabPFN,0.2499999999999999
TabPFN,267,MSFT,TabPFN,0.25
TabPFN,267,NVDA,TabPFN,0.2499999999999975
EqualWeight,272,AAPL,EqualWeight,0.2
EqualWeight,272,AMZN,EqualWeight,0.2
EqualWeight,272,GOOGL,EqualWeight,0.2
EqualWeight,272,MSFT,EqualWeight,0.2
EqualWeight,272,NVDA,EqualWeight,0.2
Markowitz,272,AAPL,Markowitz,0.25
Markowitz,272,AMZN,Markowitz,1.970645868709653e-15
Markowitz,272,GOOGL,Markowitz,0.24999999999999822
Markowitz,272,MSFT,Markowitz,0.25
Markowitz,272,NVDA,Markowitz,0.24999999999999897
RandomForest,272,AAPL,RandomForest,0.24999999999999917
RandomForest,272,AMZN,RandomForest,0.2499999999999972
RandomForest,272,GOOGL,RandomForest,0.25
RandomForest,272,MSFT,RandomForest,1.897787482718627e-15
RandomForest,272,NVDA,RandomForest,0.25
XGBoost,272,AAPL,XGBoost,0.24999999999999997
XGBoost,272,AMZN,XGBoost,3.941291737419306e-15
XGBoost,272,GOOGL,XGBoost,0.2499999999999933
XGBoost,272,MSFT,XGBoost,0.25
XGBoost,272,NVDA,XGBoost,0.25
TabPFN,272,AAPL,TabPFN,0.25
TabPFN,272,AMZN,TabPFN,5.495603971894525e-15
TabPFN,272,GOOGL,TabPFN,0.24999999999999264
TabPFN,272,MSFT,TabPFN,0.25
TabPFN,272,NVDA,TabPFN,0.2499999999999996
EqualWeight,277,AAPL,EqualWeight,0.2
EqualWeight,277,AMZN,EqualWeight,0.2
EqualWeight,277,GOOGL,EqualWeight,0.2
EqualWeight,277,MSFT,EqualWeight,0.2
EqualWeight,277,NVDA,EqualWeight,0.2
Markowitz,277,AAPL,Markowitz,0.25
Markowitz,277,AMZN,Markowitz,0.25
Markowitz,277,GOOGL,Markowitz,0.24999999999999997
Markowitz,277,MSFT,Markowitz,0.25
Markowitz,277,NVDA,Markowitz,0.0
RandomForest,277,AAPL,RandomForest,0.25
RandomForest,277,AMZN,RandomForest,0.25
RandomForest,277,GOOGL,RandomForest,0.24999999999999775
RandomForest,277,MSFT,RandomForest,0.25
RandomForest,277,NVDA,RandomForest,9.992007221626409e-16
XGBoost,277,AAPL,XGBoost,0.24999999999999784
XGBoost,277,AMZN,XGBoost,0.25
XGBoost,277,GOOGL,XGBoost,0.24999999999999672
XGBoost,277,MSFT,XGBoost,0.24999999999999872
XGBoost,277,NVDA,XGBoost,1.27675647831893e-15
TabPFN,277,AAPL,TabPFN,0.25
TabPFN,277,AMZN,TabPFN,0.24999999999999967
TabPFN,277,GOOGL,TabPFN,0.25
TabPFN,277,MSFT,TabPFN,0.25
TabPFN,277,NVDA,TabPFN,0.0
EqualWeight,282,AAPL,EqualWeight,0.2
EqualWeight,282,AMZN,EqualWeight,0.2
EqualWeight,282,GOOGL,EqualWeight,0.2
EqualWeight,282,MSFT,EqualWeight,0.2
EqualWeight,282,NVDA,EqualWeight,0.2
Markowitz,282,AAPL,Markowitz,0.25
Markowitz,282,AMZN,Markowitz,0.25
Markowitz,282,GOOGL,Markowitz,0.25
Markowitz,282,MSFT,Markowitz,0.25
Markowitz,282,NVDA,Markowitz,0.0
RandomForest,282,AAPL,RandomForest,0.25
RandomForest,282,AMZN,RandomForest,0.24999999999999223
RandomForest,282,GOOGL,RandomForest,0.25
RandomForest,282,MSFT,RandomForest,0.25
RandomForest,282,NVDA,RandomForest,0.0
XGBoost,282,AAPL,XGBoost,0.24999999999998712
XGBoost,282,AMZN,XGBoost,0.25
XGBoost,282,GOOGL,XGBoost,0.24999999999999467
XGBoost,282,MSFT,XGBoost,0.25
XGBoost,282,NVDA,XGBoost,8.271161533457416e-15
TabPFN,282,AAPL,TabPFN,0.25
TabPFN,282,AMZN,TabPFN,0.0
TabPFN,282,GOOGL,TabPFN,0.24999999999999994
TabPFN,282,MSFT,TabPFN,0.24999999999999878
TabPFN,282,NVDA,TabPFN,0.25
EqualWeight,287,AAPL,EqualWeight,0.2
EqualWeight,287,AMZN,EqualWeight,0.2
EqualWeight,287,GOOGL,EqualWeight,0.2
EqualWeight,287,MSFT,EqualWeight,0.2
EqualWeight,287,NVDA,EqualWeight,0.2
Markowitz,287,AAPL,Markowitz,0.2499999999999998
Markowitz,287,AMZN,Markowitz,0.25
Markowitz,287,GOOGL,Markowitz,0.25
Markowitz,287,MSFT,Markowitz,0.25
Markowitz,287,NVDA,Markowitz,0.0
RandomForest,287,AAPL,RandomForest,0.2499999999999983
RandomForest,287,AMZN,RandomForest,0.25
RandomForest,287,GOOGL,RandomForest,0.25
RandomForest,287,MSFT,RandomForest,0.25
RandomForest,287,NVDA,RandomForest,0.0
XGBoost,287,AAPL,XGBoost,0.25
XGBoost,287,AMZN,XGBoost,0.25
XGBoost,287,GOOGL,XGBoost,0.25
XGBoost,287,MSFT,XGBoost,0.24999999999999664
XGBoost,287,NVDA,XGBoost,0.0
TabPFN,287,AAPL,TabPFN,0.2499999999999992
TabPFN,287,AMZN,TabPFN,0.25
TabPFN,287,GOOGL,TabPFN,0.24999999999999975
TabPFN,287,MSFT,TabPFN,0.25
TabPFN,287,NVDA,TabPFN,6.38378239159465e-16
EqualWeight,292,AAPL,EqualWeight,0.2
EqualWeight,292,AMZN,EqualWeight,0.2
EqualWeight,292,GOOGL,EqualWeight,0.2
EqualWeight,292,MSFT,EqualWeight,0.2
EqualWeight,292,NVDA,EqualWeight,0.2
Markowitz,292,AAPL,Markowitz,7.563394355258879e-16
Markowitz,292,AMZN,Markowitz,0.25
Markowitz,292,GOOGL,Markowitz,0.24999999999999717
Markowitz,292,MSFT,Markowitz,0.25
Markowitz,292,NVDA,Markowitz,0.25
RandomForest,292,AAPL,RandomForest,0.25
RandomForest,292,AMZN,RandomForest,0.25
RandomForest,292,GOOGL,RandomForest,0.0
RandomForest,292,MSFT,RandomForest,0.25
RandomForest,292,NVDA,RandomForest,0.2499999999999997
XGBoost,292,AAPL,XGBoost,0.25
XGBoost,292,AMZN,XGBoost,0.24999999999999953
XGBoost,292,GOOGL,XGBoost,1.1102230246251565e-16
XGBoost,292,MSFT,XGBoost,0.24999999999999967
XGBoost,292,NVDA,XGBoost,0.24999999999999933
TabPFN,292,AAPL,TabPFN,4.9960036108132044e-15
TabPFN,292,AMZN,TabPFN,0.25
TabPFN,292,GOOGL,TabPFN,0.24999999999999933
TabPFN,292,MSFT,TabPFN,0.24999999999999634
TabPFN,292,NVDA,TabPFN,0.24999999999999936
EqualWeight,297,AAPL,EqualWeight,0.2
EqualWeight,297,AMZN,EqualWeight,0.2
EqualWeight,297,GOOGL,EqualWeight,0.2
EqualWeight,297,MSFT,EqualWeight,0.2
EqualWeight,297,NVDA,EqualWeight,0.2
Markowitz,297,AAPL,Markowitz,0.24999999999999678
Markowitz,297,AMZN,Markowitz,0.249999999999999
Markowitz,297,GOOGL,Markowitz,0.0
Markowitz,297,MSFT,Markowitz,0.24999999999999967
Markowitz,297,NVDA,Markowitz,0.25
RandomForest,297,AAPL,RandomForest,0.25
RandomForest,297,AMZN,RandomForest,0.2499999999999985
RandomForest,297,GOOGL,RandomForest,0.0
RandomForest,297,MSFT,RandomForest,0.24999999999999917
RandomForest,297,NVDA,RandomForest,0.249999999999997
XGBoost,297,AAPL,XGBoost,0.25
XGBoost,297,AMZN,XGBoost,0.24999999999999856
XGBoost,297,GOOGL,XGBoost,0.0
XGBoost,297,MSFT,XGBoost,0.25
XGBoost,297,NVDA,XGBoost,0.25
TabPFN,297,AAPL,TabPFN,0.2125167300601802
TabPFN,297,AMZN,TabPFN,0.25
TabPFN,297,GOOGL,TabPFN,0.03748326993981909
TabPFN,297,MSFT,TabPFN,0.25
TabPFN,297,NVDA,TabPFN,0.24999999999999994
EqualWeight,302,AAPL,EqualWeight,0.2
EqualWeight,302,AMZN,EqualWeight,0.2
EqualWeight,302,GOOGL,EqualWeight,0.2
EqualWeight,302,MSFT,EqualWeight,0.2
EqualWeight,302,NVDA,EqualWeight,0.2
Markowitz,302,AAPL,Markowitz,0.25
Markowitz,302,AMZN,Markowitz,0.24999999999999972
Markowitz,302,GOOGL,Markowitz,0.24999999999999994
Markowitz,302,MSFT,Markowitz,0.12765663464741495
Markowitz,302,NVDA,Markowitz,0.1223433653525853
RandomForest,302,AAPL,RandomForest,0.24999999999999944
RandomForest,302,AMZN,RandomForest,0.25
RandomForest,302,GOOGL,RandomForest,0.25
RandomForest,302,MSFT,RandomForest,0.0
RandomForest,302,NVDA,RandomForest,0.25
XGBoost,302,AAPL,XGBoost,0.24999999999999975
XGBoost,302,AMZN,XGBoost,0.25
XGBoost,302,GOOGL,XGBoost,0.24999999999999956
XGBoost,302,MSFT,XGBoost,0.24999999999999975
XGBoost,302,NVDA,XGBoost,8.049116928532385e-16
TabPFN,302,AAPL,TabPFN,0.25
TabPFN,302,AMZN,TabPFN,0.25
TabPFN,302,GOOGL,TabPFN,0.0
TabPFN,302,MSFT,TabPFN,0.24999999999999944
TabPFN,302,NVDA,TabPFN,0.25
EqualWeight,307,AAPL,EqualWeight,0.2
EqualWeight,307,AMZN,EqualWeight,0.2
EqualWeight,307,GOOGL,EqualWeight,0.2
EqualWeight,307,MSFT,EqualWeight,0.2
EqualWeight,307,NVDA,EqualWeight,0.2
Markowitz,307,AAPL,Markowitz,0.25
Markowitz,307,AMZN,Markowitz,0.24999999999999947
Markowitz,307,GOOGL,Markowitz,0.25
Markowitz,307,MSFT,Markowitz,0.0
Markowitz,307,NVDA,Markowitz,0.24999999999999992
RandomForest,307,AAPL,RandomForest,0.24999999999999928
RandomForest,307,AMZN,RandomForest,0.25
RandomForest,307,GOOGL,RandomForest,0.24999999999999992
RandomForest,307,MSFT,RandomForest,0.25
RandomForest,307,NVDA,RandomForest,7.424616477180734e-16
XGBoost,307,AAPL,XGBoost,5.273559366969494e-16
XGBoost,307,AMZN,XGBoost,0.25
XGBoost,307,GOOGL,XGBoost,0.2499999999999995
XGBoost,307,MSFT,XGBoost,0.25
XGBoost,307,NVDA,XGBoost,0.24999999999999997
TabPFN,307,AAPL,TabPFN,0.25
TabPFN,307,AMZN,TabPFN,0.24999999999999992
TabPFN,307,GOOGL,TabPFN,0.25
TabPFN,307,MSFT,TabPFN,0.0
TabPFN,307,NVDA,TabPFN,0.25
EqualWeight,312,AAPL,EqualWeight,0.2
EqualWeight,312,AMZN,EqualWeight,0.2
EqualWeight,312,GOOGL,EqualWeight,0.2
EqualWeight,312,MSFT,EqualWeight,0.2
EqualWeight,312,NVDA,EqualWeight,0.2
Markowitz,312,AAPL,Markowitz,0.25
Markowitz,312,AMZN,Markowitz,0.25
Markowitz,312,GOOGL,Markowitz,0.24999999999999994
Markowitz,312,MSFT,Markowitz,0.25
Markowitz,312,NVDA,Markowitz,0.0
RandomForest,312,AAPL,RandomForest,0.25
RandomForest,312,AMZN,RandomForest,0.24999999999999992
RandomForest,312,GOOGL,RandomForest,0.25
RandomForest,312,MSFT,RandomForest,0.25
RandomForest,312,NVDA,RandomForest,2.7755575615628914e-17
XGBoost,312,AAPL,XGBoost,0.24999999999999842
XGBoost,312,AMZN,XGBoost,0.25
XGBoost,312,GOOGL,XGBoost,0.2499999999999997
XGBoost,312,MSFT,XGBoost,0.2499999999999997
XGBoost,312,NVDA,XGBoost,4.718447854656915e-16
TabPFN,312,AAPL,TabPFN,0.25
TabPFN,312,AMZN,TabPFN,0.24999999999999983
TabPFN,312,GOOGL,TabPFN,0.24999999999999978
TabPFN,312,MSFT,TabPFN,0.25
TabPFN,312,NVDA,TabPFN,0.0
EqualWeight,317,AAPL,EqualWeight,0.2
EqualWeight,317,AMZN,EqualWeight,0.2
EqualWeight,317,GOOGL,EqualWeight,0.2
EqualWeight,317,MSFT,EqualWeight,0.2
EqualWeight,317,NVDA,EqualWeight,0.2
Markowitz,317,AAPL,Markowitz,0.25
Markowitz,317,AMZN,Markowitz,0.25
Markowitz,317,GOOGL,Markowitz,1.6653345369377348e-16
Markowitz,317,MSFT,Markowitz,0.25
Markowitz,317,NVDA,Markowitz,0.24999999999999875
RandomForest,317,AAPL,RandomForest,0.24999999999999994
RandomForest,317,AMZN,RandomForest,0.25
RandomForest,317,GOOGL,RandomForest,0.0
RandomForest,317,MSFT,RandomForest,0.24999999999999975
RandomForest,317,NVDA,RandomForest,0.25
XGBoost,317,AAPL,XGBoost,0.25
XGBoost,317,AMZN,XGBoost,0.24999999999999975
XGBoost,317,GOOGL,XGBoost,2.7755575615628914e-16
XGBoost,317,MSFT,XGBoost,0.24999999999999972
XGBoost,317,NVDA,XGBoost,0.24999999999999983
TabPFN,317,AAPL,TabPFN,0.25
TabPFN,317,AMZN,TabPFN,9.020562075079397e-17
TabPFN,317,GOOGL,TabPFN,0.25
TabPFN,317,MSFT,TabPFN,0.25
TabPFN,317,NVDA,TabPFN,0.2499999999999991
EqualWeight,322,AAPL,EqualWeight,0.2
EqualWeight,322,AMZN,EqualWeight,0.2
EqualWeight,322,GOOGL,EqualWeight,0.2
EqualWeight,322,MSFT,EqualWeight,0.2
EqualWeight,322,NVDA,EqualWeight,0.2
Markowitz,322,AAPL,Markowitz,0.25
Markowitz,322,AMZN,Markowitz,0.24999999999999956
Markowitz,322,GOOGL,Markowitz,0.24999999999999972
Markowitz,322,MSFT,Markowitz,0.24999999999999983
Markowitz,322,NVDA,Markowitz,8.881784197001252e-16
RandomForest,322,AAPL,RandomForest,0.25
RandomForest,322,AMZN,RandomForest,0.24999999999999967
RandomForest,322,GOOGL,RandomForest,0.25
RandomForest,322,MSFT,RandomForest,0.25
RandomForest,322,NVDA,RandomForest,0.0
XGBoost,322,AAPL,XGBoost,0.25
XGBoost,322,AMZN,XGBoost,0.24999999999999845
XGBoost,322,GOOGL,XGBoost,0.25
XGBoost,322,MSFT,XGBoost,0.25
XGBoost,322,NVDA,XGBoost,0.0
TabPFN,322,AAPL,TabPFN,0.25
TabPFN,322,AMZN,TabPFN,0.25
TabPFN,322,GOOGL,TabPFN,0.24999999999999992
TabPFN,322,MSFT,TabPFN,0.24999999999999992
TabPFN,322,NVDA,TabPFN,8.326672684688674e-17
EqualWeight,327,AAPL,EqualWeight,0.2
EqualWeight,327,AMZN,EqualWeight,0.2
EqualWeight,327,GOOGL,EqualWeight,0.2
EqualWeight,327,MSFT,EqualWeight,0.2
EqualWeight,327,NVDA,EqualWeight,0.2
Markowitz,327,AAPL,Markowitz,0.25
Markowitz,327,AMZN,Markowitz,4.718447854656915e-16
Markowitz,327,GOOGL,Markowitz,0.25
Markowitz,327,MSFT,Markowitz,0.25
Markowitz,327,NVDA,Markowitz,0.24999999999999917
RandomForest,327,AAPL,RandomForest,0.24999999999999264
RandomForest,327,AMZN,RandomForest,0.24999999999999611
RandomForest,327,GOOGL,RandomForest,0.2499999999999825
RandomForest,327,MSFT,RandomForest,0.2499999999999956
RandomForest,327,NVDA,RandomForest,3.319219898934023e-14
XGBoost,327,AAPL,XGBoost,0.25
XGBoost,327,AMZN,XGBoost,5.551115123125783e-17
XGBoost,327,GOOGL,XGBoost,0.24999999999999822
XGBoost,327,MSFT,XGBoost,0.25
XGBoost,327,NVDA,XGBoost,0.25
TabPFN,327,AAPL,TabPFN,0.25
TabPFN,327,AMZN,TabPFN,0.25
TabPFN,327,GOOGL,TabPFN,0.2499999999999995
TabPFN,327,MSFT,TabPFN,0.24999999999999994
TabPFN,327,NVDA,TabPFN,0.0
EqualWeight,332,AAPL,EqualWeight,0.2
EqualWeight,332,AMZN,EqualWeight,0.2
EqualWeight,332,GOOGL,EqualWeight,0.2
EqualWeight,332,MSFT,EqualWeight,0.2
EqualWeight,332,NVDA,EqualWeight,0.2
Markowitz,332,AAPL,Markowitz,0.25
Markowitz,332,AMZN,Markowitz,0.24999999999999967
Markowitz,332,GOOGL,Markowitz,0.25
Markowitz,332,MSFT,Markowitz,0.24999999999999994
Markowitz,332,NVDA,Markowitz,0.0
RandomForest,332,AAPL,RandomForest,0.25
RandomForest,332,AMZN,RandomForest,0.24999999999999972
RandomForest,332,GOOGL,RandomForest,0.24999999999999986
RandomForest,332,MSFT,RandomForest,0.25
RandomForest,332,NVDA,RandomForest,0.0
XGBoost,332,AAPL,XGBoost,0.24999999999999947
XGBoost,332,AMZN,XGBoost,0.24999999999999994
XGBoost,332,GOOGL,XGBoost,0.25
XGBoost,332,MSFT,XGBoost,0.25
XGBoost,332,NVDA,XGBoost,0.0
TabPFN,332,AAPL,TabPFN,0.25
TabPFN,332,AMZN,TabPFN,0.24999999999999784
TabPFN,332,GOOGL,TabPFN,0.25
TabPFN,332,MSFT,TabPFN,0.25
TabPFN,332,NVDA,TabPFN,0.0
EqualWeight,337,AAPL,EqualWeight,0.2
EqualWeight,337,AMZN,EqualWeight,0.2
EqualWeight,337,GOOGL,EqualWeight,0.2
EqualWeight,337,MSFT,EqualWeight,0.2
EqualWeight,337,NVDA,EqualWeight,0.2
Markowitz,337,AAPL,Markowitz,0.25
Markowitz,337,AMZN,Markowitz,0.25
Markowitz,337,GOOGL,Markowitz,0.25
Markowitz,337,MSFT,Markowitz,0.24999999999999825
Markowitz,337,NVDA,Markowitz,0.0
RandomForest,337,AAPL,RandomForest,0.24999999999999978
RandomForest,337,AMZN,RandomForest,0.24999999999999956
RandomForest,337,GOOGL,RandomForest,0.25
RandomForest,337,MSFT,RandomForest,0.25
RandomForest,337,NVDA,RandomForest,0.0
XGBoost,337,AAPL,XGBoost,0.24999999999999914
XGBoost,337,AMZN,XGBoost,0.24999999999999944
XGBoost,337,GOOGL,XGBoost,0.25
XGBoost,337,MSFT,XGBoost,0.25
XGBoost,337,NVDA,XGBoost,0.0
TabPFN,337,AAPL,TabPFN,0.25
TabPFN,337,AMZN,TabPFN,0.0
TabPFN,337,GOOGL,TabPFN,0.25
TabPFN,337,MSFT,TabPFN,0.25
TabPFN,337,NVDA,TabPFN,0.24999999999998523
EqualWeight,342,AAPL,EqualWeight,0.2
EqualWeight,342,AMZN,EqualWeight,0.2
EqualWeight,342,GOOGL,EqualWeight,0.2
EqualWeight,342,MSFT,EqualWeight,0.2
EqualWeight,342,NVDA,EqualWeight,0.2
Markowitz,342,AAPL,Markowitz,0.2499999999999996
Markowitz,342,AMZN,Markowitz,9.159339953157541e-16
Markowitz,342,GOOGL,Markowitz,0.24999999999999956
Markowitz,342,MSFT,Markowitz,0.25
Markowitz,342,NVDA,Markowitz,0.2499999999999999
RandomForest,342,AAPL,RandomForest,0.25
RandomForest,342,AMZN,RandomForest,0.0
RandomForest,342,GOOGL,RandomForest,0.25
RandomForest,342,MSFT,RandomForest,0.24999999999999772
RandomForest,342,NVDA,RandomForest,0.25
XGBoost,342,AAPL,XGBoost,0.24999999999999908
XGBoost,342,AMZN,XGBoost,1.0547118733938987e-15
XGBoost,342,GOOGL,XGBoost,0.24999999999999944
XGBoost,342,MSFT,XGBoost,0.25
XGBoost,342,NVDA,XGBoost,0.25
TabPFN,342,AAPL,TabPFN,0.24999999999999933
TabPFN,342,AMZN,TabPFN,0.0
TabPFN,342,GOOGL,TabPFN,0.25
TabPFN,342,MSFT,TabPFN,0.25
TabPFN,342,NVDA,TabPFN,0.25
EqualWeight,347,AAPL,EqualWeight,0.2
EqualWeight,347,AMZN,EqualWeight,0.2
EqualWeight,347,GOOGL,EqualWeight,0.2
EqualWeight,347,MSFT,EqualWeight,0.2
EqualWeight,347,NVDA,EqualWeight,0.2
Markowitz,347,AAPL,Markowitz,0.2499999999999998
Markowitz,347,AMZN,Markowitz,0.0
Markowitz,347,GOOGL,Markowitz,0.25
Markowitz,347,MSFT,Markowitz,0.24999999999999983
Markowitz,347,NVDA,Markowitz,0.25
RandomForest,347,AAPL,RandomForest,0.2499999999999992
RandomForest,347,AMZN,RandomForest,1.0547118733938987e-15
RandomForest,347,GOOGL,RandomForest,0.25
RandomForest,347,MSFT,RandomForest,0.24999999999999994
RandomForest,347,NVDA,RandomForest,0.24999999999999964
XGBoost,347,AAPL,XGBoost,0.25
XGBoost,347,AMZN,XGBoost,0.0
XGBoost,347,GOOGL,XGBoost,0.25
XGBoost,347,MSFT,XGBoost,0.24999999999999944
XGBoost,347,NVDA,XGBoost,0.25
TabPFN,347,AAPL,TabPFN,0.25
TabPFN,347,AMZN,TabPFN,0.0
TabPFN,347,GOOGL,TabPFN,0.25
TabPFN,347,MSFT,TabPFN,0.2499999999999995
TabPFN,347,NVDA,TabPFN,0.25
EqualWeight,352,AAPL,EqualWeight,0.2
EqualWeight,352,AMZN,EqualWeight,0.2
EqualWeight,352,GOOGL,EqualWeight,0.2
EqualWeight,352,MSFT,EqualWeight,0.2
EqualWeight,352,NVDA,EqualWeight,0.2
Markowitz,352,AAPL,Markowitz,0.22637423632797718
Markowitz,352,AMZN,Markowitz,0.02362576367202299
Markowitz,352,GOOGL,Markowitz,0.25
Markowitz,352,MSFT,Markowitz,0.2499999999999999
Markowitz,352,NVDA,Markowitz,0.24999999999999967
RandomForest,352,AAPL,RandomForest,0.19596911204041093
RandomForest,352,AMZN,RandomForest,0.05403088795958886
RandomForest,352,GOOGL,RandomForest,0.2499999999999996
RandomForest,352,MSFT,RandomForest,0.25
RandomForest,352,NVDA,RandomForest,0.25
XGBoost,352,AAPL,XGBoost,0.24999999999999986
XGBoost,352,AMZN,XGBoost,2.229119666630197e-16
XGBoost,352,GOOGL,XGBoost,0.25
XGBoost,352,MSFT,XGBoost,0.25
XGBoost,352,NVDA,XGBoost,0.24999999999999967
TabPFN,352,AAPL,TabPFN,0.0
TabPFN,352,AMZN,TabPFN,0.25
TabPFN,352,GOOGL,TabPFN,0.25
TabPFN,352,MSFT,TabPFN,0.24999999999999967
TabPFN,352,NVDA,TabPFN,0.25
EqualWeight,357,AAPL,EqualWeight,0.2
EqualWeight,357,AMZN,EqualWeight,0.2
EqualWeight,357,GOOGL,EqualWeight,0.2
EqualWeight,357,MSFT,EqualWeight,0.2
EqualWeight,357,NVDA,EqualWeight,0.2
Markowitz,357,AAPL,Markowitz,0.25
Markowitz,357,AMZN,Markowitz,0.2499999999999994
Markowitz,357,GOOGL,Markowitz,0.2499999999999999
Markowitz,357,MSFT,Markowitz,0.25
Markowitz,357,NVDA,Markowitz,3.885780586188048e-16
RandomForest,357,AAPL,RandomForest,0.24999999999999947
RandomForest,357,AMZN,RandomForest,0.25
RandomForest,357,GOOGL,RandomForest,0.25
RandomForest,357,MSFT,RandomForest,0.25
RandomForest,357,NVDA,RandomForest,0.0
XGBoost,357,AAPL,XGBoost,0.24999999999999978
XGBoost,357,AMZN,XGBoost,0.25
XGBoost,357,GOOGL,XGBoost,0.24999999999999978
XGBoost,357,MSFT,XGBoost,0.24999999999999972
XGBoost,357,NVDA,XGBoost,7.494005416219807e-16
TabPFN,357,AAPL,TabPFN,0.25
TabPFN,357,AMZN,TabPFN,0.25
TabPFN,357,GOOGL,TabPFN,0.25
TabPFN,357,MSFT,TabPFN,0.24999999999999903
TabPFN,357,NVDA,TabPFN,0.0
EqualWeight,362,AAPL,EqualWeight,0.2
EqualWeight,362,AMZN,EqualWeight,0.2
EqualWeight,362,GOOGL,EqualWeight,0.2
EqualWeight,362,MSFT,EqualWeight,0.2
EqualWeight,362,NVDA,EqualWeight,0.2
Markowitz,362,AAPL,Markowitz,0.24999999999999725
Markowitz,362,AMZN,Markowitz,3.878841692284141e-15
Markowitz,362,GOOGL,Markowitz,0.25
Markowitz,362,MSFT,Markowitz,0.24999999999999725
Markowitz,362,NVDA,Markowitz,0.2499999999999989
RandomForest,362,AAPL,RandomForest,0.25
RandomForest,362,AMZN,RandomForest,0.24999999999999972
RandomForest,362,GOOGL,RandomForest,3.885780586188048e-16
RandomForest,362,MSFT,RandomForest,0.24999999999999978
RandomForest,362,NVDA,RandomForest,0.24999999999999953
XGBoost,362,AAPL,XGBoost,0.25
XGBoost,362,AMZN,XGBoost,0.24999999999999456
XGBoost,362,GOOGL,XGBoost,0.0
XGBoost,362,MSFT,XGBoost,0.25
XGBoost,362,NVDA,XGBoost,0.24999999999999895
TabPFN,362,AAPL,TabPFN,0.24999999999999983
TabPFN,362,AMZN,TabPFN,8.326672684688674e-17
TabPFN,362,GOOGL,TabPFN,0.25
TabPFN,362,MSFT,TabPFN,0.24999999999999997
TabPFN,362,NVDA,TabPFN,0.25
EqualWeight,367,AAPL,EqualWeight,0.2
EqualWeight,367,AMZN,EqualWeight,0.2
EqualWeight,367,GOOGL,EqualWeight,0.2
EqualWeight,367,MSFT,EqualWeight,0.2
EqualWeight,367,NVDA,EqualWeight,0.2
Markowitz,367,AAPL,Markowitz,0.25
Markowitz,367,AMZN,Markowitz,1.3877787807814457e-16
Markowitz,367,GOOGL,Markowitz,0.2499999999999996
Markowitz,367,MSFT,Markowitz,0.2499999999999999
Markowitz,367,NVDA,Markowitz,0.25
RandomForest,367,AAPL,RandomForest,0.24999999999999936
RandomForest,367,AMZN,RandomForest,1.6653345369377348e-16
RandomForest,367,GOOGL,RandomForest,0.2499999999999993
RandomForest,367,MSFT,RandomForest,0.25
RandomForest,367,NVDA,RandomForest,0.25
XGBoost,367,AAPL,XGBoost,0.25
XGBoost,367,AMZN,XGBoost,1.6653345369377348e-16
XGBoost,367,GOOGL,XGBoost,0.25
XGBoost,367,MSFT,XGBoost,0.24999999999999994
XGBoost,367,NVDA,XGBoost,0.24999999999999967
TabPFN,367,AAPL,TabPFN,0.2499999999999996
TabPFN,367,AMZN,TabPFN,0.0
TabPFN,367,GOOGL,TabPFN,0.2499999999999999
TabPFN,367,MSFT,TabPFN,0.25
TabPFN,367,NVDA,TabPFN,0.25
EqualWeight,372,AAPL,EqualWeight,0.2
EqualWeight,372,AMZN,EqualWeight,0.2
EqualWeight,372,GOOGL,EqualWeight,0.2
EqualWeight,372,MSFT,EqualWeight,0.2
EqualWeight,372,NVDA,EqualWeight,0.2
Markowitz,372,AAPL,Markowitz,0.25
Markowitz,372,AMZN,Markowitz,0.0
Markowitz,372,GOOGL,Markowitz,0.25
Markowitz,372,MSFT,Markowitz,0.25
Markowitz,372,NVDA,Markowitz,0.25
RandomForest,372,AAPL,RandomForest,0.0
RandomForest,372,AMZN,RandomForest,0.25
RandomForest,372,GOOGL,RandomForest,0.24999999999999972
RandomForest,372,MSFT,RandomForest,0.24999999999999997
RandomForest,372,NVDA,RandomForest,0.25
XGBoost,372,AAPL,XGBoost,2.220446049250313e-16
XGBoost,372,AMZN,XGBoost,0.24999999999999983
XGBoost,372,GOOGL,XGBoost,0.25
XGBoost,372,MSFT,XGBoost,0.24999999999999983
XGBoost,372,NVDA,XGBoost,0.25
TabPFN,372,AAPL,TabPFN,0.2499999999999969
TabPFN,372,AMZN,TabPFN,1.5265566588595902e-15
TabPFN,372,GOOGL,TabPFN,0.25
TabPFN,372,MSFT,TabPFN,0.25
TabPFN,372,NVDA,TabPFN,0.25
EqualWeight,377,AAPL,EqualWeight,0.2
EqualWeight,377,AMZN,EqualWeight,0.2
EqualWeight,377,GOOGL,EqualWeight,0.2
EqualWeight,377,MSFT,EqualWeight,0.2
EqualWeight,377,NVDA,EqualWeight,0.2
Markowitz,377,AAPL,Markowitz,0.25
Markowitz,377,AMZN,Markowitz,0.25
Markowitz,377,GOOGL,Markowitz,0.0
Markowitz,377,MSFT,Markowitz,0.25
Markowitz,377,NVDA,Markowitz,0.2499999999999997
RandomForest,377,AAPL,RandomForest,0.24999999999999986
RandomForest,377,AMZN,RandomForest,0.25
RandomForest,377,GOOGL,RandomForest,0.0
RandomForest,377,MSFT,RandomForest,0.25
RandomForest,377,NVDA,RandomForest,0.25
XGBoost,377,AAPL,XGBoost,0.24999999999999953
XGBoost,377,AMZN,XGBoost,7.858297346174936e-16
XGBoost,377,GOOGL,XGBoost,0.25
XGBoost,377,MSFT,XGBoost,0.2499999999999999
XGBoost,377,NVDA,XGBoost,0.2499999999999997
TabPFN,377,AAPL,TabPFN,0.2499999999999998
TabPFN,377,AMZN,TabPFN,0.25
TabPFN,377,GOOGL,TabPFN,0.2499999999999996
TabPFN,377,MSFT,TabPFN,0.2499999999999999
TabPFN,377,NVDA,TabPFN,8.049116928532385e-16
EqualWeight,382,AAPL,EqualWeight,0.2
EqualWeight,382,AMZN,EqualWeight,0.2
EqualWeight,382,GOOGL,EqualWeight,0.2
EqualWeight,382,MSFT,EqualWeight,0.2
EqualWeight,382,NVDA,EqualWeight,0.2
Markowitz,382,AAPL,Markowitz,0.2499999999999854
Markowitz,382,AMZN,Markowitz,0.24999999999996375
Markowitz,382,GOOGL,Markowitz,0.24999999999998473
Markowitz,382,MSFT,Markowitz,0.24999999999998976
Markowitz,382,NVDA,Markowitz,7.624803566308458e-14
RandomForest,382,AAPL,RandomForest,0.25
RandomForest,382,AMZN,RandomForest,0.0
RandomForest,382,GOOGL,RandomForest,0.25
RandomForest,382,MSFT,RandomForest,0.24999999999999942
RandomForest,382,NVDA,RandomForest,0.25
XGBoost,382,AAPL,XGBoost,0.24999999999997657
XGBoost,382,AMZN,XGBoost,0.0
XGBoost,382,GOOGL,XGBoost,0.24999999999998182
XGBoost,382,MSFT,XGBoost,0.24999999999998135
XGBoost,382,NVDA,XGBoost,0.25
TabPFN,382,AAPL,TabPFN,0.25
TabPFN,382,AMZN,TabPFN,0.24999999999999858
TabPFN,382,GOOGL,TabPFN,0.25
TabPFN,382,MSFT,TabPFN,0.25
TabPFN,382,NVDA,TabPFN,0.0
EqualWeight,387,AAPL,EqualWeight,0.2
EqualWeight,387,AMZN,EqualWeight,0.2
EqualWeight,387,GOOGL,EqualWeight,0.2
EqualWeight,387,MSFT,EqualWeight,0.2
EqualWeight,387,NVDA,EqualWeight,0.2
Markowitz,387,AAPL,Markowitz,0.0
Markowitz,387,AMZN,Markowitz,0.25
Markowitz,387,GOOGL,Markowitz,0.2499999999999999
Markowitz,387,MSFT,Markowitz,0.24999999999999983
Markowitz,387,NVDA,Markowitz,0.25
RandomForest,387,AAPL,RandomForest,0.25
RandomForest,387,AMZN,RandomForest,1.6653345369377348e-16
RandomForest,387,GOOGL,RandomForest,0.24999999999999953
RandomForest,387,MSFT,RandomForest,0.24999999999999992
RandomForest,387,NVDA,RandomForest,0.24999999999999994
XGBoost,387,AAPL,XGBoost,0.2499999999999999
XGBoost,387,AMZN,XGBoost,0.0
XGBoost,387,GOOGL,XGBoost,0.24999999999999958
XGBoost,387,MSFT,XGBoost,0.25
XGBoost,387,NVDA,XGBoost,0.25
TabPFN,387,AAPL,TabPFN,1.7208456881689926e-15
TabPFN,387,AMZN,TabPFN,0.2499999999999985
TabPFN,387,GOOGL,TabPFN,0.2499999999999999
TabPFN,387,MSFT,TabPFN,0.25
TabPFN,387,NVDA,TabPFN,0.24999999999999986
EqualWeight,392,AAPL,EqualWeight,0.2
EqualWeight,392,AMZN,EqualWeight,0.2
EqualWeight,392,GOOGL,EqualWeight,0.2
EqualWeight,392,MSFT,EqualWeight,0.2
EqualWeight,392,NVDA,EqualWeight,0.2
Markowitz,392,AAPL,Markowitz,0.25
Markowitz,392,AMZN,Markowitz,2.3418766925686896e-16
Markowitz,392,GOOGL,Markowitz,0.2499999999999993
Markowitz,392,MSFT,Markowitz,0.24999999999999983
Markowitz,392,NVDA,Markowitz,0.24999999999999964
RandomForest,392,AAPL,RandomForest,0.18042281913390848
RandomForest,392,AMZN,RandomForest,0.06957718086609407
RandomForest,392,GOOGL,RandomForest,0.24999999999999714
RandomForest,392,MSFT,RandomForest,0.24999999999999853
RandomForest,392,NVDA,RandomForest,0.25
XGBoost,392,AAPL,XGBoost,0.2499999999999989
XGBoost,392,AMZN,XGBoost,0.0
XGBoost,392,GOOGL,XGBoost,0.25
XGBoost,392,MSFT,XGBoost,0.25
XGBoost,392,NVDA,XGBoost,0.25
TabPFN,392,AAPL,TabPFN,1.582067810090848e-15
TabPFN,392,AMZN,TabPFN,0.25
TabPFN,392,GOOGL,TabPFN,0.2499999999999999
TabPFN,392,MSFT,TabPFN,0.24999999999999978
TabPFN,392,NVDA,TabPFN,0.2499999999999984
EqualWeight,397,AAPL,EqualWeight,0.2
EqualWeight,397,AMZN,EqualWeight,0.2
EqualWeight,397,GOOGL,EqualWeight,0.2
EqualWeight,397,MSFT,EqualWeight,0.2
EqualWeight,397,NVDA,EqualWeight,0.2
Markowitz,397,AAPL,Markowitz,0.21899083663182334
Markowitz,397,AMZN,Markowitz,0.25
Markowitz,397,GOOGL,Markowitz,0.031009163368177012
Markowitz,397,MSFT,Markowitz,0.2499999999999997
Markowitz,397,NVDA,Markowitz,0.24999999999999983
RandomForest,397,AAPL,RandomForest,0.24999999999999936
RandomForest,397,AMZN,RandomForest,0.25
RandomForest,397,GOOGL,RandomForest,0.0
RandomForest,397,MSFT,RandomForest,0.25
RandomForest,397,NVDA,RandomForest,0.24999999999999992
XGBoost,397,AAPL,XGBoost,0.24999999999999933
XGBoost,397,AMZN,XGBoost,0.25
XGBoost,397,GOOGL,XGBoost,2.220446049250313e-16
XGBoost,397,MSFT,XGBoost,0.24999999999999983
XGBoost,397,NVDA,XGBoost,0.25
TabPFN,397,AAPL,TabPFN,0.249999999999999
TabPFN,397,AMZN,TabPFN,1.942890293094024e-16
TabPFN,397,GOOGL,TabPFN,0.25
TabPFN,397,MSFT,TabPFN,0.25
TabPFN,397,NVDA,TabPFN,0.25
EqualWeight,402,AAPL,EqualWeight,0.2
EqualWeight,402,AMZN,EqualWeight,0.2
EqualWeight,402,GOOGL,EqualWeight,0.2
EqualWeight,402,MSFT,EqualWeight,0.2
EqualWeight,402,NVDA,EqualWeight,0.2
Markowitz,402,AAPL,Markowitz,0.25
Markowitz,402,AMZN,Markowitz,0.028590035039044826
Markowitz,402,GOOGL,Markowitz,0.25
Markowitz,402,MSFT,Markowitz,0.25
Markowitz,402,NVDA,Markowitz,0.22140996496094978
RandomForest,402,AAPL,RandomForest,0.24999999999999983
RandomForest,402,AMZN,RandomForest,0.24999999999999972
RandomForest,402,GOOGL,RandomForest,0.25
RandomForest,402,MSFT,RandomForest,0.24999999999999967
RandomForest,402,NVDA,RandomForest,7.632783294297951e-16
XGBoost,402,AAPL,XGBoost,0.24999999999998704
XGBoost,402,AMZN,XGBoost,0.2499999999999998
XGBoost,402,GOOGL,XGBoost,0.24999999999999353
XGBoost,402,MSFT,XGBoost,0.24999999999999517
XGBoost,402,NVDA,XGBoost,2.4494295480792516e-14
TabPFN,402,AAPL,TabPFN,0.25
TabPFN,402,AMZN,TabPFN,1.3877787807814457e-16
TabPFN,402,GOOGL,TabPFN,0.2499999999999999
TabPFN,402,MSFT,TabPFN,0.25
TabPFN,402,NVDA,TabPFN,0.2499999999999999
EqualWeight,407,AAPL,EqualWeight,0.2
EqualWeight,407,AMZN,EqualWeight,0.2
EqualWeight,407,GOOGL,EqualWeight,0.2
EqualWeight,407,MSFT,EqualWeight,0.2
EqualWeight,407,NVDA,EqualWeight,0.2
Markowitz,407,AAPL,Markowitz,0.2499999999999997
Markowitz,407,AMZN,Markowitz,0.0
Markowitz,407,GOOGL,Markowitz,0.25
Markowitz,407,MSFT,Markowitz,0.25
Markowitz,407,NVDA,Markowitz,0.25
RandomForest,407,AAPL,RandomForest,0.25
RandomForest,407,AMZN,RandomForest,2.220446049250313e-16
RandomForest,407,GOOGL,RandomForest,0.25
RandomForest,407,MSFT,RandomForest,0.24999999999999994
RandomForest,407,NVDA,RandomForest,0.24999999999999947
XGBoost,407,AAPL,XGBoost,0.25
XGBoost,407,AMZN,XGBoost,4.996003610813204e-16
XGBoost,407,GOOGL,XGBoost,0.24999999999999933
XGBoost,407,MSFT,XGBoost,0.2499999999999999
XGBoost,407,NVDA,XGBoost,0.25
TabPFN,407,AAPL,TabPFN,0.24999999999999986
TabPFN,407,AMZN,TabPFN,0.0
TabPFN,407,GOOGL,TabPFN,0.2499999999999997
TabPFN,407,MSFT,TabPFN,0.25
TabPFN,407,NVDA,TabPFN,0.25
EqualWeight,412,AAPL,EqualWeight,0.2
EqualWeight,412,AMZN,EqualWeight,0.2
EqualWeight,412,GOOGL,EqualWeight,0.2
EqualWeight,412,MSFT,EqualWeight,0.2
EqualWeight,412,NVDA,EqualWeight,0.2
Markowitz,412,AAPL,Markowitz,0.24999999999999967
Markowitz,412,AMZN,Markowitz,2.914335439641036e-16
Markowitz,412,GOOGL,Markowitz,0.24999999999999986
Markowitz,412,MSFT,Markowitz,0.24999999999999992
Markowitz,412,NVDA,Markowitz,0.25
RandomForest,412,AAPL,RandomForest,0.25
RandomForest,412,AMZN,RandomForest,0.0
RandomForest,412,GOOGL,RandomForest,0.25
RandomForest,412,MSFT,RandomForest,0.25
RandomForest,412,NVDA,RandomForest,0.24999999999999967
XGBoost,412,AAPL,XGBoost,0.24999999999999997
XGBoost,412,AMZN,XGBoost,2.220446049250313e-16
XGBoost,412,GOOGL,XGBoost,0.25
XGBoost,412,MSFT,XGBoost,0.24999999999999994
XGBoost,412,NVDA,XGBoost,0.2499999999999998
TabPFN,412,AAPL,TabPFN,0.0
TabPFN,412,AMZN,TabPFN,0.2499999999999999
TabPFN,412,GOOGL,TabPFN,0.25
TabPFN,412,MSFT,TabPFN,0.25
TabPFN,412,NVDA,TabPFN,0.24999999999999895
EqualWeight,417,AAPL,EqualWeight,0.2
EqualWeight,417,AMZN,EqualWeight,0.2
EqualWeight,417,GOOGL,EqualWeight,0.2
EqualWeight,417,MSFT,EqualWeight,0.2
EqualWeight,417,NVDA,EqualWeight,0.2
Markowitz,417,AAPL,Markowitz,0.25
Markowitz,417,AMZN,Markowitz,0.2499999999999997
Markowitz,417,GOOGL,Markowitz,0.24999999999999997
Markowitz,417,MSFT,Markowitz,0.16954630346483465
Markowitz,417,NVDA,Markowitz,0.08045369653516529
RandomForest,417,AAPL,RandomForest,0.25
RandomForest,417,AMZN,RandomForest,0.25
RandomForest,417,GOOGL,RandomForest,0.24999999999999917
RandomForest,417,MSFT,RandomForest,1.196959198423997e-16
RandomForest,417,NVDA,RandomForest,0.25
XGBoost,417,AAPL,XGBoost,0.24999999999999975
XGBoost,417,AMZN,XGBoost,0.25
XGBoost,417,GOOGL,XGBoost,0.25
XGBoost,417,MSFT,XGBoost,0.0
XGBoost,417,NVDA,XGBoost,0.25
TabPFN,417,AAPL,TabPFN,0.24999999999999972
TabPFN,417,AMZN,TabPFN,0.25
TabPFN,417,GOOGL,TabPFN,0.24999999999999992
TabPFN,417,MSFT,TabPFN,0.2499999999999997
TabPFN,417,NVDA,TabPFN,0.0
EqualWeight,422,AAPL,EqualWeight,0.2
EqualWeight,422,AMZN,EqualWeight,0.2
EqualWeight,422,GOOGL,EqualWeight,0.2
EqualWeight,422,MSFT,EqualWeight,0.2
EqualWeight,422,NVDA,EqualWeight,0.2
Markowitz,422,AAPL,Markowitz,0.0
Markowitz,422,AMZN,Markowitz,0.25
Markowitz,422,GOOGL,Markowitz,0.2499999999999999
Markowitz,422,MSFT,Markowitz,0.25
Markowitz,422,NVDA,Markowitz,0.25
RandomForest,422,AAPL,RandomForest,0.19360658003665915
RandomForest,422,AMZN,RandomForest,0.25
RandomForest,422,GOOGL,RandomForest,0.25
RandomForest,422,MSFT,RandomForest,0.25
RandomForest,422,NVDA,RandomForest,0.05639341996333318
XGBoost,422,AAPL,XGBoost,1.5265566588595902e-15
XGBoost,422,AMZN,XGBoost,0.2499999999999999
XGBoost,422,GOOGL,XGBoost,0.2499999999999997
XGBoost,422,MSFT,XGBoost,0.24999999999999964
XGBoost,422,NVDA,XGBoost,0.24999999999999928
TabPFN,422,AAPL,TabPFN,5.551115123125783e-17
TabPFN,422,AMZN,TabPFN,0.25
TabPFN,422,GOOGL,TabPFN,0.25
TabPFN,422,MSFT,TabPFN,0.25
TabPFN,422,NVDA,TabPFN,0.2499999999999999
EqualWeight,427,AAPL,EqualWeight,0.2
EqualWeight,427,AMZN,EqualWeight,0.2
EqualWeight,427,GOOGL,EqualWeight,0.2
EqualWeight,427,MSFT,EqualWeight,0.2
EqualWeight,427,NVDA,EqualWeight,0.2
Markowitz,427,AAPL,Markowitz,0.0
Markowitz,427,AMZN,Markowitz,0.25
Markowitz,427,GOOGL,Markowitz,0.2499999999999995
Markowitz,427,MSFT,Markowitz,0.2499999999999995
Markowitz,427,NVDA,Markowitz,0.25
RandomForest,427,AAPL,RandomForest,0.0
RandomForest,427,AMZN,RandomForest,0.25
RandomForest,427,GOOGL,RandomForest,0.24999999999999936
RandomForest,427,MSFT,RandomForest,0.24999999999999992
RandomForest,427,NVDA,RandomForest,0.25
XGBoost,427,AAPL,XGBoost,2.7755575615628914e-16
XGBoost,427,AMZN,XGBoost,0.25
XGBoost,427,GOOGL,XGBoost,0.2499999999999996
XGBoost,427,MSFT,XGBoost,0.24999999999999983
XGBoost,427,NVDA,XGBoost,0.2499999999999992
TabPFN,427,AAPL,TabPFN,1.3877787807814457e-16
TabPFN,427,AMZN,TabPFN,0.24999999999999986
TabPFN,427,GOOGL,TabPFN,0.25
TabPFN,427,MSFT,TabPFN,0.24999999999999986
TabPFN,427,NVDA,TabPFN,0.24999999999999922
EqualWeight,432,AAPL,EqualWeight,0.2
EqualWeight,432,AMZN,EqualWeight,0.2
EqualWeight,432,GOOGL,EqualWeight,0.2
EqualWeight,432,MSFT,EqualWeight,0.2
EqualWeight,432,NVDA,EqualWeight,0.2
Markowitz,432,AAPL,Markowitz,0.0
Markowitz,432,AMZN,Markowitz,0.24999999999999992
Markowitz,432,GOOGL,Markowitz,0.24999999999999947
Markowitz,432,MSFT,Markowitz,0.25
Markowitz,432,NVDA,Markowitz,0.25
RandomForest,432,AAPL,RandomForest,0.0
RandomForest,432,AMZN,RandomForest,0.25
RandomForest,432,GOOGL,RandomForest,0.24999999999999997
RandomForest,432,MSFT,RandomForest,0.25
RandomForest,432,NVDA,RandomForest,0.24999999999999986
XGBoost,432,AAPL,XGBoost,0.0
XGBoost,432,AMZN,XGBoost,0.24999999999999864
XGBoost,432,GOOGL,XGBoost,0.25
XGBoost,432,MSFT,XGBoost,0.25
XGBoost,432,NVDA,XGBoost,0.25
TabPFN,432,AAPL,TabPFN,0.25
TabPFN,432,AMZN,TabPFN,0.02880809661485955
TabPFN,432,GOOGL,TabPFN,0.25
TabPFN,432,MSFT,TabPFN,0.22119190338513997
TabPFN,432,NVDA,TabPFN,0.25
EqualWeight,437,AAPL,EqualWeight,0.2
EqualWeight,437,AMZN,EqualWeight,0.2
EqualWeight,437,GOOGL,EqualWeight,0.2
EqualWeight,437,MSFT,EqualWeight,0.2
EqualWeight,437,NVDA,EqualWeight,0.2
Markowitz,437,AAPL,Markowitz,0.0
Markowitz,437,AMZN,Markowitz,0.24999999999999978
Markowitz,437,GOOGL,Markowitz,0.24999999999999994
Markowitz,437,MSFT,Markowitz,0.25
Markowitz,437,NVDA,Markowitz,0.25
RandomForest,437,AAPL,RandomForest,0.0
RandomForest,437,AMZN,RandomForest,0.25
RandomForest,437,GOOGL,RandomForest,0.2499999999999999
RandomForest,437,MSFT,RandomForest,0.25
RandomForest,437,NVDA,RandomForest,0.25
XGBoost,437,AAPL,XGBoost,6.106226635438361e-16
XGBoost,437,AMZN,XGBoost,0.24999999999999972
XGBoost,437,GOOGL,XGBoost,0.25
XGBoost,437,MSFT,XGBoost,0.25
XGBoost,437,NVDA,XGBoost,0.2499999999999995
TabPFN,437,AAPL,TabPFN,0.0
TabPFN,437,AMZN,TabPFN,0.25
TabPFN,437,GOOGL,TabPFN,0.24999999999999997
TabPFN,437,MSFT,TabPFN,0.25
TabPFN,437,NVDA,TabPFN,0.24999999999999964
EqualWeight,442,AAPL,EqualWeight,0.2
EqualWeight,442,AMZN,EqualWeight,0.2
EqualWeight,442,GOOGL,EqualWeight,0.2
EqualWeight,442,MSFT,EqualWeight,0.2
EqualWeight,442,NVDA,EqualWeight,0.2
Markowitz,442,AAPL,Markowitz,1.1657341758564144e-15
Markowitz,442,AMZN,Markowitz,0.25
Markowitz,442,GOOGL,Markowitz,0.24999999999999828
Markowitz,442,MSFT,Markowitz,0.25
Markowitz,442,NVDA,Markowitz,0.24999999999999983
RandomForest,442,AAPL,RandomForest,8.326672684688674e-16
RandomForest,442,AMZN,RandomForest,0.2499999999999999
RandomForest,442,GOOGL,RandomForest,0.24999999999999928
RandomForest,442,MSFT,RandomForest,0.25
RandomForest,442,NVDA,RandomForest,0.24999999999999947
XGBoost,442,AAPL,XGBoost,0.0
XGBoost,442,AMZN,XGBoost,0.25
XGBoost,442,GOOGL,XGBoost,0.25
XGBoost,442,MSFT,XGBoost,0.2499999999999984
XGBoost,442,NVDA,XGBoost,0.25
TabPFN,442,AAPL,TabPFN,0.0
TabPFN,442,AMZN,TabPFN,0.2499999999999998
TabPFN,442,GOOGL,TabPFN,0.25
TabPFN,442,MSFT,TabPFN,0.24999999999999992
TabPFN,442,NVDA,TabPFN,0.25
EqualWeight,447,AAPL,EqualWeight,0.2
EqualWeight,447,AMZN,EqualWeight,0.2
EqualWeight,447,GOOGL,EqualWeight,0.2
EqualWeight,447,MSFT,EqualWeight,0.2
EqualWeight,447,NVDA,EqualWeight,0.2
Markowitz,447,AAPL,Markowitz,5.273559366969494e-16
Markowitz,447,AMZN,Markowitz,0.25
Markowitz,447,GOOGL,Markowitz,0.24999999999999975
Markowitz,447,MSFT,Markowitz,0.24999999999999975
Markowitz,447,NVDA,Markowitz,0.24999999999999994
RandomForest,447,AAPL,RandomForest,0.19874980274970425
RandomForest,447,AMZN,RandomForest,0.24999999999999978
RandomForest,447,GOOGL,RandomForest,0.25
RandomForest,447,MSFT,RandomForest,0.051250197250295164
RandomForest,447,NVDA,RandomForest,0.25
XGBoost,447,AAPL,XGBoost,0.0
XGBoost,447,AMZN,XGBoost,0.25
XGBoost,447,GOOGL,XGBoost,0.25
XGBoost,447,MSFT,XGBoost,0.25
XGBoost,447,NVDA,XGBoost,0.24999999999999983
TabPFN,447,AAPL,TabPFN,0.0
TabPFN,447,AMZN,TabPFN,0.25
TabPFN,447,GOOGL,TabPFN,0.25
TabPFN,447,MSFT,TabPFN,0.25
TabPFN,447,NVDA,TabPFN,0.24999999999999975
EqualWeight,452,AAPL,EqualWeight,0.2
EqualWeight,452,AMZN,EqualWeight,0.2
EqualWeight,452,GOOGL,EqualWeight,0.2
EqualWeight,452,MSFT,EqualWeight,0.2
EqualWeight,452,NVDA,EqualWeight,0.2
Markowitz,452,AAPL,Markowitz,0.24999999999999897
Markowitz,452,AMZN,Markowitz,0.0
Markowitz,452,GOOGL,Markowitz,0.24999999999999903
Markowitz,452,MSFT,Markowitz,0.25
Markowitz,452,NVDA,Markowitz,0.25
RandomForest,452,AAPL,RandomForest,0.25
RandomForest,452,AMZN,RandomForest,2.7755575615628914e-16
RandomForest,452,GOOGL,RandomForest,0.2499999999999993
RandomForest,452,MSFT,RandomForest,0.24999999999999997
RandomForest,452,NVDA,RandomForest,0.24999999999999994
XGBoost,452,AAPL,XGBoost,0.2499999999999998
XGBoost,452,AMZN,XGBoost,0.012060317729926105
XGBoost,452,GOOGL,XGBoost,0.23793968227007423
XGBoost,452,MSFT,XGBoost,0.25
XGBoost,452,NVDA,XGBoost,0.24999999999999933
TabPFN,452,AAPL,TabPFN,0.24999999999999883
TabPFN,452,AMZN,TabPFN,0.0
TabPFN,452,GOOGL,TabPFN,0.2499999999999994
TabPFN,452,MSFT,TabPFN,0.24999999999999994
TabPFN,452,NVDA,TabPFN,0.25
EqualWeight,457,AAPL,EqualWeight,0.2
EqualWeight,457,AMZN,EqualWeight,0.2
EqualWeight,457,GOOGL,EqualWeight,0.2
EqualWeight,457,MSFT,EqualWeight,0.2
EqualWeight,457,NVDA,EqualWeight,0.2
Markowitz,457,AAPL,Markowitz,0.2499999999999996
Markowitz,457,AMZN,Markowitz,2.7755575615628914e-17
Markowitz,457,GOOGL,Markowitz,0.25
Markowitz,457,MSFT,Markowitz,0.25
Markowitz,457,NVDA,Markowitz,0.2499999999999999
RandomForest,457,AAPL,RandomForest,0.25
RandomForest,457,AMZN,RandomForest,1.6653345369377348e-16
RandomForest,457,GOOGL,RandomForest,0.25
RandomForest,457,MSFT,RandomForest,0.24999999999999897
RandomForest,457,NVDA,RandomForest,0.25
XGBoost,457,AAPL,XGBoost,0.25
XGBoost,457,AMZN,XGBoost,1.1102230246251565e-16
XGBoost,457,GOOGL,XGBoost,0.25
XGBoost,457,MSFT,XGBoost,0.25
XGBoost,457,NVDA,XGBoost,0.24999999999999975
TabPFN,457,AAPL,TabPFN,0.24999999999999992
TabPFN,457,AMZN,TabPFN,0.0
TabPFN,457,GOOGL,TabPFN,0.24999999999999983
TabPFN,457,MSFT,TabPFN,0.25
TabPFN,457,NVDA,TabPFN,0.25
EqualWeight,462,AAPL,EqualWeight,0.2
EqualWeight,462,AMZN,EqualWeight,0.2
EqualWeight,462,GOOGL,EqualWeight,0.2
EqualWeight,462,MSFT,EqualWeight,0.2
EqualWeight,462,NVDA,EqualWeight,0.2
Markowitz,462,AAPL,Markowitz,0.25
Markowitz,462,AMZN,Markowitz,0.05208141478420495
Markowitz,462,GOOGL,Markowitz,0.1979185852157959
Markowitz,462,MSFT,Markowitz,0.2499999999999989
Markowitz,462,NVDA,Markowitz,0.25
RandomForest,462,AAPL,RandomForest,0.25
RandomForest,462,AMZN,RandomForest,9.43689570931383e-15
RandomForest,462,GOOGL,RandomForest,0.25
RandomForest,462,MSFT,RandomForest,0.25
RandomForest,462,NVDA,RandomForest,0.24999999999997066
XGBoost,462,AAPL,XGBoost,0.25
XGBoost,462,AMZN,XGBoost,0.14134667112664914
XGBoost,462,GOOGL,XGBoost,0.10865332887335209
XGBoost,462,MSFT,XGBoost,0.24999999999999814
XGBoost,462,NVDA,XGBoost,0.25
TabPFN,462,AAPL,TabPFN,0.19169191086880463
TabPFN,462,AMZN,TabPFN,0.24999999999999695
TabPFN,462,GOOGL,TabPFN,0.249999999999998
TabPFN,462,MSFT,TabPFN,0.05830808913119902
TabPFN,462,NVDA,TabPFN,0.25
EqualWeight,467,AAPL,EqualWeight,0.2
EqualWeight,467,AMZN,EqualWeight,0.2
EqualWeight,467,GOOGL,EqualWeight,0.2
EqualWeight,467,MSFT,EqualWeight,0.2
EqualWeight,467,NVDA,EqualWeight,0.2
Markowitz,467,AAPL,Markowitz,0.25
Markowitz,467,AMZN,Markowitz,0.048943378953825015
Markowitz,467,GOOGL,Markowitz,0.25
Markowitz,467,MSFT,Markowitz,0.20105662104617422
Markowitz,467,NVDA,Markowitz,0.24999999999999947
RandomForest,467,AAPL,RandomForest,0.24999999999999867
RandomForest,467,AMZN,RandomForest,0.21316238968457601
RandomForest,467,GOOGL,RandomForest,0.2499999999999993
RandomForest,467,MSFT,RandomForest,0.036837610315425796
RandomForest,467,NVDA,RandomForest,0.25
XGBoost,467,AAPL,XGBoost,0.24999999999999997
XGBoost,467,AMZN,XGBoost,0.06926123020271435
XGBoost,467,GOOGL,XGBoost,0.25
XGBoost,467,MSFT,XGBoost,0.18073876979728523
XGBoost,467,NVDA,XGBoost,0.25
TabPFN,467,AAPL,TabPFN,0.14503997954518807
TabPFN,467,AMZN,TabPFN,0.10496002045481213
TabPFN,467,GOOGL,TabPFN,0.25
TabPFN,467,MSFT,TabPFN,0.2499999999999999
TabPFN,467,NVDA,TabPFN,0.24999999999999992
EqualWeight,472,AAPL,EqualWeight,0.2
EqualWeight,472,AMZN,EqualWeight,0.2
EqualWeight,472,GOOGL,EqualWeight,0.2
EqualWeight,472,MSFT,EqualWeight,0.2
EqualWeight,472,NVDA,EqualWeight,0.2
Markowitz,472,AAPL,Markowitz,2.6922908347160046e-15
Markowitz,472,AMZN,Markowitz,0.24999999999999972
Markowitz,472,GOOGL,Markowitz,0.25
Markowitz,472,MSFT,Markowitz,0.25
Markowitz,472,NVDA,Markowitz,0.24999999999999623
RandomForest,472,AAPL,RandomForest,0.0
RandomForest,472,AMZN,RandomForest,0.24999999999999983
RandomForest,472,GOOGL,RandomForest,0.2499999999999995
RandomForest,472,MSFT,RandomForest,0.25
RandomForest,472,NVDA,RandomForest,0.25
XGBoost,472,AAPL,XGBoost,2.248201624865942e-15
XGBoost,472,AMZN,XGBoost,0.25
XGBoost,472,GOOGL,XGBoost,0.25
XGBoost,472,MSFT,XGBoost,0.25
XGBoost,472,NVDA,XGBoost,0.24999999999999623
TabPFN,472,AAPL,TabPFN,0.25
TabPFN,472,AMZN,TabPFN,0.25
TabPFN,472,GOOGL,TabPFN,0.0
TabPFN,472,MSFT,TabPFN,0.25
TabPFN,472,NVDA,TabPFN,0.2499999999999981
EqualWeight,477,AAPL,EqualWeight,0.2
EqualWeight,477,AMZN,EqualWeight,0.2
EqualWeight,477,GOOGL,EqualWeight,0.2
EqualWeight,477,MSFT,EqualWeight,0.2
EqualWeight,477,NVDA,EqualWeight,0.2
Markowitz,477,AAPL,Markowitz,6.38378239159465e-16
Markowitz,477,AMZN,Markowitz,0.24999999999999992
Markowitz,477,GOOGL,Markowitz,0.25
Markowitz,477,MSFT,Markowitz,0.25
Markowitz,477,NVDA,Markowitz,0.24999999999999814
RandomForest,477,AAPL,RandomForest,0.0
RandomForest,477,AMZN,RandomForest,0.2499999999999996
RandomForest,477,GOOGL,RandomForest,0.25
RandomForest,477,MSFT,RandomForest,0.25
RandomForest,477,NVDA,RandomForest,0.25
XGBoost,477,AAPL,XGBoost,1.4710455076283324e-15
XGBoost,477,AMZN,XGBoost,0.24999999999999936
XGBoost,477,GOOGL,XGBoost,0.25
XGBoost,477,MSFT,XGBoost,0.24999999999999978
XGBoost,477,NVDA,XGBoost,0.2499999999999994
TabPFN,477,AAPL,TabPFN,5.273559366969494e-16
TabPFN,477,AMZN,TabPFN,0.25
TabPFN,477,GOOGL,TabPFN,0.24999999999999986
TabPFN,477,MSFT,TabPFN,0.24999999999999964
TabPFN,477,NVDA,TabPFN,0.24999999999999925
EqualWeight,482,AAPL,EqualWeight,0.2
EqualWeight,482,AMZN,EqualWeight,0.2
EqualWeight,482,GOOGL,EqualWeight,0.2
EqualWeight,482,MSFT,EqualWeight,0.2
EqualWeight,482,NVDA,EqualWeight,0.2
Markowitz,482,AAPL,Markowitz,0.24999999999999983
Markowitz,482,AMZN,Markowitz,0.25
Markowitz,482,GOOGL,Markowitz,0.25
Markowitz,482,MSFT,Markowitz,0.25
Markowitz,482,NVDA,Markowitz,0.0
RandomForest,482,AAPL,RandomForest,0.25
RandomForest,482,AMZN,RandomForest,0.24999999999999997
RandomForest,482,GOOGL,RandomForest,0.24999999999999978
RandomForest,482,MSFT,RandomForest,5.551115123125783e-17
RandomForest,482,NVDA,RandomForest,0.24999999999999975
XGBoost,482,AAPL,XGBoost,0.24999999999999978
XGBoost,482,AMZN,XGBoost,0.25
XGBoost,482,GOOGL,XGBoost,0.25
XGBoost,482,MSFT,XGBoost,0.25
XGBoost,482,NVDA,XGBoost,0.0
TabPFN,482,AAPL,TabPFN,0.24999999999999942
TabPFN,482,AMZN,TabPFN,0.25
TabPFN,482,GOOGL,TabPFN,0.24999999999999864
TabPFN,482,MSFT,TabPFN,0.25
TabPFN,482,NVDA,TabPFN,1.3600232051658168e-15
EqualWeight,487,AAPL,EqualWeight,0.2
EqualWeight,487,AMZN,EqualWeight,0.2
EqualWeight,487,GOOGL,EqualWeight,0.2
EqualWeight,487,MSFT,EqualWeight,0.2
EqualWeight,487,NVDA,EqualWeight,0.2
Markowitz,487,AAPL,Markowitz,0.24999999999999092
Markowitz,487,AMZN,Markowitz,0.25
Markowitz,487,GOOGL,Markowitz,0.24999999999999803
Markowitz,487,MSFT,Markowitz,0.24999999999999847
Markowitz,487,NVDA,Markowitz,6.189493362285248e-15
RandomForest,487,AAPL,RandomForest,0.24999999999999886
RandomForest,487,AMZN,RandomForest,0.25
RandomForest,487,GOOGL,RandomForest,0.24999999999999975
RandomForest,487,MSFT,RandomForest,0.24999999999999994
RandomForest,487,NVDA,RandomForest,2.7755575615628914e-16
XGBoost,487,AAPL,XGBoost,0.24999999999998962
XGBoost,487,AMZN,XGBoost,0.25
XGBoost,487,GOOGL,XGBoost,0.2499999999999945
XGBoost,487,MSFT,XGBoost,0.25
XGBoost,487,NVDA,XGBoost,1.0602629885170245e-14
TabPFN,487,AAPL,TabPFN,0.24999999999999936
TabPFN,487,AMZN,TabPFN,0.25
TabPFN,487,GOOGL,TabPFN,0.24999999999999858
TabPFN,487,MSFT,TabPFN,0.24999999999999892
TabPFN,487,NVDA,TabPFN,1.887379141862766e-15
EqualWeight,492,AAPL,EqualWeight,0.2
EqualWeight,492,AMZN,EqualWeight,0.2
EqualWeight,492,GOOGL,EqualWeight,0.2
EqualWeight,492,MSFT,EqualWeight,0.2
EqualWeight,492,NVDA,EqualWeight,0.2
Markowitz,492,AAPL,Markowitz,0.25
Markowitz,492,AMZN,Markowitz,0.24999999999999917
Markowitz,492,GOOGL,Markowitz,0.25
Markowitz,492,MSFT,Markowitz,0.2499999999999999
Markowitz,492,NVDA,Markowitz,7.216449660063518e-16
RandomForest,492,AAPL,RandomForest,0.25
RandomForest,492,AMZN,RandomForest,0.2499999999999994
RandomForest,492,GOOGL,RandomForest,0.25
RandomForest,492,MSFT,RandomForest,0.24999999999999967
RandomForest,492,NVDA,RandomForest,0.0
XGBoost,492,AAPL,XGBoost,0.25
XGBoost,492,AMZN,XGBoost,0.24999999999999778
XGBoost,492,GOOGL,XGBoost,0.25
XGBoost,492,MSFT,XGBoost,0.25
XGBoost,492,NVDA,XGBoost,0.0
TabPFN,492,AAPL,TabPFN,0.25
TabPFN,492,AMZN,TabPFN,2.220446049250313e-16
TabPFN,492,GOOGL,TabPFN,0.24999999999999964
TabPFN,492,MSFT,TabPFN,0.24999999999999992
TabPFN,492,NVDA,TabPFN,0.24999999999999997
EqualWeight,497,AAPL,EqualWeight,0.2
EqualWeight,497,AMZN,EqualWeight,0.2
EqualWeight,497,GOOGL,EqualWeight,0.2
EqualWeight,497,MSFT,EqualWeight,0.2
EqualWeight,497,NVDA,EqualWeight,0.2
Markowitz,497,AAPL,Markowitz,0.2499999999999993
Markowitz,497,AMZN,Markowitz,0.0
Markowitz,497,GOOGL,Markowitz,0.25
Markowitz,497,MSFT,Markowitz,0.25
Markowitz,497,NVDA,Markowitz,0.25
RandomForest,497,AAPL,RandomForest,0.25
RandomForest,497,AMZN,RandomForest,0.0
RandomForest,497,GOOGL,RandomForest,0.2499999999999986
RandomForest,497,MSFT,RandomForest,0.25
RandomForest,497,NVDA,RandomForest,0.25
XGBoost,497,AAPL,XGBoost,0.25
XGBoost,497,AMZN,XGBoost,1.7763568394002505e-15
XGBoost,497,GOOGL,XGBoost,0.24999999999999925
XGBoost,497,MSFT,XGBoost,0.2499999999999997
XGBoost,497,NVDA,XGBoost,0.24999999999999906
TabPFN,497,AAPL,TabPFN,0.24999999999999972
TabPFN,497,AMZN,TabPFN,0.24999999999999994
TabPFN,497,GOOGL,TabPFN,1.304512053934559e-15
TabPFN,497,MSFT,TabPFN,0.24999999999999947
TabPFN,497,NVDA,TabPFN,0.24999999999999958
EqualWeight,502,AAPL,EqualWeight,0.2
EqualWeight,502,AMZN,EqualWeight,0.2
EqualWeight,502,GOOGL,EqualWeight,0.2
EqualWeight,502,MSFT,EqualWeight,0.2
EqualWeight,502,NVDA,EqualWeight,0.2
Markowitz,502,AAPL,Markowitz,0.25
Markowitz,502,AMZN,Markowitz,0.24999999999999953
Markowitz,502,GOOGL,Markowitz,3.469446951953614e-17
Markowitz,502,MSFT,Markowitz,0.25
Markowitz,502,NVDA,Markowitz,0.24999999999999972
RandomForest,502,AAPL,RandomForest,0.25
RandomForest,502,AMZN,RandomForest,0.25
RandomForest,502,GOOGL,RandomForest,4.718447854656915e-16
RandomForest,502,MSFT,RandomForest,0.24999999999999928
RandomForest,502,NVDA,RandomForest,0.24999999999999967
XGBoost,502,AAPL,XGBoost,0.25
XGBoost,502,AMZN,XGBoost,0.25
XGBoost,502,GOOGL,XGBoost,0.0
XGBoost,502,MSFT,XGBoost,0.25
XGBoost,502,NVDA,XGBoost,0.25
TabPFN,502,AAPL,TabPFN,0.25
TabPFN,502,AMZN,TabPFN,0.25
TabPFN,502,GOOGL,TabPFN,0.25
TabPFN,502,MSFT,TabPFN,0.0
TabPFN,502,NVDA,TabPFN,0.25
EqualWeight,507,AAPL,EqualWeight,0.2
EqualWeight,507,AMZN,EqualWeight,0.2
EqualWeight,507,GOOGL,EqualWeight,0.2
EqualWeight,507,MSFT,EqualWeight,0.2
EqualWeight,507,NVDA,EqualWeight,0.2
Markowitz,507,AAPL,Markowitz,5.551115123125783e-16
Markowitz,507,AMZN,Markowitz,0.25
Markowitz,507,GOOGL,Markowitz,0.25
Markowitz,507,MSFT,Markowitz,0.24999999999999878
Markowitz,507,NVDA,Markowitz,0.25
RandomForest,507,AAPL,RandomForest,1.7486012637846216e-15
RandomForest,507,AMZN,RandomForest,0.24999999999999975
RandomForest,507,GOOGL,RandomForest,0.24999999999999944
RandomForest,507,MSFT,RandomForest,0.24999999999999953
RandomForest,507,NVDA,RandomForest,0.24999999999999958
XGBoost,507,AAPL,XGBoost,0.0
XGBoost,507,AMZN,XGBoost,0.25
XGBoost,507,GOOGL,XGBoost,0.25
XGBoost,507,MSFT,XGBoost,0.25
XGBoost,507,NVDA,XGBoost,0.24999999999999978
TabPFN,507,AAPL,TabPFN,0.24999999999999958
TabPFN,507,AMZN,TabPFN,0.249999999999999
TabPFN,507,GOOGL,TabPFN,0.25
TabPFN,507,MSFT,TabPFN,0.25
TabPFN,507,NVDA,TabPFN,0.0
EqualWeight,512,AAPL,EqualWeight,0.2
EqualWeight,512,AMZN,EqualWeight,0.2
EqualWeight,512,GOOGL,EqualWeight,0.2
EqualWeight,512,MSFT,EqualWeight,0.2
EqualWeight,512,NVDA,EqualWeight,0.2
Markowitz,512,AAPL,Markowitz,0.24999999999999872
Markowitz,512,AMZN,Markowitz,0.25
Markowitz,512,GOOGL,Markowitz,0.25
Markowitz,512,MSFT,Markowitz,0.24999999999999956
Markowitz,512,NVDA,Markowitz,0.0
RandomForest,512,AAPL,RandomForest,0.249999999999999
RandomForest,512,AMZN,RandomForest,0.2499999999999977
RandomForest,512,GOOGL,RandomForest,0.24999999999999917
RandomForest,512,MSFT,RandomForest,0.2499999999999993
RandomForest,512,NVDA,RandomForest,4.81385764583564e-15
XGBoost,512,AAPL,XGBoost,0.25
XGBoost,512,AMZN,XGBoost,0.24999999999999817
XGBoost,512,GOOGL,XGBoost,0.2499999999999999
XGBoost,512,MSFT,XGBoost,0.25
XGBoost,512,NVDA,XGBoost,7.494005416219807e-16
TabPFN,512,AAPL,TabPFN,0.0
TabPFN,512,AMZN,TabPFN,0.25
TabPFN,512,GOOGL,TabPFN,0.25
TabPFN,512,MSFT,TabPFN,0.25
TabPFN,512,NVDA,TabPFN,0.2499999999999989
EqualWeight,517,AAPL,EqualWeight,0.2
EqualWeight,517,AMZN,EqualWeight,0.2
EqualWeight,517,GOOGL,EqualWeight,0.2
EqualWeight,517,MSFT,EqualWeight,0.2
EqualWeight,517,NVDA,EqualWeight,0.2
Markowitz,517,AAPL,Markowitz,0.24999999999999892
Markowitz,517,AMZN,Markowitz,0.25
Markowitz,517,GOOGL,Markowitz,0.25
Markowitz,517,MSFT,Markowitz,0.25
Markowitz,517,NVDA,Markowitz,0.0
RandomForest,517,AAPL,RandomForest,0.25
RandomForest,517,AMZN,RandomForest,0.24999999999999561
RandomForest,517,GOOGL,RandomForest,0.24999999999999847
RandomForest,517,MSFT,RandomForest,0.25
RandomForest,517,NVDA,RandomForest,2.609024107869118e-15
XGBoost,517,AAPL,XGBoost,0.2499999999999985
XGBoost,517,AMZN,XGBoost,0.25
XGBoost,517,GOOGL,XGBoost,0.24999999999999956
XGBoost,517,MSFT,XGBoost,0.25
XGBoost,517,NVDA,XGBoost,0.0
TabPFN,517,AAPL,TabPFN,0.24999999999999986
TabPFN,517,AMZN,TabPFN,0.25
TabPFN,517,GOOGL,TabPFN,0.25
TabPFN,517,MSFT,TabPFN,0.24999999999999964
TabPFN,517,NVDA,TabPFN,2.498001805406602e-16
EqualWeight,522,AAPL,EqualWeight,0.2
EqualWeight,522,AMZN,EqualWeight,0.2
EqualWeight,522,GOOGL,EqualWeight,0.2
EqualWeight,522,MSFT,EqualWeight,0.2
EqualWeight,522,NVDA,EqualWeight,0.2
Markowitz,522,AAPL,Markowitz,0.25
Markowitz,522,AMZN,Markowitz,0.25
Markowitz,522,GOOGL,Markowitz,0.25
Markowitz,522,MSFT,Markowitz,0.24999999999999933
Markowitz,522,NVDA,Markowitz,0.0
RandomForest,522,AAPL,RandomForest,0.24999999999999836
RandomForest,522,AMZN,RandomForest,0.2499999999999996
RandomForest,522,GOOGL,RandomForest,0.25
RandomForest,522,MSFT,RandomForest,0.25
RandomForest,522,NVDA,RandomForest,1.887379141862766e-15
XGBoost,522,AAPL,XGBoost,0.24999999999999933
XGBoost,522,AMZN,XGBoost,0.25
XGBoost,522,GOOGL,XGBoost,0.24999999999999767
XGBoost,522,MSFT,XGBoost,0.2499999999999998
XGBoost,522,NVDA,XGBoost,2.192690473634684e-15
TabPFN,522,AAPL,TabPFN,1.1657341758564144e-15
TabPFN,522,AMZN,TabPFN,0.24999999999999944
TabPFN,522,GOOGL,TabPFN,0.25
TabPFN,522,MSFT,TabPFN,0.2499999999999994
TabPFN,522,NVDA,TabPFN,0.24999999999999703
EqualWeight,527,AAPL,EqualWeight,0.2
EqualWeight,527,AMZN,EqualWeight,0.2
EqualWeight,527,GOOGL,EqualWeight,0.2
EqualWeight,527,MSFT,EqualWeight,0.2
EqualWeight,527,NVDA,EqualWeight,0.2
Markowitz,527,AAPL,Markowitz,0.25
Markowitz,527,AMZN,Markowitz,0.24999999999999986
Markowitz,527,GOOGL,Markowitz,1.1102230246251565e-16
Markowitz,527,MSFT,Markowitz,0.25
Markowitz,527,NVDA,Markowitz,0.2499999999999979
RandomForest,527,AAPL,RandomForest,0.25
RandomForest,527,AMZN,RandomForest,0.24999999999999803
RandomForest,527,GOOGL,RandomForest,0.25
RandomForest,527,MSFT,RandomForest,8.951173136040325e-16
RandomForest,527,NVDA,RandomForest,0.2499999999999998
XGBoost,527,AAPL,XGBoost,0.25
XGBoost,527,AMZN,XGBoost,0.24999999999999495
XGBoost,527,GOOGL,XGBoost,3.4139358007223564e-15
XGBoost,527,MSFT,XGBoost,0.25
XGBoost,527,NVDA,XGBoost,0.24999999999999709
TabPFN,527,AAPL,TabPFN,0.25
TabPFN,527,AMZN,TabPFN,0.25
TabPFN,527,GOOGL,TabPFN,1.27675647831893e-15
TabPFN,527,MSFT,TabPFN,0.24999999999999972
TabPFN,527,NVDA,TabPFN,0.2499999999999988
EqualWeight,532,AAPL,EqualWeight,0.2
EqualWeight,532,AMZN,EqualWeight,0.2
EqualWeight,532,GOOGL,EqualWeight,0.2
EqualWeight,532,MSFT,EqualWeight,0.2
EqualWeight,532,NVDA,EqualWeight,0.2
Markowitz,532,AAPL,Markowitz,0.25
Markowitz,532,AMZN,Markowitz,0.2499999999999997
Markowitz,532,GOOGL,Markowitz,0.24999999999999972
Markowitz,532,MSFT,Markowitz,5.551115123125783e-17
Markowitz,532,NVDA,Markowitz,0.24999999999999992
RandomForest,532,AAPL,RandomForest,0.25
RandomForest,532,AMZN,RandomForest,0.25
RandomForest,532,GOOGL,RandomForest,0.24999999999999975
RandomForest,532,MSFT,RandomForest,0.0
RandomForest,532,NVDA,RandomForest,0.24999999999999992
XGBoost,532,AAPL,XGBoost,0.25
XGBoost,532,AMZN,XGBoost,0.25
XGBoost,532,GOOGL,XGBoost,0.24999999999999983
XGBoost,532,MSFT,XGBoost,1.1102230246251565e-16
XGBoost,532,NVDA,XGBoost,0.24999999999999933
TabPFN,532,AAPL,TabPFN,0.25
TabPFN,532,AMZN,TabPFN,0.24999999999999978
TabPFN,532,GOOGL,TabPFN,0.25
TabPFN,532,MSFT,TabPFN,0.0
TabPFN,532,NVDA,TabPFN,0.25
EqualWeight,537,AAPL,EqualWeight,0.2
EqualWeight,537,AMZN,EqualWeight,0.2
EqualWeight,537,GOOGL,EqualWeight,0.2
EqualWeight,537,MSFT,EqualWeight,0.2
EqualWeight,537,NVDA,EqualWeight,0.2
Markowitz,537,AAPL,Markowitz,0.25
Markowitz,537,AMZN,Markowitz,0.25
Markowitz,537,GOOGL,Markowitz,0.25
Markowitz,537,MSFT,Markowitz,0.25
Markowitz,537,NVDA,Markowitz,0.0
RandomForest,537,AAPL,RandomForest,0.25
RandomForest,537,AMZN,RandomForest,0.24999999999999986
RandomForest,537,GOOGL,RandomForest,0.24999999999999872
RandomForest,537,MSFT,RandomForest,0.25
RandomForest,537,NVDA,RandomForest,0.0
XGBoost,537,AAPL,XGBoost,0.25
XGBoost,537,AMZN,XGBoost,0.24999999999999462
XGBoost,537,GOOGL,XGBoost,0.2499999999999979
XGBoost,537,MSFT,XGBoost,0.25
XGBoost,537,NVDA,XGBoost,5.051514762044462e-15
TabPFN,537,AAPL,TabPFN,0.25
TabPFN,537,AMZN,TabPFN,0.25
TabPFN,537,GOOGL,TabPFN,0.25
TabPFN,537,MSFT,TabPFN,0.2499999999999991
TabPFN,537,NVDA,TabPFN,0.0
EqualWeight,542,AAPL,EqualWeight,0.2
EqualWeight,542,AMZN,EqualWeight,0.2
EqualWeight,542,GOOGL,EqualWeight,0.2
EqualWeight,542,MSFT,EqualWeight,0.2
EqualWeight,542,NVDA,EqualWeight,0.2
Markowitz,542,AAPL,Markowitz,0.24999999999999986
Markowitz,542,AMZN,Markowitz,0.25
Markowitz,542,GOOGL,Markowitz,0.24999999999999953
Markowitz,542,MSFT,Markowitz,0.25
Markowitz,542,NVDA,Markowitz,3.0531133177191805e-16
RandomForest,542,AAPL,RandomForest,0.25
RandomForest,542,AMZN,RandomForest,0.25
RandomForest,542,GOOGL,RandomForest,0.24999999999999953
RandomForest,542,MSFT,RandomForest,0.24999999999999964
RandomForest,542,NVDA,RandomForest,2.498001805406602e-16
XGBoost,542,AAPL,XGBoost,0.24999999999999978
XGBoost,542,AMZN,XGBoost,0.25
XGBoost,542,GOOGL,XGBoost,0.25
XGBoost,542,MSFT,XGBoost,0.25
XGBoost,542,NVDA,XGBoost,2.7755575615628914e-17
TabPFN,542,AAPL,TabPFN,0.25
TabPFN,542,AMZN,TabPFN,0.25
TabPFN,542,GOOGL,TabPFN,0.25
TabPFN,542,MSFT,TabPFN,3.555489236362064e-14
TabPFN,542,NVDA,TabPFN,0.24999999999995504
EqualWeight,547,AAPL,EqualWeight,0.2
EqualWeight,547,AMZN,EqualWeight,0.2
EqualWeight,547,GOOGL,EqualWeight,0.2
EqualWeight,547,MSFT,EqualWeight,0.2
EqualWeight,547,NVDA,EqualWeight,0.2
Markowitz,547,AAPL,Markowitz,0.25
Markowitz,547,AMZN,Markowitz,0.24999999999999928
Markowitz,547,GOOGL,Markowitz,0.25
Markowitz,547,MSFT,Markowitz,0.24999999999999953
Markowitz,547,NVDA,Markowitz,8.049116928532385e-16
RandomForest,547,AAPL,RandomForest,0.25
RandomForest,547,AMZN,RandomForest,0.25
RandomForest,547,GOOGL,RandomForest,0.25
RandomForest,547,MSFT,RandomForest,0.25
RandomForest,547,NVDA,RandomForest,0.0
XGBoost,547,AAPL,XGBoost,0.25
XGBoost,547,AMZN,XGBoost,0.2499999999999998
XGBoost,547,GOOGL,XGBoost,0.25
XGBoost,547,MSFT,XGBoost,0.24999999999999997
XGBoost,547,NVDA,XGBoost,0.0
TabPFN,547,AAPL,TabPFN,0.2499999999999998
TabPFN,547,AMZN,TabPFN,0.25
TabPFN,547,GOOGL,TabPFN,0.25
TabPFN,547,MSFT,TabPFN,0.25
TabPFN,547,NVDA,TabPFN,0.0
EqualWeight,552,AAPL,EqualWeight,0.2
EqualWeight,552,AMZN,EqualWeight,0.2
EqualWeight,552,GOOGL,EqualWeight,0.2
EqualWeight,552,MSFT,EqualWeight,0.2
EqualWeight,552,NVDA,EqualWeight,0.2
Markowitz,552,AAPL,Markowitz,0.2499999999999997
Markowitz,552,AMZN,Markowitz,0.25
Markowitz,552,GOOGL,Markowitz,0.0
Markowitz,552,MSFT,Markowitz,0.24999999999999983
Markowitz,552,NVDA,Markowitz,0.24999999999999986
RandomForest,552,AAPL,RandomForest,0.2499999999999999
RandomForest,552,AMZN,RandomForest,0.25
RandomForest,552,GOOGL,RandomForest,3.903127820947816e-16
RandomForest,552,MSFT,RandomForest,0.25
RandomForest,552,NVDA,RandomForest,0.249999999999999
XGBoost,552,AAPL,XGBoost,0.2499999999999997
XGBoost,552,AMZN,XGBoost,0.24999999999999933
XGBoost,552,GOOGL,XGBoost,4.163336342344337e-16
XGBoost,552,MSFT,XGBoost,0.25
XGBoost,552,NVDA,XGBoost,0.2499999999999995
TabPFN,552,AAPL,TabPFN,0.25
TabPFN,552,AMZN,TabPFN,0.25
TabPFN,552,GOOGL,TabPFN,0.23031832795850696
TabPFN,552,MSFT,TabPFN,0.019681672041492706
TabPFN,552,NVDA,TabPFN,0.24999999999999978
EqualWeight,557,AAPL,EqualWeight,0.2
EqualWeight,557,AMZN,EqualWeight,0.2
EqualWeight,557,GOOGL,EqualWeight,0.2
EqualWeight,557,MSFT,EqualWeight,0.2
EqualWeight,557,NVDA,EqualWeight,0.2
Markowitz,557,AAPL,Markowitz,0.24999999999999906
Markowitz,557,AMZN,Markowitz,0.25
Markowitz,557,GOOGL,Markowitz,0.24999999999999978
Markowitz,557,MSFT,Markowitz,0.25
Markowitz,557,NVDA,Markowitz,1.942890293094024e-16
RandomForest,557,AAPL,RandomForest,0.25
RandomForest,557,AMZN,RandomForest,0.24999999999999928
RandomForest,557,GOOGL,RandomForest,0.24999999999999967
RandomForest,557,MSFT,RandomForest,0.24999999999999956
RandomForest,557,NVDA,RandomForest,3.608224830031759e-16
XGBoost,557,AAPL,XGBoost,0.25
XGBoost,557,AMZN,XGBoost,0.25
XGBoost,557,GOOGL,XGBoost,0.25
XGBoost,557,MSFT,XGBoost,0.25
XGBoost,557,NVDA,XGBoost,0.0
TabPFN,557,AAPL,TabPFN,0.24999999999999972
TabPFN,557,AMZN,TabPFN,0.25
TabPFN,557,GOOGL,TabPFN,7.216449660063518e-16
TabPFN,557,MSFT,TabPFN,0.24999999999999994
TabPFN,557,NVDA,TabPFN,0.24999999999999953
EqualWeight,562,AAPL,EqualWeight,0.2
EqualWeight,562,AMZN,EqualWeight,0.2
EqualWeight,562,GOOGL,EqualWeight,0.2
EqualWeight,562,MSFT,EqualWeight,0.2
EqualWeight,562,NVDA,EqualWeight,0.2
Markowitz,562,AAPL,Markowitz,0.24999999999999906
Markowitz,562,AMZN,Markowitz,0.0
Markowitz,562,GOOGL,Markowitz,0.25
Markowitz,562,MSFT,Markowitz,0.25
Markowitz,562,NVDA,Markowitz,0.25
RandomForest,562,AAPL,RandomForest,8.326672684688674e-17
RandomForest,562,AMZN,RandomForest,0.25
RandomForest,562,GOOGL,RandomForest,0.25
RandomForest,562,MSFT,RandomForest,0.2499999999999999
RandomForest,562,NVDA,RandomForest,0.24999999999999908
XGBoost,562,AAPL,XGBoost,0.24999999999999947
XGBoost,562,AMZN,XGBoost,0.0
XGBoost,562,GOOGL,XGBoost,0.25
XGBoost,562,MSFT,XGBoost,0.25
XGBoost,562,NVDA,XGBoost,0.25
TabPFN,562,AAPL,TabPFN,0.12619178185401805
TabPFN,562,AMZN,TabPFN,0.24999999999999803
TabPFN,562,GOOGL,TabPFN,0.12380821814598326
TabPFN,562,MSFT,TabPFN,0.25
TabPFN,562,NVDA,TabPFN,0.24999999999999958
EqualWeight,567,AAPL,EqualWeight,0.2
EqualWeight,567,AMZN,EqualWeight,0.2
EqualWeight,567,GOOGL,EqualWeight,0.2
EqualWeight,567,MSFT,EqualWeight,0.2
EqualWeight,567,NVDA,EqualWeight,0.2
Markowitz,567,AAPL,Markowitz,0.24999999999999953
Markowitz,567,AMZN,Markowitz,0.25
Markowitz,567,GOOGL,Markowitz,0.25
Markowitz,567,MSFT,Markowitz,0.24999999999999992
Markowitz,567,NVDA,Markowitz,1.1102230246251565e-16
RandomForest,567,AAPL,RandomForest,0.25
RandomForest,567,AMZN,RandomForest,0.24999999999999933
RandomForest,567,GOOGL,RandomForest,0.25
RandomForest,567,MSFT,RandomForest,0.2499999999999999
RandomForest,567,NVDA,RandomForest,2.7755575615628914e-17
XGBoost,567,AAPL,XGBoost,0.25
XGBoost,567,AMZN,XGBoost,0.25
XGBoost,567,GOOGL,XGBoost,0.25
XGBoost,567,MSFT,XGBoost,0.24999999999999972
XGBoost,567,NVDA,XGBoost,0.0
TabPFN,567,AAPL,TabPFN,0.2499999999999998
TabPFN,567,AMZN,TabPFN,0.25
TabPFN,567,GOOGL,TabPFN,0.25
TabPFN,567,MSFT,TabPFN,0.25
TabPFN,567,NVDA,TabPFN,0.0
EqualWeight,572,AAPL,EqualWeight,0.2
EqualWeight,572,AMZN,EqualWeight,0.2
EqualWeight,572,GOOGL,EqualWeight,0.2
EqualWeight,572,MSFT,EqualWeight,0.2
EqualWeight,572,NVDA,EqualWeight,0.2
Markowitz,572,AAPL,Markowitz,1.304512053934559e-15
Markowitz,572,AMZN,Markowitz,0.24999999999999942
Markowitz,572,GOOGL,Markowitz,0.25
Markowitz,572,MSFT,Markowitz,0.24999999999999842
Markowitz,572,NVDA,Markowitz,0.25
RandomForest,572,AAPL,RandomForest,3.4416913763379853e-15
RandomForest,572,AMZN,RandomForest,0.25
RandomForest,572,GOOGL,RandomForest,0.24999999999999734
RandomForest,572,MSFT,RandomForest,0.25
RandomForest,572,NVDA,RandomForest,0.24999999999999722
XGBoost,572,AAPL,XGBoost,5.412337245047638e-15
XGBoost,572,AMZN,XGBoost,0.24999999999999722
XGBoost,572,GOOGL,XGBoost,0.24999999999999767
XGBoost,572,MSFT,XGBoost,0.25
XGBoost,572,NVDA,XGBoost,0.24999999999999784
TabPFN,572,AAPL,TabPFN,6.38378239159465e-16
TabPFN,572,AMZN,TabPFN,0.25
TabPFN,572,GOOGL,TabPFN,0.24999999999999975
TabPFN,572,MSFT,TabPFN,0.24999999999999975
TabPFN,572,NVDA,TabPFN,0.2499999999999996
EqualWeight,577,AAPL,EqualWeight,0.2
EqualWeight,577,AMZN,EqualWeight,0.2
EqualWeight,577,GOOGL,EqualWeight,0.2
EqualWeight,577,MSFT,EqualWeight,0.2
EqualWeight,577,NVDA,EqualWeight,0.2
Markowitz,577,AAPL,Markowitz,0.2499999999999984
Markowitz,577,AMZN,Markowitz,0.0
Markowitz,577,GOOGL,Markowitz,0.25
Markowitz,577,MSFT,Markowitz,0.25
Markowitz,577,NVDA,Markowitz,0.24999999999999892
RandomForest,577,AAPL,RandomForest,1.27675647831893e-15
RandomForest,577,AMZN,RandomForest,0.25
RandomForest,577,GOOGL,RandomForest,0.2499999999999996
RandomForest,577,MSFT,RandomForest,0.25
RandomForest,577,NVDA,RandomForest,0.2499999999999974
XGBoost,577,AAPL,XGBoost,0.0
XGBoost,577,AMZN,XGBoost,0.24999999999999867
XGBoost,577,GOOGL,XGBoost,0.25
XGBoost,577,MSFT,XGBoost,0.25
XGBoost,577,NVDA,XGBoost,0.25
TabPFN,577,AAPL,TabPFN,0.25
TabPFN,577,AMZN,TabPFN,3.913536161803677e-15
TabPFN,577,GOOGL,TabPFN,0.24999999999999917
TabPFN,577,MSFT,TabPFN,0.24999999999999817
TabPFN,577,NVDA,TabPFN,0.24999999999999595
EqualWeight,582,AAPL,EqualWeight,0.2
EqualWeight,582,AMZN,EqualWeight,0.2
EqualWeight,582,GOOGL,EqualWeight,0.2
EqualWeight,582,MSFT,EqualWeight,0.2
EqualWeight,582,NVDA,EqualWeight,0.2
Markowitz,582,AAPL,Markowitz,0.24999999999999936
Markowitz,582,AMZN,Markowitz,0.24999999999999972
Markowitz,582,GOOGL,Markowitz,0.25
Markowitz,582,MSFT,Markowitz,0.25
Markowitz,582,NVDA,Markowitz,0.0
RandomForest,582,AAPL,RandomForest,0.03838141723108673
RandomForest,582,AMZN,RandomForest,0.25
RandomForest,582,GOOGL,RandomForest,0.25
RandomForest,582,MSFT,RandomForest,0.24999999999999997
RandomForest,582,NVDA,RandomForest,0.21161858276891132
XGBoost,582,AAPL,XGBoost,0.25
XGBoost,582,AMZN,XGBoost,0.2499999999999999
XGBoost,582,GOOGL,XGBoost,0.25
XGBoost,582,MSFT,XGBoost,0.25
XGBoost,582,NVDA,XGBoost,0.0
TabPFN,582,AAPL,TabPFN,0.25
TabPFN,582,AMZN,TabPFN,1.4432899320127035e-15
TabPFN,582,GOOGL,TabPFN,0.25
TabPFN,582,MSFT,TabPFN,0.24999999999999767
TabPFN,582,NVDA,TabPFN,0.2499999999999994
EqualWeight,587,AAPL,EqualWeight,0.2
EqualWeight,587,AMZN,EqualWeight,0.2
EqualWeight,587,GOOGL,EqualWeight,0.2
EqualWeight,587,MSFT,EqualWeight,0.2
EqualWeight,587,NVDA,EqualWeight,0.2
Markowitz,587,AAPL,Markowitz,0.24999999999999944
Markowitz,587,AMZN,Markowitz,0.2499999999999999
Markowitz,587,GOOGL,Markowitz,0.25
Markowitz,587,MSFT,Markowitz,0.0
Markowitz,587,NVDA,Markowitz,0.25
RandomForest,587,AAPL,RandomForest,0.24999999999999983
RandomForest,587,AMZN,RandomForest,0.24999999999999986
RandomForest,587,GOOGL,RandomForest,0.25
RandomForest,587,MSFT,RandomForest,6.661338147750939e-16
RandomForest,587,NVDA,RandomForest,0.24999999999999967
XGBoost,587,AAPL,XGBoost,0.25
XGBoost,587,AMZN,XGBoost,0.2499999999999989
XGBoost,587,GOOGL,XGBoost,0.25
XGBoost,587,MSFT,XGBoost,0.0
XGBoost,587,NVDA,XGBoost,0.25
TabPFN,587,AAPL,TabPFN,0.25
TabPFN,587,AMZN,TabPFN,0.0
TabPFN,587,GOOGL,TabPFN,0.2499999999999999
TabPFN,587,MSFT,TabPFN,0.24999999999999822
TabPFN,587,NVDA,TabPFN,0.25
EqualWeight,592,AAPL,EqualWeight,0.2
EqualWeight,592,AMZN,EqualWeight,0.2
EqualWeight,592,GOOGL,EqualWeight,0.2
EqualWeight,592,MSFT,EqualWeight,0.2
EqualWeight,592,NVDA,EqualWeight,0.2
Markowitz,592,AAPL,Markowitz,0.25
Markowitz,592,AMZN,Markowitz,0.24999999999999806
Markowitz,592,GOOGL,Markowitz,0.24999999999999947
Markowitz,592,MSFT,Markowitz,0.0
Markowitz,592,NVDA,Markowitz,0.25
RandomForest,592,AAPL,RandomForest,0.25
RandomForest,592,AMZN,RandomForest,0.0
RandomForest,592,GOOGL,RandomForest,0.24999999999999759
RandomForest,592,MSFT,RandomForest,0.24999999999999503
RandomForest,592,NVDA,RandomForest,0.25
XGBoost,592,AAPL,XGBoost,0.25
XGBoost,592,AMZN,XGBoost,2.7755575615628914e-17
XGBoost,592,GOOGL,XGBoost,0.25
XGBoost,592,MSFT,XGBoost,0.25
XGBoost,592,NVDA,XGBoost,0.24999999999999917
TabPFN,592,AAPL,TabPFN,0.24999999999999942
TabPFN,592,AMZN,TabPFN,0.25
TabPFN,592,GOOGL,TabPFN,0.25
TabPFN,592,MSFT,TabPFN,0.24999999999999975
TabPFN,592,NVDA,TabPFN,8.326672684688674e-17
EqualWeight,597,AAPL,EqualWeight,0.2
EqualWeight,597,AMZN,EqualWeight,0.2
EqualWeight,597,GOOGL,EqualWeight,0.2
EqualWeight,597,MSFT,EqualWeight,0.2
EqualWeight,597,NVDA,EqualWeight,0.2
Markowitz,597,AAPL,Markowitz,0.0
Markowitz,597,AMZN,Markowitz,0.25
Markowitz,597,GOOGL,Markowitz,0.25
Markowitz,597,MSFT,Markowitz,0.24999999999999983
Markowitz,597,NVDA,Markowitz,0.2499999999999997
RandomForest,597,AAPL,RandomForest,1.4988010832439613e-15
RandomForest,597,AMZN,RandomForest,0.24999999999999797
RandomForest,597,GOOGL,RandomForest,0.25
RandomForest,597,MSFT,RandomForest,0.25
RandomForest,597,NVDA,RandomForest,0.24999999999999956
XGBoost,597,AAPL,XGBoost,1.1657341758564144e-15
XGBoost,597,AMZN,XGBoost,0.24999999999999895
XGBoost,597,GOOGL,XGBoost,0.24999999999999994
XGBoost,597,MSFT,XGBoost,0.25
XGBoost,597,NVDA,XGBoost,0.2499999999999999
TabPFN,597,AAPL,TabPFN,0.0
TabPFN,597,AMZN,TabPFN,0.25
TabPFN,597,GOOGL,TabPFN,0.25
TabPFN,597,MSFT,TabPFN,0.25
TabPFN,597,NVDA,TabPFN,0.25
EqualWeight,602,AAPL,EqualWeight,0.2
EqualWeight,602,AMZN,EqualWeight,0.2
EqualWeight,602,GOOGL,EqualWeight,0.2
EqualWeight,602,MSFT,EqualWeight,0.2
EqualWeight,602,NVDA,EqualWeight,0.2
Markowitz,602,AAPL,Markowitz,0.25
Markowitz,602,AMZN,Markowitz,0.2499999999999999
Markowitz,602,GOOGL,Markowitz,1.942890293094024e-16
Markowitz,602,MSFT,Markowitz,0.25
Markowitz,602,NVDA,Markowitz,0.24999999999999958
RandomForest,602,AAPL,RandomForest,0.25
RandomForest,602,AMZN,RandomForest,0.25
RandomForest,602,GOOGL,RandomForest,0.0
RandomForest,602,MSFT,RandomForest,0.24999999999999956
RandomForest,602,NVDA,RandomForest,0.25
XGBoost,602,AAPL,XGBoost,0.22331626208065844
XGBoost,602,AMZN,XGBoost,0.24999999999999925
XGBoost,602,GOOGL,XGBoost,0.026683737919344204
XGBoost,602,MSFT,XGBoost,0.24999999999999825
XGBoost,602,NVDA,XGBoost,0.24999999999999978
TabPFN,602,AAPL,TabPFN,0.25
TabPFN,602,AMZN,TabPFN,0.24999999999999947
TabPFN,602,GOOGL,TabPFN,7.216449660063518e-16
TabPFN,602,MSFT,TabPFN,0.25
TabPFN,602,NVDA,TabPFN,0.2499999999999991
EqualWeight,607,AAPL,EqualWeight,0.2
EqualWeight,607,AMZN,EqualWeight,0.2
EqualWeight,607,GOOGL,EqualWeight,0.2
EqualWeight,607,MSFT,EqualWeight,0.2
EqualWeight,607,NVDA,EqualWeight,0.2
Markowitz,607,AAPL,Markowitz,2.498001805406602e-16
Markowitz,607,AMZN,Markowitz,0.25
Markowitz,607,GOOGL,Markowitz,0.25
Markowitz,607,MSFT,Markowitz,0.24999999999999925
Markowitz,607,NVDA,Markowitz,0.24999999999999978
RandomForest,607,AAPL,RandomForest,0.0
RandomForest,607,AMZN,RandomForest,0.25
RandomForest,607,GOOGL,RandomForest,0.24999999999999903
RandomForest,607,MSFT,RandomForest,0.2499999999999998
RandomForest,607,NVDA,RandomForest,0.25
XGBoost,607,AAPL,XGBoost,0.03781147219045031
XGBoost,607,AMZN,XGBoost,0.25
XGBoost,607,GOOGL,XGBoost,0.21218852780954833
XGBoost,607,MSFT,XGBoost,0.24999999999999928
XGBoost,607,NVDA,XGBoost,0.24999999999999808
TabPFN,607,AAPL,TabPFN,7.605027718682322e-15
TabPFN,607,AMZN,TabPFN,0.24999999999999206
TabPFN,607,GOOGL,TabPFN,0.24999999999999833
TabPFN,607,MSFT,TabPFN,0.25
TabPFN,607,NVDA,TabPFN,0.25
EqualWeight,612,AAPL,EqualWeight,0.2
EqualWeight,612,AMZN,EqualWeight,0.2
EqualWeight,612,GOOGL,EqualWeight,0.2
EqualWeight,612,MSFT,EqualWeight,0.2
EqualWeight,612,NVDA,EqualWeight,0.2
Markowitz,612,AAPL,Markowitz,6.106226635438361e-16
Markowitz,612,AMZN,Markowitz,0.2499999999999996
Markowitz,612,GOOGL,Markowitz,0.24999999999999972
Markowitz,612,MSFT,Markowitz,0.25
Markowitz,612,NVDA,Markowitz,0.24999999999999947
RandomForest,612,AAPL,RandomForest,3.608224830031759e-16
RandomForest,612,AMZN,RandomForest,0.24999999999999967
RandomForest,612,GOOGL,RandomForest,0.25
RandomForest,612,MSFT,RandomForest,0.24999999999999964
RandomForest,612,NVDA,RandomForest,0.25
XGBoost,612,AAPL,XGBoost,0.0
XGBoost,612,AMZN,XGBoost,0.25
XGBoost,612,GOOGL,XGBoost,0.24999999999999845
XGBoost,612,MSFT,XGBoost,0.24999999999999936
XGBoost,612,NVDA,XGBoost,0.25
TabPFN,612,AAPL,TabPFN,0.0
TabPFN,612,AMZN,TabPFN,0.25
TabPFN,612,GOOGL,TabPFN,0.25
TabPFN,612,MSFT,TabPFN,0.25
TabPFN,612,NVDA,TabPFN,0.24999999999999956
EqualWeight,617,AAPL,EqualWeight,0.2
EqualWeight,617,AMZN,EqualWeight,0.2
EqualWeight,617,GOOGL,EqualWeight,0.2
EqualWeight,617,MSFT,EqualWeight,0.2
EqualWeight,617,NVDA,EqualWeight,0.2
Markowitz,617,AAPL,Markowitz,0.0
Markowitz,617,AMZN,Markowitz,0.25
Markowitz,617,GOOGL,Markowitz,0.25
Markowitz,617,MSFT,Markowitz,0.25
Markowitz,617,NVDA,Markowitz,0.24999999999999994
RandomForest,617,AAPL,RandomForest,0.2499999999999985
RandomForest,617,AMZN,RandomForest,0.25
RandomForest,617,GOOGL,RandomForest,0.25
RandomForest,617,MSFT,RandomForest,0.25
RandomForest,617,NVDA,RandomForest,1.6653345369377348e-16
XGBoost,617,AAPL,XGBoost,0.2499999999999996
XGBoost,617,AMZN,XGBoost,0.0
XGBoost,617,GOOGL,XGBoost,0.25
XGBoost,617,MSFT,XGBoost,0.25
XGBoost,617,NVDA,XGBoost,0.24999999999999994
TabPFN,617,AAPL,TabPFN,0.2019704631467305
TabPFN,617,AMZN,TabPFN,0.04802953685326996
TabPFN,617,GOOGL,TabPFN,0.2499999999999998
TabPFN,617,MSFT,TabPFN,0.24999999999999986
TabPFN,617,NVDA,TabPFN,0.24999999999999992
EqualWeight,622,AAPL,EqualWeight,0.2
EqualWeight,622,AMZN,EqualWeight,0.2
EqualWeight,622,GOOGL,EqualWeight,0.2
EqualWeight,622,MSFT,EqualWeight,0.2
EqualWeight,622,NVDA,EqualWeight,0.2
Markowitz,622,AAPL,Markowitz,0.25
Markowitz,622,AMZN,Markowitz,0.24999999999999992
Markowitz,622,GOOGL,Markowitz,0.25
Markowitz,622,MSFT,Markowitz,0.0
Markowitz,622,NVDA,Markowitz,0.25
RandomForest,622,AAPL,RandomForest,0.25
RandomForest,622,AMZN,RandomForest,0.25
RandomForest,622,GOOGL,RandomForest,0.25
RandomForest,622,MSFT,RandomForest,6.938893903907228e-16
RandomForest,622,NVDA,RandomForest,0.24999999999999906
XGBoost,622,AAPL,XGBoost,0.13083235183463318
XGBoost,622,AMZN,XGBoost,0.24999999999999994
XGBoost,622,GOOGL,XGBoost,0.2499999999999987
XGBoost,622,MSFT,XGBoost,0.25
XGBoost,622,NVDA,XGBoost,0.11916764816536694
TabPFN,622,AAPL,TabPFN,0.24999999999999994
TabPFN,622,AMZN,TabPFN,0.0
TabPFN,622,GOOGL,TabPFN,0.25
TabPFN,622,MSFT,TabPFN,0.24999999999999933
TabPFN,622,NVDA,TabPFN,0.24999999999999925
EqualWeight,627,AAPL,EqualWeight,0.2
EqualWeight,627,AMZN,EqualWeight,0.2
EqualWeight,627,GOOGL,EqualWeight,0.2
EqualWeight,627,MSFT,EqualWeight,0.2
EqualWeight,627,NVDA,EqualWeight,0.2
Markowitz,627,AAPL,Markowitz,0.24999999999999992
Markowitz,627,AMZN,Markowitz,0.24999999999999994
Markowitz,627,GOOGL,Markowitz,0.24999999999999992
Markowitz,627,MSFT,Markowitz,0.24999999999999967
Markowitz,627,NVDA,Markowitz,8.049116928532385e-16
RandomForest,627,AAPL,RandomForest,0.24999999999999994
RandomForest,627,AMZN,RandomForest,0.25
RandomForest,627,GOOGL,RandomForest,0.25
RandomForest,627,MSFT,RandomForest,0.25
RandomForest,627,NVDA,RandomForest,0.0
XGBoost,627,AAPL,XGBoost,0.24999999999999992
XGBoost,627,AMZN,XGBoost,0.25
XGBoost,627,GOOGL,XGBoost,0.25
XGBoost,627,MSFT,XGBoost,0.24999999999999928
XGBoost,627,NVDA,XGBoost,4.718447854656915e-16
TabPFN,627,AAPL,TabPFN,0.25
TabPFN,627,AMZN,TabPFN,0.24999999999999778
TabPFN,627,GOOGL,TabPFN,0.2499999999999992
TabPFN,627,MSFT,TabPFN,0.25
TabPFN,627,NVDA,TabPFN,1.6930901125533637e-15
EqualWeight,632,AAPL,EqualWeight,0.2
EqualWeight,632,AMZN,EqualWeight,0.2
EqualWeight,632,GOOGL,EqualWeight,0.2
EqualWeight,632,MSFT,EqualWeight,0.2
EqualWeight,632,NVDA,EqualWeight,0.2
Markowitz,632,AAPL,Markowitz,0.24999999999999972
Markowitz,632,AMZN,Markowitz,0.24999999999999986
Markowitz,632,GOOGL,Markowitz,0.25
Markowitz,632,MSFT,Markowitz,0.25
Markowitz,632,NVDA,Markowitz,1.6653345369377348e-16
RandomForest,632,AAPL,RandomForest,3.191891195797325e-16
RandomForest,632,AMZN,RandomForest,0.24999999999999947
RandomForest,632,GOOGL,RandomForest,0.2499999999999999
RandomForest,632,MSFT,RandomForest,0.25
RandomForest,632,NVDA,RandomForest,0.25
XGBoost,632,AAPL,XGBoost,0.24999999999999956
XGBoost,632,AMZN,XGBoost,0.25
XGBoost,632,GOOGL,XGBoost,0.25
XGBoost,632,MSFT,XGBoost,0.2499999999999991
XGBoost,632,NVDA,XGBoost,3.885780586188048e-16
TabPFN,632,AAPL,TabPFN,0.25
TabPFN,632,AMZN,TabPFN,0.25
TabPFN,632,GOOGL,TabPFN,0.25
TabPFN,632,MSFT,TabPFN,0.25
TabPFN,632,NVDA,TabPFN,0.0
EqualWeight,637,AAPL,EqualWeight,0.2
EqualWeight,637,AMZN,EqualWeight,0.2
EqualWeight,637,GOOGL,EqualWeight,0.2
EqualWeight,637,MSFT,EqualWeight,0.2
EqualWeight,637,NVDA,EqualWeight,0.2
Markowitz,637,AAPL,Markowitz,0.25
Markowitz,637,AMZN,Markowitz,0.25
Markowitz,637,GOOGL,Markowitz,0.24999999999999994
Markowitz,637,MSFT,Markowitz,0.0
Markowitz,637,NVDA,Markowitz,0.24999999999999992
RandomForest,637,AAPL,RandomForest,0.2499999999999999
RandomForest,637,AMZN,RandomForest,0.25
RandomForest,637,GOOGL,RandomForest,0.25
RandomForest,637,MSFT,RandomForest,5.551115123125783e-17
RandomForest,637,NVDA,RandomForest,0.24999999999999986
XGBoost,637,AAPL,XGBoost,0.2499999999999997
XGBoost,637,AMZN,XGBoost,0.25
XGBoost,637,GOOGL,XGBoost,0.25
XGBoost,637,MSFT,XGBoost,1.6653345369377348e-16
XGBoost,637,NVDA,XGBoost,0.24999999999999933
TabPFN,637,AAPL,TabPFN,0.2499999999999975
TabPFN,637,AMZN,TabPFN,0.25
TabPFN,637,GOOGL,TabPFN,0.24999999999999883
TabPFN,637,MSFT,TabPFN,0.0
TabPFN,637,NVDA,TabPFN,0.25
EqualWeight,642,AAPL,EqualWeight,0.2
EqualWeight,642,AMZN,EqualWeight,0.2
EqualWeight,642,GOOGL,EqualWeight,0.2
EqualWeight,642,MSFT,EqualWeight,0.2
EqualWeight,642,NVDA,EqualWeight,0.2
Markowitz,642,AAPL,Markowitz,0.25
Markowitz,642,AMZN,Markowitz,0.25
Markowitz,642,GOOGL,Markowitz,0.25
Markowitz,642,MSFT,Markowitz,0.0
Markowitz,642,NVDA,Markowitz,0.24999999999999908
RandomForest,642,AAPL,RandomForest,0.24999999999999986
RandomForest,642,AMZN,RandomForest,0.24999999999999978
RandomForest,642,GOOGL,RandomForest,0.24999999999999983
RandomForest,642,MSFT,RandomForest,7.563394355258879e-16
RandomForest,642,NVDA,RandomForest,0.24999999999999972
XGBoost,642,AAPL,XGBoost,0.24999999999999903
XGBoost,642,AMZN,XGBoost,0.25
XGBoost,642,GOOGL,XGBoost,0.2499999999999999
XGBoost,642,MSFT,XGBoost,0.0
XGBoost,642,NVDA,XGBoost,0.25
TabPFN,642,AAPL,TabPFN,1.3877787807814457e-16
TabPFN,642,AMZN,TabPFN,0.24999999999999997
TabPFN,642,GOOGL,TabPFN,0.2499999999999996
TabPFN,642,MSFT,TabPFN,0.24999999999999997
TabPFN,642,NVDA,TabPFN,0.25
EqualWeight,647,AAPL,EqualWeight,0.2
EqualWeight,647,AMZN,EqualWeight,0.2
EqualWeight,647,GOOGL,EqualWeight,0.2
EqualWeight,647,MSFT,EqualWeight,0.2
EqualWeight,647,NVDA,EqualWeight,0.2
Markowitz,647,AAPL,Markowitz,0.24999999999999795
Markowitz,647,AMZN,Markowitz,0.24999999999999983
Markowitz,647,GOOGL,Markowitz,0.18815290895172748
Markowitz,647,MSFT,Markowitz,0.06184709104827481
Markowitz,647,NVDA,Markowitz,0.25
RandomForest,647,AAPL,RandomForest,0.24999999999999561
RandomForest,647,AMZN,RandomForest,0.24999999999999942
RandomForest,647,GOOGL,RandomForest,0.006495387151566965
RandomForest,647,MSFT,RandomForest,0.24350461284843808
RandomForest,647,NVDA,RandomForest,0.24999999999999992
XGBoost,647,AAPL,XGBoost,0.24999999999999978
XGBoost,647,AMZN,XGBoost,0.24999999999999978
XGBoost,647,GOOGL,XGBoost,1.5543122344752192e-15
XGBoost,647,MSFT,XGBoost,0.25
XGBoost,647,NVDA,XGBoost,0.24999999999999828
TabPFN,647,AAPL,TabPFN,0.25
TabPFN,647,AMZN,TabPFN,0.25
TabPFN,647,GOOGL,TabPFN,0.24999999999999917
TabPFN,647,MSFT,TabPFN,0.0
TabPFN,647,NVDA,TabPFN,0.25
EqualWeight,652,AAPL,EqualWeight,0.2
EqualWeight,652,AMZN,EqualWeight,0.2
EqualWeight,652,GOOGL,EqualWeight,0.2
EqualWeight,652,MSFT,EqualWeight,0.2
EqualWeight,652,NVDA,EqualWeight,0.2
Markowitz,652,AAPL,Markowitz,0.24999999999999992
Markowitz,652,AMZN,Markowitz,0.2499999999999975
Markowitz,652,GOOGL,Markowitz,0.25
Markowitz,652,MSFT,Markowitz,0.0
Markowitz,652,NVDA,Markowitz,0.25
RandomForest,652,AAPL,RandomForest,0.24999999999999933
RandomForest,652,AMZN,RandomForest,0.2499999999999984
RandomForest,652,GOOGL,RandomForest,0.24999999999999864
RandomForest,652,MSFT,RandomForest,2.508410146262463e-15
RandomForest,652,NVDA,RandomForest,0.25
XGBoost,652,AAPL,XGBoost,0.25
XGBoost,652,AMZN,XGBoost,0.25
XGBoost,652,GOOGL,XGBoost,0.25
XGBoost,652,MSFT,XGBoost,0.0
XGBoost,652,NVDA,XGBoost,0.24999999999999883
TabPFN,652,AAPL,TabPFN,0.25
TabPFN,652,AMZN,TabPFN,0.24999999999999786
TabPFN,652,GOOGL,TabPFN,0.0
TabPFN,652,MSFT,TabPFN,0.25
TabPFN,652,NVDA,TabPFN,0.24999999999999933
EqualWeight,657,AAPL,EqualWeight,0.2
EqualWeight,657,AMZN,EqualWeight,0.2
EqualWeight,657,GOOGL,EqualWeight,0.2
EqualWeight,657,MSFT,EqualWeight,0.2
EqualWeight,657,NVDA,EqualWeight,0.2
Markowitz,657,AAPL,Markowitz,0.2499999999999993
Markowitz,657,AMZN,Markowitz,0.25
Markowitz,657,GOOGL,Markowitz,0.25
Markowitz,657,MSFT,Markowitz,3.0531133177191805e-16
Markowitz,657,NVDA,Markowitz,0.24999999999999864
RandomForest,657,AAPL,RandomForest,0.25
RandomForest,657,AMZN,RandomForest,0.24999999999999972
RandomForest,657,GOOGL,RandomForest,0.24999999999999972
RandomForest,657,MSFT,RandomForest,1.3877787807814457e-16
RandomForest,657,NVDA,RandomForest,0.25
XGBoost,657,AAPL,XGBoost,0.25
XGBoost,657,AMZN,XGBoost,0.24999999999999972
XGBoost,657,GOOGL,XGBoost,0.24999999999999906
XGBoost,657,MSFT,XGBoost,0.0
XGBoost,657,NVDA,XGBoost,0.25
TabPFN,657,AAPL,TabPFN,0.25
TabPFN,657,AMZN,TabPFN,0.0
TabPFN,657,GOOGL,TabPFN,0.24999999999999983
TabPFN,657,MSFT,TabPFN,0.25
TabPFN,657,NVDA,TabPFN,0.25
EqualWeight,662,AAPL,EqualWeight,0.2
EqualWeight,662,AMZN,EqualWeight,0.2
EqualWeight,662,GOOGL,EqualWeight,0.2
EqualWeight,662,MSFT,EqualWeight,0.2
EqualWeight,662,NVDA,EqualWeight,0.2
Markowitz,662,AAPL,Markowitz,0.25
Markowitz,662,AMZN,Markowitz,0.0
Markowitz,662,GOOGL,Markowitz,0.25
Markowitz,662,MSFT,Markowitz,0.25
Markowitz,662,NVDA,Markowitz,0.25
RandomForest,662,AAPL,RandomForest,0.25
RandomForest,662,AMZN,RandomForest,0.0
RandomForest,662,GOOGL,RandomForest,0.2499999999999998
RandomForest,662,MSFT,RandomForest,0.25
RandomForest,662,NVDA,RandomForest,0.25
XGBoost,662,AAPL,XGBoost,0.24999999999999908
XGBoost,662,AMZN,XGBoost,0.0
XGBoost,662,GOOGL,XGBoost,0.25
XGBoost,662,MSFT,XGBoost,0.25
XGBoost,662,NVDA,XGBoost,0.25
TabPFN,662,AAPL,TabPFN,0.24999999999999933
TabPFN,662,AMZN,TabPFN,0.25
TabPFN,662,GOOGL,TabPFN,0.0
TabPFN,662,MSFT,TabPFN,0.24999999999999958
TabPFN,662,NVDA,TabPFN,0.24999999999999925
EqualWeight,667,AAPL,EqualWeight,0.2
EqualWeight,667,AMZN,EqualWeight,0.2
EqualWeight,667,GOOGL,EqualWeight,0.2
EqualWeight,667,MSFT,EqualWeight,0.2
EqualWeight,667,NVDA,EqualWeight,0.2
Markowitz,667,AAPL,Markowitz,0.25
Markowitz,667,AMZN,Markowitz,0.0
Markowitz,667,GOOGL,Markowitz,0.25
Markowitz,667,MSFT,Markowitz,0.24999999999999925
Markowitz,667,NVDA,Markowitz,0.2499999999999993
RandomForest,667,AAPL,RandomForest,0.25
RandomForest,667,AMZN,RandomForest,1.2809198146612744e-14
RandomForest,667,GOOGL,RandomForest,0.24999999999999317
RandomForest,667,MSFT,RandomForest,0.24999999999999345
RandomForest,667,NVDA,RandomForest,0.24999999999999833
XGBoost,667,AAPL,XGBoost,0.0
XGBoost,667,AMZN,XGBoost,0.24999999999999897
XGBoost,667,GOOGL,XGBoost,0.25
XGBoost,667,MSFT,XGBoost,0.2499999999999996
XGBoost,667,NVDA,XGBoost,0.25
TabPFN,667,AAPL,TabPFN,0.2499999999999959
TabPFN,667,AMZN,TabPFN,0.0
TabPFN,667,GOOGL,TabPFN,0.24999999999999611
TabPFN,667,MSFT,TabPFN,0.25
TabPFN,667,NVDA,TabPFN,0.25
EqualWeight,672,AAPL,EqualWeight,0.2
EqualWeight,672,AMZN,EqualWeight,0.2
EqualWeight,672,GOOGL,EqualWeight,0.2
EqualWeight,672,MSFT,EqualWeight,0.2
EqualWeight,672,NVDA,EqualWeight,0.2
Markowitz,672,AAPL,Markowitz,0.25
Markowitz,672,AMZN,Markowitz,2.7755575615628914e-16
Markowitz,672,GOOGL,Markowitz,0.25
Markowitz,672,MSFT,Markowitz,0.2499999999999998
Markowitz,672,NVDA,Markowitz,0.2499999999999996
RandomForest,672,AAPL,RandomForest,0.25
RandomForest,672,AMZN,RandomForest,0.0
RandomForest,672,GOOGL,RandomForest,0.25
RandomForest,672,MSFT,RandomForest,0.2499999999999996
RandomForest,672,NVDA,RandomForest,0.24999999999999986
XGBoost,672,AAPL,XGBoost,0.24999999999999942
XGBoost,672,AMZN,XGBoost,2.4980018054066022e-15
XGBoost,672,GOOGL,XGBoost,0.24999999999999895
XGBoost,672,MSFT,XGBoost,0.24999999999999986
XGBoost,672,NVDA,XGBoost,0.24999999999999928
TabPFN,672,AAPL,TabPFN,5.551115123125783e-16
TabPFN,672,AMZN,TabPFN,0.25
TabPFN,672,GOOGL,TabPFN,0.24999999999999975
TabPFN,672,MSFT,TabPFN,0.25
TabPFN,672,NVDA,TabPFN,0.24999999999999967
EqualWeight,677,AAPL,EqualWeight,0.2
EqualWeight,677,AMZN,EqualWeight,0.2
EqualWeight,677,GOOGL,EqualWeight,0.2
EqualWeight,677,MSFT,EqualWeight,0.2
EqualWeight,677,NVDA,EqualWeight,0.2
Markowitz,677,AAPL,Markowitz,0.25
Markowitz,677,AMZN,Markowitz,0.0
Markowitz,677,GOOGL,Markowitz,0.24999999999999986
Markowitz,677,MSFT,Markowitz,0.24999999999999978
Markowitz,677,NVDA,Markowitz,0.25
RandomForest,677,AAPL,RandomForest,0.24999999999999917
RandomForest,677,AMZN,RandomForest,1.3877787807814457e-16
RandomForest,677,GOOGL,RandomForest,0.25
RandomForest,677,MSFT,RandomForest,0.25
RandomForest,677,NVDA,RandomForest,0.25
XGBoost,677,AAPL,XGBoost,0.25
XGBoost,677,AMZN,XGBoost,0.25
XGBoost,677,GOOGL,XGBoost,0.24999999999998979
XGBoost,677,MSFT,XGBoost,0.25
XGBoost,677,NVDA,XGBoost,0.0
TabPFN,677,AAPL,TabPFN,0.0
TabPFN,677,AMZN,TabPFN,0.24999999999999944
TabPFN,677,GOOGL,TabPFN,0.25
TabPFN,677,MSFT,TabPFN,0.2499999999999999
TabPFN,677,NVDA,TabPFN,0.25
EqualWeight,682,AAPL,EqualWeight,0.2
EqualWeight,682,AMZN,EqualWeight,0.2
EqualWeight,682,GOOGL,EqualWeight,0.2
EqualWeight,682,MSFT,EqualWeight,0.2
EqualWeight,682,NVDA,EqualWeight,0.2
Markowitz,682,AAPL,Markowitz,0.25
Markowitz,682,AMZN,Markowitz,2.6645352591003757e-15
Markowitz,682,GOOGL,Markowitz,0.24999999999999925
Markowitz,682,MSFT,Markowitz,0.24999999999999625
Markowitz,682,NVDA,Markowitz,0.24999999999999978
RandomForest,682,AAPL,RandomForest,0.25
RandomForest,682,AMZN,RandomForest,3.802513859341161e-15
RandomForest,682,GOOGL,RandomForest,0.24999999999999906
RandomForest,682,MSFT,RandomForest,0.2499999999999974
RandomForest,682,NVDA,RandomForest,0.24999999999999847
XGBoost,682,AAPL,XGBoost,0.25
XGBoost,682,AMZN,XGBoost,2.498001805406602e-16
XGBoost,682,GOOGL,XGBoost,0.2499999999999996
XGBoost,682,MSFT,XGBoost,0.2499999999999994
XGBoost,682,NVDA,XGBoost,0.2499999999999999
TabPFN,682,AAPL,TabPFN,0.24999999999999206
TabPFN,682,AMZN,TabPFN,0.0
TabPFN,682,GOOGL,TabPFN,0.25
TabPFN,682,MSFT,TabPFN,0.25
TabPFN,682,NVDA,TabPFN,0.24999999999999706
EqualWeight,687,AAPL,EqualWeight,0.2
EqualWeight,687,AMZN,EqualWeight,0.2
EqualWeight,687,GOOGL,EqualWeight,0.2
EqualWeight,687,MSFT,EqualWeight,0.2
EqualWeight,687,NVDA,EqualWeight,0.2
Markowitz,687,AAPL,Markowitz,0.25
Markowitz,687,AMZN,Markowitz,0.016679066125522026
Markowitz,687,GOOGL,Markowitz,0.25
Markowitz,687,MSFT,Markowitz,0.24999999999999994
Markowitz,687,NVDA,Markowitz,0.23332093387447755
RandomForest,687,AAPL,RandomForest,0.20356587697659811
RandomForest,687,AMZN,RandomForest,0.24999999999999983
RandomForest,687,GOOGL,RandomForest,0.25
RandomForest,687,MSFT,RandomForest,0.25
RandomForest,687,NVDA,RandomForest,0.046434123023401906
XGBoost,687,AAPL,XGBoost,0.2499999999999989
XGBoost,687,AMZN,XGBoost,0.25
XGBoost,687,GOOGL,XGBoost,0.25
XGBoost,687,MSFT,XGBoost,0.24999999999999895
XGBoost,687,NVDA,XGBoost,0.0
TabPFN,687,AAPL,TabPFN,0.25
TabPFN,687,AMZN,TabPFN,3.885780586188048e-16
TabPFN,687,GOOGL,TabPFN,0.24999999999999917
TabPFN,687,MSFT,TabPFN,0.25
TabPFN,687,NVDA,TabPFN,0.24999999999999956
EqualWeight,692,AAPL,EqualWeight,0.2
EqualWeight,692,AMZN,EqualWeight,0.2
EqualWeight,692,GOOGL,EqualWeight,0.2
EqualWeight,692,MSFT,EqualWeight,0.2
EqualWeight,692,NVDA,EqualWeight,0.2
Markowitz,692,AAPL,Markowitz,0.25
Markowitz,692,AMZN,Markowitz,0.25
Markowitz,692,GOOGL,Markowitz,0.22264112968442748
Markowitz,692,MSFT,Markowitz,0.02735887031557223
Markowitz,692,NVDA,Markowitz,0.25
RandomForest,692,AAPL,RandomForest,0.24999999999999967
RandomForest,692,AMZN,RandomForest,0.25
RandomForest,692,GOOGL,RandomForest,0.111893653278695
RandomForest,692,MSFT,RandomForest,0.13810634672130445
RandomForest,692,NVDA,RandomForest,0.25
XGBoost,692,AAPL,XGBoost,0.24999999999999917
XGBoost,692,AMZN,XGBoost,0.24999999999999964
XGBoost,692,GOOGL,XGBoost,0.25
XGBoost,692,MSFT,XGBoost,1.1102230246251565e-15
XGBoost,692,NVDA,XGBoost,0.24999999999999967
TabPFN,692,AAPL,TabPFN,0.25
TabPFN,692,AMZN,TabPFN,8.326672684688674e-17
TabPFN,692,GOOGL,TabPFN,0.25
TabPFN,692,MSFT,TabPFN,0.24999999999999986
TabPFN,692,NVDA,TabPFN,0.25
EqualWeight,697,AAPL,EqualWeight,0.2
EqualWeight,697,AMZN,EqualWeight,0.2
EqualWeight,697,GOOGL,EqualWeight,0.2
EqualWeight,697,MSFT,EqualWeight,0.2
EqualWeight,697,NVDA,EqualWeight,0.2
Markowitz,697,AAPL,Markowitz,0.25
Markowitz,697,AMZN,Markowitz,0.25
Markowitz,697,GOOGL,Markowitz,0.0
Markowitz,697,MSFT,Markowitz,0.25
Markowitz,697,NVDA,Markowitz,0.25
RandomForest,697,AAPL,RandomForest,0.25
RandomForest,697,AMZN,RandomForest,0.25
RandomForest,697,GOOGL,RandomForest,4.0852737859253807e-16
RandomForest,697,MSFT,RandomForest,0.25
RandomForest,697,NVDA,RandomForest,0.24999999999999897
XGBoost,697,AAPL,XGBoost,0.25
XGBoost,697,AMZN,XGBoost,0.25
XGBoost,697,GOOGL,XGBoost,0.0
XGBoost,697,MSFT,XGBoost,0.25
XGBoost,697,NVDA,XGBoost,0.24999999999999756
TabPFN,697,AAPL,TabPFN,0.24999999999999906
TabPFN,697,AMZN,TabPFN,8.049116928532385e-16
TabPFN,697,GOOGL,TabPFN,0.24999999999999992
TabPFN,697,MSFT,TabPFN,0.25
TabPFN,697,NVDA,TabPFN,0.25
EqualWeight,702,AAPL,EqualWeight,0.2
EqualWeight,702,AMZN,EqualWeight,0.2
EqualWeight,702,GOOGL,EqualWeight,0.2
EqualWeight,702,MSFT,EqualWeight,0.2
EqualWeight,702,NVDA,EqualWeight,0.2
Markowitz,702,AAPL,Markowitz,0.24999999999999659
Markowitz,702,AMZN,Markowitz,0.25
Markowitz,702,GOOGL,Markowitz,0.2499999999999952
Markowitz,702,MSFT,Markowitz,0.2499999999999985
Markowitz,702,NVDA,Markowitz,0.0
RandomForest,702,AAPL,RandomForest,0.25
RandomForest,702,AMZN,RandomForest,0.25
RandomForest,702,GOOGL,RandomForest,0.0015022966283716175
RandomForest,702,MSFT,RandomForest,0.25
RandomForest,702,NVDA,RandomForest,0.24849770337162078
XGBoost,702,AAPL,XGBoost,0.24999999999999895
XGBoost,702,AMZN,XGBoost,0.24999999999999187
XGBoost,702,GOOGL,XGBoost,0.03299923263506579
XGBoost,702,MSFT,XGBoost,0.24999999999999872
XGBoost,702,NVDA,XGBoost,0.2170007673649447
TabPFN,702,AAPL,TabPFN,0.24999999999999933
TabPFN,702,AMZN,TabPFN,0.24999999999999825
TabPFN,702,GOOGL,TabPFN,0.25
TabPFN,702,MSFT,TabPFN,0.25
TabPFN,702,NVDA,TabPFN,2.4980018054066022e-15
EqualWeight,707,AAPL,EqualWeight,0.2
EqualWeight,707,AMZN,EqualWeight,0.2
EqualWeight,707,GOOGL,EqualWeight,0.2
EqualWeight,707,MSFT,EqualWeight,0.2
EqualWeight,707,NVDA,EqualWeight,0.2
Markowitz,707,AAPL,Markowitz,0.25
Markowitz,707,AMZN,Markowitz,0.25
Markowitz,707,GOOGL,Markowitz,0.25
Markowitz,707,MSFT,Markowitz,0.0
Markowitz,707,NVDA,Markowitz,0.25
RandomForest,707,AAPL,RandomForest,0.25
RandomForest,707,AMZN,RandomForest,0.24999999999999978
RandomForest,707,GOOGL,RandomForest,0.24999999999999992
RandomForest,707,MSFT,RandomForest,2.7755575615628914e-16
RandomForest,707,NVDA,RandomForest,0.2499999999999999
XGBoost,707,AAPL,XGBoost,0.24999999999999892
XGBoost,707,AMZN,XGBoost,0.25
XGBoost,707,GOOGL,XGBoost,0.24999999999999908
XGBoost,707,MSFT,XGBoost,0.0
XGBoost,707,NVDA,XGBoost,0.2499999999999987
TabPFN,707,AAPL,TabPFN,0.0
TabPFN,707,AMZN,TabPFN,0.25
TabPFN,707,GOOGL,TabPFN,0.24999999999999978
TabPFN,707,MSFT,TabPFN,0.24999999999999983
TabPFN,707,NVDA,TabPFN,0.25
EqualWeight,712,AAPL,EqualWeight,0.2
EqualWeight,712,AMZN,EqualWeight,0.2
EqualWeight,712,GOOGL,EqualWeight,0.2
EqualWeight,712,MSFT,EqualWeight,0.2
EqualWeight,712,NVDA,EqualWeight,0.2
Markowitz,712,AAPL,Markowitz,0.0
Markowitz,712,AMZN,Markowitz,0.25
Markowitz,712,GOOGL,Markowitz,0.24999999999999997
Markowitz,712,MSFT,Markowitz,0.24999999999999797
Markowitz,712,NVDA,Markowitz,0.25
RandomForest,712,AAPL,RandomForest,0.0
RandomForest,712,AMZN,RandomForest,0.24999999999999947
RandomForest,712,GOOGL,RandomForest,0.2499999999999997
RandomForest,712,MSFT,RandomForest,0.25
RandomForest,712,NVDA,RandomForest,0.25
XGBoost,712,AAPL,XGBoost,1.5265566588595902e-15
XGBoost,712,AMZN,XGBoost,0.24999999999999756
XGBoost,712,GOOGL,XGBoost,0.25
XGBoost,712,MSFT,XGBoost,0.25
XGBoost,712,NVDA,XGBoost,0.24999999999999964
TabPFN,712,AAPL,TabPFN,0.25
TabPFN,712,AMZN,TabPFN,0.24999999999999856
TabPFN,712,GOOGL,TabPFN,1.2490009027033011e-15
TabPFN,712,MSFT,TabPFN,0.2499999999999997
TabPFN,712,NVDA,TabPFN,0.25
EqualWeight,717,AAPL,EqualWeight,0.2
EqualWeight,717,AMZN,EqualWeight,0.2
EqualWeight,717,GOOGL,EqualWeight,0.2
EqualWeight,717,MSFT,EqualWeight,0.2
EqualWeight,717,NVDA,EqualWeight,0.2
Markowitz,717,AAPL,Markowitz,5.551115123125783e-17
Markowitz,717,AMZN,Markowitz,0.25
Markowitz,717,GOOGL,Markowitz,0.24999999999999953
Markowitz,717,MSFT,Markowitz,0.25
Markowitz,717,NVDA,Markowitz,0.25
RandomForest,717,AAPL,RandomForest,5.551115123125783e-17
RandomForest,717,AMZN,RandomForest,0.25
RandomForest,717,GOOGL,RandomForest,0.24999999999999994
RandomForest,717,MSFT,RandomForest,0.2499999999999995
RandomForest,717,NVDA,RandomForest,0.25
XGBoost,717,AAPL,XGBoost,2.525757381022231e-15
XGBoost,717,AMZN,XGBoost,0.25
XGBoost,717,GOOGL,XGBoost,0.24999999999999947
XGBoost,717,MSFT,XGBoost,0.2499999999999995
XGBoost,717,NVDA,XGBoost,0.24999999999999853
TabPFN,717,AAPL,TabPFN,0.25
TabPFN,717,AMZN,TabPFN,0.25
TabPFN,717,GOOGL,TabPFN,0.25
TabPFN,717,MSFT,TabPFN,0.24999999999999994
TabPFN,717,NVDA,TabPFN,0.0
EqualWeight,722,AAPL,EqualWeight,0.2
EqualWeight,722,AMZN,EqualWeight,0.2
EqualWeight,722,GOOGL,EqualWeight,0.2
EqualWeight,722,MSFT,EqualWeight,0.2
EqualWeight,722,NVDA,EqualWeight,0.2
Markowitz,722,AAPL,Markowitz,0.25
Markowitz,722,AMZN,Markowitz,0.24999999999999964
Markowitz,722,GOOGL,Markowitz,0.24999999999999933
Markowitz,722,MSFT,Markowitz,1.7763568394002505e-15
Markowitz,722,NVDA,Markowitz,0.24999999999999895
RandomForest,722,AAPL,RandomForest,0.25
RandomForest,722,AMZN,RandomForest,0.2499999999999999
RandomForest,722,GOOGL,RandomForest,0.25
RandomForest,722,MSFT,RandomForest,8.881784197001252e-16
RandomForest,722,NVDA,RandomForest,0.249999999999999
XGBoost,722,AAPL,XGBoost,0.24999999999999675
XGBoost,722,AMZN,XGBoost,0.25
XGBoost,722,GOOGL,XGBoost,0.25
XGBoost,722,MSFT,XGBoost,0.0
XGBoost,722,NVDA,XGBoost,0.25
TabPFN,722,AAPL,TabPFN,0.25
TabPFN,722,AMZN,TabPFN,0.24999999999999978
TabPFN,722,GOOGL,TabPFN,0.25
TabPFN,722,MSFT,TabPFN,0.0
TabPFN,722,NVDA,TabPFN,0.25
EqualWeight,727,AAPL,EqualWeight,0.2
EqualWeight,727,AMZN,EqualWeight,0.2
EqualWeight,727,GOOGL,EqualWeight,0.2
EqualWeight,727,MSFT,EqualWeight,0.2
EqualWeight,727,NVDA,EqualWeight,0.2
Markowitz,727,AAPL,Markowitz,0.2499999999999997
Markowitz,727,AMZN,Markowitz,0.25
Markowitz,727,GOOGL,Markowitz,6.106226635438361e-16
Markowitz,727,MSFT,Markowitz,0.25
Markowitz,727,NVDA,Markowitz,0.24999999999999947
RandomForest,727,AAPL,RandomForest,0.24999999999999736
RandomForest,727,AMZN,RandomForest,4.066191827689636e-15
RandomForest,727,GOOGL,RandomForest,0.25
RandomForest,727,MSFT,RandomForest,0.249999999999999
RandomForest,727,NVDA,RandomForest,0.24999999999999944
XGBoost,727,AAPL,XGBoost,6.106226635438361e-16
XGBoost,727,AMZN,XGBoost,0.25
XGBoost,727,GOOGL,XGBoost,0.25
XGBoost,727,MSFT,XGBoost,0.25
XGBoost,727,NVDA,XGBoost,0.24999999999999878
TabPFN,727,AAPL,TabPFN,0.24999999999999944
TabPFN,727,AMZN,TabPFN,0.25
TabPFN,727,GOOGL,TabPFN,0.0
TabPFN,727,MSFT,TabPFN,0.2499999999999999
TabPFN,727,NVDA,TabPFN,0.25
EqualWeight,732,AAPL,EqualWeight,0.2
EqualWeight,732,AMZN,EqualWeight,0.2
EqualWeight,732,GOOGL,EqualWeight,0.2
EqualWeight,732,MSFT,EqualWeight,0.2
EqualWeight,732,NVDA,EqualWeight,0.2
Markowitz,732,AAPL,Markowitz,0.0
Markowitz,732,AMZN,Markowitz,0.25
Markowitz,732,GOOGL,Markowitz,0.2499999999999997
Markowitz,732,MSFT,Markowitz,0.25
Markowitz,732,NVDA,Markowitz,0.25
RandomForest,732,AAPL,RandomForest,0.0
RandomForest,732,AMZN,RandomForest,0.24999999999999967
RandomForest,732,GOOGL,RandomForest,0.24999999999999956
RandomForest,732,MSFT,RandomForest,0.25
RandomForest,732,NVDA,RandomForest,0.25
XGBoost,732,AAPL,XGBoost,0.0
XGBoost,732,AMZN,XGBoost,0.25
XGBoost,732,GOOGL,XGBoost,0.24999999999999892
XGBoost,732,MSFT,XGBoost,0.25
XGBoost,732,NVDA,XGBoost,0.25
TabPFN,732,AAPL,TabPFN,0.24999999999999953
TabPFN,732,AMZN,TabPFN,0.0
TabPFN,732,GOOGL,TabPFN,0.24999999999999986
TabPFN,732,MSFT,TabPFN,0.25
TabPFN,732,NVDA,TabPFN,0.25
EqualWeight,737,AAPL,EqualWeight,0.2
EqualWeight,737,AMZN,EqualWeight,0.2
EqualWeight,737,GOOGL,EqualWeight,0.2
EqualWeight,737,MSFT,EqualWeight,0.2
EqualWeight,737,NVDA,EqualWeight,0.2
Markowitz,737,AAPL,Markowitz,0.25
Markowitz,737,AMZN,Markowitz,0.2499999999999996
Markowitz,737,GOOGL,Markowitz,0.0
Markowitz,737,MSFT,Markowitz,0.24999999999999975
Markowitz,737,NVDA,Markowitz,0.24999999999999994
RandomForest,737,AAPL,RandomForest,0.24999999999999936
RandomForest,737,AMZN,RandomForest,0.25
RandomForest,737,GOOGL,RandomForest,0.25
RandomForest,737,MSFT,RandomForest,0.0
RandomForest,737,NVDA,RandomForest,0.2499999999999999
XGBoost,737,AAPL,XGBoost,0.24999999999999978
XGBoost,737,AMZN,XGBoost,0.25
XGBoost,737,GOOGL,XGBoost,5.273559366969494e-16
XGBoost,737,MSFT,XGBoost,0.25
XGBoost,737,NVDA,XGBoost,0.2499999999999996
TabPFN,737,AAPL,TabPFN,0.24999999999999872
TabPFN,737,AMZN,TabPFN,0.25
TabPFN,737,GOOGL,TabPFN,6.38378239159465e-16
TabPFN,737,MSFT,TabPFN,0.25
TabPFN,737,NVDA,TabPFN,0.2499999999999996
EqualWeight,742,AAPL,EqualWeight,0.2
EqualWeight,742,AMZN,EqualWeight,0.2
EqualWeight,742,GOOGL,EqualWeight,0.2
EqualWeight,742,MSFT,EqualWeight,0.2
EqualWeight,742,NVDA,EqualWeight,0.2
Markowitz,742,AAPL,Markowitz,0.24999999999999858
Markowitz,742,AMZN,Markowitz,2.831068712794149e-15
Markowitz,742,GOOGL,Markowitz,0.24999999999999975
Markowitz,742,MSFT,Markowitz,0.24999999999999914
Markowitz,742,NVDA,Markowitz,0.24999999999999978
RandomForest,742,AAPL,RandomForest,0.249999999999999
RandomForest,742,AMZN,RandomForest,0.25
RandomForest,742,GOOGL,RandomForest,4.718447854656915e-16
RandomForest,742,MSFT,RandomForest,0.2499999999999997
RandomForest,742,NVDA,RandomForest,0.24999999999999978
XGBoost,742,AAPL,XGBoost,0.25
XGBoost,742,AMZN,XGBoost,2.3592239273284576e-15
XGBoost,742,GOOGL,XGBoost,0.25
XGBoost,742,MSFT,XGBoost,0.24999999999999972
XGBoost,742,NVDA,XGBoost,0.24999999999999664
TabPFN,742,AAPL,TabPFN,0.25
TabPFN,742,AMZN,TabPFN,0.0
TabPFN,742,GOOGL,TabPFN,0.2499999999999999
TabPFN,742,MSFT,TabPFN,0.24999999999999994
TabPFN,742,NVDA,TabPFN,0.24999999999999933
EqualWeight,747,AAPL,EqualWeight,0.2
EqualWeight,747,AMZN,EqualWeight,0.2
EqualWeight,747,GOOGL,EqualWeight,0.2
EqualWeight,747,MSFT,EqualWeight,0.2
EqualWeight,747,NVDA,EqualWeight,0.2
Markowitz,747,AAPL,Markowitz,0.24999999999999908
Markowitz,747,AMZN,Markowitz,0.25
Markowitz,747,GOOGL,Markowitz,0.25
Markowitz,747,MSFT,Markowitz,0.24999999999999908
Markowitz,747,NVDA,Markowitz,9.992007221626409e-16
RandomForest,747,AAPL,RandomForest,0.24999999999999867
RandomForest,747,AMZN,RandomForest,0.24999999999999942
RandomForest,747,GOOGL,RandomForest,0.25
RandomForest,747,MSFT,RandomForest,0.24999999999999867
RandomForest,747,NVDA,RandomForest,2.4980018054066022e-15
XGBoost,747,AAPL,XGBoost,0.25
XGBoost,747,AMZN,XGBoost,0.24999999999999917
XGBoost,747,GOOGL,XGBoost,0.24999999999999875
XGBoost,747,MSFT,XGBoost,0.25
XGBoost,747,NVDA,XGBoost,0.0
TabPFN,747,AAPL,TabPFN,0.24999999999999986
TabPFN,747,AMZN,TabPFN,0.24999999999999994
TabPFN,747,GOOGL,TabPFN,0.24999999999999997
TabPFN,747,MSFT,TabPFN,0.2499999999999997
TabPFN,747,NVDA,TabPFN,6.38378239159465e-16
EqualWeight,752,AAPL,EqualWeight,0.2
EqualWeight,752,AMZN,EqualWeight,0.2
EqualWeight,752,GOOGL,EqualWeight,0.2
EqualWeight,752,MSFT,EqualWeight,0.2
EqualWeight,752,NVDA,EqualWeight,0.2
Markowitz,752,AAPL,Markowitz,0.25
Markowitz,752,AMZN,Markowitz,0.25
Markowitz,752,GOOGL,Markowitz,7.632783294297951e-16
Markowitz,752,MSFT,Markowitz,0.24999999999999933
Markowitz,752,NVDA,Markowitz,0.24999999999999878
RandomForest,752,AAPL,RandomForest,0.2499999999999755
RandomForest,752,AMZN,RandomForest,0.24999999999998646
RandomForest,752,GOOGL,RandomForest,0.21969077634995351
RandomForest,752,MSFT,RandomForest,0.24999999999997569
RandomForest,752,NVDA,RandomForest,0.030309223650108845
XGBoost,752,AAPL,XGBoost,0.24999999999999997
XGBoost,752,AMZN,XGBoost,0.24999999999999953
XGBoost,752,GOOGL,XGBoost,5.551115123125783e-16
XGBoost,752,MSFT,XGBoost,0.25
XGBoost,752,NVDA,XGBoost,0.25
TabPFN,752,AAPL,TabPFN,0.24999999999999947
TabPFN,752,AMZN,TabPFN,0.24999999999999994
TabPFN,752,GOOGL,TabPFN,0.25
TabPFN,752,MSFT,TabPFN,0.25
TabPFN,752,NVDA,TabPFN,0.0
EqualWeight,757,AAPL,EqualWeight,0.2
EqualWeight,757,AMZN,EqualWeight,0.2
EqualWeight,757,GOOGL,EqualWeight,0.2
EqualWeight,757,MSFT,EqualWeight,0.2
EqualWeight,757,NVDA,EqualWeight,0.2
Markowitz,757,AAPL,Markowitz,0.24999999999999886
Markowitz,757,AMZN,Markowitz,0.25
Markowitz,757,GOOGL,Markowitz,0.24999999999999997
Markowitz,757,MSFT,Markowitz,1.5265566588595902e-15
Markowitz,757,NVDA,Markowitz,0.24999999999999817
RandomForest,757,AAPL,RandomForest,0.24999999999999972
RandomForest,757,AMZN,RandomForest,0.0
RandomForest,757,GOOGL,RandomForest,0.24999999999999928
RandomForest,757,MSFT,RandomForest,0.24999999999999872
RandomForest,757,NVDA,RandomForest,0.25
XGBoost,757,AAPL,XGBoost,0.24999999999999967
XGBoost,757,AMZN,XGBoost,0.25
XGBoost,757,GOOGL,XGBoost,0.25
XGBoost,757,MSFT,XGBoost,2.220446049250313e-16
XGBoost,757,NVDA,XGBoost,0.24999999999999972
TabPFN,757,AAPL,TabPFN,0.25
TabPFN,757,AMZN,TabPFN,0.24999999999999967
TabPFN,757,GOOGL,TabPFN,0.25
TabPFN,757,MSFT,TabPFN,2.1094237467877974e-15
TabPFN,757,NVDA,TabPFN,0.24999999999999434
EqualWeight,762,AAPL,EqualWeight,0.2
EqualWeight,762,AMZN,EqualWeight,0.2
EqualWeight,762,GOOGL,EqualWeight,0.2
EqualWeight,762,MSFT,EqualWeight,0.2
EqualWeight,762,NVDA,EqualWeight,0.2
Markowitz,762,AAPL,Markowitz,0.24999999999999747
Markowitz,762,AMZN,Markowitz,0.24999999999999564
Markowitz,762,GOOGL,Markowitz,0.06049537716474205
Markowitz,762,MSFT,Markowitz,0.18950462283526334
Markowitz,762,NVDA,Markowitz,0.25
RandomForest,762,AAPL,RandomForest,0.2499999999999981
RandomForest,762,AMZN,RandomForest,0.25
RandomForest,762,GOOGL,RandomForest,0.24999999999999928
RandomForest,762,MSFT,RandomForest,0.0
RandomForest,762,NVDA,RandomForest,0.25
XGBoost,762,AAPL,XGBoost,0.2499999999999938
XGBoost,762,AMZN,XGBoost,0.25
XGBoost,762,GOOGL,XGBoost,0.0
XGBoost,762,MSFT,XGBoost,0.24999999999999092
XGBoost,762,NVDA,XGBoost,0.25
TabPFN,762,AAPL,TabPFN,0.25
TabPFN,762,AMZN,TabPFN,0.25
TabPFN,762,GOOGL,TabPFN,0.12725561396319549
TabPFN,762,MSFT,TabPFN,0.12274438603680218
TabPFN,762,NVDA,TabPFN,0.24999999999999853
EqualWeight,767,AAPL,EqualWeight,0.2
EqualWeight,767,AMZN,EqualWeight,0.2
EqualWeight,767,GOOGL,EqualWeight,0.2
EqualWeight,767,MSFT,EqualWeight,0.2
EqualWeight,767,NVDA,EqualWeight,0.2
Markowitz,767,AAPL,Markowitz,0.2499999999999996
Markowitz,767,AMZN,Markowitz,0.25
Markowitz,767,GOOGL,Markowitz,0.25
Markowitz,767,MSFT,Markowitz,0.24999999999999903
Markowitz,767,NVDA,Markowitz,0.0
RandomForest,767,AAPL,RandomForest,0.25
RandomForest,767,AMZN,RandomForest,0.25
RandomForest,767,GOOGL,RandomForest,0.24999999999999886
RandomForest,767,MSFT,RandomForest,0.24999999999999922
RandomForest,767,NVDA,RandomForest,6.661338147750939e-16
XGBoost,767,AAPL,XGBoost,0.24999999999999933
XGBoost,767,AMZN,XGBoost,0.25
XGBoost,767,GOOGL,XGBoost,0.2499999999999994
XGBoost,767,MSFT,XGBoost,0.25
XGBoost,767,NVDA,XGBoost,0.0
TabPFN,767,AAPL,TabPFN,0.25
TabPFN,767,AMZN,TabPFN,0.25
TabPFN,767,GOOGL,TabPFN,0.24999999999999994
TabPFN,767,MSFT,TabPFN,0.24999999999999953
TabPFN,767,NVDA,TabPFN,0.0
EqualWeight,772,AAPL,EqualWeight,0.2
EqualWeight,772,AMZN,EqualWeight,0.2
EqualWeight,772,GOOGL,EqualWeight,0.2
EqualWeight,772,MSFT,EqualWeight,0.2
EqualWeight,772,NVDA,EqualWeight,0.2
Markowitz,772,AAPL,Markowitz,0.24999999999999784
Markowitz,772,AMZN,Markowitz,0.25
Markowitz,772,GOOGL,Markowitz,0.25
Markowitz,772,MSFT,Markowitz,0.25
Markowitz,772,NVDA,Markowitz,0.0
RandomForest,772,AAPL,RandomForest,0.2499999999999933
RandomForest,772,AMZN,RandomForest,0.24999999999998668
RandomForest,772,GOOGL,RandomForest,0.25
RandomForest,772,MSFT,RandomForest,0.25
RandomForest,772,NVDA,RandomForest,1.6792123247455493e-14
XGBoost,772,AAPL,XGBoost,0.24999999999999603
XGBoost,772,AMZN,XGBoost,0.25
XGBoost,772,GOOGL,XGBoost,0.25
XGBoost,772,MSFT,XGBoost,0.24999999999999864
XGBoost,772,NVDA,XGBoost,0.0
TabPFN,772,AAPL,TabPFN,0.25
TabPFN,772,AMZN,TabPFN,0.25
TabPFN,772,GOOGL,TabPFN,0.25
TabPFN,772,MSFT,TabPFN,0.24999999999999972
TabPFN,772,NVDA,TabPFN,0.0
EqualWeight,777,AAPL,EqualWeight,0.2
EqualWeight,777,AMZN,EqualWeight,0.2
EqualWeight,777,GOOGL,EqualWeight,0.2
EqualWeight,777,MSFT,EqualWeight,0.2
EqualWeight,777,NVDA,EqualWeight,0.2
Markowitz,777,AAPL,Markowitz,0.25
Markowitz,777,AMZN,Markowitz,0.25
Markowitz,777,GOOGL,Markowitz,0.0
Markowitz,777,MSFT,Markowitz,0.24999999999999795
Markowitz,777,NVDA,Markowitz,0.25
RandomForest,777,AAPL,RandomForest,0.25
RandomForest,777,AMZN,RandomForest,0.24999999999999936
RandomForest,777,GOOGL,RandomForest,3.608224830031759e-15
RandomForest,777,MSFT,RandomForest,0.2499999999999994
RandomForest,777,NVDA,RandomForest,0.24999999999999767
XGBoost,777,AAPL,XGBoost,0.25
XGBoost,777,AMZN,XGBoost,0.25
XGBoost,777,GOOGL,XGBoost,0.0
XGBoost,777,MSFT,XGBoost,0.24999999999999747
XGBoost,777,NVDA,XGBoost,0.25
TabPFN,777,AAPL,TabPFN,0.25
TabPFN,777,AMZN,TabPFN,0.25
TabPFN,777,GOOGL,TabPFN,0.0
TabPFN,777,MSFT,TabPFN,0.25
TabPFN,777,NVDA,TabPFN,0.25
EqualWeight,782,AAPL,EqualWeight,0.2
EqualWeight,782,AMZN,EqualWeight,0.2
EqualWeight,782,GOOGL,EqualWeight,0.2
EqualWeight,782,MSFT,EqualWeight,0.2
EqualWeight,782,NVDA,EqualWeight,0.2
Markowitz,782,AAPL,Markowitz,0.25
Markowitz,782,AMZN,Markowitz,0.25
Markowitz,782,GOOGL,Markowitz,0.0
Markowitz,782,MSFT,Markowitz,0.24999999999999822
Markowitz,782,NVDA,Markowitz,0.25
RandomForest,782,AAPL,RandomForest,0.25
RandomForest,782,AMZN,RandomForest,0.2499999999999985
RandomForest,782,GOOGL,RandomForest,0.0
RandomForest,782,MSFT,RandomForest,0.25
RandomForest,782,NVDA,RandomForest,0.24999999999999992
XGBoost,782,AAPL,XGBoost,0.24999999999999867
XGBoost,782,AMZN,XGBoost,0.24999999999999023
XGBoost,782,GOOGL,XGBoost,1.0241807402167069e-14
XGBoost,782,MSFT,XGBoost,0.249999999999999
XGBoost,782,NVDA,XGBoost,0.25
TabPFN,782,AAPL,TabPFN,0.2499999999999998
TabPFN,782,AMZN,TabPFN,0.25
TabPFN,782,GOOGL,TabPFN,0.0
TabPFN,782,MSFT,TabPFN,0.24999999999999942
TabPFN,782,NVDA,TabPFN,0.25
EqualWeight,787,AAPL,EqualWeight,0.2
EqualWeight,787,AMZN,EqualWeight,0.2
EqualWeight,787,GOOGL,EqualWeight,0.2
EqualWeight,787,MSFT,EqualWeight,0.2
EqualWeight,787,NVDA,EqualWeight,0.2
Markowitz,787,AAPL,Markowitz,1.448494102440634e-15
Markowitz,787,AMZN,Markowitz,0.25
Markowitz,787,GOOGL,Markowitz,0.24999999999999933
Markowitz,787,MSFT,Markowitz,0.24999999999999956
Markowitz,787,NVDA,Markowitz,0.24999999999999953
RandomForest,787,AAPL,RandomForest,0.25
RandomForest,787,AMZN,RandomForest,0.2499999999999976
RandomForest,787,GOOGL,RandomForest,0.24999999999999903
RandomForest,787,MSFT,RandomForest,0.25
RandomForest,787,NVDA,RandomForest,1.1657341758564144e-15
XGBoost,787,AAPL,XGBoost,0.25
XGBoost,787,AMZN,XGBoost,0.25
XGBoost,787,GOOGL,XGBoost,0.25
XGBoost,787,MSFT,XGBoost,0.25
XGBoost,787,NVDA,XGBoost,0.0
TabPFN,787,AAPL,TabPFN,2.796374243274613e-15
TabPFN,787,AMZN,TabPFN,0.24999999999999706
TabPFN,787,GOOGL,TabPFN,0.24999999999999978
TabPFN,787,MSFT,TabPFN,0.25
TabPFN,787,NVDA,TabPFN,0.25
EqualWeight,792,AAPL,EqualWeight,0.2
EqualWeight,792,AMZN,EqualWeight,0.2
EqualWeight,792,GOOGL,EqualWeight,0.2
EqualWeight,792,MSFT,EqualWeight,0.2
EqualWeight,792,NVDA,EqualWeight,0.2
Markowitz,792,AAPL,Markowitz,8.326672684688674e-16
Markowitz,792,AMZN,Markowitz,0.25
Markowitz,792,GOOGL,Markowitz,0.2499999999999996
Markowitz,792,MSFT,Markowitz,0.24999999999999942
Markowitz,792,NVDA,Markowitz,0.2499999999999999
RandomForest,792,AAPL,RandomForest,0.0
RandomForest,792,AMZN,RandomForest,0.24999999999999983
RandomForest,792,GOOGL,RandomForest,0.25
RandomForest,792,MSFT,RandomForest,0.24999999999999936
RandomForest,792,NVDA,RandomForest,0.25
XGBoost,792,AAPL,XGBoost,0.0
XGBoost,792,AMZN,XGBoost,0.24999999999999953
XGBoost,792,GOOGL,XGBoost,0.25
XGBoost,792,MSFT,XGBoost,0.25
XGBoost,792,NVDA,XGBoost,0.25
TabPFN,792,AAPL,TabPFN,0.25
TabPFN,792,AMZN,TabPFN,0.0
TabPFN,792,GOOGL,TabPFN,0.25
TabPFN,792,MSFT,TabPFN,0.24999999999999775
TabPFN,792,NVDA,TabPFN,0.25
EqualWeight,797,AAPL,EqualWeight,0.2
EqualWeight,797,AMZN,EqualWeight,0.2
EqualWeight,797,GOOGL,EqualWeight,0.2
EqualWeight,797,MSFT,EqualWeight,0.2
EqualWeight,797,NVDA,EqualWeight,0.2
Markowitz,797,AAPL,Markowitz,0.25
Markowitz,797,AMZN,Markowitz,4.718447854656915e-16
Markowitz,797,GOOGL,Markowitz,0.2499999999999995
Markowitz,797,MSFT,Markowitz,0.2499999999999994
Markowitz,797,NVDA,Markowitz,0.2499999999999999
RandomForest,797,AAPL,RandomForest,0.2499999999999986
RandomForest,797,AMZN,RandomForest,0.0
RandomForest,797,GOOGL,RandomForest,0.25
RandomForest,797,MSFT,RandomForest,0.25
RandomForest,797,NVDA,RandomForest,0.25
XGBoost,797,AAPL,XGBoost,0.24999999999999986
XGBoost,797,AMZN,XGBoost,0.0
XGBoost,797,GOOGL,XGBoost,0.25
XGBoost,797,MSFT,XGBoost,0.24999999999999922
XGBoost,797,NVDA,XGBoost,0.25
TabPFN,797,AAPL,TabPFN,0.25
TabPFN,797,AMZN,TabPFN,0.24999999999999986
TabPFN,797,GOOGL,TabPFN,5.551115123125783e-16
TabPFN,797,MSFT,TabPFN,0.25
TabPFN,797,NVDA,TabPFN,0.24999999999999895
EqualWeight,802,AAPL,EqualWeight,0.2
EqualWeight,802,AMZN,EqualWeight,0.2
EqualWeight,802,GOOGL,EqualWeight,0.2
EqualWeight,802,MSFT,EqualWeight,0.2
EqualWeight,802,NVDA,EqualWeight,0.2
Markowitz,802,AAPL,Markowitz,0.0
Markowitz,802,AMZN,Markowitz,0.24999999999999953
Markowitz,802,GOOGL,Markowitz,0.25
Markowitz,802,MSFT,Markowitz,0.25
Markowitz,802,NVDA,Markowitz,0.24999999999999958
RandomForest,802,AAPL,RandomForest,0.08012905775530055
RandomForest,802,AMZN,RandomForest,0.25
RandomForest,802,GOOGL,RandomForest,0.2499999999999959
RandomForest,802,MSFT,RandomForest,0.24999999999999786
RandomForest,802,NVDA,RandomForest,0.16987094224470564
XGBoost,802,AAPL,XGBoost,0.25
XGBoost,802,AMZN,XGBoost,6.106226635438361e-16
XGBoost,802,GOOGL,XGBoost,0.24999999999999975
XGBoost,802,MSFT,XGBoost,0.24999999999999964
XGBoost,802,NVDA,XGBoost,0.2499999999999996
TabPFN,802,AAPL,TabPFN,0.029206658707015037
TabPFN,802,AMZN,TabPFN,0.24999999999999986
TabPFN,802,GOOGL,TabPFN,0.24999999999999953
TabPFN,802,MSFT,TabPFN,0.25
TabPFN,802,NVDA,TabPFN,0.22079334129298545
EqualWeight,807,AAPL,EqualWeight,0.2
EqualWeight,807,AMZN,EqualWeight,0.2
EqualWeight,807,GOOGL,EqualWeight,0.2
EqualWeight,807,MSFT,EqualWeight,0.2
EqualWeight,807,NVDA,EqualWeight,0.2
Markowitz,807,AAPL,Markowitz,0.24999999999999975
Markowitz,807,AMZN,Markowitz,0.25
Markowitz,807,GOOGL,Markowitz,0.0
Markowitz,807,MSFT,Markowitz,0.24999999999999983
Markowitz,807,NVDA,Markowitz,0.25
RandomForest,807,AAPL,RandomForest,0.25
RandomForest,807,AMZN,RandomForest,0.25
RandomForest,807,GOOGL,RandomForest,0.0
RandomForest,807,MSFT,RandomForest,0.25
RandomForest,807,NVDA,RandomForest,0.2499999999999999
XGBoost,807,AAPL,XGBoost,0.24999999999999933
XGBoost,807,AMZN,XGBoost,0.25
XGBoost,807,GOOGL,XGBoost,6.661338147750939e-16
XGBoost,807,MSFT,XGBoost,0.2499999999999999
XGBoost,807,NVDA,XGBoost,0.2499999999999997
TabPFN,807,AAPL,TabPFN,0.25
TabPFN,807,AMZN,TabPFN,0.25
TabPFN,807,GOOGL,TabPFN,1.1934897514720433e-15
TabPFN,807,MSFT,TabPFN,0.24999999999999975
TabPFN,807,NVDA,TabPFN,0.24999999999999853
EqualWeight,812,AAPL,EqualWeight,0.2
EqualWeight,812,AMZN,EqualWeight,0.2
EqualWeight,812,GOOGL,EqualWeight,0.2
EqualWeight,812,MSFT,EqualWeight,0.2
EqualWeight,812,NVDA,EqualWeight,0.2
Markowitz,812,AAPL,Markowitz,0.25
Markowitz,812,AMZN,Markowitz,0.25
Markowitz,812,GOOGL,Markowitz,0.0
Markowitz,812,MSFT,Markowitz,0.24999999999999994
Markowitz,812,NVDA,Markowitz,0.25
RandomForest,812,AAPL,RandomForest,0.25
RandomForest,812,AMZN,RandomForest,0.2499999999999993
RandomForest,812,GOOGL,RandomForest,1.5543122344752192e-15
RandomForest,812,MSFT,RandomForest,0.24999999999999922
RandomForest,812,NVDA,RandomForest,0.24999999999999967
XGBoost,812,AAPL,XGBoost,0.24999999999999892
XGBoost,812,AMZN,XGBoost,0.24999999999999753
XGBoost,812,GOOGL,XGBoost,7.743805596760467e-15
XGBoost,812,MSFT,XGBoost,0.24999999999999908
XGBoost,812,NVDA,XGBoost,0.24999999999999675
TabPFN,812,AAPL,TabPFN,0.25
TabPFN,812,AMZN,TabPFN,0.24999999999999808
TabPFN,812,GOOGL,TabPFN,2.6367796834847468e-15
TabPFN,812,MSFT,TabPFN,0.25
TabPFN,812,NVDA,TabPFN,0.24999999999999747
EqualWeight,817,AAPL,EqualWeight,0.2
EqualWeight,817,AMZN,EqualWeight,0.2
EqualWeight,817,GOOGL,EqualWeight,0.2
EqualWeight,817,MSFT,EqualWeight,0.2
EqualWeight,817,NVDA,EqualWeight,0.2
Markowitz,817,AAPL,Markowitz,0.24999999999999986
Markowitz,817,AMZN,Markowitz,0.24999999999999878
Markowitz,817,GOOGL,Markowitz,0.25
Markowitz,817,MSFT,Markowitz,0.25
Markowitz,817,NVDA,Markowitz,0.0
RandomForest,817,AAPL,RandomForest,0.24999999999999872
RandomForest,817,AMZN,RandomForest,0.24999999999999564
RandomForest,817,GOOGL,RandomForest,0.25
RandomForest,817,MSFT,RandomForest,0.25
RandomForest,817,NVDA,RandomForest,2.6922908347160046e-15
XGBoost,817,AAPL,XGBoost,0.25
XGBoost,817,AMZN,XGBoost,0.25
XGBoost,817,GOOGL,XGBoost,0.25
XGBoost,817,MSFT,XGBoost,0.24999999999999822
XGBoost,817,NVDA,XGBoost,0.0
TabPFN,817,AAPL,TabPFN,0.25
TabPFN,817,AMZN,TabPFN,0.25
TabPFN,817,GOOGL,TabPFN,0.24999999999999856
TabPFN,817,MSFT,TabPFN,6.661338147750939e-16
TabPFN,817,NVDA,TabPFN,0.25
EqualWeight,822,AAPL,EqualWeight,0.2
EqualWeight,822,AMZN,EqualWeight,0.2
EqualWeight,822,GOOGL,EqualWeight,0.2
EqualWeight,822,MSFT,EqualWeight,0.2
EqualWeight,822,NVDA,EqualWeight,0.2
Markowitz,822,AAPL,Markowitz,0.25
Markowitz,822,AMZN,Markowitz,0.24999999999999967
Markowitz,822,GOOGL,Markowitz,0.2499999999999996
Markowitz,822,MSFT,Markowitz,1.1657341758564144e-15
Markowitz,822,NVDA,Markowitz,0.2499999999999991
RandomForest,822,AAPL,RandomForest,0.25
RandomForest,822,AMZN,RandomForest,0.2499999999999996
RandomForest,822,GOOGL,RandomForest,0.24999999999999994
RandomForest,822,MSFT,RandomForest,9.71445146547012e-16
RandomForest,822,NVDA,RandomForest,0.24999999999999922
XGBoost,822,AAPL,XGBoost,0.24999999999999933
XGBoost,822,AMZN,XGBoost,0.25
XGBoost,822,GOOGL,XGBoost,0.24999999999999972
XGBoost,822,MSFT,XGBoost,0.0
XGBoost,822,NVDA,XGBoost,0.25
TabPFN,822,AAPL,TabPFN,0.25
TabPFN,822,AMZN,TabPFN,0.25
TabPFN,822,GOOGL,TabPFN,0.25
TabPFN,822,MSFT,TabPFN,0.0
TabPFN,822,NVDA,TabPFN,0.24999999999999986
EqualWeight,827,AAPL,EqualWeight,0.2
EqualWeight,827,AMZN,EqualWeight,0.2
EqualWeight,827,GOOGL,EqualWeight,0.2
EqualWeight,827,MSFT,EqualWeight,0.2
EqualWeight,827,NVDA,EqualWeight,0.2
Markowitz,827,AAPL,Markowitz,0.2499999999999978
Markowitz,827,AMZN,Markowitz,0.25
Markowitz,827,GOOGL,Markowitz,0.25
Markowitz,827,MSFT,Markowitz,0.24999999999999886
Markowitz,827,NVDA,Markowitz,0.0
RandomForest,827,AAPL,RandomForest,0.2499999999999994
RandomForest,827,AMZN,RandomForest,0.24999999999999997
RandomForest,827,GOOGL,RandomForest,0.25
RandomForest,827,MSFT,RandomForest,0.25
RandomForest,827,NVDA,RandomForest,1.6653345369377348e-16
XGBoost,827,AAPL,XGBoost,0.25
XGBoost,827,AMZN,XGBoost,0.2499999999999969
XGBoost,827,GOOGL,XGBoost,0.24999999999999842
XGBoost,827,MSFT,XGBoost,0.25
XGBoost,827,NVDA,XGBoost,9.71445146547012e-16
TabPFN,827,AAPL,TabPFN,0.24999999999999972
TabPFN,827,AMZN,TabPFN,0.25
TabPFN,827,GOOGL,TabPFN,0.24999999999999972
TabPFN,827,MSFT,TabPFN,5.551115123125783e-17
TabPFN,827,NVDA,TabPFN,0.2499999999999999
EqualWeight,832,AAPL,EqualWeight,0.2
EqualWeight,832,AMZN,EqualWeight,0.2
EqualWeight,832,GOOGL,EqualWeight,0.2
EqualWeight,832,MSFT,EqualWeight,0.2
EqualWeight,832,NVDA,EqualWeight,0.2
Markowitz,832,AAPL,Markowitz,0.25
Markowitz,832,AMZN,Markowitz,0.2499999999999994
Markowitz,832,GOOGL,Markowitz,0.24999999999999983
Markowitz,832,MSFT,Markowitz,3.885780586188048e-16
Markowitz,832,NVDA,Markowitz,0.2499999999999999
RandomForest,832,AAPL,RandomForest,0.24999999999999972
RandomForest,832,AMZN,RandomForest,0.2499999999999989
RandomForest,832,GOOGL,RandomForest,0.24999999999999856
RandomForest,832,MSFT,RandomForest,0.24999999999999867
RandomForest,832,NVDA,RandomForest,4.142519660632615e-15
XGBoost,832,AAPL,XGBoost,0.0
XGBoost,832,AMZN,XGBoost,0.25
XGBoost,832,GOOGL,XGBoost,0.25
XGBoost,832,MSFT,XGBoost,0.24999999999999972
XGBoost,832,NVDA,XGBoost,0.24999999999999883
TabPFN,832,AAPL,TabPFN,0.2499999999999998
TabPFN,832,AMZN,TabPFN,0.24999999999999953
TabPFN,832,GOOGL,TabPFN,0.25
TabPFN,832,MSFT,TabPFN,2.7755575615628914e-17
TabPFN,832,NVDA,TabPFN,0.25
EqualWeight,837,AAPL,EqualWeight,0.2
EqualWeight,837,AMZN,EqualWeight,0.2
EqualWeight,837,GOOGL,EqualWeight,0.2
EqualWeight,837,MSFT,EqualWeight,0.2
EqualWeight,837,NVDA,EqualWeight,0.2
Markowitz,837,AAPL,Markowitz,0.2499999999999991
Markowitz,837,AMZN,Markowitz,0.24999999999999972
Markowitz,837,GOOGL,Markowitz,0.25
Markowitz,837,MSFT,Markowitz,6.245004513516506e-16
Markowitz,837,NVDA,Markowitz,0.2499999999999996
RandomForest,837,AAPL,RandomForest,0.24999999999999953
RandomForest,837,AMZN,RandomForest,0.2499999999999997
RandomForest,837,GOOGL,RandomForest,0.25
RandomForest,837,MSFT,RandomForest,3.608224830031759e-16
RandomForest,837,NVDA,RandomForest,0.25
XGBoost,837,AAPL,XGBoost,0.24999999999999997
XGBoost,837,AMZN,XGBoost,0.25
XGBoost,837,GOOGL,XGBoost,2.688821387764051e-17
XGBoost,837,MSFT,XGBoost,0.2499999999999999
XGBoost,837,NVDA,XGBoost,0.24999999999999992
TabPFN,837,AAPL,TabPFN,0.25
TabPFN,837,AMZN,TabPFN,0.25
TabPFN,837,GOOGL,TabPFN,0.0
TabPFN,837,MSFT,TabPFN,0.2499999999999999
TabPFN,837,NVDA,TabPFN,0.25
EqualWeight,842,AAPL,EqualWeight,0.2
EqualWeight,842,AMZN,EqualWeight,0.2
EqualWeight,842,GOOGL,EqualWeight,0.2
EqualWeight,842,MSFT,EqualWeight,0.2
EqualWeight,842,NVDA,EqualWeight,0.2
Markowitz,842,AAPL,Markowitz,0.25
Markowitz,842,AMZN,Markowitz,0.24999999999999992
Markowitz,842,GOOGL,Markowitz,0.0
Markowitz,842,MSFT,Markowitz,0.24999999999999994
Markowitz,842,NVDA,Markowitz,0.2499999999999997
RandomForest,842,AAPL,RandomForest,0.2499999999999999
RandomForest,842,AMZN,RandomForest,0.25
RandomForest,842,GOOGL,RandomForest,0.24999999999999947
RandomForest,842,MSFT,RandomForest,0.0
RandomForest,842,NVDA,RandomForest,0.25
XGBoost,842,AAPL,XGBoost,0.15451748618695635
XGBoost,842,AMZN,XGBoost,0.25
XGBoost,842,GOOGL,XGBoost,0.09548251381304393
XGBoost,842,MSFT,XGBoost,0.25
XGBoost,842,NVDA,XGBoost,0.24999999999999944
TabPFN,842,AAPL,TabPFN,0.25
TabPFN,842,AMZN,TabPFN,5.551115123125783e-17
TabPFN,842,GOOGL,TabPFN,0.24999999999999983
TabPFN,842,MSFT,TabPFN,0.24999999999999986
TabPFN,842,NVDA,TabPFN,0.24999999999999997
EqualWeight,847,AAPL,EqualWeight,0.2
EqualWeight,847,AMZN,EqualWeight,0.2
EqualWeight,847,GOOGL,EqualWeight,0.2
EqualWeight,847,MSFT,EqualWeight,0.2
EqualWeight,847,NVDA,EqualWeight,0.2
Markowitz,847,AAPL,Markowitz,0.24999999999999956
Markowitz,847,AMZN,Markowitz,0.24999999999999967
Markowitz,847,GOOGL,Markowitz,6.661338147750939e-16
Markowitz,847,MSFT,Markowitz,0.25
Markowitz,847,NVDA,Markowitz,0.25
RandomForest,847,AAPL,RandomForest,0.24999999999999997
RandomForest,847,AMZN,RandomForest,0.24999999999999864
RandomForest,847,GOOGL,RandomForest,4.191091917959966e-15
RandomForest,847,MSFT,RandomForest,0.24999999999999906
RandomForest,847,NVDA,RandomForest,0.2499999999999982
XGBoost,847,AAPL,XGBoost,0.2499999999999999
XGBoost,847,AMZN,XGBoost,0.2499999999999996
XGBoost,847,GOOGL,XGBoost,0.0
XGBoost,847,MSFT,XGBoost,0.25
XGBoost,847,NVDA,XGBoost,0.25
TabPFN,847,AAPL,TabPFN,8.604228440844963e-16
TabPFN,847,AMZN,TabPFN,0.24999999999999953
TabPFN,847,GOOGL,TabPFN,0.25
TabPFN,847,MSFT,TabPFN,0.25
TabPFN,847,NVDA,TabPFN,0.24999999999999922
EqualWeight,852,AAPL,EqualWeight,0.2
EqualWeight,852,AMZN,EqualWeight,0.2
EqualWeight,852,GOOGL,EqualWeight,0.2
EqualWeight,852,MSFT,EqualWeight,0.2
EqualWeight,852,NVDA,EqualWeight,0.2
Markowitz,852,AAPL,Markowitz,0.24999999999994543
Markowitz,852,AMZN,Markowitz,0.24999999999999162
Markowitz,852,GOOGL,Markowitz,0.0
Markowitz,852,MSFT,Markowitz,0.24999999999998984
Markowitz,852,NVDA,Markowitz,0.25
RandomForest,852,AAPL,RandomForest,0.24999999999998834
RandomForest,852,AMZN,RandomForest,0.24999999999999145
RandomForest,852,GOOGL,RandomForest,0.0
RandomForest,852,MSFT,RandomForest,0.24999999999999878
RandomForest,852,NVDA,RandomForest,0.25
XGBoost,852,AAPL,XGBoost,0.25
XGBoost,852,AMZN,XGBoost,0.25
XGBoost,852,GOOGL,XGBoost,3.5110803153770576e-14
XGBoost,852,MSFT,XGBoost,0.25
XGBoost,852,NVDA,XGBoost,0.24999999999990136
TabPFN,852,AAPL,TabPFN,0.0
TabPFN,852,AMZN,TabPFN,0.2499999999999995
TabPFN,852,GOOGL,TabPFN,0.24999999999999906
TabPFN,852,MSFT,TabPFN,0.2499999999999955
TabPFN,852,NVDA,TabPFN,0.25
EqualWeight,857,AAPL,EqualWeight,0.2
EqualWeight,857,AMZN,EqualWeight,0.2
EqualWeight,857,GOOGL,EqualWeight,0.2
EqualWeight,857,MSFT,EqualWeight,0.2
EqualWeight,857,NVDA,EqualWeight,0.2
Markowitz,857,AAPL,Markowitz,0.0052934712125484494
Markowitz,857,AMZN,Markowitz,0.25
Markowitz,857,GOOGL,Markowitz,0.2447065287874502
Markowitz,857,MSFT,Markowitz,0.24999999999999992
Markowitz,857,NVDA,Markowitz,0.25
RandomForest,857,AAPL,RandomForest,0.25
RandomForest,857,AMZN,RandomForest,0.25
RandomForest,857,GOOGL,RandomForest,4.107825191113079e-15
RandomForest,857,MSFT,RandomForest,0.25
RandomForest,857,NVDA,RandomForest,0.24999999999999215
XGBoost,857,AAPL,XGBoost,0.1969068361795067
XGBoost,857,AMZN,XGBoost,0.25
XGBoost,857,GOOGL,XGBoost,0.053093163820493366
XGBoost,857,MSFT,XGBoost,0.24999999999999975
XGBoost,857,NVDA,XGBoost,0.25
TabPFN,857,AAPL,TabPFN,4.440892098500626e-16
TabPFN,857,AMZN,TabPFN,0.24999999999999922
TabPFN,857,GOOGL,TabPFN,0.25
TabPFN,857,MSFT,TabPFN,0.25
TabPFN,857,NVDA,TabPFN,0.25
EqualWeight,862,AAPL,EqualWeight,0.2
EqualWeight,862,AMZN,EqualWeight,0.2
EqualWeight,862,GOOGL,EqualWeight,0.2
EqualWeight,862,MSFT,EqualWeight,0.2
EqualWeight,862,NVDA,EqualWeight,0.2
Markowitz,862,AAPL,Markowitz,0.25
Markowitz,862,AMZN,Markowitz,0.24999999999999958
Markowitz,862,GOOGL,Markowitz,5.551115123125783e-17
Markowitz,862,MSFT,Markowitz,0.25
Markowitz,862,NVDA,Markowitz,0.24999999999999986
RandomForest,862,AAPL,RandomForest,0.25
RandomForest,862,AMZN,RandomForest,0.25
RandomForest,862,GOOGL,RandomForest,4.718447854656915e-16
RandomForest,862,MSFT,RandomForest,0.24999999999999914
RandomForest,862,NVDA,RandomForest,0.2499999999999998
XGBoost,862,AAPL,XGBoost,0.2499999999999994
XGBoost,862,AMZN,XGBoost,0.25
XGBoost,862,GOOGL,XGBoost,3.0531133177191805e-16
XGBoost,862,MSFT,XGBoost,0.25
XGBoost,862,NVDA,XGBoost,0.24999999999999994
TabPFN,862,AAPL,TabPFN,0.2499999999999978
TabPFN,862,AMZN,TabPFN,0.25
TabPFN,862,GOOGL,TabPFN,0.0
TabPFN,862,MSFT,TabPFN,0.25
TabPFN,862,NVDA,TabPFN,0.25
EqualWeight,867,AAPL,EqualWeight,0.2
EqualWeight,867,AMZN,EqualWeight,0.2
EqualWeight,867,GOOGL,EqualWeight,0.2
EqualWeight,867,MSFT,EqualWeight,0.2
EqualWeight,867,NVDA,EqualWeight,0.2
Markowitz,867,AAPL,Markowitz,0.24999999999999906
Markowitz,867,AMZN,Markowitz,0.25
Markowitz,867,GOOGL,Markowitz,6.294877813450839e-16
Markowitz,867,MSFT,Markowitz,0.24999999999999983
Markowitz,867,NVDA,Markowitz,0.25
RandomForest,867,AAPL,RandomForest,0.02756378959999063
RandomForest,867,AMZN,RandomForest,0.24999999999999925
RandomForest,867,GOOGL,RandomForest,0.22243621040001124
RandomForest,867,MSFT,RandomForest,0.24999999999999933
RandomForest,867,NVDA,RandomForest,0.24999999999999953
XGBoost,867,AAPL,XGBoost,0.004093028642048059
XGBoost,867,AMZN,XGBoost,0.24590697135795203
XGBoost,867,GOOGL,XGBoost,0.25
XGBoost,867,MSFT,XGBoost,0.24999999999999997
XGBoost,867,NVDA,XGBoost,0.24999999999999972
TabPFN,867,AAPL,TabPFN,0.24999999999999942
TabPFN,867,AMZN,TabPFN,0.24999999999999964
TabPFN,867,GOOGL,TabPFN,5.551115123125783e-16
TabPFN,867,MSFT,TabPFN,0.24999999999999967
TabPFN,867,NVDA,TabPFN,0.25
EqualWeight,872,AAPL,EqualWeight,0.2
EqualWeight,872,AMZN,EqualWeight,0.2
EqualWeight,872,GOOGL,EqualWeight,0.2
EqualWeight,872,MSFT,EqualWeight,0.2
EqualWeight,872,NVDA,EqualWeight,0.2
Markowitz,872,AAPL,Markowitz,0.24999999999999997
Markowitz,872,AMZN,Markowitz,0.24999999999999883
Markowitz,872,GOOGL,Markowitz,1.970645868709653e-15
Markowitz,872,MSFT,Markowitz,0.24999999999999967
Markowitz,872,NVDA,Markowitz,0.24999999999999956
RandomForest,872,AAPL,RandomForest,0.24999999999999975
RandomForest,872,AMZN,RandomForest,0.25
RandomForest,872,GOOGL,RandomForest,0.0
RandomForest,872,MSFT,RandomForest,0.25
RandomForest,872,NVDA,RandomForest,0.25
XGBoost,872,AAPL,XGBoost,0.24999999999999975
XGBoost,872,AMZN,XGBoost,0.25
XGBoost,872,GOOGL,XGBoost,0.0
XGBoost,872,MSFT,XGBoost,0.25
XGBoost,872,NVDA,XGBoost,0.25
TabPFN,872,AAPL,TabPFN,0.24999999999999975
TabPFN,872,AMZN,TabPFN,0.24999999999999958
TabPFN,872,GOOGL,TabPFN,9.43689570931383e-16
TabPFN,872,MSFT,TabPFN,0.2499999999999999
TabPFN,872,NVDA,TabPFN,0.24999999999999986
EqualWeight,877,AAPL,EqualWeight,0.2
EqualWeight,877,AMZN,EqualWeight,0.2
EqualWeight,877,GOOGL,EqualWeight,0.2
EqualWeight,877,MSFT,EqualWeight,0.2
EqualWeight,877,NVDA,EqualWeight,0.2
Markowitz,877,AAPL,Markowitz,0.25
Markowitz,877,AMZN,Markowitz,0.25
Markowitz,877,GOOGL,Markowitz,4.440892098500626e-16
Markowitz,877,MSFT,Markowitz,0.24999999999999978
Markowitz,877,NVDA,Markowitz,0.24999999999999897
RandomForest,877,AAPL,RandomForest,0.24999999999999742
RandomForest,877,AMZN,RandomForest,0.24999999999999875
RandomForest,877,GOOGL,RandomForest,0.0
RandomForest,877,MSFT,RandomForest,0.25
RandomForest,877,NVDA,RandomForest,0.25
XGBoost,877,AAPL,XGBoost,0.2499999999999993
XGBoost,877,AMZN,XGBoost,0.25
XGBoost,877,GOOGL,XGBoost,1.6237011735142914e-15
XGBoost,877,MSFT,XGBoost,0.24999999999999908
XGBoost,877,NVDA,XGBoost,0.2499999999999998
TabPFN,877,AAPL,TabPFN,0.25
TabPFN,877,AMZN,TabPFN,0.24999999999999994
TabPFN,877,GOOGL,TabPFN,0.25
TabPFN,877,MSFT,TabPFN,0.0
TabPFN,877,NVDA,TabPFN,0.25
EqualWeight,882,AAPL,EqualWeight,0.2
EqualWeight,882,AMZN,EqualWeight,0.2
EqualWeight,882,GOOGL,EqualWeight,0.2
EqualWeight,882,MSFT,EqualWeight,0.2
EqualWeight,882,NVDA,EqualWeight,0.2
Markowitz,882,AAPL,Markowitz,0.24999999999999958
Markowitz,882,AMZN,Markowitz,0.24999999999999975
Markowitz,882,GOOGL,Markowitz,0.0
Markowitz,882,MSFT,Markowitz,0.25
Markowitz,882,NVDA,Markowitz,0.25
RandomForest,882,AAPL,RandomForest,0.24999999999999947
RandomForest,882,AMZN,RandomForest,0.24999999999999964
RandomForest,882,GOOGL,RandomForest,0.0
RandomForest,882,MSFT,RandomForest,0.25
RandomForest,882,NVDA,RandomForest,0.25
XGBoost,882,AAPL,XGBoost,0.24999999999999944
XGBoost,882,AMZN,XGBoost,0.2499999999999999
XGBoost,882,GOOGL,XGBoost,3.3306690738754696e-16
XGBoost,882,MSFT,XGBoost,0.25
XGBoost,882,NVDA,XGBoost,0.25
TabPFN,882,AAPL,TabPFN,0.24999999999999917
TabPFN,882,AMZN,TabPFN,0.25
TabPFN,882,GOOGL,TabPFN,0.0
TabPFN,882,MSFT,TabPFN,0.24999999999999958
TabPFN,882,NVDA,TabPFN,0.25
EqualWeight,887,AAPL,EqualWeight,0.2
EqualWeight,887,AMZN,EqualWeight,0.2
EqualWeight,887,GOOGL,EqualWeight,0.2
EqualWeight,887,MSFT,EqualWeight,0.2
EqualWeight,887,NVDA,EqualWeight,0.2
Markowitz,887,AAPL,Markowitz,0.25
Markowitz,887,AMZN,Markowitz,2.1371793224034263e-15
Markowitz,887,GOOGL,Markowitz,0.25
Markowitz,887,MSFT,Markowitz,0.25
Markowitz,887,NVDA,Markowitz,0.2499999999999945
RandomForest,887,AAPL,RandomForest,0.24999999999999845
RandomForest,887,AMZN,RandomForest,0.0
RandomForest,887,GOOGL,RandomForest,0.25
RandomForest,887,MSFT,RandomForest,0.25
RandomForest,887,NVDA,RandomForest,0.25
XGBoost,887,AAPL,XGBoost,0.24999999999999978
XGBoost,887,AMZN,XGBoost,1.942890293094024e-16
XGBoost,887,GOOGL,XGBoost,0.25
XGBoost,887,MSFT,XGBoost,0.25
XGBoost,887,NVDA,XGBoost,0.24999999999999972
TabPFN,887,AAPL,TabPFN,0.25
TabPFN,887,AMZN,TabPFN,0.25
TabPFN,887,GOOGL,TabPFN,3.747002708109903e-15
TabPFN,887,MSFT,TabPFN,0.25
TabPFN,887,NVDA,TabPFN,0.24999999999998954
EqualWeight,892,AAPL,EqualWeight,0.2
EqualWeight,892,AMZN,EqualWeight,0.2
EqualWeight,892,GOOGL,EqualWeight,0.2
EqualWeight,892,MSFT,EqualWeight,0.2
EqualWeight,892,NVDA,EqualWeight,0.2
Markowitz,892,AAPL,Markowitz,0.24999999999999967
Markowitz,892,AMZN,Markowitz,0.0
Markowitz,892,GOOGL,Markowitz,0.25
Markowitz,892,MSFT,Markowitz,0.24999999999999956
Markowitz,892,NVDA,Markowitz,0.25
RandomForest,892,AAPL,RandomForest,0.25
RandomForest,892,AMZN,RandomForest,1.7208456881689926e-15
RandomForest,892,GOOGL,RandomForest,0.25
RandomForest,892,MSFT,RandomForest,0.24999999999999997
RandomForest,892,NVDA,RandomForest,0.2499999999999946
XGBoost,892,AAPL,XGBoost,0.25
XGBoost,892,AMZN,XGBoost,1.8041124150158794e-15
XGBoost,892,GOOGL,XGBoost,0.25
XGBoost,892,MSFT,XGBoost,0.25
XGBoost,892,NVDA,XGBoost,0.24999999999999628
TabPFN,892,AAPL,TabPFN,0.25
TabPFN,892,AMZN,TabPFN,0.24999999999999978
TabPFN,892,GOOGL,TabPFN,0.24999999999999994
TabPFN,892,MSFT,TabPFN,3.885780586188048e-16
TabPFN,892,NVDA,TabPFN,0.24999999999999953
EqualWeight,897,AAPL,EqualWeight,0.2
EqualWeight,897,AMZN,EqualWeight,0.2
EqualWeight,897,GOOGL,EqualWeight,0.2
EqualWeight,897,MSFT,EqualWeight,0.2
EqualWeight,897,NVDA,EqualWeight,0.2
Markowitz,897,AAPL,Markowitz,0.25
Markowitz,897,AMZN,Markowitz,0.25
Markowitz,897,GOOGL,Markowitz,3.3306690738754696e-16
Markowitz,897,MSFT,Markowitz,0.24999999999999917
Markowitz,897,NVDA,Markowitz,0.25
RandomForest,897,AAPL,RandomForest,0.25
RandomForest,897,AMZN,RandomForest,0.24999999999999936
RandomForest,897,GOOGL,RandomForest,0.0
RandomForest,897,MSFT,RandomForest,0.25
RandomForest,897,NVDA,RandomForest,0.25
XGBoost,897,AAPL,XGBoost,0.24999999999999967
XGBoost,897,AMZN,XGBoost,0.25
XGBoost,897,GOOGL,XGBoost,0.0
XGBoost,897,MSFT,XGBoost,0.24999999999999986
XGBoost,897,NVDA,XGBoost,0.25
TabPFN,897,AAPL,TabPFN,0.2499999999999989
TabPFN,897,AMZN,TabPFN,0.24999999999999897
TabPFN,897,GOOGL,TabPFN,1.4849232954361469e-15
TabPFN,897,MSFT,TabPFN,0.24999999999999942
TabPFN,897,NVDA,TabPFN,0.25
EqualWeight,902,AAPL,EqualWeight,0.2
EqualWeight,902,AMZN,EqualWeight,0.2
EqualWeight,902,GOOGL,EqualWeight,0.2
EqualWeight,902,MSFT,EqualWeight,0.2
EqualWeight,902,NVDA,EqualWeight,0.2
Markowitz,902,AAPL,Markowitz,0.25
Markowitz,902,AMZN,Markowitz,0.25
Markowitz,902,GOOGL,Markowitz,0.25
Markowitz,902,MSFT,Markowitz,0.0
Markowitz,902,NVDA,Markowitz,0.24999999999999958
RandomForest,902,AAPL,RandomForest,0.25
RandomForest,902,AMZN,RandomForest,0.25
RandomForest,902,GOOGL,RandomForest,0.24999999999999994
RandomForest,902,MSFT,RandomForest,3.885780586188048e-16
RandomForest,902,NVDA,RandomForest,0.24999999999999878
XGBoost,902,AAPL,XGBoost,0.25
XGBoost,902,AMZN,XGBoost,0.24999999999999875
XGBoost,902,GOOGL,XGBoost,0.25
XGBoost,902,MSFT,XGBoost,0.0
XGBoost,902,NVDA,XGBoost,0.25
TabPFN,902,AAPL,TabPFN,0.24999999999999867
TabPFN,902,AMZN,TabPFN,0.25
TabPFN,902,GOOGL,TabPFN,0.25
TabPFN,902,MSFT,TabPFN,0.2499999999999999
TabPFN,902,NVDA,TabPFN,0.0
EqualWeight,907,AAPL,EqualWeight,0.2
EqualWeight,907,AMZN,EqualWeight,0.2
EqualWeight,907,GOOGL,EqualWeight,0.2
EqualWeight,907,MSFT,EqualWeight,0.2
EqualWeight,907,NVDA,EqualWeight,0.2
Markowitz,907,AAPL,Markowitz,0.0
Markowitz,907,AMZN,Markowitz,0.24999999999999944
Markowitz,907,GOOGL,Markowitz,0.25
Markowitz,907,MSFT,Markowitz,0.25
Markowitz,907,NVDA,Markowitz,0.24999999999999986
RandomForest,907,AAPL,RandomForest,1.1102230246251565e-16
RandomForest,907,AMZN,RandomForest,0.24999999999999956
RandomForest,907,GOOGL,RandomForest,0.25
RandomForest,907,MSFT,RandomForest,0.25
RandomForest,907,NVDA,RandomForest,0.24999999999999997
XGBoost,907,AAPL,XGBoost,0.25
XGBoost,907,AMZN,XGBoost,0.0
XGBoost,907,GOOGL,XGBoost,0.25
XGBoost,907,MSFT,XGBoost,0.24999999999999944
XGBoost,907,NVDA,XGBoost,0.25
TabPFN,907,AAPL,TabPFN,0.0
TabPFN,907,AMZN,TabPFN,0.25
TabPFN,907,GOOGL,TabPFN,0.24999999999999994
TabPFN,907,MSFT,TabPFN,0.24999999999999978
TabPFN,907,NVDA,TabPFN,0.25
EqualWeight,912,AAPL,EqualWeight,0.2
EqualWeight,912,AMZN,EqualWeight,0.2
EqualWeight,912,GOOGL,EqualWeight,0.2
EqualWeight,912,MSFT,EqualWeight,0.2
EqualWeight,912,NVDA,EqualWeight,0.2
Markowitz,912,AAPL,Markowitz,0.24999999999999872
Markowitz,912,AMZN,Markowitz,0.0
Markowitz,912,GOOGL,Markowitz,0.25
Markowitz,912,MSFT,Markowitz,0.25
Markowitz,912,NVDA,Markowitz,0.25
RandomForest,912,AAPL,RandomForest,0.25
RandomForest,912,AMZN,RandomForest,0.25
RandomForest,912,GOOGL,RandomForest,0.25
RandomForest,912,MSFT,RandomForest,0.0
RandomForest,912,NVDA,RandomForest,0.24999999999999978
XGBoost,912,AAPL,XGBoost,0.22113145897377134
XGBoost,912,AMZN,XGBoost,0.02886854102622747
XGBoost,912,GOOGL,XGBoost,0.25
XGBoost,912,MSFT,XGBoost,0.25
XGBoost,912,NVDA,XGBoost,0.24999999999999994
TabPFN,912,AAPL,TabPFN,0.24999999999999975
TabPFN,912,AMZN,TabPFN,0.0
TabPFN,912,GOOGL,TabPFN,0.25
TabPFN,912,MSFT,TabPFN,0.25
TabPFN,912,NVDA,TabPFN,0.24999999999999983
EqualWeight,917,AAPL,EqualWeight,0.2
EqualWeight,917,AMZN,EqualWeight,0.2
EqualWeight,917,GOOGL,EqualWeight,0.2
EqualWeight,917,MSFT,EqualWeight,0.2
EqualWeight,917,NVDA,EqualWeight,0.2
Markowitz,917,AAPL,Markowitz,0.25
Markowitz,917,AMZN,Markowitz,7.494005416219807e-16
Markowitz,917,GOOGL,Markowitz,0.25
Markowitz,917,MSFT,Markowitz,0.25
Markowitz,917,NVDA,Markowitz,0.2499999999999965
RandomForest,917,AAPL,RandomForest,8.076872504148014e-15
RandomForest,917,AMZN,RandomForest,0.25
RandomForest,917,GOOGL,RandomForest,0.25
RandomForest,917,MSFT,RandomForest,0.25
RandomForest,917,NVDA,RandomForest,0.24999999999998485
XGBoost,917,AAPL,XGBoost,0.25
XGBoost,917,AMZN,XGBoost,2.220446049250313e-15
XGBoost,917,GOOGL,XGBoost,0.25
XGBoost,917,MSFT,XGBoost,0.25
XGBoost,917,NVDA,XGBoost,0.24999999999999623
TabPFN,917,AAPL,TabPFN,0.24999999999999956
TabPFN,917,AMZN,TabPFN,0.0
TabPFN,917,GOOGL,TabPFN,0.25
TabPFN,917,MSFT,TabPFN,0.25
TabPFN,917,NVDA,TabPFN,0.2499999999999986
EqualWeight,922,AAPL,EqualWeight,0.2
EqualWeight,922,AMZN,EqualWeight,0.2
EqualWeight,922,GOOGL,EqualWeight,0.2
EqualWeight,922,MSFT,EqualWeight,0.2
EqualWeight,922,NVDA,EqualWeight,0.2
Markowitz,922,AAPL,Markowitz,3.608224830031759e-16
Markowitz,922,AMZN,Markowitz,0.2499999999999996
Markowitz,922,GOOGL,Markowitz,0.25
Markowitz,922,MSFT,Markowitz,0.2499999999999997
Markowitz,922,NVDA,Markowitz,0.25
RandomForest,922,AAPL,RandomForest,3.191891195797325e-16
RandomForest,922,AMZN,RandomForest,0.24999999999999964
RandomForest,922,GOOGL,RandomForest,0.24999999999999986
RandomForest,922,MSFT,RandomForest,0.24999999999999992
RandomForest,922,NVDA,RandomForest,0.25
XGBoost,922,AAPL,XGBoost,0.25
XGBoost,922,AMZN,XGBoost,3.3306690738754696e-16
XGBoost,922,GOOGL,XGBoost,0.25
XGBoost,922,MSFT,XGBoost,0.24999999999999914
XGBoost,922,NVDA,XGBoost,0.24999999999999978
TabPFN,922,AAPL,TabPFN,0.0
TabPFN,922,AMZN,TabPFN,0.2499999999999984
TabPFN,922,GOOGL,TabPFN,0.25
TabPFN,922,MSFT,TabPFN,0.25
TabPFN,922,NVDA,TabPFN,0.25
EqualWeight,927,AAPL,EqualWeight,0.2
EqualWeight,927,AMZN,EqualWeight,0.2
EqualWeight,927,GOOGL,EqualWeight,0.2
EqualWeight,927,MSFT,EqualWeight,0.2
EqualWeight,927,NVDA,EqualWeight,0.2
Markowitz,927,AAPL,Markowitz,2.498001805406602e-16
Markowitz,927,AMZN,Markowitz,0.24999999999999983
Markowitz,927,GOOGL,Markowitz,0.24999999999999992
Markowitz,927,MSFT,Markowitz,0.24999999999999992
Markowitz,927,NVDA,Markowitz,0.25
RandomForest,927,AAPL,RandomForest,0.0
RandomForest,927,AMZN,RandomForest,0.24999999999999994
RandomForest,927,GOOGL,RandomForest,0.24999999999999994
RandomForest,927,MSFT,RandomForest,0.25
RandomForest,927,NVDA,RandomForest,0.25
XGBoost,927,AAPL,XGBoost,1.1102230246251565e-16
XGBoost,927,AMZN,XGBoost,0.25
XGBoost,927,GOOGL,XGBoost,0.24999999999999983
XGBoost,927,MSFT,XGBoost,0.25
XGBoost,927,NVDA,XGBoost,0.25
TabPFN,927,AAPL,TabPFN,3.0531133177191805e-16
TabPFN,927,AMZN,TabPFN,0.24999999999999983
TabPFN,927,GOOGL,TabPFN,0.24999999999999986
TabPFN,927,MSFT,TabPFN,0.25
TabPFN,927,NVDA,TabPFN,0.24999999999999994
EqualWeight,932,AAPL,EqualWeight,0.2
EqualWeight,932,AMZN,EqualWeight,0.2
EqualWeight,932,GOOGL,EqualWeight,0.2
EqualWeight,932,MSFT,EqualWeight,0.2
EqualWeight,932,NVDA,EqualWeight,0.2
Markowitz,932,AAPL,Markowitz,0.25
Markowitz,932,AMZN,Markowitz,0.25
Markowitz,932,GOOGL,Markowitz,2.7755575615628914e-17
Markowitz,932,MSFT,Markowitz,0.24999999999999994
Markowitz,932,NVDA,Markowitz,0.2499999999999998
RandomForest,932,AAPL,RandomForest,0.2499999999999998
RandomForest,932,AMZN,RandomForest,0.25
RandomForest,932,GOOGL,RandomForest,3.3306690738754696e-16
RandomForest,932,MSFT,RandomForest,0.24999999999999967
RandomForest,932,NVDA,RandomForest,0.24999999999999983
XGBoost,932,AAPL,XGBoost,0.24999999999999972
XGBoost,932,AMZN,XGBoost,0.25
XGBoost,932,GOOGL,XGBoost,0.0
XGBoost,932,MSFT,XGBoost,0.25
XGBoost,932,NVDA,XGBoost,0.25
TabPFN,932,AAPL,TabPFN,0.25
TabPFN,932,AMZN,TabPFN,5.551115123125783e-17
TabPFN,932,GOOGL,TabPFN,0.24999999999999986
TabPFN,932,MSFT,TabPFN,0.24999999999999994
TabPFN,932,NVDA,TabPFN,0.24999999999999992
EqualWeight,937,AAPL,EqualWeight,0.2
EqualWeight,937,AMZN,EqualWeight,0.2
EqualWeight,937,GOOGL,EqualWeight,0.2
EqualWeight,937,MSFT,EqualWeight,0.2
EqualWeight,937,NVDA,EqualWeight,0.2
Markowitz,937,AAPL,Markowitz,0.08816125573533029
Markowitz,937,AMZN,Markowitz,0.1618387442646693
Markowitz,937,GOOGL,Markowitz,0.25
Markowitz,937,MSFT,Markowitz,0.25
Markowitz,937,NVDA,Markowitz,0.2499999999999997
RandomForest,937,AAPL,RandomForest,0.24999999999999892
RandomForest,937,AMZN,RandomForest,3.2959746043559335e-16
RandomForest,937,GOOGL,RandomForest,0.25
RandomForest,937,MSFT,RandomForest,0.25
RandomForest,937,NVDA,RandomForest,0.25
XGBoost,937,AAPL,XGBoost,0.25
XGBoost,937,AMZN,XGBoost,0.0
XGBoost,937,GOOGL,XGBoost,0.25
XGBoost,937,MSFT,XGBoost,0.2499999999999998
XGBoost,937,NVDA,XGBoost,0.25
TabPFN,937,AAPL,TabPFN,3.95516952522712e-16
TabPFN,937,AMZN,TabPFN,0.24999999999999964
TabPFN,937,GOOGL,TabPFN,0.2499999999999997
TabPFN,937,MSFT,TabPFN,0.25
TabPFN,937,NVDA,TabPFN,0.25
EqualWeight,942,AAPL,EqualWeight,0.2
EqualWeight,942,AMZN,EqualWeight,0.2
EqualWeight,942,GOOGL,EqualWeight,0.2
EqualWeight,942,MSFT,EqualWeight,0.2
EqualWeight,942,NVDA,EqualWeight,0.2
Markowitz,942,AAPL,Markowitz,0.25
Markowitz,942,AMZN,Markowitz,0.0
Markowitz,942,GOOGL,Markowitz,0.2499999999999998
Markowitz,942,MSFT,Markowitz,0.25
Markowitz,942,NVDA,Markowitz,0.25
RandomForest,942,AAPL,RandomForest,0.25
RandomForest,942,AMZN,RandomForest,0.0
RandomForest,942,GOOGL,RandomForest,0.24999999999999978
RandomForest,942,MSFT,RandomForest,0.24999999999999997
RandomForest,942,NVDA,RandomForest,0.25
XGBoost,942,AAPL,XGBoost,0.25
XGBoost,942,AMZN,XGBoost,0.0
XGBoost,942,GOOGL,XGBoost,0.2499999999999998
XGBoost,942,MSFT,XGBoost,0.2499999999999998
XGBoost,942,NVDA,XGBoost,0.25
TabPFN,942,AAPL,TabPFN,0.25
TabPFN,942,AMZN,TabPFN,0.0
TabPFN,942,GOOGL,TabPFN,0.25
TabPFN,942,MSFT,TabPFN,0.24999999999999978
TabPFN,942,NVDA,TabPFN,0.25
EqualWeight,947,AAPL,EqualWeight,0.2
EqualWeight,947,AMZN,EqualWeight,0.2
EqualWeight,947,GOOGL,EqualWeight,0.2
EqualWeight,947,MSFT,EqualWeight,0.2
EqualWeight,947,NVDA,EqualWeight,0.2
Markowitz,947,AAPL,Markowitz,4.649058915617843e-16
Markowitz,947,AMZN,Markowitz,0.25
Markowitz,947,GOOGL,Markowitz,0.24999999999999953
Markowitz,947,MSFT,Markowitz,0.24999999999999972
Markowitz,947,NVDA,Markowitz,0.2499999999999998
RandomForest,947,AAPL,RandomForest,1.6479873021779667e-17
RandomForest,947,AMZN,RandomForest,0.25
RandomForest,947,GOOGL,RandomForest,0.24999999999999947
RandomForest,947,MSFT,RandomForest,0.25
RandomForest,947,NVDA,RandomForest,0.25
XGBoost,947,AAPL,XGBoost,0.0
XGBoost,947,AMZN,XGBoost,0.2499999999999999
XGBoost,947,GOOGL,XGBoost,0.25
XGBoost,947,MSFT,XGBoost,0.24999999999999953
XGBoost,947,NVDA,XGBoost,0.25
TabPFN,947,AAPL,TabPFN,0.18791080622632045
TabPFN,947,AMZN,TabPFN,0.25
TabPFN,947,GOOGL,TabPFN,0.06208919377367843
TabPFN,947,MSFT,TabPFN,0.25
TabPFN,947,NVDA,TabPFN,0.25
EqualWeight,952,AAPL,EqualWeight,0.2
EqualWeight,952,AMZN,EqualWeight,0.2
EqualWeight,952,GOOGL,EqualWeight,0.2
EqualWeight,952,MSFT,EqualWeight,0.2
EqualWeight,952,NVDA,EqualWeight,0.2
Markowitz,952,AAPL,Markowitz,0.25
Markowitz,952,AMZN,Markowitz,0.24999999999999933
Markowitz,952,GOOGL,Markowitz,0.24999999999999686
Markowitz,952,MSFT,Markowitz,0.24999999999999759
Markowitz,952,NVDA,Markowitz,5.016820292524926e-15
RandomForest,952,AAPL,RandomForest,8.326672684688674e-17
RandomForest,952,AMZN,RandomForest,0.25
RandomForest,952,GOOGL,RandomForest,0.24999999999999997
RandomForest,952,MSFT,RandomForest,0.24999999999999975
RandomForest,952,NVDA,RandomForest,0.24999999999999958
XGBoost,952,AAPL,XGBoost,0.24999999999999967
XGBoost,952,AMZN,XGBoost,0.25
XGBoost,952,GOOGL,XGBoost,0.25
XGBoost,952,MSFT,XGBoost,0.25
XGBoost,952,NVDA,XGBoost,0.0
TabPFN,952,AAPL,TabPFN,0.24999999999999972
TabPFN,952,AMZN,TabPFN,0.0
TabPFN,952,GOOGL,TabPFN,0.25
TabPFN,952,MSFT,TabPFN,0.25
TabPFN,952,NVDA,TabPFN,0.25
EqualWeight,957,AAPL,EqualWeight,0.2
EqualWeight,957,AMZN,EqualWeight,0.2
EqualWeight,957,GOOGL,EqualWeight,0.2
EqualWeight,957,MSFT,EqualWeight,0.2
EqualWeight,957,NVDA,EqualWeight,0.2
Markowitz,957,AAPL,Markowitz,0.24999999999999964
Markowitz,957,AMZN,Markowitz,0.24999999999999967
Markowitz,957,GOOGL,Markowitz,2.498001805406602e-16
Markowitz,957,MSFT,Markowitz,0.25
Markowitz,957,NVDA,Markowitz,0.25
RandomForest,957,AAPL,RandomForest,0.25
RandomForest,957,AMZN,RandomForest,0.24999999999999986
RandomForest,957,GOOGL,RandomForest,0.25
RandomForest,957,MSFT,RandomForest,0.0
RandomForest,957,NVDA,RandomForest,0.25
XGBoost,957,AAPL,XGBoost,0.25
XGBoost,957,AMZN,XGBoost,0.25
XGBoost,957,GOOGL,XGBoost,0.25
XGBoost,957,MSFT,XGBoost,2.581268532253489e-15
XGBoost,957,NVDA,XGBoost,0.2499999999999915
TabPFN,957,AAPL,TabPFN,0.2499999999999988
TabPFN,957,AMZN,TabPFN,0.2499999999999977
TabPFN,957,GOOGL,TabPFN,0.0
TabPFN,957,MSFT,TabPFN,0.25
TabPFN,957,NVDA,TabPFN,0.25
EqualWeight,962,AAPL,EqualWeight,0.2
EqualWeight,962,AMZN,EqualWeight,0.2
EqualWeight,962,GOOGL,EqualWeight,0.2
EqualWeight,962,MSFT,EqualWeight,0.2
EqualWeight,962,NVDA,EqualWeight,0.2
Markowitz,962,AAPL,Markowitz,0.25
Markowitz,962,AMZN,Markowitz,0.0
Markowitz,962,GOOGL,Markowitz,0.25
Markowitz,962,MSFT,Markowitz,0.24999999999999972
Markowitz,962,NVDA,Markowitz,0.25
RandomForest,962,AAPL,RandomForest,0.25
RandomForest,962,AMZN,RandomForest,5.828670879282072e-16
RandomForest,962,GOOGL,RandomForest,0.249999999999999
RandomForest,962,MSFT,RandomForest,0.25
RandomForest,962,NVDA,RandomForest,0.2499999999999981
XGBoost,962,AAPL,XGBoost,0.24999999999999994
XGBoost,962,AMZN,XGBoost,0.0
XGBoost,962,GOOGL,XGBoost,0.25
XGBoost,962,MSFT,XGBoost,0.25
XGBoost,962,NVDA,XGBoost,0.25
TabPFN,962,AAPL,TabPFN,0.25
TabPFN,962,AMZN,TabPFN,8.326672684688674e-16
TabPFN,962,GOOGL,TabPFN,0.2499999999999993
TabPFN,962,MSFT,TabPFN,0.24999999999999986
TabPFN,962,NVDA,TabPFN,0.24999999999999886
EqualWeight,967,AAPL,EqualWeight,0.2
EqualWeight,967,AMZN,EqualWeight,0.2
EqualWeight,967,GOOGL,EqualWeight,0.2
EqualWeight,967,MSFT,EqualWeight,0.2
EqualWeight,967,NVDA,EqualWeight,0.2
Markowitz,967,AAPL,Markowitz,0.25
Markowitz,967,AMZN,Markowitz,0.25
Markowitz,967,GOOGL,Markowitz,0.2499999999999983
Markowitz,967,MSFT,Markowitz,2.4147350785597155e-15
Markowitz,967,NVDA,Markowitz,0.24999999999999672
RandomForest,967,AAPL,RandomForest,0.2499999999999987
RandomForest,967,AMZN,RandomForest,0.2499999999999989
RandomForest,967,GOOGL,RandomForest,0.25
RandomForest,967,MSFT,RandomForest,0.0
RandomForest,967,NVDA,RandomForest,0.25
XGBoost,967,AAPL,XGBoost,0.24999999999999828
XGBoost,967,AMZN,XGBoost,0.25
XGBoost,967,GOOGL,XGBoost,0.25
XGBoost,967,MSFT,XGBoost,0.0
XGBoost,967,NVDA,XGBoost,0.25
TabPFN,967,AAPL,TabPFN,1.9463597400459776e-15
TabPFN,967,AMZN,TabPFN,0.2499999999999999
TabPFN,967,GOOGL,TabPFN,0.2499999999999993
TabPFN,967,MSFT,TabPFN,0.2499999999999998
TabPFN,967,NVDA,TabPFN,0.24999999999999914
EqualWeight,972,AAPL,EqualWeight,0.2
EqualWeight,972,AMZN,EqualWeight,0.2
EqualWeight,972,GOOGL,EqualWeight,0.2
EqualWeight,972,MSFT,EqualWeight,0.2
EqualWeight,972,NVDA,EqualWeight,0.2
Markowitz,972,AAPL,Markowitz,0.24999999999999983
Markowitz,972,AMZN,Markowitz,0.25
Markowitz,972,GOOGL,Markowitz,0.2499999999999965
Markowitz,972,MSFT,Markowitz,0.24999999999999828
Markowitz,972,NVDA,Markowitz,2.7200464103316335e-15
RandomForest,972,AAPL,RandomForest,0.25
RandomForest,972,AMZN,RandomForest,0.24999999999999917
RandomForest,972,GOOGL,RandomForest,0.25
RandomForest,972,MSFT,RandomForest,0.2499999999999984
RandomForest,972,NVDA,RandomForest,9.159339953157541e-16
XGBoost,972,AAPL,XGBoost,0.24999999999999833
XGBoost,972,AMZN,XGBoost,0.25
XGBoost,972,GOOGL,XGBoost,0.25
XGBoost,972,MSFT,XGBoost,0.25
XGBoost,972,NVDA,XGBoost,2.7755575615628914e-17
TabPFN,972,AAPL,TabPFN,0.25
TabPFN,972,AMZN,TabPFN,0.24999999999999825
TabPFN,972,GOOGL,TabPFN,0.25
TabPFN,972,MSFT,TabPFN,0.24999999999999975
TabPFN,972,NVDA,TabPFN,0.0
EqualWeight,977,AAPL,EqualWeight,0.2
EqualWeight,977,AMZN,EqualWeight,0.2
EqualWeight,977,GOOGL,EqualWeight,0.2
EqualWeight,977,MSFT,EqualWeight,0.2
EqualWeight,977,NVDA,EqualWeight,0.2
Markowitz,977,AAPL,Markowitz,0.25
Markowitz,977,AMZN,Markowitz,0.0
Markowitz,977,GOOGL,Markowitz,0.25
Markowitz,977,MSFT,Markowitz,0.25
Markowitz,977,NVDA,Markowitz,0.24999999999999886
RandomForest,977,AAPL,RandomForest,0.24999999999999994
RandomForest,977,AMZN,RandomForest,0.0
RandomForest,977,GOOGL,RandomForest,0.25
RandomForest,977,MSFT,RandomForest,0.24999999999999972
RandomForest,977,NVDA,RandomForest,0.25
XGBoost,977,AAPL,XGBoost,0.25
XGBoost,977,AMZN,XGBoost,2.7755575615628914e-17
XGBoost,977,GOOGL,XGBoost,0.25
XGBoost,977,MSFT,XGBoost,0.24999999999999994
XGBoost,977,NVDA,XGBoost,0.24999999999999956
TabPFN,977,AAPL,TabPFN,0.25
TabPFN,977,AMZN,TabPFN,0.24999999999999836
TabPFN,977,GOOGL,TabPFN,0.24999999999999975
TabPFN,977,MSFT,TabPFN,0.24999999999999864
TabPFN,977,NVDA,TabPFN,1.0269562977782698e-15
EqualWeight,982,AAPL,EqualWeight,0.2
EqualWeight,982,AMZN,EqualWeight,0.2
EqualWeight,982,GOOGL,EqualWeight,0.2
EqualWeight,982,MSFT,EqualWeight,0.2
EqualWeight,982,NVDA,EqualWeight,0.2
Markowitz,982,AAPL,Markowitz,0.25
Markowitz,982,AMZN,Markowitz,0.24999999999999856
Markowitz,982,GOOGL,Markowitz,0.25
Markowitz,982,MSFT,Markowitz,0.25
Markowitz,982,NVDA,Markowitz,0.0
RandomForest,982,AAPL,RandomForest,0.25
RandomForest,982,AMZN,RandomForest,0.0
RandomForest,982,GOOGL,RandomForest,0.2499999999999998
RandomForest,982,MSFT,RandomForest,0.25
RandomForest,982,NVDA,RandomForest,0.24999999999999556
XGBoost,982,AAPL,XGBoost,0.24999999999995348
XGBoost,982,AMZN,XGBoost,0.24999999999947103
XGBoost,982,GOOGL,XGBoost,0.24999999999997025
XGBoost,982,MSFT,XGBoost,0.24999999999996364
XGBoost,982,NVDA,XGBoost,6.416395192943014e-13
TabPFN,982,AAPL,TabPFN,0.25
TabPFN,982,AMZN,TabPFN,0.25
TabPFN,982,GOOGL,TabPFN,0.25
TabPFN,982,MSFT,TabPFN,0.25
TabPFN,982,NVDA,TabPFN,0.0
EqualWeight,987,AAPL,EqualWeight,0.2
EqualWeight,987,AMZN,EqualWeight,0.2
EqualWeight,987,GOOGL,EqualWeight,0.2
EqualWeight,987,MSFT,EqualWeight,0.2
EqualWeight,987,NVDA,EqualWeight,0.2
Markowitz,987,AAPL,Markowitz,0.25
Markowitz,987,AMZN,Markowitz,0.2499999999999996
Markowitz,987,GOOGL,Markowitz,0.25
Markowitz,987,MSFT,Markowitz,0.25
Markowitz,987,NVDA,Markowitz,0.0
RandomForest,987,AAPL,RandomForest,0.25
RandomForest,987,AMZN,RandomForest,0.24999999999999842
RandomForest,987,GOOGL,RandomForest,0.25
RandomForest,987,MSFT,RandomForest,0.24999999999999975
RandomForest,987,NVDA,RandomForest,0.0
XGBoost,987,AAPL,XGBoost,0.25
XGBoost,987,AMZN,XGBoost,0.25
XGBoost,987,GOOGL,XGBoost,0.25
XGBoost,987,MSFT,XGBoost,0.2499999999999999
XGBoost,987,NVDA,XGBoost,0.0
TabPFN,987,AAPL,TabPFN,0.24999999999999942
TabPFN,987,AMZN,TabPFN,0.24999999999999944
TabPFN,987,GOOGL,TabPFN,0.25
TabPFN,987,MSFT,TabPFN,0.25
TabPFN,987,NVDA,TabPFN,9.71445146547012e-16
EqualWeight,992,AAPL,EqualWeight,0.2
EqualWeight,992,AMZN,EqualWeight,0.2
EqualWeight,992,GOOGL,EqualWeight,0.2
EqualWeight,992,MSFT,EqualWeight,0.2
EqualWeight,992,NVDA,EqualWeight,0.2
Markowitz,992,AAPL,Markowitz,0.0
Markowitz,992,AMZN,Markowitz,0.25
Markowitz,992,GOOGL,Markowitz,0.25
Markowitz,992,MSFT,Markowitz,0.25
Markowitz,992,NVDA,Markowitz,0.24999999999999958
RandomForest,992,AAPL,RandomForest,8.555656183517613e-15
RandomForest,992,AMZN,RandomForest,0.24999999999999897
RandomForest,992,GOOGL,RandomForest,0.25
RandomForest,992,MSFT,RandomForest,0.25
RandomForest,992,NVDA,RandomForest,0.24999999999998798
XGBoost,992,AAPL,XGBoost,0.0
XGBoost,992,AMZN,XGBoost,0.25
XGBoost,992,GOOGL,XGBoost,0.25
XGBoost,992,MSFT,XGBoost,0.25
XGBoost,992,NVDA,XGBoost,0.24999999999999936
TabPFN,992,AAPL,TabPFN,0.25
TabPFN,992,AMZN,TabPFN,0.25
TabPFN,992,GOOGL,TabPFN,0.24999999999999972
TabPFN,992,MSFT,TabPFN,2.914335439641036e-16
TabPFN,992,NVDA,TabPFN,0.24999999999999964
EqualWeight,997,AAPL,EqualWeight,0.2
EqualWeight,997,AMZN,EqualWeight,0.2
EqualWeight,997,GOOGL,EqualWeight,0.2
EqualWeight,997,MSFT,EqualWeight,0.2
EqualWeight,997,NVDA,EqualWeight,0.2
Markowitz,997,AAPL,Markowitz,0.0
Markowitz,997,AMZN,Markowitz,0.25
Markowitz,997,GOOGL,Markowitz,0.25
Markowitz,997,MSFT,Markowitz,0.25
Markowitz,997,NVDA,Markowitz,0.25
RandomForest,997,AAPL,RandomForest,0.0
RandomForest,997,AMZN,RandomForest,0.25
RandomForest,997,GOOGL,RandomForest,0.25
RandomForest,997,MSFT,RandomForest,0.2499999999999995
RandomForest,997,NVDA,RandomForest,0.24999999999999992
XGBoost,997,AAPL,XGBoost,6.106226635438361e-16
XGBoost,997,AMZN,XGBoost,0.24999999999999986
XGBoost,997,GOOGL,XGBoost,0.25
XGBoost,997,MSFT,XGBoost,0.2499999999999999
XGBoost,997,NVDA,XGBoost,0.24999999999999956
TabPFN,997,AAPL,TabPFN,8.326672684688674e-17
TabPFN,997,AMZN,TabPFN,0.25
TabPFN,997,GOOGL,TabPFN,0.25
TabPFN,997,MSFT,TabPFN,0.24999999999999986
TabPFN,997,NVDA,TabPFN,0.24999999999999997
EqualWeight,1002,AAPL,EqualWeight,0.2
EqualWeight,1002,AMZN,EqualWeight,0.2
EqualWeight,1002,GOOGL,EqualWeight,0.2
EqualWeight,1002,MSFT,EqualWeight,0.2
EqualWeight,1002,NVDA,EqualWeight,0.2
Markowitz,1002,AAPL,Markowitz,0.25
Markowitz,1002,AMZN,Markowitz,0.25
Markowitz,1002,GOOGL,Markowitz,0.0
Markowitz,1002,MSFT,Markowitz,0.25
Markowitz,1002,NVDA,Markowitz,0.25
RandomForest,1002,AAPL,RandomForest,0.24999999999999922
RandomForest,1002,AMZN,RandomForest,0.25
RandomForest,1002,GOOGL,RandomForest,0.0
RandomForest,1002,MSFT,RandomForest,0.2499999999999997
RandomForest,1002,NVDA,RandomForest,0.24999999999999942
XGBoost,1002,AAPL,XGBoost,1.3503087537003466e-14
XGBoost,1002,AMZN,XGBoost,0.24999999999999184
XGBoost,1002,GOOGL,XGBoost,0.25
XGBoost,1002,MSFT,XGBoost,0.24999999999999267
XGBoost,1002,NVDA,XGBoost,0.25
TabPFN,1002,AAPL,TabPFN,1.3322676295501878e-15
TabPFN,1002,AMZN,TabPFN,0.25
TabPFN,1002,GOOGL,TabPFN,0.2499999999999991
TabPFN,1002,MSFT,TabPFN,0.25
TabPFN,1002,NVDA,TabPFN,0.24999999999999895
EqualWeight,1007,AAPL,EqualWeight,0.2
EqualWeight,1007,AMZN,EqualWeight,0.2
EqualWeight,1007,GOOGL,EqualWeight,0.2
EqualWeight,1007,MSFT,EqualWeight,0.2
EqualWeight,1007,NVDA,EqualWeight,0.2
Markowitz,1007,AAPL,Markowitz,0.25
Markowitz,1007,AMZN,Markowitz,0.24999999999999797
Markowitz,1007,GOOGL,Markowitz,4.6629367034256575e-15
Markowitz,1007,MSFT,Markowitz,0.2499999999999999
Markowitz,1007,NVDA,Markowitz,0.24999999999999678
RandomForest,1007,AAPL,RandomForest,0.25
RandomForest,1007,AMZN,RandomForest,0.24999999999999922
RandomForest,1007,GOOGL,RandomForest,1.582067810090848e-15
RandomForest,1007,MSFT,RandomForest,0.24999999999999958
RandomForest,1007,NVDA,RandomForest,0.24999999999999833
XGBoost,1007,AAPL,XGBoost,0.24999999999999992
XGBoost,1007,AMZN,XGBoost,0.25
XGBoost,1007,GOOGL,XGBoost,0.0
XGBoost,1007,MSFT,XGBoost,0.2499999999999977
XGBoost,1007,NVDA,XGBoost,0.25
TabPFN,1007,AAPL,TabPFN,0.25
TabPFN,1007,AMZN,TabPFN,0.2499999999999996
TabPFN,1007,GOOGL,TabPFN,1.304512053934559e-15
TabPFN,1007,MSFT,TabPFN,0.25
TabPFN,1007,NVDA,TabPFN,0.2499999999999989
EqualWeight,1012,AAPL,EqualWeight,0.2
EqualWeight,1012,AMZN,EqualWeight,0.2
EqualWeight,1012,GOOGL,EqualWeight,0.2
EqualWeight,1012,MSFT,EqualWeight,0.2
EqualWeight,1012,NVDA,EqualWeight,0.2
Markowitz,1012,AAPL,Markowitz,0.24999999999999994
Markowitz,1012,AMZN,Markowitz,0.25
Markowitz,1012,GOOGL,Markowitz,0.0
Markowitz,1012,MSFT,Markowitz,0.24999999999999983
Markowitz,1012,NVDA,Markowitz,0.24999999999999956
RandomForest,1012,AAPL,RandomForest,0.2499999999999999
RandomForest,1012,AMZN,RandomForest,0.24999999999999967
RandomForest,1012,GOOGL,RandomForest,1.4710455076283324e-15
RandomForest,1012,MSFT,RandomForest,0.24999999999999956
RandomForest,1012,NVDA,RandomForest,0.24999999999999942
XGBoost,1012,AAPL,XGBoost,0.24999999999999967
XGBoost,1012,AMZN,XGBoost,1.096345236817342e-15
XGBoost,1012,GOOGL,XGBoost,0.24999999999999978
XGBoost,1012,MSFT,XGBoost,0.24999999999999958
XGBoost,1012,NVDA,XGBoost,0.2499999999999999
TabPFN,1012,AAPL,TabPFN,0.25
TabPFN,1012,AMZN,TabPFN,0.25
TabPFN,1012,GOOGL,TabPFN,1.942890293094024e-16
TabPFN,1012,MSFT,TabPFN,0.25
TabPFN,1012,NVDA,TabPFN,0.24999999999999853
EqualWeight,1017,AAPL,EqualWeight,0.2
EqualWeight,1017,AMZN,EqualWeight,0.2
EqualWeight,1017,GOOGL,EqualWeight,0.2
EqualWeight,1017,MSFT,EqualWeight,0.2
EqualWeight,1017,NVDA,EqualWeight,0.2
Markowitz,1017,AAPL,Markowitz,8.326672684688674e-17
Markowitz,1017,AMZN,Markowitz,0.25
Markowitz,1017,GOOGL,Markowitz,0.25
Markowitz,1017,MSFT,Markowitz,0.25
Markowitz,1017,NVDA,Markowitz,0.24999999999999856
RandomForest,1017,AAPL,RandomForest,8.215650382226158e-15
RandomForest,1017,AMZN,RandomForest,0.25
RandomForest,1017,GOOGL,RandomForest,0.24999999999999978
RandomForest,1017,MSFT,RandomForest,0.25
RandomForest,1017,NVDA,RandomForest,0.24999999999998823
XGBoost,1017,AAPL,XGBoost,3.608224830031759e-16
XGBoost,1017,AMZN,XGBoost,0.25
XGBoost,1017,GOOGL,XGBoost,0.25
XGBoost,1017,MSFT,XGBoost,0.24999999999999992
XGBoost,1017,NVDA,XGBoost,0.24999999999999944
TabPFN,1017,AAPL,TabPFN,0.0
TabPFN,1017,AMZN,TabPFN,0.24999999999999958
TabPFN,1017,GOOGL,TabPFN,0.25
TabPFN,1017,MSFT,TabPFN,0.25
TabPFN,1017,NVDA,TabPFN,0.24999999999999975
EqualWeight,1022,AAPL,EqualWeight,0.2
EqualWeight,1022,AMZN,EqualWeight,0.2
EqualWeight,1022,GOOGL,EqualWeight,0.2
EqualWeight,1022,MSFT,EqualWeight,0.2
EqualWeight,1022,NVDA,EqualWeight,0.2
Markowitz,1022,AAPL,Markowitz,0.24999999999999703
Markowitz,1022,AMZN,Markowitz,0.24999999999999903
Markowitz,1022,GOOGL,Markowitz,0.0
Markowitz,1022,MSFT,Markowitz,0.25
Markowitz,1022,NVDA,Markowitz,0.25
RandomForest,1022,AAPL,RandomForest,0.2499999999999988
RandomForest,1022,AMZN,RandomForest,0.24999999999999947
RandomForest,1022,GOOGL,RandomForest,6.106226635438361e-16
RandomForest,1022,MSFT,RandomForest,0.25
RandomForest,1022,NVDA,RandomForest,0.25
XGBoost,1022,AAPL,XGBoost,0.25
XGBoost,1022,AMZN,XGBoost,0.25
XGBoost,1022,GOOGL,XGBoost,7.494005416219807e-16
XGBoost,1022,MSFT,XGBoost,0.24999999999999922
XGBoost,1022,NVDA,XGBoost,0.24999999999999856
TabPFN,1022,AAPL,TabPFN,0.24999999999999759
TabPFN,1022,AMZN,TabPFN,0.25
TabPFN,1022,GOOGL,TabPFN,0.0
TabPFN,1022,MSFT,TabPFN,0.25
TabPFN,1022,NVDA,TabPFN,0.25
EqualWeight,1027,AAPL,EqualWeight,0.2
EqualWeight,1027,AMZN,EqualWeight,0.2
EqualWeight,1027,GOOGL,EqualWeight,0.2
EqualWeight,1027,MSFT,EqualWeight,0.2
EqualWeight,1027,NVDA,EqualWeight,0.2
Markowitz,1027,AAPL,Markowitz,1.7590096046404824e-15
Markowitz,1027,AMZN,Markowitz,0.24999999999999992
Markowitz,1027,GOOGL,Markowitz,0.24999999999999953
Markowitz,1027,MSFT,Markowitz,0.24999999999999864
Markowitz,1027,NVDA,Markowitz,0.25
RandomForest,1027,AAPL,RandomForest,0.01216004346074718
RandomForest,1027,AMZN,RandomForest,0.24999999999999997
RandomForest,1027,GOOGL,RandomForest,0.25
RandomForest,1027,MSFT,RandomForest,0.23783995653925347
RandomForest,1027,NVDA,RandomForest,0.24999999999999925
XGBoost,1027,AAPL,XGBoost,4.510281037539698e-16
XGBoost,1027,AMZN,XGBoost,0.24999999999999908
XGBoost,1027,GOOGL,XGBoost,0.25
XGBoost,1027,MSFT,XGBoost,0.249999999999999
XGBoost,1027,NVDA,XGBoost,0.25
TabPFN,1027,AAPL,TabPFN,0.1453008725366772
TabPFN,1027,AMZN,TabPFN,0.25
TabPFN,1027,GOOGL,TabPFN,0.10469912746332281
TabPFN,1027,MSFT,TabPFN,0.25
TabPFN,1027,NVDA,TabPFN,0.24999999999999964
EqualWeight,1032,AAPL,EqualWeight,0.2
EqualWeight,1032,AMZN,EqualWeight,0.2
EqualWeight,1032,GOOGL,EqualWeight,0.2
EqualWeight,1032,MSFT,EqualWeight,0.2
EqualWeight,1032,NVDA,EqualWeight,0.2
Markowitz,1032,AAPL,Markowitz,2.2898349882893854e-16
Markowitz,1032,AMZN,Markowitz,0.24999999999999978
Markowitz,1032,GOOGL,Markowitz,0.24999999999999994
Markowitz,1032,MSFT,Markowitz,0.2499999999999999
Markowitz,1032,NVDA,Markowitz,0.25
RandomForest,1032,AAPL,RandomForest,1.7208456881689926e-15
RandomForest,1032,AMZN,RandomForest,0.24999999999999994
RandomForest,1032,GOOGL,RandomForest,0.25
RandomForest,1032,MSFT,RandomForest,0.25
RandomForest,1032,NVDA,RandomForest,0.24999999999999736
XGBoost,1032,AAPL,XGBoost,0.0
XGBoost,1032,AMZN,XGBoost,0.25
XGBoost,1032,GOOGL,XGBoost,0.25
XGBoost,1032,MSFT,XGBoost,0.2499999999999998
XGBoost,1032,NVDA,XGBoost,0.24999999999999864
TabPFN,1032,AAPL,TabPFN,0.24999999999999994
TabPFN,1032,AMZN,TabPFN,0.25
TabPFN,1032,GOOGL,TabPFN,3.0531133177191805e-16
TabPFN,1032,MSFT,TabPFN,0.25
TabPFN,1032,NVDA,TabPFN,0.2499999999999994
EqualWeight,1037,AAPL,EqualWeight,0.2
EqualWeight,1037,AMZN,EqualWeight,0.2
EqualWeight,1037,GOOGL,EqualWeight,0.2
EqualWeight,1037,MSFT,EqualWeight,0.2
EqualWeight,1037,NVDA,EqualWeight,0.2
Markowitz,1037,AAPL,Markowitz,0.25
Markowitz,1037,AMZN,Markowitz,0.24999999999999942
Markowitz,1037,GOOGL,Markowitz,0.24999999999999994
Markowitz,1037,MSFT,Markowitz,0.0
Markowitz,1037,NVDA,Markowitz,0.25
RandomForest,1037,AAPL,RandomForest,0.24999999999999997
RandomForest,1037,AMZN,RandomForest,0.25
RandomForest,1037,GOOGL,RandomForest,0.25
RandomForest,1037,MSFT,RandomForest,2.220446049250313e-16
RandomForest,1037,NVDA,RandomForest,0.24999999999999967
XGBoost,1037,AAPL,XGBoost,0.25
XGBoost,1037,AMZN,XGBoost,0.24999999999999983
XGBoost,1037,GOOGL,XGBoost,0.25
XGBoost,1037,MSFT,XGBoost,5.551115123125783e-17
XGBoost,1037,NVDA,XGBoost,0.24999999999999992
TabPFN,1037,AAPL,TabPFN,0.25
TabPFN,1037,AMZN,TabPFN,0.2499999999999999
TabPFN,1037,GOOGL,TabPFN,0.25
TabPFN,1037,MSFT,TabPFN,4.440892098500626e-16
TabPFN,1037,NVDA,TabPFN,0.249999999999999
EqualWeight,1042,AAPL,EqualWeight,0.2
EqualWeight,1042,AMZN,EqualWeight,0.2
EqualWeight,1042,GOOGL,EqualWeight,0.2
EqualWeight,1042,MSFT,EqualWeight,0.2
EqualWeight,1042,NVDA,EqualWeight,0.2
Markowitz,1042,AAPL,Markowitz,1.5265566588595902e-16
Markowitz,1042,AMZN,Markowitz,0.2499999999999999
Markowitz,1042,GOOGL,Markowitz,0.25
Markowitz,1042,MSFT,Markowitz,0.25
Markowitz,1042,NVDA,Markowitz,0.24999999999999978
RandomForest,1042,AAPL,RandomForest,0.25
RandomForest,1042,AMZN,RandomForest,0.2499999999999999
RandomForest,1042,GOOGL,RandomForest,0.1818405335388831
RandomForest,1042,MSFT,RandomForest,0.06815946646111683
RandomForest,1042,NVDA,RandomForest,0.24999999999999992
XGBoost,1042,AAPL,XGBoost,0.24999999999999958
XGBoost,1042,AMZN,XGBoost,0.25
XGBoost,1042,GOOGL,XGBoost,0.25
XGBoost,1042,MSFT,XGBoost,0.0
XGBoost,1042,NVDA,XGBoost,0.24999999999999972
TabPFN,1042,AAPL,TabPFN,8.049116928532385e-16
TabPFN,1042,AMZN,TabPFN,0.24999999999999908
TabPFN,1042,GOOGL,TabPFN,0.25
TabPFN,1042,MSFT,TabPFN,0.24999999999999994
TabPFN,1042,NVDA,TabPFN,0.25
EqualWeight,1047,AAPL,EqualWeight,0.2
EqualWeight,1047,AMZN,EqualWeight,0.2
EqualWeight,1047,GOOGL,EqualWeight,0.2
EqualWeight,1047,MSFT,EqualWeight,0.2
EqualWeight,1047,NVDA,EqualWeight,0.2
Markowitz,1047,AAPL,Markowitz,0.25
Markowitz,1047,AMZN,Markowitz,0.25
Markowitz,1047,GOOGL,Markowitz,1.0547118733938987e-15
Markowitz,1047,MSFT,Markowitz,0.25
Markowitz,1047,NVDA,Markowitz,0.24999999999999667
RandomForest,1047,AAPL,RandomForest,0.24999999999999717
RandomForest,1047,AMZN,RandomForest,0.25
RandomForest,1047,GOOGL,RandomForest,4.996003610813204e-16
RandomForest,1047,MSFT,RandomForest,0.2499999999999994
RandomForest,1047,NVDA,RandomForest,0.25
XGBoost,1047,AAPL,XGBoost,0.25
XGBoost,1047,AMZN,XGBoost,0.24999999999999964
XGBoost,1047,GOOGL,XGBoost,7.494005416219807e-16
XGBoost,1047,MSFT,XGBoost,0.25
XGBoost,1047,NVDA,XGBoost,0.24999999999999856
TabPFN,1047,AAPL,TabPFN,0.2499999999999999
TabPFN,1047,AMZN,TabPFN,0.25
TabPFN,1047,GOOGL,TabPFN,0.1610875390573501
TabPFN,1047,MSFT,TabPFN,0.08891246094265025
TabPFN,1047,NVDA,TabPFN,0.24999999999999983
EqualWeight,1052,AAPL,EqualWeight,0.2
EqualWeight,1052,AMZN,EqualWeight,0.2
EqualWeight,1052,GOOGL,EqualWeight,0.2
EqualWeight,1052,MSFT,EqualWeight,0.2
EqualWeight,1052,NVDA,EqualWeight,0.2
Markowitz,1052,AAPL,Markowitz,0.2499999999999995
Markowitz,1052,AMZN,Markowitz,0.0
Markowitz,1052,GOOGL,Markowitz,0.25
Markowitz,1052,MSFT,Markowitz,0.24999999999999986
Markowitz,1052,NVDA,Markowitz,0.25
RandomForest,1052,AAPL,RandomForest,0.25
RandomForest,1052,AMZN,RandomForest,6.106226635438361e-16
RandomForest,1052,GOOGL,RandomForest,0.25
RandomForest,1052,MSFT,RandomForest,0.25
RandomForest,1052,NVDA,RandomForest,0.24999999999999817
XGBoost,1052,AAPL,XGBoost,0.25
XGBoost,1052,AMZN,XGBoost,1.942890293094024e-16
XGBoost,1052,GOOGL,XGBoost,0.24999999999999978
XGBoost,1052,MSFT,XGBoost,0.25
XGBoost,1052,NVDA,XGBoost,0.24999999999999972
TabPFN,1052,AAPL,TabPFN,0.25
TabPFN,1052,AMZN,TabPFN,0.0
TabPFN,1052,GOOGL,TabPFN,0.24999999999999983
TabPFN,1052,MSFT,TabPFN,0.2499999999999999
TabPFN,1052,NVDA,TabPFN,0.25
EqualWeight,1057,AAPL,EqualWeight,0.2
EqualWeight,1057,AMZN,EqualWeight,0.2
EqualWeight,1057,GOOGL,EqualWeight,0.2
EqualWeight,1057,MSFT,EqualWeight,0.2
EqualWeight,1057,NVDA,EqualWeight,0.2
Markowitz,1057,AAPL,Markowitz,0.25
Markowitz,1057,AMZN,Markowitz,0.25
Markowitz,1057,GOOGL,Markowitz,0.17925751418299846
Markowitz,1057,MSFT,Markowitz,0.07074248581700103
Markowitz,1057,NVDA,Markowitz,0.24999999999999978
RandomForest,1057,AAPL,RandomForest,0.25
RandomForest,1057,AMZN,RandomForest,0.24999999999999986
RandomForest,1057,GOOGL,RandomForest,0.24999999999999967
RandomForest,1057,MSFT,RandomForest,0.0
RandomForest,1057,NVDA,RandomForest,0.24999999999999856
XGBoost,1057,AAPL,XGBoost,0.24999999999999822
XGBoost,1057,AMZN,XGBoost,0.24999999999999956
XGBoost,1057,GOOGL,XGBoost,0.24999999999999867
XGBoost,1057,MSFT,XGBoost,0.0
XGBoost,1057,NVDA,XGBoost,0.25
TabPFN,1057,AAPL,TabPFN,0.25
TabPFN,1057,AMZN,TabPFN,0.25
TabPFN,1057,GOOGL,TabPFN,2.7755575615628914e-16
TabPFN,1057,MSFT,TabPFN,0.24999999999999994
TabPFN,1057,NVDA,TabPFN,0.2499999999999995
EqualWeight,1062,AAPL,EqualWeight,0.2
EqualWeight,1062,AMZN,EqualWeight,0.2
EqualWeight,1062,GOOGL,EqualWeight,0.2
EqualWeight,1062,MSFT,EqualWeight,0.2
EqualWeight,1062,NVDA,EqualWeight,0.2
Markowitz,1062,AAPL,Markowitz,0.25
Markowitz,1062,AMZN,Markowitz,0.24999999999999967
Markowitz,1062,GOOGL,Markowitz,0.0
Markowitz,1062,MSFT,Markowitz,0.24999999999999928
Markowitz,1062,NVDA,Markowitz,0.25
RandomForest,1062,AAPL,RandomForest,0.25
RandomForest,1062,AMZN,RandomForest,0.25
RandomForest,1062,GOOGL,RandomForest,0.0
RandomForest,1062,MSFT,RandomForest,0.25
RandomForest,1062,NVDA,RandomForest,0.25
XGBoost,1062,AAPL,XGBoost,0.25
XGBoost,1062,AMZN,XGBoost,0.25
XGBoost,1062,GOOGL,XGBoost,8.326672684688674e-17
XGBoost,1062,MSFT,XGBoost,0.24999999999999875
XGBoost,1062,NVDA,XGBoost,0.24999999999999997
TabPFN,1062,AAPL,TabPFN,0.2499999999999998
TabPFN,1062,AMZN,TabPFN,0.24999999999999925
TabPFN,1062,GOOGL,TabPFN,1.915134717478395e-15
TabPFN,1062,MSFT,TabPFN,0.25
TabPFN,1062,NVDA,TabPFN,0.2499999999999984
EqualWeight,1067,AAPL,EqualWeight,0.2
EqualWeight,1067,AMZN,EqualWeight,0.2
EqualWeight,1067,GOOGL,EqualWeight,0.2
EqualWeight,1067,MSFT,EqualWeight,0.2
EqualWeight,1067,NVDA,EqualWeight,0.2
Markowitz,1067,AAPL,Markowitz,0.25
Markowitz,1067,AMZN,Markowitz,0.24999999999999956
Markowitz,1067,GOOGL,Markowitz,1.1102230246251565e-16
Markowitz,1067,MSFT,Markowitz,0.24999999999999986
Markowitz,1067,NVDA,Markowitz,0.2499999999999999
RandomForest,1067,AAPL,RandomForest,0.25
RandomForest,1067,AMZN,RandomForest,0.24999999999999983
RandomForest,1067,GOOGL,RandomForest,3.0531133177191805e-16
RandomForest,1067,MSFT,RandomForest,0.25
RandomForest,1067,NVDA,RandomForest,0.24999999999999922
XGBoost,1067,AAPL,XGBoost,0.25
XGBoost,1067,AMZN,XGBoost,0.2499999999999986
XGBoost,1067,GOOGL,XGBoost,0.25
XGBoost,1067,MSFT,XGBoost,0.24999999999999958
XGBoost,1067,NVDA,XGBoost,8.049116928532385e-16
TabPFN,1067,AAPL,TabPFN,0.24999999999999872
TabPFN,1067,AMZN,TabPFN,0.24999999999999886
TabPFN,1067,GOOGL,TabPFN,0.24999999999999883
TabPFN,1067,MSFT,TabPFN,0.24999999999999703
TabPFN,1067,NVDA,TabPFN,6.5650609948342264e-15
EqualWeight,1072,AAPL,EqualWeight,0.2
EqualWeight,1072,AMZN,EqualWeight,0.2
EqualWeight,1072,GOOGL,EqualWeight,0.2
EqualWeight,1072,MSFT,EqualWeight,0.2
EqualWeight,1072,NVDA,EqualWeight,0.2
Markowitz,1072,AAPL,Markowitz,0.24999999999999928
Markowitz,1072,AMZN,Markowitz,0.2499999999999987
Markowitz,1072,GOOGL,Markowitz,0.24999999999999883
Markowitz,1072,MSFT,Markowitz,0.25
Markowitz,1072,NVDA,Markowitz,1.5057399771478686e-15
RandomForest,1072,AAPL,RandomForest,0.2499999999999999
RandomForest,1072,AMZN,RandomForest,8.326672684688674e-17
RandomForest,1072,GOOGL,RandomForest,0.25
RandomForest,1072,MSFT,RandomForest,0.24999999999999997
RandomForest,1072,NVDA,RandomForest,0.25
XGBoost,1072,AAPL,XGBoost,0.25
XGBoost,1072,AMZN,XGBoost,0.25
XGBoost,1072,GOOGL,XGBoost,0.24999999999999967
XGBoost,1072,MSFT,XGBoost,0.25
XGBoost,1072,NVDA,XGBoost,0.0
TabPFN,1072,AAPL,TabPFN,0.25
TabPFN,1072,AMZN,TabPFN,0.2499999999999996
TabPFN,1072,GOOGL,TabPFN,0.25
TabPFN,1072,MSFT,TabPFN,0.17254341985939753
TabPFN,1072,NVDA,TabPFN,0.07745658014060065
EqualWeight,1077,AAPL,EqualWeight,0.2
EqualWeight,1077,AMZN,EqualWeight,0.2
EqualWeight,1077,GOOGL,EqualWeight,0.2
EqualWeight,1077,MSFT,EqualWeight,0.2
EqualWeight,1077,NVDA,EqualWeight,0.2
Markowitz,1077,AAPL,Markowitz,0.25
Markowitz,1077,AMZN,Markowitz,0.25
Markowitz,1077,GOOGL,Markowitz,0.24999999999999958
Markowitz,1077,MSFT,Markowitz,0.2499999999999997
Markowitz,1077,NVDA,Markowitz,8.326672684688674e-17
RandomForest,1077,AAPL,RandomForest,0.2499999999999995
RandomForest,1077,AMZN,RandomForest,0.25
RandomForest,1077,GOOGL,RandomForest,0.24999999999999953
RandomForest,1077,MSFT,RandomForest,0.25
RandomForest,1077,NVDA,RandomForest,0.0
XGBoost,1077,AAPL,XGBoost,0.25
XGBoost,1077,AMZN,XGBoost,0.2499999999999994
XGBoost,1077,GOOGL,XGBoost,0.2499999999999994
XGBoost,1077,MSFT,XGBoost,0.24999999999999845
XGBoost,1077,NVDA,XGBoost,1.8318679906315083e-15
TabPFN,1077,AAPL,TabPFN,0.24999999999999895
TabPFN,1077,AMZN,TabPFN,0.25
TabPFN,1077,GOOGL,TabPFN,0.25
TabPFN,1077,MSFT,TabPFN,0.25
TabPFN,1077,NVDA,TabPFN,0.0
EqualWeight,1082,AAPL,EqualWeight,0.2
EqualWeight,1082,AMZN,EqualWeight,0.2
EqualWeight,1082,GOOGL,EqualWeight,0.2
EqualWeight,1082,MSFT,EqualWeight,0.2
EqualWeight,1082,NVDA,EqualWeight,0.2
Markowitz,1082,AAPL,Markowitz,0.25
Markowitz,1082,AMZN,Markowitz,0.25
Markowitz,1082,GOOGL,Markowitz,0.24999999999999928
Markowitz,1082,MSFT,Markowitz,8.604228440844963e-16
Markowitz,1082,NVDA,Markowitz,0.24999999999999747
RandomForest,1082,AAPL,RandomForest,0.25
RandomForest,1082,AMZN,RandomForest,0.24999999999999972
RandomForest,1082,GOOGL,RandomForest,0.25
RandomForest,1082,MSFT,RandomForest,3.885780586188048e-16
RandomForest,1082,NVDA,RandomForest,0.2499999999999995
XGBoost,1082,AAPL,XGBoost,0.25
XGBoost,1082,AMZN,XGBoost,0.25
XGBoost,1082,GOOGL,XGBoost,0.24999999999999925
XGBoost,1082,MSFT,XGBoost,1.5265566588595902e-15
XGBoost,1082,NVDA,XGBoost,0.249999999999996
TabPFN,1082,AAPL,TabPFN,0.25
TabPFN,1082,AMZN,TabPFN,0.24999999999999944
TabPFN,1082,GOOGL,TabPFN,0.25
TabPFN,1082,MSFT,TabPFN,5.828670879282072e-16
TabPFN,1082,NVDA,TabPFN,0.24999999999999867
EqualWeight,1087,AAPL,EqualWeight,0.2
EqualWeight,1087,AMZN,EqualWeight,0.2
EqualWeight,1087,GOOGL,EqualWeight,0.2
EqualWeight,1087,MSFT,EqualWeight,0.2
EqualWeight,1087,NVDA,EqualWeight,0.2
Markowitz,1087,AAPL,Markowitz,0.0
Markowitz,1087,AMZN,Markowitz,0.25
Markowitz,1087,GOOGL,Markowitz,0.2499999999999999
Markowitz,1087,MSFT,Markowitz,0.25
Markowitz,1087,NVDA,Markowitz,0.24999999999999992
RandomForest,1087,AAPL,RandomForest,0.0
RandomForest,1087,AMZN,RandomForest,0.25
RandomForest,1087,GOOGL,RandomForest,0.25
RandomForest,1087,MSFT,RandomForest,0.24999999999999953
RandomForest,1087,NVDA,RandomForest,0.25
XGBoost,1087,AAPL,XGBoost,9.020562075079397e-17
XGBoost,1087,AMZN,XGBoost,0.25
XGBoost,1087,GOOGL,XGBoost,0.25
XGBoost,1087,MSFT,XGBoost,0.2499999999999999
XGBoost,1087,NVDA,XGBoost,0.24999999999999992
TabPFN,1087,AAPL,TabPFN,0.0
TabPFN,1087,AMZN,TabPFN,0.25
TabPFN,1087,GOOGL,TabPFN,0.25
TabPFN,1087,MSFT,TabPFN,0.25
TabPFN,1087,NVDA,TabPFN,0.2499999999999999
EqualWeight,1092,AAPL,EqualWeight,0.2
EqualWeight,1092,AMZN,EqualWeight,0.2
EqualWeight,1092,GOOGL,EqualWeight,0.2
EqualWeight,1092,MSFT,EqualWeight,0.2
EqualWeight,1092,NVDA,EqualWeight,0.2
Markowitz,1092,AAPL,Markowitz,0.25
Markowitz,1092,AMZN,Markowitz,0.0
Markowitz,1092,GOOGL,Markowitz,0.25
Markowitz,1092,MSFT,Markowitz,0.25
Markowitz,1092,NVDA,Markowitz,0.2499999999999981
RandomForest,1092,AAPL,RandomForest,0.25
RandomForest,1092,AMZN,RandomForest,0.24999999999999992
RandomForest,1092,GOOGL,RandomForest,0.2499999999999998
RandomForest,1092,MSFT,RandomForest,0.24999999999999958
RandomForest,1092,NVDA,RandomForest,4.718447854656915e-16
XGBoost,1092,AAPL,XGBoost,0.25
XGBoost,1092,AMZN,XGBoost,1.1102230246251565e-16
XGBoost,1092,GOOGL,XGBoost,0.24999999999999983
XGBoost,1092,MSFT,XGBoost,0.25
XGBoost,1092,NVDA,XGBoost,0.24999999999999947
TabPFN,1092,AAPL,TabPFN,0.2499999999999999
TabPFN,1092,AMZN,TabPFN,4.163336342344337e-16
TabPFN,1092,GOOGL,TabPFN,0.24999999999999953
TabPFN,1092,MSFT,TabPFN,0.24999999999999978
TabPFN,1092,NVDA,TabPFN,0.25
EqualWeight,1097,AAPL,EqualWeight,0.2
EqualWeight,1097,AMZN,EqualWeight,0.2
EqualWeight,1097,GOOGL,EqualWeight,0.2
EqualWeight,1097,MSFT,EqualWeight,0.2
EqualWeight,1097,NVDA,EqualWeight,0.2
Markowitz,1097,AAPL,Markowitz,0.24999999999998337
Markowitz,1097,AMZN,Markowitz,0.15462460572013598
Markowitz,1097,GOOGL,Markowitz,0.24999999999998102
Markowitz,1097,MSFT,Markowitz,0.24999999999998448
Markowitz,1097,NVDA,Markowitz,0.09537539427991513
RandomForest,1097,AAPL,RandomForest,0.24999999999999997
RandomForest,1097,AMZN,RandomForest,0.2499999999999994
RandomForest,1097,GOOGL,RandomForest,0.25
RandomForest,1097,MSFT,RandomForest,0.25
RandomForest,1097,NVDA,RandomForest,2.498001805406602e-16
XGBoost,1097,AAPL,XGBoost,0.2499999999999975
XGBoost,1097,AMZN,XGBoost,0.25
XGBoost,1097,GOOGL,XGBoost,0.24999999999999978
XGBoost,1097,MSFT,XGBoost,0.24999999999999997
XGBoost,1097,NVDA,XGBoost,1.7867651802561113e-15
TabPFN,1097,AAPL,TabPFN,0.25
TabPFN,1097,AMZN,TabPFN,1.6653345369377348e-16
TabPFN,1097,GOOGL,TabPFN,0.24999999999999986
TabPFN,1097,MSFT,TabPFN,0.24999999999999986
TabPFN,1097,NVDA,TabPFN,0.24999999999999928
EqualWeight,1102,AAPL,EqualWeight,0.2
EqualWeight,1102,AMZN,EqualWeight,0.2
EqualWeight,1102,GOOGL,EqualWeight,0.2
EqualWeight,1102,MSFT,EqualWeight,0.2
EqualWeight,1102,NVDA,EqualWeight,0.2
Markowitz,1102,AAPL,Markowitz,0.029287561503138965
Markowitz,1102,AMZN,Markowitz,0.22071243849686076
Markowitz,1102,GOOGL,Markowitz,0.25
Markowitz,1102,MSFT,Markowitz,0.24999999999999992
Markowitz,1102,NVDA,Markowitz,0.24999999999999986
RandomForest,1102,AAPL,RandomForest,5.303917027799088e-16
RandomForest,1102,AMZN,RandomForest,0.24999999999999936
RandomForest,1102,GOOGL,RandomForest,0.2499999999999996
RandomForest,1102,MSFT,RandomForest,0.25
RandomForest,1102,NVDA,RandomForest,0.25
XGBoost,1102,AAPL,XGBoost,0.03558060937214212
XGBoost,1102,AMZN,XGBoost,0.21441939062785792
XGBoost,1102,GOOGL,XGBoost,0.25
XGBoost,1102,MSFT,XGBoost,0.2499999999999999
XGBoost,1102,NVDA,XGBoost,0.25
TabPFN,1102,AAPL,TabPFN,0.19324438841029487
TabPFN,1102,AMZN,TabPFN,0.05675561158970418
TabPFN,1102,GOOGL,TabPFN,0.2499999999999999
TabPFN,1102,MSFT,TabPFN,0.25
TabPFN,1102,NVDA,TabPFN,0.25
EqualWeight,1107,AAPL,EqualWeight,0.2
EqualWeight,1107,AMZN,EqualWeight,0.2
EqualWeight,1107,GOOGL,EqualWeight,0.2
EqualWeight,1107,MSFT,EqualWeight,0.2
EqualWeight,1107,NVDA,EqualWeight,0.2
Markowitz,1107,AAPL,Markowitz,0.25
Markowitz,1107,AMZN,Markowitz,0.25
Markowitz,1107,GOOGL,Markowitz,0.25
Markowitz,1107,MSFT,Markowitz,2.275957200481571e-15
Markowitz,1107,NVDA,Markowitz,0.2499999999999963
RandomForest,1107,AAPL,RandomForest,0.25
RandomForest,1107,AMZN,RandomForest,0.24999999999999992
RandomForest,1107,GOOGL,RandomForest,0.24999999999999978
RandomForest,1107,MSFT,RandomForest,1.0547118733938987e-15
RandomForest,1107,NVDA,RandomForest,0.24999999999999806
XGBoost,1107,AAPL,XGBoost,0.24999999999999917
XGBoost,1107,AMZN,XGBoost,0.25
XGBoost,1107,GOOGL,XGBoost,0.24999999999999958
XGBoost,1107,MSFT,XGBoost,3.164135620181696e-15
XGBoost,1107,NVDA,XGBoost,0.2499999999999963
TabPFN,1107,AAPL,TabPFN,0.25
TabPFN,1107,AMZN,TabPFN,0.25
TabPFN,1107,GOOGL,TabPFN,0.25
TabPFN,1107,MSFT,TabPFN,1.915134717478395e-15
TabPFN,1107,NVDA,TabPFN,0.24999999999999653
EqualWeight,1112,AAPL,EqualWeight,0.2
EqualWeight,1112,AMZN,EqualWeight,0.2
EqualWeight,1112,GOOGL,EqualWeight,0.2
EqualWeight,1112,MSFT,EqualWeight,0.2
EqualWeight,1112,NVDA,EqualWeight,0.2
Markowitz,1112,AAPL,Markowitz,0.24999999999999917
Markowitz,1112,AMZN,Markowitz,0.24999999999999986
Markowitz,1112,GOOGL,Markowitz,0.25
Markowitz,1112,MSFT,Markowitz,0.0
Markowitz,1112,NVDA,Markowitz,0.25
RandomForest,1112,AAPL,RandomForest,0.24999999999999936
RandomForest,1112,AMZN,RandomForest,0.25
RandomForest,1112,GOOGL,RandomForest,0.24999999999999975
RandomForest,1112,MSFT,RandomForest,9.159339953157541e-16
RandomForest,1112,NVDA,RandomForest,0.24999999999999978
XGBoost,1112,AAPL,XGBoost,0.2499999999999974
XGBoost,1112,AMZN,XGBoost,0.25
XGBoost,1112,GOOGL,XGBoost,0.25
XGBoost,1112,MSFT,XGBoost,0.0
XGBoost,1112,NVDA,XGBoost,0.25
TabPFN,1112,AAPL,TabPFN,0.0
TabPFN,1112,AMZN,TabPFN,0.25
TabPFN,1112,GOOGL,TabPFN,0.24999999999999908
TabPFN,1112,MSFT,TabPFN,0.25
TabPFN,1112,NVDA,TabPFN,0.25
EqualWeight,1117,AAPL,EqualWeight,0.2
EqualWeight,1117,AMZN,EqualWeight,0.2
EqualWeight,1117,GOOGL,EqualWeight,0.2
EqualWeight,1117,MSFT,EqualWeight,0.2
EqualWeight,1117,NVDA,EqualWeight,0.2
Markowitz,1117,AAPL,Markowitz,0.25
Markowitz,1117,AMZN,Markowitz,0.24999999999999983
Markowitz,1117,GOOGL,Markowitz,0.24999999999999975
Markowitz,1117,MSFT,Markowitz,3.0531133177191805e-16
Markowitz,1117,NVDA,Markowitz,0.24999999999999853
RandomForest,1117,AAPL,RandomForest,0.25
RandomForest,1117,AMZN,RandomForest,0.25
RandomForest,1117,GOOGL,RandomForest,0.24999999999999836
RandomForest,1117,MSFT,RandomForest,2.858824288409778e-15
RandomForest,1117,NVDA,RandomForest,0.24999999999999528
XGBoost,1117,AAPL,XGBoost,0.24999999999999983
XGBoost,1117,AMZN,XGBoost,0.24999999999999983
XGBoost,1117,GOOGL,XGBoost,0.25
XGBoost,1117,MSFT,XGBoost,0.0
XGBoost,1117,NVDA,XGBoost,0.24999999999999992
TabPFN,1117,AAPL,TabPFN,0.24999999999999956
TabPFN,1117,AMZN,TabPFN,0.25
TabPFN,1117,GOOGL,TabPFN,0.2499999999999999
TabPFN,1117,MSFT,TabPFN,2.7755575615628914e-16
TabPFN,1117,NVDA,TabPFN,0.2499999999999999
EqualWeight,1122,AAPL,EqualWeight,0.2
EqualWeight,1122,AMZN,EqualWeight,0.2
EqualWeight,1122,GOOGL,EqualWeight,0.2
EqualWeight,1122,MSFT,EqualWeight,0.2
EqualWeight,1122,NVDA,EqualWeight,0.2
Markowitz,1122,AAPL,Markowitz,5.551115123125783e-17
Markowitz,1122,AMZN,Markowitz,0.24999999999999983
Markowitz,1122,GOOGL,Markowitz,0.25
Markowitz,1122,MSFT,Markowitz,0.25
Markowitz,1122,NVDA,Markowitz,0.2499999999999999
RandomForest,1122,AAPL,RandomForest,0.0
RandomForest,1122,AMZN,RandomForest,0.2499999999999998
RandomForest,1122,GOOGL,RandomForest,0.24999999999999983
RandomForest,1122,MSFT,RandomForest,0.25
RandomForest,1122,NVDA,RandomForest,0.25
XGBoost,1122,AAPL,XGBoost,1.1102230246251565e-16
XGBoost,1122,AMZN,XGBoost,0.25
XGBoost,1122,GOOGL,XGBoost,0.25
XGBoost,1122,MSFT,XGBoost,0.2499999999999999
XGBoost,1122,NVDA,XGBoost,0.24999999999999933
TabPFN,1122,AAPL,TabPFN,0.24999999999999983
TabPFN,1122,AMZN,TabPFN,0.1670925051862442
TabPFN,1122,GOOGL,TabPFN,0.24999999999999853
TabPFN,1122,MSFT,TabPFN,0.24999999999999925
TabPFN,1122,NVDA,TabPFN,0.08290749481375821
EqualWeight,1127,AAPL,EqualWeight,0.2
EqualWeight,1127,AMZN,EqualWeight,0.2
EqualWeight,1127,GOOGL,EqualWeight,0.2
EqualWeight,1127,MSFT,EqualWeight,0.2
EqualWeight,1127,NVDA,EqualWeight,0.2
Markowitz,1127,AAPL,Markowitz,0.25
Markowitz,1127,AMZN,Markowitz,0.0
Markowitz,1127,GOOGL,Markowitz,0.24999999999999983
Markowitz,1127,MSFT,Markowitz,0.24999999999999875
Markowitz,1127,NVDA,Markowitz,0.25
RandomForest,1127,AAPL,RandomForest,0.24999999999999895
RandomForest,1127,AMZN,RandomForest,0.0
RandomForest,1127,GOOGL,RandomForest,0.25
RandomForest,1127,MSFT,RandomForest,0.25
RandomForest,1127,NVDA,RandomForest,0.25
XGBoost,1127,AAPL,XGBoost,0.24999999999999825
XGBoost,1127,AMZN,XGBoost,1.9984014443252818e-15
XGBoost,1127,GOOGL,XGBoost,0.25
XGBoost,1127,MSFT,XGBoost,0.25
XGBoost,1127,NVDA,XGBoost,0.2499999999999976
TabPFN,1127,AAPL,TabPFN,0.2499999999999995
TabPFN,1127,AMZN,TabPFN,0.24999999999999994
TabPFN,1127,GOOGL,TabPFN,0.24999999999999883
TabPFN,1127,MSFT,TabPFN,0.2499999999999996
TabPFN,1127,NVDA,TabPFN,2.3314683517128287e-15
EqualWeight,1132,AAPL,EqualWeight,0.2
EqualWeight,1132,AMZN,EqualWeight,0.2
EqualWeight,1132,GOOGL,EqualWeight,0.2
EqualWeight,1132,MSFT,EqualWeight,0.2
EqualWeight,1132,NVDA,EqualWeight,0.2
Markowitz,1132,AAPL,Markowitz,0.2499999999999999
Markowitz,1132,AMZN,Markowitz,3.0531133177191805e-16
Markowitz,1132,GOOGL,Markowitz,0.25
Markowitz,1132,MSFT,Markowitz,0.24999999999999944
Markowitz,1132,NVDA,Markowitz,0.25
RandomForest,1132,AAPL,RandomForest,0.24999999999999942
RandomForest,1132,AMZN,RandomForest,2.7755575615628914e-16
RandomForest,1132,GOOGL,RandomForest,0.24999999999999956
RandomForest,1132,MSFT,RandomForest,0.25
RandomForest,1132,NVDA,RandomForest,0.25
XGBoost,1132,AAPL,XGBoost,0.25
XGBoost,1132,AMZN,XGBoost,0.24999999999999975
XGBoost,1132,GOOGL,XGBoost,0.25
XGBoost,1132,MSFT,XGBoost,0.0
XGBoost,1132,NVDA,XGBoost,0.24999999999999994
TabPFN,1132,AAPL,TabPFN,0.24999999999999997
TabPFN,1132,AMZN,TabPFN,1.4988010832439613e-15
TabPFN,1132,GOOGL,TabPFN,0.2499999999999999
TabPFN,1132,MSFT,TabPFN,0.24999999999999906
TabPFN,1132,NVDA,TabPFN,0.24999999999999964
EqualWeight,1137,AAPL,EqualWeight,0.2
EqualWeight,1137,AMZN,EqualWeight,0.2
EqualWeight,1137,GOOGL,EqualWeight,0.2
EqualWeight,1137,MSFT,EqualWeight,0.2
EqualWeight,1137,NVDA,EqualWeight,0.2
Markowitz,1137,AAPL,Markowitz,0.25
Markowitz,1137,AMZN,Markowitz,1.3877787807814457e-16
Markowitz,1137,GOOGL,Markowitz,0.25
Markowitz,1137,MSFT,Markowitz,0.24999999999999858
Markowitz,1137,NVDA,Markowitz,0.24999999999999967
RandomForest,1137,AAPL,RandomForest,0.2499999999999817
RandomForest,1137,AMZN,RandomForest,0.2499999999999918
RandomForest,1137,GOOGL,RandomForest,0.2499999999999787
RandomForest,1137,MSFT,RandomForest,0.1841531088293279
RandomForest,1137,NVDA,RandomForest,0.06584689117071987
XGBoost,1137,AAPL,XGBoost,0.24999999999999972
XGBoost,1137,AMZN,XGBoost,0.25
XGBoost,1137,GOOGL,XGBoost,0.24999999999999958
XGBoost,1137,MSFT,XGBoost,0.0
XGBoost,1137,NVDA,XGBoost,0.25
TabPFN,1137,AAPL,TabPFN,0.24999999999999922
TabPFN,1137,AMZN,TabPFN,0.0
TabPFN,1137,GOOGL,TabPFN,0.25
TabPFN,1137,MSFT,TabPFN,0.25
TabPFN,1137,NVDA,TabPFN,0.25
EqualWeight,1142,AAPL,EqualWeight,0.2
EqualWeight,1142,AMZN,EqualWeight,0.2
EqualWeight,1142,GOOGL,EqualWeight,0.2
EqualWeight,1142,MSFT,EqualWeight,0.2
EqualWeight,1142,NVDA,EqualWeight,0.2
Markowitz,1142,AAPL,Markowitz,0.25
Markowitz,1142,AMZN,Markowitz,0.25
Markowitz,1142,GOOGL,Markowitz,0.0
Markowitz,1142,MSFT,Markowitz,0.2499999999999994
Markowitz,1142,NVDA,Markowitz,0.24999999999999983
RandomForest,1142,AAPL,RandomForest,0.24999999999999864
RandomForest,1142,AMZN,RandomForest,0.25
RandomForest,1142,GOOGL,RandomForest,0.0
RandomForest,1142,MSFT,RandomForest,0.25
RandomForest,1142,NVDA,RandomForest,0.25
XGBoost,1142,AAPL,XGBoost,0.24999999999999453
XGBoost,1142,AMZN,XGBoost,0.24999999999999992
XGBoost,1142,GOOGL,XGBoost,0.2499999999999983
XGBoost,1142,MSFT,XGBoost,6.3629657098829284e-15
XGBoost,1142,NVDA,XGBoost,0.25
TabPFN,1142,AAPL,TabPFN,0.25
TabPFN,1142,AMZN,TabPFN,0.24999999999999986
TabPFN,1142,GOOGL,TabPFN,1.1102230246251565e-16
TabPFN,1142,MSFT,TabPFN,0.25
TabPFN,1142,NVDA,TabPFN,0.24999999999999858
EqualWeight,1147,AAPL,EqualWeight,0.2
EqualWeight,1147,AMZN,EqualWeight,0.2
EqualWeight,1147,GOOGL,EqualWeight,0.2
EqualWeight,1147,MSFT,EqualWeight,0.2
EqualWeight,1147,NVDA,EqualWeight,0.2
Markowitz,1147,AAPL,Markowitz,0.1517150249418157
Markowitz,1147,AMZN,Markowitz,0.2499999999999978
Markowitz,1147,GOOGL,Markowitz,0.09828497505818687
Markowitz,1147,MSFT,Markowitz,0.24999999999999947
Markowitz,1147,NVDA,Markowitz,0.25
RandomForest,1147,AAPL,RandomForest,2.220446049250313e-15
RandomForest,1147,AMZN,RandomForest,0.24999999999999967
RandomForest,1147,GOOGL,RandomForest,0.25
RandomForest,1147,MSFT,RandomForest,0.25
RandomForest,1147,NVDA,RandomForest,0.2499999999999961
XGBoost,1147,AAPL,XGBoost,0.1416576135151592
XGBoost,1147,AMZN,XGBoost,0.24999999999999684
XGBoost,1147,GOOGL,XGBoost,0.10834238648484666
XGBoost,1147,MSFT,XGBoost,0.24999999999999634
XGBoost,1147,NVDA,XGBoost,0.25
TabPFN,1147,AAPL,TabPFN,0.25
TabPFN,1147,AMZN,TabPFN,0.24999999999999786
TabPFN,1147,GOOGL,TabPFN,0.25
TabPFN,1147,MSFT,TabPFN,5.551115123125783e-16
TabPFN,1147,NVDA,TabPFN,0.25
EqualWeight,1152,AAPL,EqualWeight,0.2
EqualWeight,1152,AMZN,EqualWeight,0.2
EqualWeight,1152,GOOGL,EqualWeight,0.2
EqualWeight,1152,MSFT,EqualWeight,0.2
EqualWeight,1152,NVDA,EqualWeight,0.2
Markowitz,1152,AAPL,Markowitz,6.657868700798986e-15
Markowitz,1152,AMZN,Markowitz,0.25
Markowitz,1152,GOOGL,Markowitz,0.25
Markowitz,1152,MSFT,Markowitz,0.24999999999999528
Markowitz,1152,NVDA,Markowitz,0.249999999999996
RandomForest,1152,AAPL,RandomForest,0.24999999999999925
RandomForest,1152,AMZN,RandomForest,0.24999999999999983
RandomForest,1152,GOOGL,RandomForest,0.25
RandomForest,1152,MSFT,RandomForest,0.25
RandomForest,1152,NVDA,RandomForest,0.0
XGBoost,1152,AAPL,XGBoost,0.249999999999999
XGBoost,1152,AMZN,XGBoost,0.2499999999999999
XGBoost,1152,GOOGL,XGBoost,0.25
XGBoost,1152,MSFT,XGBoost,0.0
XGBoost,1152,NVDA,XGBoost,0.25
TabPFN,1152,AAPL,TabPFN,0.24999999999999994
TabPFN,1152,AMZN,TabPFN,0.24999999999999978
TabPFN,1152,GOOGL,TabPFN,1.1102230246251565e-16
TabPFN,1152,MSFT,TabPFN,0.25
TabPFN,1152,NVDA,TabPFN,0.25
EqualWeight,1157,AAPL,EqualWeight,0.2
EqualWeight,1157,AMZN,EqualWeight,0.2
EqualWeight,1157,GOOGL,EqualWeight,0.2
EqualWeight,1157,MSFT,EqualWeight,0.2
EqualWeight,1157,NVDA,EqualWeight,0.2
Markowitz,1157,AAPL,Markowitz,0.2499999999999958
Markowitz,1157,AMZN,Markowitz,0.2499999999999998
Markowitz,1157,GOOGL,Markowitz,0.0
Markowitz,1157,MSFT,Markowitz,0.25
Markowitz,1157,NVDA,Markowitz,0.25
RandomForest,1157,AAPL,RandomForest,0.12326757809074193
RandomForest,1157,AMZN,RandomForest,0.25
RandomForest,1157,GOOGL,RandomForest,0.12673242190925765
RandomForest,1157,MSFT,RandomForest,0.24999999999999967
RandomForest,1157,NVDA,RandomForest,0.25
XGBoost,1157,AAPL,XGBoost,0.25
XGBoost,1157,AMZN,XGBoost,0.2499999999999977
XGBoost,1157,GOOGL,XGBoost,4.3298697960381105e-15
XGBoost,1157,MSFT,XGBoost,0.2499999999999989
XGBoost,1157,NVDA,XGBoost,0.24999999999998995
TabPFN,1157,AAPL,TabPFN,0.24999999999999806
TabPFN,1157,AMZN,TabPFN,0.24999999999999972
TabPFN,1157,GOOGL,TabPFN,2.831068712794149e-15
TabPFN,1157,MSFT,TabPFN,0.25
TabPFN,1157,NVDA,TabPFN,0.2499999999999981
EqualWeight,1162,AAPL,EqualWeight,0.2
EqualWeight,1162,AMZN,EqualWeight,0.2
EqualWeight,1162,GOOGL,EqualWeight,0.2
EqualWeight,1162,MSFT,EqualWeight,0.2
EqualWeight,1162,NVDA,EqualWeight,0.2
Markowitz,1162,AAPL,Markowitz,5.273559366969494e-16
Markowitz,1162,AMZN,Markowitz,0.24999999999999997
Markowitz,1162,GOOGL,Markowitz,0.25
Markowitz,1162,MSFT,Markowitz,0.24999999999999986
Markowitz,1162,NVDA,Markowitz,0.24999999999999958
RandomForest,1162,AAPL,RandomForest,6.106226635438361e-16
RandomForest,1162,AMZN,RandomForest,0.24999999999999975
RandomForest,1162,GOOGL,RandomForest,0.2499999999999994
RandomForest,1162,MSFT,RandomForest,0.24999999999999928
RandomForest,1162,NVDA,RandomForest,0.25
XGBoost,1162,AAPL,XGBoost,1.3877787807814457e-16
XGBoost,1162,AMZN,XGBoost,0.24999999999999972
XGBoost,1162,GOOGL,XGBoost,0.24999999999999914
XGBoost,1162,MSFT,XGBoost,0.25
XGBoost,1162,NVDA,XGBoost,0.25
TabPFN,1162,AAPL,TabPFN,0.022955367393242436
TabPFN,1162,AMZN,TabPFN,0.24999999999999944
TabPFN,1162,GOOGL,TabPFN,0.24999999999999842
TabPFN,1162,MSFT,TabPFN,0.25
TabPFN,1162,NVDA,TabPFN,0.22704463260675942
EqualWeight,1167,AAPL,EqualWeight,0.2
EqualWeight,1167,AMZN,EqualWeight,0.2
EqualWeight,1167,GOOGL,EqualWeight,0.2
EqualWeight,1167,MSFT,EqualWeight,0.2
EqualWeight,1167,NVDA,EqualWeight,0.2
Markowitz,1167,AAPL,Markowitz,0.25
Markowitz,1167,AMZN,Markowitz,5.551115123125783e-17
Markowitz,1167,GOOGL,Markowitz,0.25
Markowitz,1167,MSFT,Markowitz,0.24999999999999994
Markowitz,1167,NVDA,Markowitz,0.24999999999999994
RandomForest,1167,AAPL,RandomForest,0.25
RandomForest,1167,AMZN,RandomForest,2.992397996059992e-16
RandomForest,1167,GOOGL,RandomForest,0.25
RandomForest,1167,MSFT,RandomForest,0.25
RandomForest,1167,NVDA,RandomForest,0.24999999999999947
XGBoost,1167,AAPL,XGBoost,0.24999999999999967
XGBoost,1167,AMZN,XGBoost,0.24999999999999872
XGBoost,1167,GOOGL,XGBoost,0.24999999999999994
XGBoost,1167,MSFT,XGBoost,0.25
XGBoost,1167,NVDA,XGBoost,1.734723475976807e-15
TabPFN,1167,AAPL,TabPFN,0.25
TabPFN,1167,AMZN,TabPFN,0.0
TabPFN,1167,GOOGL,TabPFN,0.25
TabPFN,1167,MSFT,TabPFN,0.25
TabPFN,1167,NVDA,TabPFN,0.24999999999999975
EqualWeight,1172,AAPL,EqualWeight,0.2
EqualWeight,1172,AMZN,EqualWeight,0.2
EqualWeight,1172,GOOGL,EqualWeight,0.2
EqualWeight,1172,MSFT,EqualWeight,0.2
EqualWeight,1172,NVDA,EqualWeight,0.2
Markowitz,1172,AAPL,Markowitz,0.25
Markowitz,1172,AMZN,Markowitz,0.2499999999999989
Markowitz,1172,GOOGL,Markowitz,0.25
Markowitz,1172,MSFT,Markowitz,0.24999999999999983
Markowitz,1172,NVDA,Markowitz,1.942890293094024e-16
RandomForest,1172,AAPL,RandomForest,0.25
RandomForest,1172,AMZN,RandomForest,0.24999999999999928
RandomForest,1172,GOOGL,RandomForest,0.24999999999999942
RandomForest,1172,MSFT,RandomForest,0.24999999999999903
RandomForest,1172,NVDA,RandomForest,8.049116928532385e-16
XGBoost,1172,AAPL,XGBoost,1.0547118733938987e-15
XGBoost,1172,AMZN,XGBoost,0.249999999999998
XGBoost,1172,GOOGL,XGBoost,0.25
XGBoost,1172,MSFT,XGBoost,0.25
XGBoost,1172,NVDA,XGBoost,0.25
TabPFN,1172,AAPL,TabPFN,0.24999999999999942
TabPFN,1172,AMZN,TabPFN,0.24999999999999958
TabPFN,1172,GOOGL,TabPFN,0.25
TabPFN,1172,MSFT,TabPFN,0.25
TabPFN,1172,NVDA,TabPFN,3.0531133177191805e-16
EqualWeight,1177,AAPL,EqualWeight,0.2
EqualWeight,1177,AMZN,EqualWeight,0.2
EqualWeight,1177,GOOGL,EqualWeight,0.2
EqualWeight,1177,MSFT,EqualWeight,0.2
EqualWeight,1177,NVDA,EqualWeight,0.2
Markowitz,1177,AAPL,Markowitz,1.6306400674181987e-15
Markowitz,1177,AMZN,Markowitz,0.2499999999999994
Markowitz,1177,GOOGL,Markowitz,0.24999999999999972
Markowitz,1177,MSFT,Markowitz,0.24999999999999906
Markowitz,1177,NVDA,Markowitz,0.25
RandomForest,1177,AAPL,RandomForest,0.0
RandomForest,1177,AMZN,RandomForest,0.25
RandomForest,1177,GOOGL,RandomForest,0.25
RandomForest,1177,MSFT,RandomForest,0.2499999999999996
RandomForest,1177,NVDA,RandomForest,0.24999999999999956
XGBoost,1177,AAPL,XGBoost,0.23068943563280192
XGBoost,1177,AMZN,XGBoost,0.25
XGBoost,1177,GOOGL,XGBoost,0.25
XGBoost,1177,MSFT,XGBoost,0.01931056436719813
XGBoost,1177,NVDA,XGBoost,0.24999999999999978
TabPFN,1177,AAPL,TabPFN,0.009182711747679127
TabPFN,1177,AMZN,TabPFN,0.24999999999999997
TabPFN,1177,GOOGL,TabPFN,0.24081728825232032
TabPFN,1177,MSFT,TabPFN,0.25
TabPFN,1177,NVDA,TabPFN,0.25
EqualWeight,1182,AAPL,EqualWeight,0.2
EqualWeight,1182,AMZN,EqualWeight,0.2
EqualWeight,1182,GOOGL,EqualWeight,0.2
EqualWeight,1182,MSFT,EqualWeight,0.2
EqualWeight,1182,NVDA,EqualWeight,0.2
Markowitz,1182,AAPL,Markowitz,0.25
Markowitz,1182,AMZN,Markowitz,0.25
Markowitz,1182,GOOGL,Markowitz,0.24999999999999983
Markowitz,1182,MSFT,Markowitz,2.220446049250313e-16
Markowitz,1182,NVDA,Markowitz,0.24999999999999972
RandomForest,1182,AAPL,RandomForest,0.25
RandomForest,1182,AMZN,RandomForest,0.25
RandomForest,1182,GOOGL,RandomForest,0.25
RandomForest,1182,MSFT,RandomForest,1.1102230246251565e-16
RandomForest,1182,NVDA,RandomForest,0.2499999999999993
XGBoost,1182,AAPL,XGBoost,0.25
XGBoost,1182,AMZN,XGBoost,0.24999999999999958
XGBoost,1182,GOOGL,XGBoost,0.2499999999999996
XGBoost,1182,MSFT,XGBoost,9.43689570931383e-16
XGBoost,1182,NVDA,XGBoost,0.24999999999999983
TabPFN,1182,AAPL,TabPFN,0.25
TabPFN,1182,AMZN,TabPFN,0.25
TabPFN,1182,GOOGL,TabPFN,0.25
TabPFN,1182,MSFT,TabPFN,0.0
TabPFN,1182,NVDA,TabPFN,0.24999999999999936
EqualWeight,1187,AAPL,EqualWeight,0.2
EqualWeight,1187,AMZN,EqualWeight,0.2
EqualWeight,1187,GOOGL,EqualWeight,0.2
EqualWeight,1187,MSFT,EqualWeight,0.2
EqualWeight,1187,NVDA,EqualWeight,0.2
Markowitz,1187,AAPL,Markowitz,0.25
Markowitz,1187,AMZN,Markowitz,1.1102230246251565e-16
Markowitz,1187,GOOGL,Markowitz,0.24999999999999994
Markowitz,1187,MSFT,Markowitz,0.25
Markowitz,1187,NVDA,Markowitz,0.2499999999999991
RandomForest,1187,AAPL,RandomForest,0.06154891723556264
RandomForest,1187,AMZN,RandomForest,0.1884510827644394
RandomForest,1187,GOOGL,RandomForest,0.24999999999999936
RandomForest,1187,MSFT,RandomForest,0.24999999999999925
RandomForest,1187,NVDA,RandomForest,0.2499999999999994
XGBoost,1187,AAPL,XGBoost,0.0
XGBoost,1187,AMZN,XGBoost,0.24999999999999983
XGBoost,1187,GOOGL,XGBoost,0.24999999999999994
XGBoost,1187,MSFT,XGBoost,0.25
XGBoost,1187,NVDA,XGBoost,0.25
TabPFN,1187,AAPL,TabPFN,0.24999999999999925
TabPFN,1187,AMZN,TabPFN,0.0
TabPFN,1187,GOOGL,TabPFN,0.24999999999999983
TabPFN,1187,MSFT,TabPFN,0.25
TabPFN,1187,NVDA,TabPFN,0.25
EqualWeight,1192,AAPL,EqualWeight,0.2
EqualWeight,1192,AMZN,EqualWeight,0.2
EqualWeight,1192,GOOGL,EqualWeight,0.2
EqualWeight,1192,MSFT,EqualWeight,0.2
EqualWeight,1192,NVDA,EqualWeight,0.2
Markowitz,1192,AAPL,Markowitz,0.25
Markowitz,1192,AMZN,Markowitz,3.3306690738754696e-16
Markowitz,1192,GOOGL,Markowitz,0.24999999999999986
Markowitz,1192,MSFT,Markowitz,0.25
Markowitz,1192,NVDA,Markowitz,0.24999999999999978
RandomForest,1192,AAPL,RandomForest,0.25
RandomForest,1192,AMZN,RandomForest,0.0
RandomForest,1192,GOOGL,RandomForest,0.25
RandomForest,1192,MSFT,RandomForest,0.24999999999999983
RandomForest,1192,NVDA,RandomForest,0.25
XGBoost,1192,AAPL,XGBoost,0.25
XGBoost,1192,AMZN,XGBoost,0.0
XGBoost,1192,GOOGL,XGBoost,0.25
XGBoost,1192,MSFT,XGBoost,0.2499999999999998
XGBoost,1192,NVDA,XGBoost,0.25
TabPFN,1192,AAPL,TabPFN,0.25
TabPFN,1192,AMZN,TabPFN,0.0
TabPFN,1192,GOOGL,TabPFN,0.25
TabPFN,1192,MSFT,TabPFN,0.24999999999999928
TabPFN,1192,NVDA,TabPFN,0.25
EqualWeight,1197,AAPL,EqualWeight,0.2
EqualWeight,1197,AMZN,EqualWeight,0.2
EqualWeight,1197,GOOGL,EqualWeight,0.2
EqualWeight,1197,MSFT,EqualWeight,0.2
EqualWeight,1197,NVDA,EqualWeight,0.2
Markowitz,1197,AAPL,Markowitz,0.24999999999999992
Markowitz,1197,AMZN,Markowitz,0.2499999999999999
Markowitz,1197,GOOGL,Markowitz,0.0
Markowitz,1197,MSFT,Markowitz,0.25
Markowitz,1197,NVDA,Markowitz,0.25
RandomForest,1197,AAPL,RandomForest,0.25
RandomForest,1197,AMZN,RandomForest,0.25
RandomForest,1197,GOOGL,RandomForest,0.25
RandomForest,1197,MSFT,RandomForest,0.24999999999999928
RandomForest,1197,NVDA,RandomForest,0.0
XGBoost,1197,AAPL,XGBoost,0.25
XGBoost,1197,AMZN,XGBoost,0.25
XGBoost,1197,GOOGL,XGBoost,4.440892098500626e-16
XGBoost,1197,MSFT,XGBoost,0.25
XGBoost,1197,NVDA,XGBoost,0.24999999999999756
TabPFN,1197,AAPL,TabPFN,0.2499999999999989
TabPFN,1197,AMZN,TabPFN,0.24999999999999892
TabPFN,1197,GOOGL,TabPFN,1.609823385706477e-15
TabPFN,1197,MSFT,TabPFN,0.25
TabPFN,1197,NVDA,TabPFN,0.24999999999999967
EqualWeight,1202,AAPL,EqualWeight,0.2
EqualWeight,1202,AMZN,EqualWeight,0.2
EqualWeight,1202,GOOGL,EqualWeight,0.2
EqualWeight,1202,MSFT,EqualWeight,0.2
EqualWeight,1202,NVDA,EqualWeight,0.2
Markowitz,1202,AAPL,Markowitz,0.25
Markowitz,1202,AMZN,Markowitz,0.24999999999999997
Markowitz,1202,GOOGL,Markowitz,0.25
Markowitz,1202,MSFT,Markowitz,0.2499999999999994
Markowitz,1202,NVDA,Markowitz,1.6653345369377348e-16
RandomForest,1202,AAPL,RandomForest,0.24999999999999906
RandomForest,1202,AMZN,RandomForest,0.25
RandomForest,1202,GOOGL,RandomForest,0.25
RandomForest,1202,MSFT,RandomForest,0.25
RandomForest,1202,NVDA,RandomForest,0.0
XGBoost,1202,AAPL,XGBoost,0.25
XGBoost,1202,AMZN,XGBoost,0.25
XGBoost,1202,GOOGL,XGBoost,0.24999999999999978
XGBoost,1202,MSFT,XGBoost,0.2499999999999999
XGBoost,1202,NVDA,XGBoost,2.7755575615628914e-17
TabPFN,1202,AAPL,TabPFN,0.25
TabPFN,1202,AMZN,TabPFN,0.25
TabPFN,1202,GOOGL,TabPFN,1.249000902703301e-16
TabPFN,1202,MSFT,TabPFN,0.2499999999999999
TabPFN,1202,NVDA,TabPFN,0.24999999999999947
EqualWeight,1207,AAPL,EqualWeight,0.2
EqualWeight,1207,AMZN,EqualWeight,0.2
EqualWeight,1207,GOOGL,EqualWeight,0.2
EqualWeight,1207,MSFT,EqualWeight,0.2
EqualWeight,1207,NVDA,EqualWeight,0.2
Markowitz,1207,AAPL,Markowitz,3.3306690738754696e-16
Markowitz,1207,AMZN,Markowitz,0.24999999999999994
Markowitz,1207,GOOGL,Markowitz,0.25
Markowitz,1207,MSFT,Markowitz,0.24999999999999978
Markowitz,1207,NVDA,Markowitz,0.25
RandomForest,1207,AAPL,RandomForest,8.326672684688674e-17
RandomForest,1207,AMZN,RandomForest,0.25
RandomForest,1207,GOOGL,RandomForest,0.24999999999999986
RandomForest,1207,MSFT,RandomForest,0.24999999999999986
RandomForest,1207,NVDA,RandomForest,0.24999999999999997
XGBoost,1207,AAPL,XGBoost,7.771561172376096e-16
XGBoost,1207,AMZN,XGBoost,0.25
XGBoost,1207,GOOGL,XGBoost,0.249999999999999
XGBoost,1207,MSFT,XGBoost,0.25
XGBoost,1207,NVDA,XGBoost,0.25
TabPFN,1207,AAPL,TabPFN,5.551115123125783e-17
TabPFN,1207,AMZN,TabPFN,0.24999999999999994
TabPFN,1207,GOOGL,TabPFN,0.2499999999999995
TabPFN,1207,MSFT,TabPFN,0.24999999999999994
TabPFN,1207,NVDA,TabPFN,0.25
EqualWeight,1212,AAPL,EqualWeight,0.2
EqualWeight,1212,AMZN,EqualWeight,0.2
EqualWeight,1212,GOOGL,EqualWeight,0.2
EqualWeight,1212,MSFT,EqualWeight,0.2
EqualWeight,1212,NVDA,EqualWeight,0.2
Markowitz,1212,AAPL,Markowitz,0.2499999999999991
Markowitz,1212,AMZN,Markowitz,0.25
Markowitz,1212,GOOGL,Markowitz,0.25
Markowitz,1212,MSFT,Markowitz,0.25
Markowitz,1212,NVDA,Markowitz,6.661338147750939e-16
RandomForest,1212,AAPL,RandomForest,0.24999999999999956
RandomForest,1212,AMZN,RandomForest,0.25
RandomForest,1212,GOOGL,RandomForest,0.25
RandomForest,1212,MSFT,RandomForest,0.25
RandomForest,1212,NVDA,RandomForest,6.245004513516506e-17
XGBoost,1212,AAPL,XGBoost,1.734723475976807e-16
XGBoost,1212,AMZN,XGBoost,0.25
XGBoost,1212,GOOGL,XGBoost,0.24999999999999978
XGBoost,1212,MSFT,XGBoost,0.25
XGBoost,1212,NVDA,XGBoost,0.24999999999999992
TabPFN,1212,AAPL,TabPFN,0.25
TabPFN,1212,AMZN,TabPFN,0.2499999999999999
TabPFN,1212,GOOGL,TabPFN,0.24999999999999928
TabPFN,1212,MSFT,TabPFN,0.24999999999999928
TabPFN,1212,NVDA,TabPFN,1.27675647831893e-15
EqualWeight,1217,AAPL,EqualWeight,0.2
EqualWeight,1217,AMZN,EqualWeight,0.2
EqualWeight,1217,GOOGL,EqualWeight,0.2
EqualWeight,1217,MSFT,EqualWeight,0.2
EqualWeight,1217,NVDA,EqualWeight,0.2
Markowitz,1217,AAPL,Markowitz,0.24999999999999972
Markowitz,1217,AMZN,Markowitz,9.159339953157541e-16
Markowitz,1217,GOOGL,Markowitz,0.25
Markowitz,1217,MSFT,Markowitz,0.2499999999999993
Markowitz,1217,NVDA,Markowitz,0.2499999999999999
RandomForest,1217,AAPL,RandomForest,0.24999999999999986
RandomForest,1217,AMZN,RandomForest,0.0
RandomForest,1217,GOOGL,RandomForest,0.25
RandomForest,1217,MSFT,RandomForest,0.25
RandomForest,1217,NVDA,RandomForest,0.25
XGBoost,1217,AAPL,XGBoost,0.24999999999999972
XGBoost,1217,AMZN,XGBoost,1.6653345369377348e-16
XGBoost,1217,GOOGL,XGBoost,0.24999999999999986
XGBoost,1217,MSFT,XGBoost,0.24999999999999997
XGBoost,1217,NVDA,XGBoost,0.25
TabPFN,1217,AAPL,TabPFN,0.25
TabPFN,1217,AMZN,TabPFN,0.0
TabPFN,1217,GOOGL,TabPFN,0.25
TabPFN,1217,MSFT,TabPFN,0.24999999999999875
TabPFN,1217,NVDA,TabPFN,0.25
EqualWeight,1222,AAPL,EqualWeight,0.2
EqualWeight,1222,AMZN,EqualWeight,0.2
EqualWeight,1222,GOOGL,EqualWeight,0.2
EqualWeight,1222,MSFT,EqualWeight,0.2
EqualWeight,1222,NVDA,EqualWeight,0.2
Markowitz,1222,AAPL,Markowitz,0.24999999999999933
Markowitz,1222,AMZN,Markowitz,0.0
Markowitz,1222,GOOGL,Markowitz,0.25
Markowitz,1222,MSFT,Markowitz,0.24999999999999994
Markowitz,1222,NVDA,Markowitz,0.24999999999999972
RandomForest,1222,AAPL,RandomForest,0.24999999999999958
RandomForest,1222,AMZN,RandomForest,0.0
RandomForest,1222,GOOGL,RandomForest,0.25
RandomForest,1222,MSFT,RandomForest,0.25
RandomForest,1222,NVDA,RandomForest,0.25
XGBoost,1222,AAPL,XGBoost,0.24999999999999986
XGBoost,1222,AMZN,XGBoost,1.6653345369377348e-16
XGBoost,1222,GOOGL,XGBoost,0.25
XGBoost,1222,MSFT,XGBoost,0.25
XGBoost,1222,NVDA,XGBoost,0.24999999999999967
TabPFN,1222,AAPL,TabPFN,0.24999999999999997
TabPFN,1222,AMZN,TabPFN,0.0
TabPFN,1222,GOOGL,TabPFN,0.24999999999999933
TabPFN,1222,MSFT,TabPFN,0.25
TabPFN,1222,NVDA,TabPFN,0.25
EqualWeight,1227,AAPL,EqualWeight,0.2
EqualWeight,1227,AMZN,EqualWeight,0.2
EqualWeight,1227,GOOGL,EqualWeight,0.2
EqualWeight,1227,MSFT,EqualWeight,0.2
EqualWeight,1227,NVDA,EqualWeight,0.2
Markowitz,1227,AAPL,Markowitz,0.24999999999999717
Markowitz,1227,AMZN,Markowitz,0.0
Markowitz,1227,GOOGL,Markowitz,0.24999999999999864
Markowitz,1227,MSFT,Markowitz,0.25
Markowitz,1227,NVDA,Markowitz,0.25
RandomForest,1227,AAPL,RandomForest,0.25
RandomForest,1227,AMZN,RandomForest,5.689893001203927e-15
RandomForest,1227,GOOGL,RandomForest,0.2499999999999995
RandomForest,1227,MSFT,RandomForest,0.24999999999999872
RandomForest,1227,NVDA,RandomForest,0.24999999999999017
XGBoost,1227,AAPL,XGBoost,0.25
XGBoost,1227,AMZN,XGBoost,6.63358257213531e-15
XGBoost,1227,GOOGL,XGBoost,0.2499999999999999
XGBoost,1227,MSFT,XGBoost,0.25
XGBoost,1227,NVDA,XGBoost,0.2499999999999904
TabPFN,1227,AAPL,TabPFN,0.2499999999999991
TabPFN,1227,AMZN,TabPFN,8.604228440844963e-16
TabPFN,1227,GOOGL,TabPFN,0.25
TabPFN,1227,MSFT,TabPFN,0.24999999999999997
TabPFN,1227,NVDA,TabPFN,0.24999999999999967
EqualWeight,1232,AAPL,EqualWeight,0.2
EqualWeight,1232,AMZN,EqualWeight,0.2
EqualWeight,1232,GOOGL,EqualWeight,0.2
EqualWeight,1232,MSFT,EqualWeight,0.2
EqualWeight,1232,NVDA,EqualWeight,0.2
Markowitz,1232,AAPL,Markowitz,0.2499999999999999
Markowitz,1232,AMZN,Markowitz,0.25
Markowitz,1232,GOOGL,Markowitz,0.0
Markowitz,1232,MSFT,Markowitz,0.24999999999999997
Markowitz,1232,NVDA,Markowitz,0.24999999999999997
RandomForest,1232,AAPL,RandomForest,0.25
RandomForest,1232,AMZN,RandomForest,0.24999999999999975
RandomForest,1232,GOOGL,RandomForest,1.8041124150158794e-16
RandomForest,1232,MSFT,RandomForest,0.2499999999999992
RandomForest,1232,NVDA,RandomForest,0.25
XGBoost,1232,AAPL,XGBoost,0.25
XGBoost,1232,AMZN,XGBoost,0.25
XGBoost,1232,GOOGL,XGBoost,0.0
XGBoost,1232,MSFT,XGBoost,0.24999999999999994
XGBoost,1232,NVDA,XGBoost,0.2499999999999997
TabPFN,1232,AAPL,TabPFN,0.25
TabPFN,1232,AMZN,TabPFN,0.25
TabPFN,1232,GOOGL,TabPFN,0.2499999999999994
TabPFN,1232,MSFT,TabPFN,0.25
TabPFN,1232,NVDA,TabPFN,0.0
EqualWeight,1237,AAPL,EqualWeight,0.2
EqualWeight,1237,AMZN,EqualWeight,0.2
EqualWeight,1237,GOOGL,EqualWeight,0.2
EqualWeight,1237,MSFT,EqualWeight,0.2
EqualWeight,1237,NVDA,EqualWeight,0.2
Markowitz,1237,AAPL,Markowitz,0.25
Markowitz,1237,AMZN,Markowitz,2.7755575615628914e-17
Markowitz,1237,GOOGL,Markowitz,0.25
Markowitz,1237,MSFT,Markowitz,0.24999999999999994
Markowitz,1237,NVDA,Markowitz,0.24999999999999953
RandomForest,1237,AAPL,RandomForest,0.2499999999999997
RandomForest,1237,AMZN,RandomForest,0.0
RandomForest,1237,GOOGL,RandomForest,0.24999999999999997
RandomForest,1237,MSFT,RandomForest,0.2499999999999998
RandomForest,1237,NVDA,RandomForest,0.25
XGBoost,1237,AAPL,XGBoost,0.2499999999999997
XGBoost,1237,AMZN,XGBoost,0.0
XGBoost,1237,GOOGL,XGBoost,0.25
XGBoost,1237,MSFT,XGBoost,0.24999999999999992
XGBoost,1237,NVDA,XGBoost,0.25
TabPFN,1237,AAPL,TabPFN,0.24999999999999958
TabPFN,1237,AMZN,TabPFN,0.25
TabPFN,1237,GOOGL,TabPFN,0.25
TabPFN,1237,MSFT,TabPFN,0.25
TabPFN,1237,NVDA,TabPFN,0.0
EqualWeight,1242,AAPL,EqualWeight,0.2
EqualWeight,1242,AMZN,EqualWeight,0.2
EqualWeight,1242,GOOGL,EqualWeight,0.2
EqualWeight,1242,MSFT,EqualWeight,0.2
EqualWeight,1242,NVDA,EqualWeight,0.2
Markowitz,1242,AAPL,Markowitz,0.24999999999999875
Markowitz,1242,AMZN,Markowitz,0.25
Markowitz,1242,GOOGL,Markowitz,0.25
Markowitz,1242,MSFT,Markowitz,0.2499999999999993
Markowitz,1242,NVDA,Markowitz,6.106226635438361e-16
RandomForest,1242,AAPL,RandomForest,0.24999999999999978
RandomForest,1242,AMZN,RandomForest,0.25
RandomForest,1242,GOOGL,RandomForest,0.25
RandomForest,1242,MSFT,RandomForest,0.24999999999999983
RandomForest,1242,NVDA,RandomForest,2.7755575615628914e-17
XGBoost,1242,AAPL,XGBoost,0.25
XGBoost,1242,AMZN,XGBoost,0.24999999999999814
XGBoost,1242,GOOGL,XGBoost,0.24999999999999573
XGBoost,1242,MSFT,XGBoost,0.25
XGBoost,1242,NVDA,XGBoost,0.0
TabPFN,1242,AAPL,TabPFN,0.24999999999999978
TabPFN,1242,AMZN,TabPFN,0.0
TabPFN,1242,GOOGL,TabPFN,0.25
TabPFN,1242,MSFT,TabPFN,0.24999999999999978
TabPFN,1242,NVDA,TabPFN,0.25
EqualWeight,1247,AAPL,EqualWeight,0.2
EqualWeight,1247,AMZN,EqualWeight,0.2
EqualWeight,1247,GOOGL,EqualWeight,0.2
EqualWeight,1247,MSFT,EqualWeight,0.2
EqualWeight,1247,NVDA,EqualWeight,0.2
Markowitz,1247,AAPL,Markowitz,0.25
Markowitz,1247,AMZN,Markowitz,0.24999999999999753
Markowitz,1247,GOOGL,Markowitz,0.0
Markowitz,1247,MSFT,Markowitz,0.24999999999999656
Markowitz,1247,NVDA,Markowitz,0.25
RandomForest,1247,AAPL,RandomForest,0.25
RandomForest,1247,AMZN,RandomForest,0.24999999999999978
RandomForest,1247,GOOGL,RandomForest,0.0
RandomForest,1247,MSFT,RandomForest,0.24999999999999856
RandomForest,1247,NVDA,RandomForest,0.25
XGBoost,1247,AAPL,XGBoost,0.2499999999999895
XGBoost,1247,AMZN,XGBoost,1.032854357596591e-14
XGBoost,1247,GOOGL,XGBoost,0.2499999999999974
XGBoost,1247,MSFT,XGBoost,0.25
XGBoost,1247,NVDA,XGBoost,0.25
TabPFN,1247,AAPL,TabPFN,0.24999999999999997
TabPFN,1247,AMZN,TabPFN,0.24999999999999886
TabPFN,1247,GOOGL,TabPFN,1.3877787807814457e-15
TabPFN,1247,MSFT,TabPFN,0.24999999999999944
TabPFN,1247,NVDA,TabPFN,0.25
